-- MySQL dump 10.13  Distrib 5.7.22, for Linux (x86_64)
--
-- Host: 127.0.0.1    Database: rentroll
-- ------------------------------------------------------
-- Server version	5.7.22

/*!40101 SET @OLD_CHARACTER_SET_CLIENT=@@CHARACTER_SET_CLIENT */;
/*!40101 SET @OLD_CHARACTER_SET_RESULTS=@@CHARACTER_SET_RESULTS */;
/*!40101 SET @OLD_COLLATION_CONNECTION=@@COLLATION_CONNECTION */;
/*!40101 SET NAMES utf8 */;
/*!40103 SET @OLD_TIME_ZONE=@@TIME_ZONE */;
/*!40103 SET TIME_ZONE='+00:00' */;
/*!40014 SET @OLD_UNIQUE_CHECKS=@@UNIQUE_CHECKS, UNIQUE_CHECKS=0 */;
/*!40014 SET @OLD_FOREIGN_KEY_CHECKS=@@FOREIGN_KEY_CHECKS, FOREIGN_KEY_CHECKS=0 */;
/*!40101 SET @OLD_SQL_MODE=@@SQL_MODE, SQL_MODE='NO_AUTO_VALUE_ON_ZERO' */;
/*!40111 SET @OLD_SQL_NOTES=@@SQL_NOTES, SQL_NOTES=0 */;

--
-- Table structure for table `AR`
--

DROP TABLE IF EXISTS `AR`;
/*!40101 SET @saved_cs_client     = @@character_set_client */;
/*!40101 SET character_set_client = utf8 */;
CREATE TABLE `AR` (
  `ARID` bigint(20) NOT NULL AUTO_INCREMENT,
  `BID` bigint(20) NOT NULL DEFAULT '0',
  `Name` varchar(100) NOT NULL DEFAULT '',
  `SubARID` bigint(20) NOT NULL DEFAULT '0',
  `ARType` smallint(6) NOT NULL DEFAULT '0',
  `RARequired` smallint(6) NOT NULL DEFAULT '0',
  `DebitLID` bigint(20) NOT NULL DEFAULT '0',
  `CreditLID` bigint(20) NOT NULL DEFAULT '0',
  `Description` varchar(1024) NOT NULL DEFAULT '',
  `DtStart` datetime NOT NULL DEFAULT '1970-01-01 00:00:00',
  `DtStop` datetime NOT NULL DEFAULT '9999-12-31 00:00:00',
  `FLAGS` bigint(20) NOT NULL DEFAULT '0',
  `DefaultAmount` decimal(19,4) NOT NULL DEFAULT '0.0000',
  `LastModTime` timestamp NOT NULL DEFAULT CURRENT_TIMESTAMP ON UPDATE CURRENT_TIMESTAMP,
  `LastModBy` bigint(20) NOT NULL DEFAULT '0',
  `CreateTS` timestamp NOT NULL DEFAULT CURRENT_TIMESTAMP,
  `CreateBy` bigint(20) NOT NULL DEFAULT '0',
  PRIMARY KEY (`ARID`)
) ENGINE=InnoDB AUTO_INCREMENT=43 DEFAULT CHARSET=utf8;
/*!40101 SET character_set_client = @saved_cs_client */;

--
-- Dumping data for table `AR`
--

LOCK TABLES `AR` WRITE;
/*!40000 ALTER TABLE `AR` DISABLE KEYS */;
INSERT INTO `AR` VALUES (1,1,'Application Fee',0,0,0,9,46,'','0000-00-00 00:00:00','9999-12-31 00:00:00',0,0.0000,'2017-11-27 21:49:03',0,'2017-11-10 23:24:23',0),(2,1,'Application Fee (no assessment)',0,1,0,7,46,'Application fee taken, no assessment made','0000-00-00 00:00:00','9999-12-31 00:00:00',5,0.0000,'2017-11-27 21:49:03',0,'2017-11-10 23:24:23',0),(3,1,'Apply Payment',0,1,0,10,9,'','0000-00-00 00:00:00','9999-12-31 00:00:00',0,0.0000,'2017-11-27 21:49:03',0,'2017-11-10 23:24:23',0),(4,1,'Bad Debt Write-Off',0,2,0,71,9,'','0000-00-00 00:00:00','9999-12-31 00:00:00',0,0.0000,'2017-11-27 21:49:03',0,'2017-11-10 23:24:23',0),(5,1,'Bank Service Fee (Deposit Account)',0,2,0,72,4,'','0000-00-00 00:00:00','9999-12-31 00:00:00',0,0.0000,'2017-11-27 21:49:03',0,'2017-11-10 23:24:23',0),(6,1,'Bank Service Fee (Operating Account)',0,2,0,72,3,'','0000-00-00 00:00:00','9999-12-31 00:00:00',0,0.0000,'2017-11-27 21:49:03',0,'2017-11-10 23:24:23',0),(7,1,'Broken Window charge',0,0,0,9,59,'','0000-00-00 00:00:00','9999-12-31 00:00:00',0,0.0000,'2017-11-27 21:49:03',0,'2017-11-10 23:24:23',0),(8,1,'Damage Fee',0,0,0,9,59,'','0000-00-00 00:00:00','9999-12-31 00:00:00',0,0.0000,'2017-11-27 21:49:03',0,'2017-11-10 23:24:23',0),(9,1,'Deposit to Deposit Account (FRB96953)',0,1,0,4,6,'','0000-00-00 00:00:00','9999-12-31 00:00:00',0,0.0000,'2017-11-27 21:49:03',0,'2017-11-10 23:24:23',0),(10,1,'Deposit to Operating Account (FRB54320)',0,1,0,3,6,'','0000-00-00 00:00:00','9999-12-31 00:00:00',0,0.0000,'2017-11-27 21:49:03',0,'2017-11-10 23:24:23',0),(11,1,'Electric Base Fee',0,0,0,9,36,'','0000-00-00 00:00:00','9999-12-31 00:00:00',0,0.0000,'2017-11-27 21:49:03',0,'2017-11-10 23:24:23',0),(12,1,'Electric Overage',0,0,0,9,37,'','0000-00-00 00:00:00','9999-12-31 00:00:00',0,0.0000,'2017-11-27 21:49:03',0,'2017-11-10 23:24:23',0),(13,1,'Eviction Fee Reimbursement',0,0,0,9,56,'','0000-00-00 00:00:00','9999-12-31 00:00:00',0,0.0000,'2017-11-27 21:49:03',0,'2017-11-10 23:24:23',0),(14,1,'Auto-Generated Floating Deposit Assessment',0,3,0,9,12,'','0000-00-00 00:00:00','9999-12-31 00:00:00',0,0.0000,'2017-11-27 21:49:03',0,'2017-11-10 23:24:23',0),(15,1,'Receive Floating Security Deposit',0,1,0,6,9,'','0000-00-00 00:00:00','9999-12-31 00:00:00',13,0.0000,'2017-11-27 21:49:03',0,'2017-11-10 23:24:23',0),(16,1,'Gas Base Fee',0,0,0,9,40,'','1900-01-01 00:00:00','9999-12-30 00:00:00',2,50.0000,'2018-06-02 20:10:16',211,'2017-11-10 23:24:23',0),(17,1,'Gas Base Overage',0,0,0,9,41,'','0000-00-00 00:00:00','9999-12-31 00:00:00',0,0.0000,'2017-11-27 21:49:03',0,'2017-11-10 23:24:23',0),(18,1,'Insufficient Funds Fee',0,0,0,9,48,'','0000-00-00 00:00:00','9999-12-31 00:00:00',0,0.0000,'2017-11-27 21:49:03',0,'2017-11-10 23:24:23',0),(19,1,'Late Fee',0,0,0,9,47,'','0000-00-00 00:00:00','9999-12-31 00:00:00',0,0.0000,'2017-11-27 21:49:03',0,'2017-11-10 23:24:23',0),(20,1,'Month to Month Fee',0,0,0,9,49,'','0000-00-00 00:00:00','9999-12-31 00:00:00',0,0.0000,'2017-11-27 21:49:03',0,'2017-11-10 23:24:23',0),(21,1,'No Show / Termination Fee',0,0,0,9,51,'','0000-00-00 00:00:00','9999-12-31 00:00:00',0,0.0000,'2017-11-27 21:49:03',0,'2017-11-10 23:24:23',0),(22,1,'Other Special Tenant Charges',0,0,0,9,61,'','0000-00-00 00:00:00','9999-12-31 00:00:00',0,0.0000,'2017-11-27 21:49:03',0,'2017-11-10 23:24:23',0),(23,1,'Pet Fee',0,0,0,9,52,'','0000-00-00 00:00:00','9999-12-31 00:00:00',0,0.0000,'2017-11-27 21:49:03',0,'2017-11-10 23:24:23',0),(24,1,'Pet Rent',0,0,0,9,53,'','0000-00-00 00:00:00','9999-12-31 00:00:00',0,0.0000,'2017-11-27 21:49:03',0,'2017-11-10 23:24:23',0),(25,1,'Receive a Payment',0,1,0,6,10,'','0000-00-00 00:00:00','9999-12-31 00:00:00',0,0.0000,'2017-11-27 21:49:03',0,'2017-11-10 23:24:23',0),(26,1,'Rent Non-Taxable',0,0,0,9,18,'','0000-00-00 00:00:00','9999-12-31 00:00:00',0,0.0000,'2017-11-27 21:49:03',0,'2017-11-10 23:24:23',0),(27,1,'Rent Taxable',0,0,0,9,17,'','0000-00-00 00:00:00','9999-12-31 00:00:00',0,0.0000,'2017-11-27 21:49:03',0,'2017-11-10 23:24:23',0),(28,1,'Security Deposit Assessment',0,0,0,9,11,'normal deposit','0000-00-00 00:00:00','9999-12-31 00:00:00',0,0.0000,'2017-11-27 21:49:03',0,'2017-11-10 23:24:23',0),(29,1,'Security Deposit Forfeiture',0,0,0,11,58,'Forfeit','0000-00-00 00:00:00','9999-12-31 00:00:00',0,0.0000,'2017-11-27 21:49:03',0,'2017-11-10 23:24:23',0),(30,1,'Security Deposit Refund',0,0,0,11,5,'Refund','0000-00-00 00:00:00','9999-12-31 00:00:00',0,0.0000,'2017-11-27 21:49:03',0,'2017-11-10 23:24:23',0),(31,1,'Special Cleaning Fee',0,0,0,9,55,'','0000-00-00 00:00:00','9999-12-31 00:00:00',0,0.0000,'2017-11-27 21:49:03',0,'2017-11-10 23:24:23',0),(32,1,'Tenant Expense Chargeback',0,0,0,9,54,'','0000-00-00 00:00:00','9999-12-31 00:00:00',0,0.0000,'2017-11-27 21:49:03',0,'2017-11-10 23:24:23',0),(33,1,'Vending Income',0,1,0,7,65,'','0000-00-00 00:00:00','9999-12-31 00:00:00',5,0.0000,'2017-11-27 21:49:03',0,'2017-11-10 23:24:23',0),(34,1,'Water and Sewer Base Fee',0,0,0,9,38,'','0000-00-00 00:00:00','9999-12-31 00:00:00',0,0.0000,'2017-11-27 21:49:03',0,'2017-11-10 23:24:23',0),(35,1,'Water and Sewer Overage',0,0,0,9,39,'','0000-00-00 00:00:00','9999-12-31 00:00:00',0,0.0000,'2017-11-27 21:49:03',0,'2017-11-10 23:24:23',0),(36,1,'Auto-gen Application Fee Asmt',0,3,0,9,46,'','0000-00-00 00:00:00','9999-12-31 00:00:00',0,0.0000,'2017-11-27 21:49:03',0,'2017-11-10 23:24:23',0),(37,1,'Receive Application Fee (auto-gen asmt)',0,1,0,6,9,'Application fee taken, autogen asmt','0000-00-00 00:00:00','9999-12-31 00:00:00',13,0.0000,'2017-11-27 21:49:03',0,'2017-11-10 23:24:23',0),(38,1,'XFER  Operating to SecDep',0,2,0,4,3,'Move money from Operating acct to Sec Dep','0000-00-00 00:00:00','9999-12-31 00:00:00',0,0.0000,'2017-11-27 21:49:03',0,'2017-11-10 23:24:23',0),(39,1,'Rent 1BR',0,0,0,9,18,'Default rent assessment for rentable type Standard 1BR 1BA','1970-01-01 00:00:00','9999-12-31 00:00:00',20,1000.0000,'2018-06-07 03:09:38',0,'2018-06-07 03:09:38',0),(40,1,'Rent 2BR',0,0,0,9,18,'Default rent assessment for rentable type Double 2BR 2BA','1970-01-01 00:00:00','9999-12-31 00:00:00',20,1500.0000,'2018-06-07 03:09:38',0,'2018-06-07 03:09:38',0),(41,1,'Rent 3BR',0,0,0,9,18,'Default rent assessment for rentable type Deluxe 3BR 2.5BA','1970-01-01 00:00:00','9999-12-31 00:00:00',20,1750.0000,'2018-06-07 03:09:38',0,'2018-06-07 03:09:38',0),(42,1,'Rent 4BR',0,0,0,9,18,'Default rent assessment for rentable type Presidential 4BR 3BA','1970-01-01 00:00:00','9999-12-31 00:00:00',20,2500.0000,'2018-06-07 03:09:38',0,'2018-06-07 03:09:38',0);
/*!40000 ALTER TABLE `AR` ENABLE KEYS */;
UNLOCK TABLES;

--
-- Table structure for table `AssessmentTax`
--

DROP TABLE IF EXISTS `AssessmentTax`;
/*!40101 SET @saved_cs_client     = @@character_set_client */;
/*!40101 SET character_set_client = utf8 */;
CREATE TABLE `AssessmentTax` (
  `ASMID` bigint(20) NOT NULL DEFAULT '0',
  `BID` bigint(20) NOT NULL DEFAULT '0',
  `TAXID` bigint(20) NOT NULL DEFAULT '0',
  `FLAGS` bigint(20) NOT NULL DEFAULT '0',
  `OverrideTaxApprover` mediumint(9) NOT NULL DEFAULT '0',
  `OverrideAmount` decimal(19,4) NOT NULL DEFAULT '0.0000',
  `LastModTime` timestamp NOT NULL DEFAULT CURRENT_TIMESTAMP ON UPDATE CURRENT_TIMESTAMP,
  `LastModBy` bigint(20) NOT NULL DEFAULT '0',
  `CreateTS` timestamp NOT NULL DEFAULT CURRENT_TIMESTAMP,
  `CreateBy` bigint(20) NOT NULL DEFAULT '0'
) ENGINE=InnoDB DEFAULT CHARSET=utf8;
/*!40101 SET character_set_client = @saved_cs_client */;

--
-- Dumping data for table `AssessmentTax`
--

LOCK TABLES `AssessmentTax` WRITE;
/*!40000 ALTER TABLE `AssessmentTax` DISABLE KEYS */;
/*!40000 ALTER TABLE `AssessmentTax` ENABLE KEYS */;
UNLOCK TABLES;

--
-- Table structure for table `Assessments`
--

DROP TABLE IF EXISTS `Assessments`;
/*!40101 SET @saved_cs_client     = @@character_set_client */;
/*!40101 SET character_set_client = utf8 */;
CREATE TABLE `Assessments` (
  `ASMID` bigint(20) NOT NULL AUTO_INCREMENT,
  `PASMID` bigint(20) NOT NULL DEFAULT '0',
  `RPASMID` bigint(20) NOT NULL DEFAULT '0',
  `AGRCPTID` bigint(20) NOT NULL DEFAULT '0',
  `BID` bigint(20) NOT NULL DEFAULT '0',
  `RID` bigint(20) NOT NULL DEFAULT '0',
  `ATypeLID` bigint(20) NOT NULL DEFAULT '0',
  `RAID` bigint(20) NOT NULL DEFAULT '0',
  `Amount` decimal(19,4) NOT NULL DEFAULT '0.0000',
  `Start` datetime NOT NULL DEFAULT '1970-01-01 00:00:00',
  `Stop` datetime NOT NULL DEFAULT '2066-01-01 00:00:00',
  `RentCycle` smallint(6) NOT NULL DEFAULT '0',
  `ProrationCycle` smallint(6) NOT NULL DEFAULT '0',
  `InvoiceNo` bigint(20) NOT NULL DEFAULT '0',
  `AcctRule` varchar(200) NOT NULL DEFAULT '',
  `ARID` bigint(20) NOT NULL DEFAULT '0',
  `FLAGS` bigint(20) NOT NULL DEFAULT '0',
  `Comment` varchar(256) NOT NULL DEFAULT '',
  `LastModTime` timestamp NOT NULL DEFAULT CURRENT_TIMESTAMP ON UPDATE CURRENT_TIMESTAMP,
  `LastModBy` bigint(20) NOT NULL DEFAULT '0',
  `CreateTS` timestamp NOT NULL DEFAULT CURRENT_TIMESTAMP,
  `CreateBy` bigint(20) NOT NULL DEFAULT '0',
  PRIMARY KEY (`ASMID`)
) ENGINE=InnoDB AUTO_INCREMENT=162 DEFAULT CHARSET=utf8;
/*!40101 SET character_set_client = @saved_cs_client */;

--
-- Dumping data for table `Assessments`
--

LOCK TABLES `Assessments` WRITE;
/*!40000 ALTER TABLE `Assessments` DISABLE KEYS */;
INSERT INTO `Assessments` VALUES (1,0,0,0,1,1,0,1,1000.0000,'2018-03-01 00:00:00','2020-03-01 00:00:00',6,4,0,'',26,0,'','2018-06-07 03:09:38',0,'2018-06-07 03:09:38',0),(2,1,0,0,1,1,0,1,1000.0000,'2018-03-01 00:00:00','2018-03-02 00:00:00',6,4,0,'',26,0,'','2018-06-07 03:09:38',0,'2018-06-07 03:09:38',0),(3,1,0,0,1,1,0,1,1000.0000,'2018-04-01 00:00:00','2018-04-02 00:00:00',6,4,0,'',26,0,'','2018-06-07 03:09:38',0,'2018-06-07 03:09:38',0),(4,1,0,0,1,1,0,1,1000.0000,'2018-05-01 00:00:00','2018-05-02 00:00:00',6,4,0,'',26,0,'','2018-06-07 03:09:38',0,'2018-06-07 03:09:38',0),(5,1,0,0,1,1,0,1,1000.0000,'2018-06-01 00:00:00','2018-06-02 00:00:00',6,4,0,'',26,0,'','2018-06-07 03:09:38',0,'2018-06-07 03:09:38',0),(6,0,0,0,1,1,0,1,571.4300,'2018-02-13 00:00:00','2018-02-13 00:00:00',0,0,0,'',26,2,'prorated for 16 of 28 days','2018-06-07 03:09:40',0,'2018-06-07 03:09:38',0),(7,0,0,0,1,1,0,1,2000.0000,'2018-02-13 00:00:00','2018-02-13 00:00:00',0,0,0,'',28,2,'','2018-06-07 03:09:40',0,'2018-06-07 03:09:38',0),(8,0,0,0,1,2,0,2,1000.0000,'2018-03-01 00:00:00','2020-03-01 00:00:00',6,4,0,'',26,0,'','2018-06-07 03:09:39',0,'2018-06-07 03:09:39',0),(9,8,0,0,1,2,0,2,1000.0000,'2018-03-01 00:00:00','2018-03-02 00:00:00',6,4,0,'',26,0,'','2018-06-07 03:09:39',0,'2018-06-07 03:09:39',0),(10,8,0,0,1,2,0,2,1000.0000,'2018-04-01 00:00:00','2018-04-02 00:00:00',6,4,0,'',26,0,'','2018-06-07 03:09:39',0,'2018-06-07 03:09:39',0),(11,8,0,0,1,2,0,2,1000.0000,'2018-05-01 00:00:00','2018-05-02 00:00:00',6,4,0,'',26,0,'','2018-06-07 03:09:39',0,'2018-06-07 03:09:39',0),(12,8,0,0,1,2,0,2,1000.0000,'2018-06-01 00:00:00','2018-06-02 00:00:00',6,4,0,'',26,0,'','2018-06-07 03:09:39',0,'2018-06-07 03:09:39',0),(13,0,0,0,1,2,0,2,571.4300,'2018-02-13 00:00:00','2018-02-13 00:00:00',0,0,0,'',26,2,'prorated for 16 of 28 days','2018-06-07 03:09:40',0,'2018-06-07 03:09:39',0),(14,0,0,0,1,2,0,2,2000.0000,'2018-02-13 00:00:00','2018-02-13 00:00:00',0,0,0,'',28,2,'','2018-06-07 03:09:40',0,'2018-06-07 03:09:39',0),(15,0,0,0,1,3,0,3,1000.0000,'2018-03-01 00:00:00','2020-03-01 00:00:00',6,4,0,'',26,0,'','2018-06-07 03:09:39',0,'2018-06-07 03:09:39',0),(16,15,0,0,1,3,0,3,1000.0000,'2018-03-01 00:00:00','2018-03-02 00:00:00',6,4,0,'',26,0,'','2018-06-07 03:09:39',0,'2018-06-07 03:09:39',0),(17,15,0,0,1,3,0,3,1000.0000,'2018-04-01 00:00:00','2018-04-02 00:00:00',6,4,0,'',26,0,'','2018-06-07 03:09:39',0,'2018-06-07 03:09:39',0),(18,15,0,0,1,3,0,3,1000.0000,'2018-05-01 00:00:00','2018-05-02 00:00:00',6,4,0,'',26,0,'','2018-06-07 03:09:39',0,'2018-06-07 03:09:39',0),(19,15,0,0,1,3,0,3,1000.0000,'2018-06-01 00:00:00','2018-06-02 00:00:00',6,4,0,'',26,0,'','2018-06-07 03:09:39',0,'2018-06-07 03:09:39',0),(20,0,0,0,1,3,0,3,571.4300,'2018-02-13 00:00:00','2018-02-13 00:00:00',0,0,0,'',26,2,'prorated for 16 of 28 days','2018-06-07 03:09:40',0,'2018-06-07 03:09:39',0),(21,0,0,0,1,3,0,3,2000.0000,'2018-02-13 00:00:00','2018-02-13 00:00:00',0,0,0,'',28,2,'','2018-06-07 03:09:40',0,'2018-06-07 03:09:39',0),(22,0,0,0,1,4,0,4,1000.0000,'2018-03-01 00:00:00','2020-03-01 00:00:00',6,4,0,'',26,0,'','2018-06-07 03:09:39',0,'2018-06-07 03:09:39',0),(23,22,0,0,1,4,0,4,1000.0000,'2018-03-01 00:00:00','2018-03-02 00:00:00',6,4,0,'',26,0,'','2018-06-07 03:09:39',0,'2018-06-07 03:09:39',0),(24,22,0,0,1,4,0,4,1000.0000,'2018-04-01 00:00:00','2018-04-02 00:00:00',6,4,0,'',26,0,'','2018-06-07 03:09:39',0,'2018-06-07 03:09:39',0),(25,22,0,0,1,4,0,4,1000.0000,'2018-05-01 00:00:00','2018-05-02 00:00:00',6,4,0,'',26,0,'','2018-06-07 03:09:39',0,'2018-06-07 03:09:39',0),(26,22,0,0,1,4,0,4,1000.0000,'2018-06-01 00:00:00','2018-06-02 00:00:00',6,4,0,'',26,0,'','2018-06-07 03:09:39',0,'2018-06-07 03:09:39',0),(27,0,0,0,1,4,0,4,571.4300,'2018-02-13 00:00:00','2018-02-13 00:00:00',0,0,0,'',26,2,'prorated for 16 of 28 days','2018-06-07 03:09:40',0,'2018-06-07 03:09:39',0),(28,0,0,0,1,4,0,4,2000.0000,'2018-02-13 00:00:00','2018-02-13 00:00:00',0,0,0,'',28,2,'','2018-06-07 03:09:40',0,'2018-06-07 03:09:39',0),(29,0,0,0,1,5,0,5,1000.0000,'2018-03-01 00:00:00','2020-03-01 00:00:00',6,4,0,'',26,0,'','2018-06-07 03:09:39',0,'2018-06-07 03:09:39',0),(30,29,0,0,1,5,0,5,1000.0000,'2018-03-01 00:00:00','2018-03-02 00:00:00',6,4,0,'',26,0,'','2018-06-07 03:09:39',0,'2018-06-07 03:09:39',0),(31,29,0,0,1,5,0,5,1000.0000,'2018-04-01 00:00:00','2018-04-02 00:00:00',6,4,0,'',26,0,'','2018-06-07 03:09:39',0,'2018-06-07 03:09:39',0),(32,29,0,0,1,5,0,5,1000.0000,'2018-05-01 00:00:00','2018-05-02 00:00:00',6,4,0,'',26,0,'','2018-06-07 03:09:39',0,'2018-06-07 03:09:39',0),(33,29,0,0,1,5,0,5,1000.0000,'2018-06-01 00:00:00','2018-06-02 00:00:00',6,4,0,'',26,0,'','2018-06-07 03:09:39',0,'2018-06-07 03:09:39',0),(34,0,0,0,1,5,0,5,571.4300,'2018-02-13 00:00:00','2018-02-13 00:00:00',0,0,0,'',26,2,'prorated for 16 of 28 days','2018-06-07 03:09:40',0,'2018-06-07 03:09:39',0),(35,0,0,0,1,5,0,5,2000.0000,'2018-02-13 00:00:00','2018-02-13 00:00:00',0,0,0,'',28,2,'','2018-06-07 03:09:40',0,'2018-06-07 03:09:39',0),(36,0,0,0,1,6,0,6,1500.0000,'2018-03-01 00:00:00','2020-03-01 00:00:00',6,4,0,'',26,0,'','2018-06-07 03:09:39',0,'2018-06-07 03:09:39',0),(37,36,0,0,1,6,0,6,1500.0000,'2018-03-01 00:00:00','2018-03-02 00:00:00',6,4,0,'',26,0,'','2018-06-07 03:09:39',0,'2018-06-07 03:09:39',0),(38,36,0,0,1,6,0,6,1500.0000,'2018-04-01 00:00:00','2018-04-02 00:00:00',6,4,0,'',26,0,'','2018-06-07 03:09:39',0,'2018-06-07 03:09:39',0),(39,36,0,0,1,6,0,6,1500.0000,'2018-05-01 00:00:00','2018-05-02 00:00:00',6,4,0,'',26,0,'','2018-06-07 03:09:39',0,'2018-06-07 03:09:39',0),(40,36,0,0,1,6,0,6,1500.0000,'2018-06-01 00:00:00','2018-06-02 00:00:00',6,4,0,'',26,0,'','2018-06-07 03:09:39',0,'2018-06-07 03:09:39',0),(41,0,0,0,1,6,0,6,857.1400,'2018-02-13 00:00:00','2018-02-13 00:00:00',0,0,0,'',26,2,'prorated for 16 of 28 days','2018-06-07 03:09:40',0,'2018-06-07 03:09:39',0),(42,0,0,0,1,6,0,6,3000.0000,'2018-02-13 00:00:00','2018-02-13 00:00:00',0,0,0,'',28,2,'','2018-06-07 03:09:40',0,'2018-06-07 03:09:39',0),(43,0,0,0,1,7,0,7,1500.0000,'2018-03-01 00:00:00','2020-03-01 00:00:00',6,4,0,'',26,0,'','2018-06-07 03:09:39',0,'2018-06-07 03:09:39',0),(44,43,0,0,1,7,0,7,1500.0000,'2018-03-01 00:00:00','2018-03-02 00:00:00',6,4,0,'',26,0,'','2018-06-07 03:09:39',0,'2018-06-07 03:09:39',0),(45,43,0,0,1,7,0,7,1500.0000,'2018-04-01 00:00:00','2018-04-02 00:00:00',6,4,0,'',26,0,'','2018-06-07 03:09:39',0,'2018-06-07 03:09:39',0),(46,43,0,0,1,7,0,7,1500.0000,'2018-05-01 00:00:00','2018-05-02 00:00:00',6,4,0,'',26,0,'','2018-06-07 03:09:39',0,'2018-06-07 03:09:39',0),(47,43,0,0,1,7,0,7,1500.0000,'2018-06-01 00:00:00','2018-06-02 00:00:00',6,4,0,'',26,0,'','2018-06-07 03:09:39',0,'2018-06-07 03:09:39',0),(48,0,0,0,1,7,0,7,857.1400,'2018-02-13 00:00:00','2018-02-13 00:00:00',0,0,0,'',26,2,'prorated for 16 of 28 days','2018-06-07 03:09:40',0,'2018-06-07 03:09:39',0),(49,0,0,0,1,7,0,7,3000.0000,'2018-02-13 00:00:00','2018-02-13 00:00:00',0,0,0,'',28,2,'','2018-06-07 03:09:40',0,'2018-06-07 03:09:39',0),(50,0,0,0,1,8,0,8,1500.0000,'2018-03-01 00:00:00','2020-03-01 00:00:00',6,4,0,'',26,0,'','2018-06-07 03:09:39',0,'2018-06-07 03:09:39',0),(51,50,0,0,1,8,0,8,1500.0000,'2018-03-01 00:00:00','2018-03-02 00:00:00',6,4,0,'',26,0,'','2018-06-07 03:09:39',0,'2018-06-07 03:09:39',0),(52,50,0,0,1,8,0,8,1500.0000,'2018-04-01 00:00:00','2018-04-02 00:00:00',6,4,0,'',26,0,'','2018-06-07 03:09:39',0,'2018-06-07 03:09:39',0),(53,50,0,0,1,8,0,8,1500.0000,'2018-05-01 00:00:00','2018-05-02 00:00:00',6,4,0,'',26,0,'','2018-06-07 03:09:39',0,'2018-06-07 03:09:39',0),(54,50,0,0,1,8,0,8,1500.0000,'2018-06-01 00:00:00','2018-06-02 00:00:00',6,4,0,'',26,0,'','2018-06-07 03:09:39',0,'2018-06-07 03:09:39',0),(55,0,0,0,1,8,0,8,857.1400,'2018-02-13 00:00:00','2018-02-13 00:00:00',0,0,0,'',26,2,'prorated for 16 of 28 days','2018-06-07 03:09:40',0,'2018-06-07 03:09:39',0),(56,0,0,0,1,8,0,8,3000.0000,'2018-02-13 00:00:00','2018-02-13 00:00:00',0,0,0,'',28,2,'','2018-06-07 03:09:40',0,'2018-06-07 03:09:39',0),(57,0,0,0,1,9,0,9,1500.0000,'2018-03-01 00:00:00','2020-03-01 00:00:00',6,4,0,'',26,0,'','2018-06-07 03:09:39',0,'2018-06-07 03:09:39',0),(58,57,0,0,1,9,0,9,1500.0000,'2018-03-01 00:00:00','2018-03-02 00:00:00',6,4,0,'',26,0,'','2018-06-07 03:09:39',0,'2018-06-07 03:09:39',0),(59,57,0,0,1,9,0,9,1500.0000,'2018-04-01 00:00:00','2018-04-02 00:00:00',6,4,0,'',26,0,'','2018-06-07 03:09:39',0,'2018-06-07 03:09:39',0),(60,57,0,0,1,9,0,9,1500.0000,'2018-05-01 00:00:00','2018-05-02 00:00:00',6,4,0,'',26,0,'','2018-06-07 03:09:39',0,'2018-06-07 03:09:39',0),(61,57,0,0,1,9,0,9,1500.0000,'2018-06-01 00:00:00','2018-06-02 00:00:00',6,4,0,'',26,0,'','2018-06-07 03:09:39',0,'2018-06-07 03:09:39',0),(62,0,0,0,1,9,0,9,857.1400,'2018-02-13 00:00:00','2018-02-13 00:00:00',0,0,0,'',26,2,'prorated for 16 of 28 days','2018-06-07 03:09:40',0,'2018-06-07 03:09:39',0),(63,0,0,0,1,9,0,9,3000.0000,'2018-02-13 00:00:00','2018-02-13 00:00:00',0,0,0,'',28,2,'','2018-06-07 03:09:40',0,'2018-06-07 03:09:39',0),(64,0,0,0,1,10,0,10,1500.0000,'2018-03-01 00:00:00','2020-03-01 00:00:00',6,4,0,'',26,0,'','2018-06-07 03:09:39',0,'2018-06-07 03:09:39',0),(65,64,0,0,1,10,0,10,1500.0000,'2018-03-01 00:00:00','2018-03-02 00:00:00',6,4,0,'',26,0,'','2018-06-07 03:09:39',0,'2018-06-07 03:09:39',0),(66,64,0,0,1,10,0,10,1500.0000,'2018-04-01 00:00:00','2018-04-02 00:00:00',6,4,0,'',26,0,'','2018-06-07 03:09:39',0,'2018-06-07 03:09:39',0),(67,64,0,0,1,10,0,10,1500.0000,'2018-05-01 00:00:00','2018-05-02 00:00:00',6,4,0,'',26,0,'','2018-06-07 03:09:39',0,'2018-06-07 03:09:39',0),(68,64,0,0,1,10,0,10,1500.0000,'2018-06-01 00:00:00','2018-06-02 00:00:00',6,4,0,'',26,0,'','2018-06-07 03:09:39',0,'2018-06-07 03:09:39',0),(69,0,0,0,1,10,0,10,857.1400,'2018-02-13 00:00:00','2018-02-13 00:00:00',0,0,0,'',26,2,'prorated for 16 of 28 days','2018-06-07 03:09:40',0,'2018-06-07 03:09:39',0),(70,0,0,0,1,10,0,10,3000.0000,'2018-02-13 00:00:00','2018-02-13 00:00:00',0,0,0,'',28,2,'','2018-06-07 03:09:40',0,'2018-06-07 03:09:39',0),(71,0,0,0,1,11,0,11,1750.0000,'2018-03-01 00:00:00','2020-03-01 00:00:00',6,4,0,'',26,0,'','2018-06-07 03:09:39',0,'2018-06-07 03:09:39',0),(72,71,0,0,1,11,0,11,1750.0000,'2018-03-01 00:00:00','2018-03-02 00:00:00',6,4,0,'',26,0,'','2018-06-07 03:09:39',0,'2018-06-07 03:09:39',0),(73,71,0,0,1,11,0,11,1750.0000,'2018-04-01 00:00:00','2018-04-02 00:00:00',6,4,0,'',26,0,'','2018-06-07 03:09:39',0,'2018-06-07 03:09:39',0),(74,71,0,0,1,11,0,11,1750.0000,'2018-05-01 00:00:00','2018-05-02 00:00:00',6,4,0,'',26,0,'','2018-06-07 03:09:39',0,'2018-06-07 03:09:39',0),(75,71,0,0,1,11,0,11,1750.0000,'2018-06-01 00:00:00','2018-06-02 00:00:00',6,4,0,'',26,0,'','2018-06-07 03:09:39',0,'2018-06-07 03:09:39',0),(76,0,0,0,1,11,0,11,1000.0000,'2018-02-13 00:00:00','2018-02-13 00:00:00',0,0,0,'',26,2,'prorated for 16 of 28 days','2018-06-07 03:09:40',0,'2018-06-07 03:09:39',0),(77,0,0,0,1,11,0,11,3500.0000,'2018-02-13 00:00:00','2018-02-13 00:00:00',0,0,0,'',28,2,'','2018-06-07 03:09:40',0,'2018-06-07 03:09:39',0),(78,0,0,0,1,12,0,12,1750.0000,'2018-03-01 00:00:00','2020-03-01 00:00:00',6,4,0,'',26,0,'','2018-06-07 03:09:39',0,'2018-06-07 03:09:39',0),(79,78,0,0,1,12,0,12,1750.0000,'2018-03-01 00:00:00','2018-03-02 00:00:00',6,4,0,'',26,0,'','2018-06-07 03:09:39',0,'2018-06-07 03:09:39',0),(80,78,0,0,1,12,0,12,1750.0000,'2018-04-01 00:00:00','2018-04-02 00:00:00',6,4,0,'',26,0,'','2018-06-07 03:09:39',0,'2018-06-07 03:09:39',0),(81,78,0,0,1,12,0,12,1750.0000,'2018-05-01 00:00:00','2018-05-02 00:00:00',6,4,0,'',26,0,'','2018-06-07 03:09:39',0,'2018-06-07 03:09:39',0),(82,78,0,0,1,12,0,12,1750.0000,'2018-06-01 00:00:00','2018-06-02 00:00:00',6,4,0,'',26,0,'','2018-06-07 03:09:39',0,'2018-06-07 03:09:39',0),(83,0,0,0,1,12,0,12,1000.0000,'2018-02-13 00:00:00','2018-02-13 00:00:00',0,0,0,'',26,2,'prorated for 16 of 28 days','2018-06-07 03:09:40',0,'2018-06-07 03:09:39',0),(84,0,0,0,1,12,0,12,3500.0000,'2018-02-13 00:00:00','2018-02-13 00:00:00',0,0,0,'',28,2,'','2018-06-07 03:09:40',0,'2018-06-07 03:09:39',0),(85,0,0,0,1,13,0,13,1750.0000,'2018-03-01 00:00:00','2020-03-01 00:00:00',6,4,0,'',26,0,'','2018-06-07 03:09:39',0,'2018-06-07 03:09:39',0),(86,85,0,0,1,13,0,13,1750.0000,'2018-03-01 00:00:00','2018-03-02 00:00:00',6,4,0,'',26,0,'','2018-06-07 03:09:39',0,'2018-06-07 03:09:39',0),(87,85,0,0,1,13,0,13,1750.0000,'2018-04-01 00:00:00','2018-04-02 00:00:00',6,4,0,'',26,0,'','2018-06-07 03:09:39',0,'2018-06-07 03:09:39',0),(88,85,0,0,1,13,0,13,1750.0000,'2018-05-01 00:00:00','2018-05-02 00:00:00',6,4,0,'',26,0,'','2018-06-07 03:09:39',0,'2018-06-07 03:09:39',0),(89,85,0,0,1,13,0,13,1750.0000,'2018-06-01 00:00:00','2018-06-02 00:00:00',6,4,0,'',26,0,'','2018-06-07 03:09:39',0,'2018-06-07 03:09:39',0),(90,0,0,0,1,13,0,13,1000.0000,'2018-02-13 00:00:00','2018-02-13 00:00:00',0,0,0,'',26,2,'prorated for 16 of 28 days','2018-06-07 03:09:40',0,'2018-06-07 03:09:39',0),(91,0,0,0,1,13,0,13,3500.0000,'2018-02-13 00:00:00','2018-02-13 00:00:00',0,0,0,'',28,2,'','2018-06-07 03:09:40',0,'2018-06-07 03:09:39',0),(92,0,0,0,1,14,0,14,1750.0000,'2018-03-01 00:00:00','2020-03-01 00:00:00',6,4,0,'',26,0,'','2018-06-07 03:09:39',0,'2018-06-07 03:09:39',0),(93,92,0,0,1,14,0,14,1750.0000,'2018-03-01 00:00:00','2018-03-02 00:00:00',6,4,0,'',26,0,'','2018-06-07 03:09:39',0,'2018-06-07 03:09:39',0),(94,92,0,0,1,14,0,14,1750.0000,'2018-04-01 00:00:00','2018-04-02 00:00:00',6,4,0,'',26,0,'','2018-06-07 03:09:39',0,'2018-06-07 03:09:39',0),(95,92,0,0,1,14,0,14,1750.0000,'2018-05-01 00:00:00','2018-05-02 00:00:00',6,4,0,'',26,0,'','2018-06-07 03:09:39',0,'2018-06-07 03:09:39',0),(96,92,0,0,1,14,0,14,1750.0000,'2018-06-01 00:00:00','2018-06-02 00:00:00',6,4,0,'',26,0,'','2018-06-07 03:09:39',0,'2018-06-07 03:09:39',0),(97,0,0,0,1,14,0,14,1000.0000,'2018-02-13 00:00:00','2018-02-13 00:00:00',0,0,0,'',26,2,'prorated for 16 of 28 days','2018-06-07 03:09:40',0,'2018-06-07 03:09:39',0),(98,0,0,0,1,14,0,14,3500.0000,'2018-02-13 00:00:00','2018-02-13 00:00:00',0,0,0,'',28,2,'','2018-06-07 03:09:40',0,'2018-06-07 03:09:39',0),(99,0,0,0,1,15,0,15,1750.0000,'2018-03-01 00:00:00','2020-03-01 00:00:00',6,4,0,'',26,0,'','2018-06-07 03:09:39',0,'2018-06-07 03:09:39',0),(100,99,0,0,1,15,0,15,1750.0000,'2018-03-01 00:00:00','2018-03-02 00:00:00',6,4,0,'',26,0,'','2018-06-07 03:09:39',0,'2018-06-07 03:09:39',0),(101,99,0,0,1,15,0,15,1750.0000,'2018-04-01 00:00:00','2018-04-02 00:00:00',6,4,0,'',26,0,'','2018-06-07 03:09:39',0,'2018-06-07 03:09:39',0),(102,99,0,0,1,15,0,15,1750.0000,'2018-05-01 00:00:00','2018-05-02 00:00:00',6,4,0,'',26,0,'','2018-06-07 03:09:39',0,'2018-06-07 03:09:39',0),(103,99,0,0,1,15,0,15,1750.0000,'2018-06-01 00:00:00','2018-06-02 00:00:00',6,4,0,'',26,0,'','2018-06-07 03:09:39',0,'2018-06-07 03:09:39',0),(104,0,0,0,1,15,0,15,1000.0000,'2018-02-13 00:00:00','2018-02-13 00:00:00',0,0,0,'',26,2,'prorated for 16 of 28 days','2018-06-07 03:09:40',0,'2018-06-07 03:09:39',0),(105,0,0,0,1,15,0,15,3500.0000,'2018-02-13 00:00:00','2018-02-13 00:00:00',0,0,0,'',28,2,'','2018-06-07 03:09:40',0,'2018-06-07 03:09:39',0),(106,0,0,0,1,16,0,16,1750.0000,'2018-03-01 00:00:00','2020-03-01 00:00:00',6,4,0,'',26,0,'','2018-06-07 03:09:39',0,'2018-06-07 03:09:39',0),(107,106,0,0,1,16,0,16,1750.0000,'2018-03-01 00:00:00','2018-03-02 00:00:00',6,4,0,'',26,0,'','2018-06-07 03:09:39',0,'2018-06-07 03:09:39',0),(108,106,0,0,1,16,0,16,1750.0000,'2018-04-01 00:00:00','2018-04-02 00:00:00',6,4,0,'',26,0,'','2018-06-07 03:09:39',0,'2018-06-07 03:09:39',0),(109,106,0,0,1,16,0,16,1750.0000,'2018-05-01 00:00:00','2018-05-02 00:00:00',6,4,0,'',26,0,'','2018-06-07 03:09:39',0,'2018-06-07 03:09:39',0),(110,106,0,0,1,16,0,16,1750.0000,'2018-06-01 00:00:00','2018-06-02 00:00:00',6,4,0,'',26,0,'','2018-06-07 03:09:39',0,'2018-06-07 03:09:39',0),(111,0,0,0,1,16,0,16,1000.0000,'2018-02-13 00:00:00','2018-02-13 00:00:00',0,0,0,'',26,2,'prorated for 16 of 28 days','2018-06-07 03:09:40',0,'2018-06-07 03:09:39',0),(112,0,0,0,1,16,0,16,3500.0000,'2018-02-13 00:00:00','2018-02-13 00:00:00',0,0,0,'',28,2,'','2018-06-07 03:09:40',0,'2018-06-07 03:09:39',0),(113,0,0,0,1,17,0,17,1750.0000,'2018-03-01 00:00:00','2020-03-01 00:00:00',6,4,0,'',26,0,'','2018-06-07 03:09:39',0,'2018-06-07 03:09:39',0),(114,113,0,0,1,17,0,17,1750.0000,'2018-03-01 00:00:00','2018-03-02 00:00:00',6,4,0,'',26,0,'','2018-06-07 03:09:39',0,'2018-06-07 03:09:39',0),(115,113,0,0,1,17,0,17,1750.0000,'2018-04-01 00:00:00','2018-04-02 00:00:00',6,4,0,'',26,0,'','2018-06-07 03:09:39',0,'2018-06-07 03:09:39',0),(116,113,0,0,1,17,0,17,1750.0000,'2018-05-01 00:00:00','2018-05-02 00:00:00',6,4,0,'',26,0,'','2018-06-07 03:09:39',0,'2018-06-07 03:09:39',0),(117,113,0,0,1,17,0,17,1750.0000,'2018-06-01 00:00:00','2018-06-02 00:00:00',6,4,0,'',26,0,'','2018-06-07 03:09:39',0,'2018-06-07 03:09:39',0),(118,0,0,0,1,17,0,17,1000.0000,'2018-02-13 00:00:00','2018-02-13 00:00:00',0,0,0,'',26,2,'prorated for 16 of 28 days','2018-06-07 03:09:40',0,'2018-06-07 03:09:39',0),(119,0,0,0,1,17,0,17,3500.0000,'2018-02-13 00:00:00','2018-02-13 00:00:00',0,0,0,'',28,2,'','2018-06-07 03:09:40',0,'2018-06-07 03:09:39',0),(120,0,0,0,1,18,0,18,1750.0000,'2018-03-01 00:00:00','2020-03-01 00:00:00',6,4,0,'',26,0,'','2018-06-07 03:09:39',0,'2018-06-07 03:09:39',0),(121,120,0,0,1,18,0,18,1750.0000,'2018-03-01 00:00:00','2018-03-02 00:00:00',6,4,0,'',26,0,'','2018-06-07 03:09:39',0,'2018-06-07 03:09:39',0),(122,120,0,0,1,18,0,18,1750.0000,'2018-04-01 00:00:00','2018-04-02 00:00:00',6,4,0,'',26,0,'','2018-06-07 03:09:39',0,'2018-06-07 03:09:39',0),(123,120,0,0,1,18,0,18,1750.0000,'2018-05-01 00:00:00','2018-05-02 00:00:00',6,4,0,'',26,0,'','2018-06-07 03:09:39',0,'2018-06-07 03:09:39',0),(124,120,0,0,1,18,0,18,1750.0000,'2018-06-01 00:00:00','2018-06-02 00:00:00',6,4,0,'',26,0,'','2018-06-07 03:09:39',0,'2018-06-07 03:09:39',0),(125,0,0,0,1,18,0,18,1000.0000,'2018-02-13 00:00:00','2018-02-13 00:00:00',0,0,0,'',26,2,'prorated for 16 of 28 days','2018-06-07 03:09:40',0,'2018-06-07 03:09:39',0),(126,0,0,0,1,18,0,18,3500.0000,'2018-02-13 00:00:00','2018-02-13 00:00:00',0,0,0,'',28,2,'','2018-06-07 03:09:40',0,'2018-06-07 03:09:39',0),(127,0,0,0,1,19,0,19,2500.0000,'2018-03-01 00:00:00','2020-03-01 00:00:00',6,4,0,'',26,0,'','2018-06-07 03:09:39',0,'2018-06-07 03:09:39',0),(128,127,0,0,1,19,0,19,2500.0000,'2018-03-01 00:00:00','2018-03-02 00:00:00',6,4,0,'',26,0,'','2018-06-07 03:09:39',0,'2018-06-07 03:09:39',0),(129,127,0,0,1,19,0,19,2500.0000,'2018-04-01 00:00:00','2018-04-02 00:00:00',6,4,0,'',26,0,'','2018-06-07 03:09:39',0,'2018-06-07 03:09:39',0),(130,127,0,0,1,19,0,19,2500.0000,'2018-05-01 00:00:00','2018-05-02 00:00:00',6,4,0,'',26,0,'','2018-06-07 03:09:39',0,'2018-06-07 03:09:39',0),(131,127,0,0,1,19,0,19,2500.0000,'2018-06-01 00:00:00','2018-06-02 00:00:00',6,4,0,'',26,0,'','2018-06-07 03:09:39',0,'2018-06-07 03:09:39',0),(132,0,0,0,1,19,0,19,1428.5700,'2018-02-13 00:00:00','2018-02-13 00:00:00',0,0,0,'',26,2,'prorated for 16 of 28 days','2018-06-07 03:09:40',0,'2018-06-07 03:09:39',0),(133,0,0,0,1,19,0,19,5000.0000,'2018-02-13 00:00:00','2018-02-13 00:00:00',0,0,0,'',28,2,'','2018-06-07 03:09:40',0,'2018-06-07 03:09:39',0),(134,0,0,0,1,20,0,20,2500.0000,'2018-03-01 00:00:00','2020-03-01 00:00:00',6,4,0,'',26,0,'','2018-06-07 03:09:39',0,'2018-06-07 03:09:39',0),(135,134,0,0,1,20,0,20,2500.0000,'2018-03-01 00:00:00','2018-03-02 00:00:00',6,4,0,'',26,0,'','2018-06-07 03:09:39',0,'2018-06-07 03:09:39',0),(136,134,0,0,1,20,0,20,2500.0000,'2018-04-01 00:00:00','2018-04-02 00:00:00',6,4,0,'',26,0,'','2018-06-07 03:09:39',0,'2018-06-07 03:09:39',0),(137,134,0,0,1,20,0,20,2500.0000,'2018-05-01 00:00:00','2018-05-02 00:00:00',6,4,0,'',26,0,'','2018-06-07 03:09:39',0,'2018-06-07 03:09:39',0),(138,134,0,0,1,20,0,20,2500.0000,'2018-06-01 00:00:00','2018-06-02 00:00:00',6,4,0,'',26,0,'','2018-06-07 03:09:39',0,'2018-06-07 03:09:39',0),(139,0,0,0,1,20,0,20,1428.5700,'2018-02-13 00:00:00','2018-02-13 00:00:00',0,0,0,'',26,2,'prorated for 16 of 28 days','2018-06-07 03:09:40',0,'2018-06-07 03:09:39',0),(140,0,0,0,1,20,0,20,5000.0000,'2018-02-13 00:00:00','2018-02-13 00:00:00',0,0,0,'',28,2,'','2018-06-07 03:09:40',0,'2018-06-07 03:09:39',0),(141,0,0,0,1,21,0,21,2500.0000,'2018-03-01 00:00:00','2020-03-01 00:00:00',6,4,0,'',26,0,'','2018-06-07 03:09:39',0,'2018-06-07 03:09:39',0),(142,141,0,0,1,21,0,21,2500.0000,'2018-03-01 00:00:00','2018-03-02 00:00:00',6,4,0,'',26,0,'','2018-06-07 03:09:39',0,'2018-06-07 03:09:39',0),(143,141,0,0,1,21,0,21,2500.0000,'2018-04-01 00:00:00','2018-04-02 00:00:00',6,4,0,'',26,0,'','2018-06-07 03:09:39',0,'2018-06-07 03:09:39',0),(144,141,0,0,1,21,0,21,2500.0000,'2018-05-01 00:00:00','2018-05-02 00:00:00',6,4,0,'',26,0,'','2018-06-07 03:09:39',0,'2018-06-07 03:09:39',0),(145,141,0,0,1,21,0,21,2500.0000,'2018-06-01 00:00:00','2018-06-02 00:00:00',6,4,0,'',26,0,'','2018-06-07 03:09:39',0,'2018-06-07 03:09:39',0),(146,0,0,0,1,21,0,21,1428.5700,'2018-02-13 00:00:00','2018-02-13 00:00:00',0,0,0,'',26,2,'prorated for 16 of 28 days','2018-06-07 03:09:40',0,'2018-06-07 03:09:39',0),(147,0,0,0,1,21,0,21,5000.0000,'2018-02-13 00:00:00','2018-02-13 00:00:00',0,0,0,'',28,2,'','2018-06-07 03:09:40',0,'2018-06-07 03:09:39',0),(148,0,0,0,1,22,0,22,2500.0000,'2018-03-01 00:00:00','2020-03-01 00:00:00',6,4,0,'',26,0,'','2018-06-07 03:09:39',0,'2018-06-07 03:09:39',0),(149,148,0,0,1,22,0,22,2500.0000,'2018-03-01 00:00:00','2018-03-02 00:00:00',6,4,0,'',26,0,'','2018-06-07 03:09:39',0,'2018-06-07 03:09:39',0),(150,148,0,0,1,22,0,22,2500.0000,'2018-04-01 00:00:00','2018-04-02 00:00:00',6,4,0,'',26,0,'','2018-06-07 03:09:39',0,'2018-06-07 03:09:39',0),(151,148,0,0,1,22,0,22,2500.0000,'2018-05-01 00:00:00','2018-05-02 00:00:00',6,4,0,'',26,0,'','2018-06-07 03:09:39',0,'2018-06-07 03:09:39',0),(152,148,0,0,1,22,0,22,2500.0000,'2018-06-01 00:00:00','2018-06-02 00:00:00',6,4,0,'',26,0,'','2018-06-07 03:09:39',0,'2018-06-07 03:09:39',0),(153,0,0,0,1,22,0,22,1428.5700,'2018-02-13 00:00:00','2018-02-13 00:00:00',0,0,0,'',26,2,'prorated for 16 of 28 days','2018-06-07 03:09:40',0,'2018-06-07 03:09:39',0),(154,0,0,0,1,22,0,22,5000.0000,'2018-02-13 00:00:00','2018-02-13 00:00:00',0,0,0,'',28,2,'','2018-06-07 03:09:40',0,'2018-06-07 03:09:39',0),(155,0,0,0,1,23,0,23,2500.0000,'2018-03-01 00:00:00','2020-03-01 00:00:00',6,4,0,'',26,0,'','2018-06-07 03:09:39',0,'2018-06-07 03:09:39',0),(156,155,0,0,1,23,0,23,2500.0000,'2018-03-01 00:00:00','2018-03-02 00:00:00',6,4,0,'',26,0,'','2018-06-07 03:09:39',0,'2018-06-07 03:09:39',0),(157,155,0,0,1,23,0,23,2500.0000,'2018-04-01 00:00:00','2018-04-02 00:00:00',6,4,0,'',26,0,'','2018-06-07 03:09:39',0,'2018-06-07 03:09:39',0),(158,155,0,0,1,23,0,23,2500.0000,'2018-05-01 00:00:00','2018-05-02 00:00:00',6,4,0,'',26,0,'','2018-06-07 03:09:39',0,'2018-06-07 03:09:39',0),(159,155,0,0,1,23,0,23,2500.0000,'2018-06-01 00:00:00','2018-06-02 00:00:00',6,4,0,'',26,0,'','2018-06-07 03:09:39',0,'2018-06-07 03:09:39',0),(160,0,0,0,1,23,0,23,1428.5700,'2018-02-13 00:00:00','2018-02-13 00:00:00',0,0,0,'',26,2,'prorated for 16 of 28 days','2018-06-07 03:09:40',0,'2018-06-07 03:09:39',0),(161,0,0,0,1,23,0,23,5000.0000,'2018-02-13 00:00:00','2018-02-13 00:00:00',0,0,0,'',28,2,'','2018-06-07 03:09:40',0,'2018-06-07 03:09:39',0);
/*!40000 ALTER TABLE `Assessments` ENABLE KEYS */;
UNLOCK TABLES;

--
-- Table structure for table `AvailabilityTypes`
--

DROP TABLE IF EXISTS `AvailabilityTypes`;
/*!40101 SET @saved_cs_client     = @@character_set_client */;
/*!40101 SET character_set_client = utf8 */;
CREATE TABLE `AvailabilityTypes` (
  `AVAILID` bigint(20) NOT NULL AUTO_INCREMENT,
  `BID` bigint(20) NOT NULL,
  `Name` varchar(100) NOT NULL DEFAULT '',
  `LastModTime` timestamp NOT NULL DEFAULT CURRENT_TIMESTAMP ON UPDATE CURRENT_TIMESTAMP,
  `LastModBy` bigint(20) NOT NULL DEFAULT '0',
  `CreateTS` timestamp NOT NULL DEFAULT CURRENT_TIMESTAMP,
  `CreateBy` bigint(20) NOT NULL DEFAULT '0',
  PRIMARY KEY (`AVAILID`)
) ENGINE=InnoDB DEFAULT CHARSET=utf8;
/*!40101 SET character_set_client = @saved_cs_client */;

--
-- Dumping data for table `AvailabilityTypes`
--

LOCK TABLES `AvailabilityTypes` WRITE;
/*!40000 ALTER TABLE `AvailabilityTypes` DISABLE KEYS */;
/*!40000 ALTER TABLE `AvailabilityTypes` ENABLE KEYS */;
UNLOCK TABLES;

--
-- Table structure for table `Building`
--

DROP TABLE IF EXISTS `Building`;
/*!40101 SET @saved_cs_client     = @@character_set_client */;
/*!40101 SET character_set_client = utf8 */;
CREATE TABLE `Building` (
  `BLDGID` bigint(20) NOT NULL AUTO_INCREMENT,
  `BID` bigint(20) NOT NULL DEFAULT '0',
  `Address` varchar(100) NOT NULL DEFAULT '',
  `Address2` varchar(100) NOT NULL DEFAULT '',
  `City` varchar(100) NOT NULL DEFAULT '',
  `State` char(25) NOT NULL DEFAULT '',
  `PostalCode` varchar(100) NOT NULL DEFAULT '',
  `Country` varchar(100) NOT NULL DEFAULT '',
  `LastModTime` timestamp NOT NULL DEFAULT CURRENT_TIMESTAMP ON UPDATE CURRENT_TIMESTAMP,
  `LastModBy` bigint(20) NOT NULL DEFAULT '0',
  `CreateTS` timestamp NOT NULL DEFAULT CURRENT_TIMESTAMP,
  `CreateBy` bigint(20) NOT NULL DEFAULT '0',
  PRIMARY KEY (`BLDGID`)
) ENGINE=InnoDB DEFAULT CHARSET=utf8;
/*!40101 SET character_set_client = @saved_cs_client */;

--
-- Dumping data for table `Building`
--

LOCK TABLES `Building` WRITE;
/*!40000 ALTER TABLE `Building` DISABLE KEYS */;
/*!40000 ALTER TABLE `Building` ENABLE KEYS */;
UNLOCK TABLES;

--
-- Table structure for table `Business`
--

DROP TABLE IF EXISTS `Business`;
/*!40101 SET @saved_cs_client     = @@character_set_client */;
/*!40101 SET character_set_client = utf8 */;
CREATE TABLE `Business` (
  `BID` bigint(20) NOT NULL AUTO_INCREMENT,
  `BUD` varchar(100) NOT NULL DEFAULT '',
  `Name` varchar(100) NOT NULL DEFAULT '',
  `DefaultRentCycle` smallint(6) NOT NULL DEFAULT '0',
  `DefaultProrationCycle` smallint(6) NOT NULL DEFAULT '0',
  `DefaultGSRPC` smallint(6) NOT NULL DEFAULT '0',
  `ClosePeriodTLID` bigint(20) NOT NULL DEFAULT '0',
  `LastModTime` timestamp NOT NULL DEFAULT CURRENT_TIMESTAMP ON UPDATE CURRENT_TIMESTAMP,
  `LastModBy` bigint(20) NOT NULL DEFAULT '0',
  `CreateTS` timestamp NOT NULL DEFAULT CURRENT_TIMESTAMP,
  `CreateBy` bigint(20) NOT NULL DEFAULT '0',
  `FLAGS` bigint(20) NOT NULL DEFAULT '0',
  PRIMARY KEY (`BID`)
) ENGINE=InnoDB AUTO_INCREMENT=2 DEFAULT CHARSET=utf8;
/*!40101 SET character_set_client = @saved_cs_client */;

--
-- Dumping data for table `Business`
--

LOCK TABLES `Business` WRITE;
/*!40000 ALTER TABLE `Business` DISABLE KEYS */;
INSERT INTO `Business` VALUES (1,'REX','JGM First, LLC',6,4,4,1,'2018-06-05 23:06:51',0,'2017-11-10 23:24:22',0,1);
/*!40000 ALTER TABLE `Business` ENABLE KEYS */;
UNLOCK TABLES;

--
-- Table structure for table `BusinessAssessments`
--

DROP TABLE IF EXISTS `BusinessAssessments`;
/*!40101 SET @saved_cs_client     = @@character_set_client */;
/*!40101 SET character_set_client = utf8 */;
CREATE TABLE `BusinessAssessments` (
  `BID` bigint(20) NOT NULL DEFAULT '0',
  `ATypeLID` bigint(20) NOT NULL DEFAULT '0',
  `LastModTime` timestamp NOT NULL DEFAULT CURRENT_TIMESTAMP ON UPDATE CURRENT_TIMESTAMP,
  `LastModBy` bigint(20) NOT NULL DEFAULT '0',
  `CreateTS` timestamp NOT NULL DEFAULT CURRENT_TIMESTAMP,
  `CreateBy` bigint(20) NOT NULL DEFAULT '0'
) ENGINE=InnoDB DEFAULT CHARSET=utf8;
/*!40101 SET character_set_client = @saved_cs_client */;

--
-- Dumping data for table `BusinessAssessments`
--

LOCK TABLES `BusinessAssessments` WRITE;
/*!40000 ALTER TABLE `BusinessAssessments` DISABLE KEYS */;
/*!40000 ALTER TABLE `BusinessAssessments` ENABLE KEYS */;
UNLOCK TABLES;

--
-- Table structure for table `BusinessPaymentTypes`
--

DROP TABLE IF EXISTS `BusinessPaymentTypes`;
/*!40101 SET @saved_cs_client     = @@character_set_client */;
/*!40101 SET character_set_client = utf8 */;
CREATE TABLE `BusinessPaymentTypes` (
  `BID` bigint(20) NOT NULL DEFAULT '0',
  `PMTID` mediumint(9) NOT NULL DEFAULT '0',
  `LastModTime` timestamp NOT NULL DEFAULT CURRENT_TIMESTAMP ON UPDATE CURRENT_TIMESTAMP,
  `LastModBy` bigint(20) NOT NULL DEFAULT '0',
  `CreateTS` timestamp NOT NULL DEFAULT CURRENT_TIMESTAMP,
  `CreateBy` bigint(20) NOT NULL DEFAULT '0'
) ENGINE=InnoDB DEFAULT CHARSET=utf8;
/*!40101 SET character_set_client = @saved_cs_client */;

--
-- Dumping data for table `BusinessPaymentTypes`
--

LOCK TABLES `BusinessPaymentTypes` WRITE;
/*!40000 ALTER TABLE `BusinessPaymentTypes` DISABLE KEYS */;
/*!40000 ALTER TABLE `BusinessPaymentTypes` ENABLE KEYS */;
UNLOCK TABLES;

--
-- Table structure for table `BusinessProperties`
--

DROP TABLE IF EXISTS `BusinessProperties`;
/*!40101 SET @saved_cs_client     = @@character_set_client */;
/*!40101 SET character_set_client = utf8 */;
CREATE TABLE `BusinessProperties` (
  `BPID` bigint(20) NOT NULL AUTO_INCREMENT,
  `BID` bigint(20) NOT NULL DEFAULT '0',
  `Name` varchar(100) NOT NULL DEFAULT '',
  `FLAGS` bigint(20) NOT NULL DEFAULT '0',
  `Data` json DEFAULT NULL,
  `LastModTime` timestamp NOT NULL DEFAULT CURRENT_TIMESTAMP ON UPDATE CURRENT_TIMESTAMP,
  `LastModBy` bigint(20) NOT NULL DEFAULT '0',
  `CreateTS` timestamp NOT NULL DEFAULT CURRENT_TIMESTAMP,
  `CreateBy` bigint(20) NOT NULL DEFAULT '0',
  PRIMARY KEY (`BPID`)
) ENGINE=InnoDB DEFAULT CHARSET=utf8;
/*!40101 SET character_set_client = @saved_cs_client */;

--
-- Dumping data for table `BusinessProperties`
--

LOCK TABLES `BusinessProperties` WRITE;
/*!40000 ALTER TABLE `BusinessProperties` DISABLE KEYS */;
/*!40000 ALTER TABLE `BusinessProperties` ENABLE KEYS */;
UNLOCK TABLES;

--
-- Table structure for table `ClosePeriod`
--

DROP TABLE IF EXISTS `ClosePeriod`;
/*!40101 SET @saved_cs_client     = @@character_set_client */;
/*!40101 SET character_set_client = utf8 */;
CREATE TABLE `ClosePeriod` (
  `CPID` bigint(20) NOT NULL AUTO_INCREMENT,
  `BID` bigint(20) NOT NULL DEFAULT '0',
  `TLID` bigint(20) NOT NULL DEFAULT '0',
  `Dt` datetime NOT NULL DEFAULT '1970-01-01 00:00:00',
  `LastModTime` timestamp NOT NULL DEFAULT CURRENT_TIMESTAMP ON UPDATE CURRENT_TIMESTAMP,
  `LastModBy` bigint(20) NOT NULL DEFAULT '0',
  `CreateTS` timestamp NOT NULL DEFAULT CURRENT_TIMESTAMP,
  `CreateBy` bigint(20) NOT NULL DEFAULT '0',
  PRIMARY KEY (`CPID`)
) ENGINE=InnoDB DEFAULT CHARSET=utf8;
/*!40101 SET character_set_client = @saved_cs_client */;

--
-- Dumping data for table `ClosePeriod`
--

LOCK TABLES `ClosePeriod` WRITE;
/*!40000 ALTER TABLE `ClosePeriod` DISABLE KEYS */;
/*!40000 ALTER TABLE `ClosePeriod` ENABLE KEYS */;
UNLOCK TABLES;

--
-- Table structure for table `CommissionLedger`
--

DROP TABLE IF EXISTS `CommissionLedger`;
/*!40101 SET @saved_cs_client     = @@character_set_client */;
/*!40101 SET character_set_client = utf8 */;
CREATE TABLE `CommissionLedger` (
  `CLID` bigint(20) NOT NULL AUTO_INCREMENT,
  `BID` bigint(20) NOT NULL DEFAULT '0',
  `RAID` bigint(20) NOT NULL DEFAULT '0',
  `RID` bigint(20) NOT NULL DEFAULT '0',
  `Salesperson` varchar(100) NOT NULL DEFAULT '',
  `Percent` decimal(19,4) NOT NULL DEFAULT '0.0000',
  `Amount` decimal(19,4) NOT NULL DEFAULT '0.0000',
  `PaymentDueDate` date NOT NULL DEFAULT '1970-01-01',
  `LastModTime` timestamp NOT NULL DEFAULT CURRENT_TIMESTAMP ON UPDATE CURRENT_TIMESTAMP,
  `LastModBy` bigint(20) NOT NULL DEFAULT '0',
  `CreateTS` timestamp NOT NULL DEFAULT CURRENT_TIMESTAMP,
  `CreateBy` bigint(20) NOT NULL DEFAULT '0',
  PRIMARY KEY (`CLID`)
) ENGINE=InnoDB DEFAULT CHARSET=utf8;
/*!40101 SET character_set_client = @saved_cs_client */;

--
-- Dumping data for table `CommissionLedger`
--

LOCK TABLES `CommissionLedger` WRITE;
/*!40000 ALTER TABLE `CommissionLedger` DISABLE KEYS */;
/*!40000 ALTER TABLE `CommissionLedger` ENABLE KEYS */;
UNLOCK TABLES;

--
-- Table structure for table `CustomAttr`
--

DROP TABLE IF EXISTS `CustomAttr`;
/*!40101 SET @saved_cs_client     = @@character_set_client */;
/*!40101 SET character_set_client = utf8 */;
CREATE TABLE `CustomAttr` (
  `CID` bigint(20) NOT NULL AUTO_INCREMENT,
  `BID` bigint(20) NOT NULL DEFAULT '0',
  `Type` smallint(6) NOT NULL DEFAULT '0',
  `Name` varchar(100) NOT NULL DEFAULT '',
  `Value` varchar(256) NOT NULL DEFAULT '',
  `Units` varchar(256) NOT NULL DEFAULT '',
  `LastModTime` timestamp NOT NULL DEFAULT CURRENT_TIMESTAMP ON UPDATE CURRENT_TIMESTAMP,
  `LastModBy` bigint(20) NOT NULL DEFAULT '0',
  `CreateTS` timestamp NOT NULL DEFAULT CURRENT_TIMESTAMP,
  `CreateBy` bigint(20) NOT NULL DEFAULT '0',
  PRIMARY KEY (`CID`)
) ENGINE=InnoDB DEFAULT CHARSET=utf8;
/*!40101 SET character_set_client = @saved_cs_client */;

--
-- Dumping data for table `CustomAttr`
--

LOCK TABLES `CustomAttr` WRITE;
/*!40000 ALTER TABLE `CustomAttr` DISABLE KEYS */;
/*!40000 ALTER TABLE `CustomAttr` ENABLE KEYS */;
UNLOCK TABLES;

--
-- Table structure for table `CustomAttrRef`
--

DROP TABLE IF EXISTS `CustomAttrRef`;
/*!40101 SET @saved_cs_client     = @@character_set_client */;
/*!40101 SET character_set_client = utf8 */;
CREATE TABLE `CustomAttrRef` (
  `ElementType` bigint(20) NOT NULL,
  `BID` bigint(20) NOT NULL DEFAULT '0',
  `ID` bigint(20) NOT NULL,
  `CID` bigint(20) NOT NULL,
  `LastModTime` timestamp NOT NULL DEFAULT CURRENT_TIMESTAMP ON UPDATE CURRENT_TIMESTAMP,
  `LastModBy` bigint(20) NOT NULL DEFAULT '0',
  `CreateTS` timestamp NOT NULL DEFAULT CURRENT_TIMESTAMP,
  `CreateBy` bigint(20) NOT NULL DEFAULT '0',
  `CARID` bigint(20) NOT NULL AUTO_INCREMENT,
  PRIMARY KEY (`CARID`)
) ENGINE=InnoDB DEFAULT CHARSET=utf8;
/*!40101 SET character_set_client = @saved_cs_client */;

--
-- Dumping data for table `CustomAttrRef`
--

LOCK TABLES `CustomAttrRef` WRITE;
/*!40000 ALTER TABLE `CustomAttrRef` DISABLE KEYS */;
/*!40000 ALTER TABLE `CustomAttrRef` ENABLE KEYS */;
UNLOCK TABLES;

--
-- Table structure for table `DemandSource`
--

DROP TABLE IF EXISTS `DemandSource`;
/*!40101 SET @saved_cs_client     = @@character_set_client */;
/*!40101 SET character_set_client = utf8 */;
CREATE TABLE `DemandSource` (
  `SourceSLSID` bigint(20) NOT NULL AUTO_INCREMENT,
  `BID` bigint(20) NOT NULL DEFAULT '0',
  `Name` varchar(100) DEFAULT NULL,
  `Industry` varchar(100) DEFAULT NULL,
  `LastModTime` timestamp NOT NULL DEFAULT CURRENT_TIMESTAMP ON UPDATE CURRENT_TIMESTAMP,
  `LastModBy` bigint(20) NOT NULL DEFAULT '0',
  `CreateTS` timestamp NOT NULL DEFAULT CURRENT_TIMESTAMP,
  `CreateBy` bigint(20) NOT NULL DEFAULT '0',
  PRIMARY KEY (`SourceSLSID`)
) ENGINE=InnoDB DEFAULT CHARSET=utf8;
/*!40101 SET character_set_client = @saved_cs_client */;

--
-- Dumping data for table `DemandSource`
--

LOCK TABLES `DemandSource` WRITE;
/*!40000 ALTER TABLE `DemandSource` DISABLE KEYS */;
/*!40000 ALTER TABLE `DemandSource` ENABLE KEYS */;
UNLOCK TABLES;

--
-- Table structure for table `Deposit`
--

DROP TABLE IF EXISTS `Deposit`;
/*!40101 SET @saved_cs_client     = @@character_set_client */;
/*!40101 SET character_set_client = utf8 */;
CREATE TABLE `Deposit` (
  `DID` bigint(20) NOT NULL AUTO_INCREMENT,
  `BID` bigint(20) NOT NULL DEFAULT '0',
  `DEPID` bigint(20) NOT NULL DEFAULT '0',
  `DPMID` bigint(20) NOT NULL DEFAULT '0',
  `Dt` date NOT NULL DEFAULT '1970-01-01',
  `Amount` decimal(19,4) NOT NULL DEFAULT '0.0000',
  `ClearedAmount` decimal(19,4) NOT NULL DEFAULT '0.0000',
  `FLAGS` bigint(20) NOT NULL DEFAULT '0',
  `LastModTime` timestamp NOT NULL DEFAULT CURRENT_TIMESTAMP ON UPDATE CURRENT_TIMESTAMP,
  `LastModBy` bigint(20) NOT NULL DEFAULT '0',
  `CreateTS` timestamp NOT NULL DEFAULT CURRENT_TIMESTAMP,
  `CreateBy` bigint(20) NOT NULL DEFAULT '0',
  PRIMARY KEY (`DID`)
) ENGINE=InnoDB AUTO_INCREMENT=3 DEFAULT CHARSET=utf8;
/*!40101 SET character_set_client = @saved_cs_client */;

--
-- Dumping data for table `Deposit`
--

LOCK TABLES `Deposit` WRITE;
/*!40000 ALTER TABLE `Deposit` DISABLE KEYS */;
INSERT INTO `Deposit` VALUES (1,1,2,1,'2018-02-13',22285.7000,0.0000,0,'2018-06-07 03:09:40',0,'2018-06-07 03:09:40',0),(2,1,1,1,'2018-02-13',78000.0000,0.0000,0,'2018-06-07 03:09:40',0,'2018-06-07 03:09:40',0);
/*!40000 ALTER TABLE `Deposit` ENABLE KEYS */;
UNLOCK TABLES;

--
-- Table structure for table `DepositMethod`
--

DROP TABLE IF EXISTS `DepositMethod`;
/*!40101 SET @saved_cs_client     = @@character_set_client */;
/*!40101 SET character_set_client = utf8 */;
CREATE TABLE `DepositMethod` (
  `DPMID` bigint(20) NOT NULL AUTO_INCREMENT,
  `BID` bigint(20) NOT NULL DEFAULT '0',
  `Method` varchar(50) NOT NULL DEFAULT '',
  `LastModTime` timestamp NOT NULL DEFAULT CURRENT_TIMESTAMP ON UPDATE CURRENT_TIMESTAMP,
  `LastModBy` bigint(20) NOT NULL DEFAULT '0',
  `CreateTS` timestamp NOT NULL DEFAULT CURRENT_TIMESTAMP,
  `CreateBy` bigint(20) NOT NULL DEFAULT '0',
  PRIMARY KEY (`DPMID`)
) ENGINE=InnoDB AUTO_INCREMENT=5 DEFAULT CHARSET=utf8;
/*!40101 SET character_set_client = @saved_cs_client */;

--
-- Dumping data for table `DepositMethod`
--

LOCK TABLES `DepositMethod` WRITE;
/*!40000 ALTER TABLE `DepositMethod` DISABLE KEYS */;
INSERT INTO `DepositMethod` VALUES (1,1,'Hand Delivery','2017-11-10 23:24:23',0,'2017-11-10 23:24:23',0),(2,1,'Scanned/Electronic Batch','2017-11-10 23:24:23',0,'2017-11-10 23:24:23',0),(3,1,'ACH','2017-11-10 23:24:23',0,'2017-11-10 23:24:23',0),(4,1,'US Mail','2017-11-10 23:24:23',0,'2017-11-10 23:24:23',0);
/*!40000 ALTER TABLE `DepositMethod` ENABLE KEYS */;
UNLOCK TABLES;

--
-- Table structure for table `DepositPart`
--

DROP TABLE IF EXISTS `DepositPart`;
/*!40101 SET @saved_cs_client     = @@character_set_client */;
/*!40101 SET character_set_client = utf8 */;
CREATE TABLE `DepositPart` (
  `DPID` bigint(20) NOT NULL AUTO_INCREMENT,
  `DID` bigint(20) NOT NULL DEFAULT '0',
  `BID` bigint(20) NOT NULL DEFAULT '0',
  `RCPTID` bigint(20) NOT NULL DEFAULT '0',
  `LastModTime` timestamp NOT NULL DEFAULT CURRENT_TIMESTAMP ON UPDATE CURRENT_TIMESTAMP,
  `LastModBy` bigint(20) NOT NULL DEFAULT '0',
  `CreateTS` timestamp NOT NULL DEFAULT CURRENT_TIMESTAMP,
  `CreateBy` bigint(20) NOT NULL DEFAULT '0',
  PRIMARY KEY (`DPID`)
) ENGINE=InnoDB AUTO_INCREMENT=47 DEFAULT CHARSET=utf8;
/*!40101 SET character_set_client = @saved_cs_client */;

--
-- Dumping data for table `DepositPart`
--

LOCK TABLES `DepositPart` WRITE;
/*!40000 ALTER TABLE `DepositPart` DISABLE KEYS */;
INSERT INTO `DepositPart` VALUES (1,1,1,1,'2018-06-07 03:09:40',0,'2018-06-07 03:09:40',0),(2,1,1,3,'2018-06-07 03:09:40',0,'2018-06-07 03:09:40',0),(3,1,1,5,'2018-06-07 03:09:40',0,'2018-06-07 03:09:40',0),(4,1,1,7,'2018-06-07 03:09:40',0,'2018-06-07 03:09:40',0),(5,1,1,9,'2018-06-07 03:09:40',0,'2018-06-07 03:09:40',0),(6,1,1,11,'2018-06-07 03:09:40',0,'2018-06-07 03:09:40',0),(7,1,1,13,'2018-06-07 03:09:40',0,'2018-06-07 03:09:40',0),(8,1,1,15,'2018-06-07 03:09:40',0,'2018-06-07 03:09:40',0),(9,1,1,17,'2018-06-07 03:09:40',0,'2018-06-07 03:09:40',0),(10,1,1,19,'2018-06-07 03:09:40',0,'2018-06-07 03:09:40',0),(11,1,1,21,'2018-06-07 03:09:40',0,'2018-06-07 03:09:40',0),(12,1,1,23,'2018-06-07 03:09:40',0,'2018-06-07 03:09:40',0),(13,1,1,25,'2018-06-07 03:09:40',0,'2018-06-07 03:09:40',0),(14,1,1,27,'2018-06-07 03:09:40',0,'2018-06-07 03:09:40',0),(15,1,1,29,'2018-06-07 03:09:40',0,'2018-06-07 03:09:40',0),(16,1,1,31,'2018-06-07 03:09:40',0,'2018-06-07 03:09:40',0),(17,1,1,33,'2018-06-07 03:09:40',0,'2018-06-07 03:09:40',0),(18,1,1,35,'2018-06-07 03:09:40',0,'2018-06-07 03:09:40',0),(19,1,1,37,'2018-06-07 03:09:40',0,'2018-06-07 03:09:40',0),(20,1,1,39,'2018-06-07 03:09:40',0,'2018-06-07 03:09:40',0),(21,1,1,41,'2018-06-07 03:09:40',0,'2018-06-07 03:09:40',0),(22,1,1,43,'2018-06-07 03:09:40',0,'2018-06-07 03:09:40',0),(23,1,1,45,'2018-06-07 03:09:40',0,'2018-06-07 03:09:40',0),(24,2,1,2,'2018-06-07 03:09:40',0,'2018-06-07 03:09:40',0),(25,2,1,4,'2018-06-07 03:09:40',0,'2018-06-07 03:09:40',0),(26,2,1,6,'2018-06-07 03:09:40',0,'2018-06-07 03:09:40',0),(27,2,1,8,'2018-06-07 03:09:40',0,'2018-06-07 03:09:40',0),(28,2,1,10,'2018-06-07 03:09:40',0,'2018-06-07 03:09:40',0),(29,2,1,12,'2018-06-07 03:09:40',0,'2018-06-07 03:09:40',0),(30,2,1,14,'2018-06-07 03:09:40',0,'2018-06-07 03:09:40',0),(31,2,1,16,'2018-06-07 03:09:40',0,'2018-06-07 03:09:40',0),(32,2,1,18,'2018-06-07 03:09:40',0,'2018-06-07 03:09:40',0),(33,2,1,20,'2018-06-07 03:09:40',0,'2018-06-07 03:09:40',0),(34,2,1,22,'2018-06-07 03:09:40',0,'2018-06-07 03:09:40',0),(35,2,1,24,'2018-06-07 03:09:40',0,'2018-06-07 03:09:40',0),(36,2,1,26,'2018-06-07 03:09:40',0,'2018-06-07 03:09:40',0),(37,2,1,28,'2018-06-07 03:09:40',0,'2018-06-07 03:09:40',0),(38,2,1,30,'2018-06-07 03:09:40',0,'2018-06-07 03:09:40',0),(39,2,1,32,'2018-06-07 03:09:40',0,'2018-06-07 03:09:40',0),(40,2,1,34,'2018-06-07 03:09:40',0,'2018-06-07 03:09:40',0),(41,2,1,36,'2018-06-07 03:09:40',0,'2018-06-07 03:09:40',0),(42,2,1,38,'2018-06-07 03:09:40',0,'2018-06-07 03:09:40',0),(43,2,1,40,'2018-06-07 03:09:40',0,'2018-06-07 03:09:40',0),(44,2,1,42,'2018-06-07 03:09:40',0,'2018-06-07 03:09:40',0),(45,2,1,44,'2018-06-07 03:09:40',0,'2018-06-07 03:09:40',0),(46,2,1,46,'2018-06-07 03:09:40',0,'2018-06-07 03:09:40',0);
/*!40000 ALTER TABLE `DepositPart` ENABLE KEYS */;
UNLOCK TABLES;

--
-- Table structure for table `Depository`
--

DROP TABLE IF EXISTS `Depository`;
/*!40101 SET @saved_cs_client     = @@character_set_client */;
/*!40101 SET character_set_client = utf8 */;
CREATE TABLE `Depository` (
  `DEPID` bigint(20) NOT NULL AUTO_INCREMENT,
  `BID` bigint(20) NOT NULL DEFAULT '0',
  `LID` bigint(20) NOT NULL DEFAULT '0',
  `Name` varchar(256) DEFAULT NULL,
  `AccountNo` varchar(256) DEFAULT NULL,
  `LastModTime` timestamp NOT NULL DEFAULT CURRENT_TIMESTAMP ON UPDATE CURRENT_TIMESTAMP,
  `LastModBy` bigint(20) NOT NULL DEFAULT '0',
  `CreateTS` timestamp NOT NULL DEFAULT CURRENT_TIMESTAMP,
  `CreateBy` bigint(20) NOT NULL DEFAULT '0',
  PRIMARY KEY (`DEPID`)
) ENGINE=InnoDB AUTO_INCREMENT=3 DEFAULT CHARSET=utf8;
/*!40101 SET character_set_client = @saved_cs_client */;

--
-- Dumping data for table `Depository`
--

LOCK TABLES `Depository` WRITE;
/*!40000 ALTER TABLE `Depository` DISABLE KEYS */;
INSERT INTO `Depository` VALUES (1,1,3,'Wells Fargo','987654321','2017-11-10 23:24:23',0,'2017-11-10 23:24:23',0),(2,1,4,'Bank Of America','12345678','2017-11-10 23:24:23',0,'2017-11-10 23:24:23',0);
/*!40000 ALTER TABLE `Depository` ENABLE KEYS */;
UNLOCK TABLES;

--
-- Table structure for table `Expense`
--

DROP TABLE IF EXISTS `Expense`;
/*!40101 SET @saved_cs_client     = @@character_set_client */;
/*!40101 SET character_set_client = utf8 */;
CREATE TABLE `Expense` (
  `EXPID` bigint(20) NOT NULL AUTO_INCREMENT,
  `RPEXPID` bigint(20) NOT NULL DEFAULT '0',
  `BID` bigint(20) NOT NULL DEFAULT '0',
  `RID` bigint(20) NOT NULL DEFAULT '0',
  `RAID` bigint(20) NOT NULL DEFAULT '0',
  `Amount` decimal(19,4) NOT NULL DEFAULT '0.0000',
  `Dt` datetime NOT NULL DEFAULT '1970-01-01 00:00:00',
  `AcctRule` varchar(200) NOT NULL DEFAULT '',
  `ARID` bigint(20) NOT NULL DEFAULT '0',
  `FLAGS` bigint(20) NOT NULL DEFAULT '0',
  `Comment` varchar(256) NOT NULL DEFAULT '',
  `LastModTime` timestamp NOT NULL DEFAULT CURRENT_TIMESTAMP ON UPDATE CURRENT_TIMESTAMP,
  `LastModBy` bigint(20) NOT NULL DEFAULT '0',
  `CreateTS` timestamp NOT NULL DEFAULT CURRENT_TIMESTAMP,
  `CreateBy` bigint(20) NOT NULL DEFAULT '0',
  PRIMARY KEY (`EXPID`)
) ENGINE=InnoDB DEFAULT CHARSET=utf8;
/*!40101 SET character_set_client = @saved_cs_client */;

--
-- Dumping data for table `Expense`
--

LOCK TABLES `Expense` WRITE;
/*!40000 ALTER TABLE `Expense` DISABLE KEYS */;
/*!40000 ALTER TABLE `Expense` ENABLE KEYS */;
UNLOCK TABLES;

--
-- Table structure for table `Flow`
--

DROP TABLE IF EXISTS `Flow`;
/*!40101 SET @saved_cs_client     = @@character_set_client */;
/*!40101 SET character_set_client = utf8 */;
CREATE TABLE `Flow` (
  `FlowID` bigint(20) NOT NULL AUTO_INCREMENT,
  `BID` bigint(20) NOT NULL DEFAULT '0',
  `UserRefNo` varchar(50) NOT NULL DEFAULT '',
  `FlowType` varchar(50) NOT NULL DEFAULT '',
  `ID` bigint(20) NOT NULL DEFAULT '0',
  `Data` json DEFAULT NULL,
  `LastModTime` timestamp NOT NULL DEFAULT CURRENT_TIMESTAMP ON UPDATE CURRENT_TIMESTAMP,
  `LastModBy` bigint(20) NOT NULL DEFAULT '0',
  `CreateTS` timestamp NOT NULL DEFAULT CURRENT_TIMESTAMP,
  `CreateBy` bigint(20) NOT NULL DEFAULT '0',
  PRIMARY KEY (`FlowID`)
) ENGINE=InnoDB DEFAULT CHARSET=latin1;
/*!40101 SET character_set_client = @saved_cs_client */;

--
-- Dumping data for table `Flow`
--

LOCK TABLES `Flow` WRITE;
/*!40000 ALTER TABLE `Flow` DISABLE KEYS */;
/*!40000 ALTER TABLE `Flow` ENABLE KEYS */;
UNLOCK TABLES;

--
-- Table structure for table `GLAccount`
--

DROP TABLE IF EXISTS `GLAccount`;
/*!40101 SET @saved_cs_client     = @@character_set_client */;
/*!40101 SET character_set_client = utf8 */;
CREATE TABLE `GLAccount` (
  `LID` bigint(20) NOT NULL AUTO_INCREMENT,
  `PLID` bigint(20) NOT NULL DEFAULT '0',
  `BID` bigint(20) NOT NULL DEFAULT '0',
  `RAID` bigint(20) NOT NULL DEFAULT '0',
  `TCID` bigint(20) NOT NULL DEFAULT '0',
  `GLNumber` varchar(100) NOT NULL DEFAULT '',
  `Status` smallint(6) NOT NULL DEFAULT '0',
  `Name` varchar(100) NOT NULL DEFAULT '',
  `AcctType` varchar(100) NOT NULL DEFAULT '',
  `AllowPost` tinyint(1) NOT NULL DEFAULT '0',
  `FLAGS` bigint(20) NOT NULL DEFAULT '0',
  `Description` varchar(1024) NOT NULL DEFAULT '',
  `LastModTime` timestamp NOT NULL DEFAULT CURRENT_TIMESTAMP ON UPDATE CURRENT_TIMESTAMP,
  `LastModBy` bigint(20) NOT NULL DEFAULT '0',
  `CreateTS` timestamp NOT NULL DEFAULT CURRENT_TIMESTAMP,
  `CreateBy` bigint(20) NOT NULL DEFAULT '0',
  PRIMARY KEY (`LID`)
) ENGINE=InnoDB AUTO_INCREMENT=75 DEFAULT CHARSET=utf8;
/*!40101 SET character_set_client = @saved_cs_client */;

--
-- Dumping data for table `GLAccount`
--

LOCK TABLES `GLAccount` WRITE;
/*!40000 ALTER TABLE `GLAccount` DISABLE KEYS */;
INSERT INTO `GLAccount` VALUES (1,0,1,0,0,'10000',2,'Cash','Cash',0,0,'','2017-11-10 23:24:22',0,'2017-11-10 23:24:22',0),(2,0,1,0,0,'10100',2,'Petty Cash','Cash',1,0,'','2017-11-10 23:24:22',0,'2017-11-10 23:24:22',0),(3,1,1,0,0,'10104',2,'FRB 54320 (operating account)','Bank Account',1,0,'','2017-11-10 23:24:22',0,'2017-11-10 23:24:22',0),(4,1,1,0,0,'10105',2,'FRB 96953 (deposit account)','Bank Account',1,0,'','2017-11-10 23:24:22',0,'2017-11-10 23:24:22',0),(5,1,1,0,0,'10199',2,'Security Deposit Refund','Cash',1,0,'','2017-11-10 23:24:22',0,'2017-11-10 23:24:22',0),(6,1,1,0,0,'10999',2,'Undeposited Funds','Cash',1,0,'','2017-11-10 23:24:22',0,'2017-11-10 23:24:22',0),(7,0,1,0,0,'11000',2,'Credit Cards Funds in Transit','Cash',1,0,'','2017-11-10 23:24:22',0,'2017-11-10 23:24:22',0),(8,0,1,0,0,'12000',2,'Accounts Receivable','Accounts Receivable',0,0,'','2017-11-10 23:24:22',0,'2017-11-10 23:24:22',0),(9,8,1,0,0,'12001',2,'Rent Roll Receivables','Accounts Receivable',1,0,'','2017-11-10 23:24:22',0,'2017-11-10 23:24:22',0),(10,0,1,0,0,'12999',2,'Unapplied Funds','Asset',1,0,'','2017-11-10 23:24:22',0,'2017-11-10 23:24:22',0),(11,0,1,0,0,'30000',2,'Security Deposit Liability','Liability Security Deposit',1,0,'','2017-11-10 23:24:22',0,'2017-11-10 23:24:22',0),(12,0,1,0,0,'30001',2,'Floating Security Deposits','Liability Security Deposit',1,0,'Sec Dep posted before rentable identified','2017-11-10 23:24:22',0,'2017-11-10 23:24:22',0),(13,0,1,0,0,'30100',2,'Collected Taxes','Liabilities',0,0,'','2017-11-10 23:24:22',0,'2017-11-10 23:24:22',0),(14,13,1,0,0,'30101',2,'Sales Taxes Collected','Liabilities',1,0,'','2017-11-10 23:24:22',0,'2017-11-10 23:24:22',0),(15,13,1,0,0,'30102',2,'Transient Occupancy Taxes Collected','Liabilities',1,0,'','2017-11-10 23:24:22',0,'2017-11-10 23:24:22',0),(16,13,1,0,0,'30199',2,'Other Collected Taxes','Liabilities',1,0,'','2017-11-10 23:24:22',0,'2017-11-10 23:24:22',0),(17,0,1,0,0,'41000',2,'Gross Scheduled Rent-Taxable','Income',1,0,'','2017-11-10 23:24:22',0,'2017-11-10 23:24:22',0),(18,0,1,0,0,'41001',2,'Gross Scheduled Rent-Not Taxable','Income',1,0,'','2017-11-10 23:24:22',0,'2017-11-10 23:24:22',0),(19,0,1,0,0,'41100',2,'Unit Income Offsets','Income Offset',0,0,'','2017-11-10 23:24:22',0,'2017-11-10 23:24:22',0),(20,19,1,0,0,'41101',2,'Vacancy','Income Offset',1,0,'','2017-11-10 23:24:22',0,'2017-11-10 23:24:22',0),(21,19,1,0,0,'41102',2,'Loss (Gain) to Lease','Income Offset',1,0,'','2017-11-10 23:24:22',0,'2017-11-10 23:24:22',0),(22,19,1,0,0,'41103',2,'Employee Concessions','Income Offset',1,0,'','2017-11-10 23:24:22',0,'2017-11-10 23:24:22',0),(23,19,1,0,0,'41104',2,'Resident Concessions','Income Offset',1,0,'','2017-11-10 23:24:22',0,'2017-11-10 23:24:22',0),(24,19,1,0,0,'41105',2,'Owner Concession','Income Offset',1,0,'','2017-11-10 23:24:22',0,'2017-11-10 23:24:22',0),(25,19,1,0,0,'41106',2,'Administrative Concession','Income Offset',1,0,'','2017-11-10 23:24:22',0,'2017-11-10 23:24:22',0),(26,19,1,0,0,'41107',2,'Off Line Renovations','Income Offset',1,0,'','2017-11-10 23:24:22',0,'2017-11-10 23:24:22',0),(27,19,1,0,0,'41108',2,'Off Line Maintenance','Income Offset',1,0,'','2017-11-10 23:24:22',0,'2017-11-10 23:24:22',0),(28,19,1,0,0,'41199',2,'Othe Income Offsets','Income Offset',1,0,'','2017-11-10 23:24:22',0,'2017-11-10 23:24:22',0),(29,0,1,0,0,'41200',2,'Service Fees','Income',0,0,'','2017-11-10 23:24:22',0,'2017-11-10 23:24:22',0),(30,29,1,0,0,'41201',2,'Broadcast and IT Services','Income',1,0,'','2017-11-10 23:24:22',0,'2017-11-10 23:24:22',0),(31,29,1,0,0,'41202',2,'Food Services','Income',1,0,'','2017-11-10 23:24:22',0,'2017-11-10 23:24:22',0),(32,29,1,0,0,'41203',2,'Linen Services','Income',1,0,'','2017-11-10 23:24:22',0,'2017-11-10 23:24:22',0),(33,29,1,0,0,'41204',2,'Wash N Fold Services','Income',1,0,'','2017-11-10 23:24:22',0,'2017-11-10 23:24:22',0),(34,29,1,0,0,'41299',2,'Other Service Fees','Income',1,0,'','2017-11-10 23:24:22',0,'2017-11-10 23:24:22',0),(35,0,1,0,0,'41300',2,'Utility Fees','Income',0,0,'','2017-11-10 23:24:22',0,'2017-11-10 23:24:22',0),(36,35,1,0,0,'41301',2,'Electric Base Fee','Income',1,0,'','2017-11-10 23:24:22',0,'2017-11-10 23:24:22',0),(37,35,1,0,0,'41302',2,'Electric Overage','Income',1,0,'','2017-11-10 23:24:22',0,'2017-11-10 23:24:22',0),(38,35,1,0,0,'41303',2,'Water and Sewer Base Fee','Income',1,0,'','2017-11-10 23:24:22',0,'2017-11-10 23:24:22',0),(39,35,1,0,0,'41304',2,'Water and Sewer Overage','Income',1,0,'','2017-11-10 23:24:22',0,'2017-11-10 23:24:22',0),(40,35,1,0,0,'41305',2,'Gas Base Fee','Income',1,0,'','2017-11-10 23:24:22',0,'2017-11-10 23:24:22',0),(41,35,1,0,0,'41306',2,'Gas Overage','Income',1,0,'','2017-11-10 23:24:22',0,'2017-11-10 23:24:22',0),(42,35,1,0,0,'41307',2,'Trash Collection Base Fee','Income',1,0,'','2017-11-10 23:24:22',0,'2017-11-10 23:24:22',0),(43,35,1,0,0,'41308',2,'Trash Collection Overage','Income',1,0,'','2017-11-10 23:24:22',0,'2017-11-10 23:24:22',0),(44,35,1,0,0,'41399',2,'Other Utility Fee','Income',1,0,'','2017-11-10 23:24:22',0,'2017-11-10 23:24:22',0),(45,0,1,0,0,'41400',2,'Special Tenant Charges','Income',0,0,'','2017-11-10 23:24:22',0,'2017-11-10 23:24:22',0),(46,45,1,0,0,'41401',2,'Application Fees','Income',1,0,'','2017-11-10 23:24:22',0,'2017-11-10 23:24:22',0),(47,45,1,0,0,'41402',2,'Late Fees','Income',1,0,'','2017-11-10 23:24:22',0,'2017-11-10 23:24:22',0),(48,45,1,0,0,'41403',2,'Insufficient Funds Fee','Income',1,0,'','2017-11-10 23:24:22',0,'2017-11-10 23:24:22',0),(49,45,1,0,0,'41404',2,'Month to Month Fee','Income',1,0,'','2017-11-10 23:24:22',0,'2017-11-10 23:24:22',0),(50,45,1,0,0,'41405',2,'Rentable Specialties','Income',1,0,'','2017-11-10 23:24:22',0,'2017-11-10 23:24:22',0),(51,45,1,0,0,'41406',2,'No Show or Termination Fee','Income',1,0,'','2017-11-10 23:24:22',0,'2017-11-10 23:24:22',0),(52,45,1,0,0,'41407',2,'Pet Fees','Income',1,0,'','2017-11-10 23:24:22',0,'2017-11-10 23:24:22',0),(53,45,1,0,0,'41408',2,'Pet Rent','Income',1,0,'','2017-11-10 23:24:22',0,'2017-11-10 23:24:22',0),(54,45,1,0,0,'41409',2,'Tenant Expense Chargeback','Income',1,0,'','2017-11-10 23:24:22',0,'2017-11-10 23:24:22',0),(55,45,1,0,0,'41410',2,'Special Cleaning Fee','Income',1,0,'','2017-11-10 23:24:22',0,'2017-11-10 23:24:22',0),(56,45,1,0,0,'41411',2,'Eviction Fee Reimbursement','Income',1,0,'','2017-11-10 23:24:22',0,'2017-11-10 23:24:22',0),(57,45,1,0,0,'41412',2,'Extra Person Charge','Income',1,0,'','2017-11-10 23:24:22',0,'2017-11-10 23:24:22',0),(58,45,1,0,0,'41413',2,'Security Deposit Forfeiture','Income',1,0,'','2017-11-10 23:24:22',0,'2017-11-10 23:24:22',0),(59,45,1,0,0,'41414',2,'Damage Fee','Income',1,0,'','2017-11-10 23:24:22',0,'2017-11-10 23:24:22',0),(60,45,1,0,0,'41415',2,'CAM Fees','Income',1,0,'','2017-11-10 23:24:22',0,'2017-11-10 23:24:22',0),(61,45,1,0,0,'41499',2,'Other Special Tenant Charges','Income',1,0,'','2017-11-10 23:24:22',0,'2017-11-10 23:24:22',0),(62,0,1,0,0,'42000',2,'Business Income','Income',0,0,'','2017-11-10 23:24:22',0,'2017-11-10 23:24:22',0),(63,62,1,0,0,'42100',2,'Convenience Store','Income',1,0,'','2017-11-10 23:24:22',0,'2017-11-10 23:24:22',0),(64,62,1,0,0,'42200',2,'Fitness Center Revenue','Income',1,0,'','2017-11-10 23:24:22',0,'2017-11-10 23:24:22',0),(65,62,1,0,0,'42300',2,'Vending Income','Income',1,0,'','2017-11-10 23:24:22',0,'2017-11-10 23:24:22',0),(66,62,1,0,0,'42400',2,'Restaurant Sales','Income',1,0,'','2017-11-10 23:24:22',0,'2017-11-10 23:24:22',0),(67,62,1,0,0,'42500',2,'Bar Sales','Income',1,0,'','2017-11-10 23:24:22',0,'2017-11-10 23:24:22',0),(68,62,1,0,0,'42600',2,'Spa Sales','Income',1,0,'','2017-11-10 23:24:22',0,'2017-11-10 23:24:22',0),(69,0,1,0,0,'50000',2,'Expenses','Expenses',0,0,'','2017-11-10 23:24:22',0,'2017-11-10 23:24:22',0),(70,69,1,0,0,'50001',2,'Cash Over/Short','Expenses',1,0,'','2017-11-10 23:24:22',0,'2017-11-10 23:24:22',0),(71,69,1,0,0,'50002',2,'Bad Debt','Expenses',1,0,'','2017-11-10 23:24:22',0,'2017-11-10 23:24:22',0),(72,69,1,0,0,'50003',2,'Bank Service Fee','Expenses',1,0,'','2017-11-10 23:24:22',0,'2017-11-10 23:24:22',0),(73,69,1,0,0,'50999',2,'Other Expenses','Expenses',1,0,'','2017-11-10 23:24:22',0,'2017-11-10 23:24:22',0),(74,0,1,0,0,'999911',2,'test 1','Cash',1,0,'laskdjf','2017-11-10 23:24:22',0,'2017-11-10 23:24:22',0);
/*!40000 ALTER TABLE `GLAccount` ENABLE KEYS */;
UNLOCK TABLES;

--
-- Table structure for table `Invoice`
--

DROP TABLE IF EXISTS `Invoice`;
/*!40101 SET @saved_cs_client     = @@character_set_client */;
/*!40101 SET character_set_client = utf8 */;
CREATE TABLE `Invoice` (
  `InvoiceNo` bigint(20) NOT NULL AUTO_INCREMENT,
  `BID` bigint(20) NOT NULL DEFAULT '0',
  `Dt` date NOT NULL DEFAULT '1970-01-01',
  `DtDue` date NOT NULL DEFAULT '1970-01-01',
  `Amount` decimal(19,4) NOT NULL DEFAULT '0.0000',
  `DeliveredBy` varchar(256) NOT NULL DEFAULT '',
  `LastModTime` timestamp NOT NULL DEFAULT CURRENT_TIMESTAMP ON UPDATE CURRENT_TIMESTAMP,
  `LastModBy` bigint(20) NOT NULL DEFAULT '0',
  `CreateTS` timestamp NOT NULL DEFAULT CURRENT_TIMESTAMP,
  `CreateBy` bigint(20) NOT NULL DEFAULT '0',
  PRIMARY KEY (`InvoiceNo`)
) ENGINE=InnoDB DEFAULT CHARSET=utf8;
/*!40101 SET character_set_client = @saved_cs_client */;

--
-- Dumping data for table `Invoice`
--

LOCK TABLES `Invoice` WRITE;
/*!40000 ALTER TABLE `Invoice` DISABLE KEYS */;
/*!40000 ALTER TABLE `Invoice` ENABLE KEYS */;
UNLOCK TABLES;

--
-- Table structure for table `InvoiceAssessment`
--

DROP TABLE IF EXISTS `InvoiceAssessment`;
/*!40101 SET @saved_cs_client     = @@character_set_client */;
/*!40101 SET character_set_client = utf8 */;
CREATE TABLE `InvoiceAssessment` (
  `InvoiceNo` bigint(20) NOT NULL DEFAULT '0',
  `BID` bigint(20) NOT NULL DEFAULT '0',
  `ASMID` bigint(20) NOT NULL DEFAULT '0',
  `LastModTime` timestamp NOT NULL DEFAULT CURRENT_TIMESTAMP ON UPDATE CURRENT_TIMESTAMP,
  `LastModBy` bigint(20) NOT NULL DEFAULT '0',
  `CreateTS` timestamp NOT NULL DEFAULT CURRENT_TIMESTAMP,
  `CreateBy` bigint(20) NOT NULL DEFAULT '0',
  `InvoiceASMID` bigint(20) NOT NULL AUTO_INCREMENT,
  PRIMARY KEY (`InvoiceASMID`)
) ENGINE=InnoDB DEFAULT CHARSET=utf8;
/*!40101 SET character_set_client = @saved_cs_client */;

--
-- Dumping data for table `InvoiceAssessment`
--

LOCK TABLES `InvoiceAssessment` WRITE;
/*!40000 ALTER TABLE `InvoiceAssessment` DISABLE KEYS */;
/*!40000 ALTER TABLE `InvoiceAssessment` ENABLE KEYS */;
UNLOCK TABLES;

--
-- Table structure for table `InvoicePayor`
--

DROP TABLE IF EXISTS `InvoicePayor`;
/*!40101 SET @saved_cs_client     = @@character_set_client */;
/*!40101 SET character_set_client = utf8 */;
CREATE TABLE `InvoicePayor` (
  `InvoiceNo` bigint(20) NOT NULL DEFAULT '0',
  `BID` bigint(20) NOT NULL DEFAULT '0',
  `PID` bigint(20) NOT NULL DEFAULT '0',
  `LastModTime` timestamp NOT NULL DEFAULT CURRENT_TIMESTAMP ON UPDATE CURRENT_TIMESTAMP,
  `LastModBy` bigint(20) NOT NULL DEFAULT '0',
  `CreateTS` timestamp NOT NULL DEFAULT CURRENT_TIMESTAMP,
  `CreateBy` bigint(20) NOT NULL DEFAULT '0',
  `InvoicePayorID` bigint(20) NOT NULL AUTO_INCREMENT,
  PRIMARY KEY (`InvoicePayorID`)
) ENGINE=InnoDB DEFAULT CHARSET=utf8;
/*!40101 SET character_set_client = @saved_cs_client */;

--
-- Dumping data for table `InvoicePayor`
--

LOCK TABLES `InvoicePayor` WRITE;
/*!40000 ALTER TABLE `InvoicePayor` DISABLE KEYS */;
/*!40000 ALTER TABLE `InvoicePayor` ENABLE KEYS */;
UNLOCK TABLES;

--
-- Table structure for table `Journal`
--

DROP TABLE IF EXISTS `Journal`;
/*!40101 SET @saved_cs_client     = @@character_set_client */;
/*!40101 SET character_set_client = utf8 */;
CREATE TABLE `Journal` (
  `JID` bigint(20) NOT NULL AUTO_INCREMENT,
  `BID` bigint(20) NOT NULL DEFAULT '0',
  `Dt` datetime NOT NULL DEFAULT '1970-01-01 00:00:00',
  `Amount` decimal(19,4) NOT NULL DEFAULT '0.0000',
  `Type` smallint(6) NOT NULL DEFAULT '0',
  `ID` bigint(20) NOT NULL DEFAULT '0',
  `Comment` varchar(256) NOT NULL DEFAULT '',
  `LastModTime` timestamp NOT NULL DEFAULT CURRENT_TIMESTAMP ON UPDATE CURRENT_TIMESTAMP,
  `LastModBy` bigint(20) NOT NULL DEFAULT '0',
  `CreateTS` timestamp NOT NULL DEFAULT CURRENT_TIMESTAMP,
  `CreateBy` bigint(20) NOT NULL DEFAULT '0',
  PRIMARY KEY (`JID`)
) ENGINE=InnoDB AUTO_INCREMENT=277 DEFAULT CHARSET=utf8;
/*!40101 SET character_set_client = @saved_cs_client */;

--
-- Dumping data for table `Journal`
--

LOCK TABLES `Journal` WRITE;
/*!40000 ALTER TABLE `Journal` DISABLE KEYS */;
INSERT INTO `Journal` VALUES (1,1,'2018-03-01 00:00:00',1000.0000,1,2,'','2018-06-07 03:09:38',0,'2018-06-07 03:09:38',0),(2,1,'2018-04-01 00:00:00',1000.0000,1,3,'','2018-06-07 03:09:38',0,'2018-06-07 03:09:38',0),(3,1,'2018-05-01 00:00:00',1000.0000,1,4,'','2018-06-07 03:09:38',0,'2018-06-07 03:09:38',0),(4,1,'2018-06-01 00:00:00',1000.0000,1,5,'','2018-06-07 03:09:38',0,'2018-06-07 03:09:38',0),(5,1,'2018-02-13 00:00:00',571.4300,1,6,'','2018-06-07 03:09:38',0,'2018-06-07 03:09:38',0),(6,1,'2018-02-13 00:00:00',2000.0000,1,7,'','2018-06-07 03:09:39',0,'2018-06-07 03:09:39',0),(7,1,'2018-03-01 00:00:00',1000.0000,1,9,'','2018-06-07 03:09:39',0,'2018-06-07 03:09:39',0),(8,1,'2018-04-01 00:00:00',1000.0000,1,10,'','2018-06-07 03:09:39',0,'2018-06-07 03:09:39',0),(9,1,'2018-05-01 00:00:00',1000.0000,1,11,'','2018-06-07 03:09:39',0,'2018-06-07 03:09:39',0),(10,1,'2018-06-01 00:00:00',1000.0000,1,12,'','2018-06-07 03:09:39',0,'2018-06-07 03:09:39',0),(11,1,'2018-02-13 00:00:00',571.4300,1,13,'','2018-06-07 03:09:39',0,'2018-06-07 03:09:39',0),(12,1,'2018-02-13 00:00:00',2000.0000,1,14,'','2018-06-07 03:09:39',0,'2018-06-07 03:09:39',0),(13,1,'2018-03-01 00:00:00',1000.0000,1,16,'','2018-06-07 03:09:39',0,'2018-06-07 03:09:39',0),(14,1,'2018-04-01 00:00:00',1000.0000,1,17,'','2018-06-07 03:09:39',0,'2018-06-07 03:09:39',0),(15,1,'2018-05-01 00:00:00',1000.0000,1,18,'','2018-06-07 03:09:39',0,'2018-06-07 03:09:39',0),(16,1,'2018-06-01 00:00:00',1000.0000,1,19,'','2018-06-07 03:09:39',0,'2018-06-07 03:09:39',0),(17,1,'2018-02-13 00:00:00',571.4300,1,20,'','2018-06-07 03:09:39',0,'2018-06-07 03:09:39',0),(18,1,'2018-02-13 00:00:00',2000.0000,1,21,'','2018-06-07 03:09:39',0,'2018-06-07 03:09:39',0),(19,1,'2018-03-01 00:00:00',1000.0000,1,23,'','2018-06-07 03:09:39',0,'2018-06-07 03:09:39',0),(20,1,'2018-04-01 00:00:00',1000.0000,1,24,'','2018-06-07 03:09:39',0,'2018-06-07 03:09:39',0),(21,1,'2018-05-01 00:00:00',1000.0000,1,25,'','2018-06-07 03:09:39',0,'2018-06-07 03:09:39',0),(22,1,'2018-06-01 00:00:00',1000.0000,1,26,'','2018-06-07 03:09:39',0,'2018-06-07 03:09:39',0),(23,1,'2018-02-13 00:00:00',571.4300,1,27,'','2018-06-07 03:09:39',0,'2018-06-07 03:09:39',0),(24,1,'2018-02-13 00:00:00',2000.0000,1,28,'','2018-06-07 03:09:39',0,'2018-06-07 03:09:39',0),(25,1,'2018-03-01 00:00:00',1000.0000,1,30,'','2018-06-07 03:09:39',0,'2018-06-07 03:09:39',0),(26,1,'2018-04-01 00:00:00',1000.0000,1,31,'','2018-06-07 03:09:39',0,'2018-06-07 03:09:39',0),(27,1,'2018-05-01 00:00:00',1000.0000,1,32,'','2018-06-07 03:09:39',0,'2018-06-07 03:09:39',0),(28,1,'2018-06-01 00:00:00',1000.0000,1,33,'','2018-06-07 03:09:39',0,'2018-06-07 03:09:39',0),(29,1,'2018-02-13 00:00:00',571.4300,1,34,'','2018-06-07 03:09:39',0,'2018-06-07 03:09:39',0),(30,1,'2018-02-13 00:00:00',2000.0000,1,35,'','2018-06-07 03:09:39',0,'2018-06-07 03:09:39',0),(31,1,'2018-03-01 00:00:00',1500.0000,1,37,'','2018-06-07 03:09:39',0,'2018-06-07 03:09:39',0),(32,1,'2018-04-01 00:00:00',1500.0000,1,38,'','2018-06-07 03:09:39',0,'2018-06-07 03:09:39',0),(33,1,'2018-05-01 00:00:00',1500.0000,1,39,'','2018-06-07 03:09:39',0,'2018-06-07 03:09:39',0),(34,1,'2018-06-01 00:00:00',1500.0000,1,40,'','2018-06-07 03:09:39',0,'2018-06-07 03:09:39',0),(35,1,'2018-02-13 00:00:00',857.1400,1,41,'','2018-06-07 03:09:39',0,'2018-06-07 03:09:39',0),(36,1,'2018-02-13 00:00:00',3000.0000,1,42,'','2018-06-07 03:09:39',0,'2018-06-07 03:09:39',0),(37,1,'2018-03-01 00:00:00',1500.0000,1,44,'','2018-06-07 03:09:39',0,'2018-06-07 03:09:39',0),(38,1,'2018-04-01 00:00:00',1500.0000,1,45,'','2018-06-07 03:09:39',0,'2018-06-07 03:09:39',0),(39,1,'2018-05-01 00:00:00',1500.0000,1,46,'','2018-06-07 03:09:39',0,'2018-06-07 03:09:39',0),(40,1,'2018-06-01 00:00:00',1500.0000,1,47,'','2018-06-07 03:09:39',0,'2018-06-07 03:09:39',0),(41,1,'2018-02-13 00:00:00',857.1400,1,48,'','2018-06-07 03:09:39',0,'2018-06-07 03:09:39',0),(42,1,'2018-02-13 00:00:00',3000.0000,1,49,'','2018-06-07 03:09:39',0,'2018-06-07 03:09:39',0),(43,1,'2018-03-01 00:00:00',1500.0000,1,51,'','2018-06-07 03:09:39',0,'2018-06-07 03:09:39',0),(44,1,'2018-04-01 00:00:00',1500.0000,1,52,'','2018-06-07 03:09:39',0,'2018-06-07 03:09:39',0),(45,1,'2018-05-01 00:00:00',1500.0000,1,53,'','2018-06-07 03:09:39',0,'2018-06-07 03:09:39',0),(46,1,'2018-06-01 00:00:00',1500.0000,1,54,'','2018-06-07 03:09:39',0,'2018-06-07 03:09:39',0),(47,1,'2018-02-13 00:00:00',857.1400,1,55,'','2018-06-07 03:09:39',0,'2018-06-07 03:09:39',0),(48,1,'2018-02-13 00:00:00',3000.0000,1,56,'','2018-06-07 03:09:39',0,'2018-06-07 03:09:39',0),(49,1,'2018-03-01 00:00:00',1500.0000,1,58,'','2018-06-07 03:09:39',0,'2018-06-07 03:09:39',0),(50,1,'2018-04-01 00:00:00',1500.0000,1,59,'','2018-06-07 03:09:39',0,'2018-06-07 03:09:39',0),(51,1,'2018-05-01 00:00:00',1500.0000,1,60,'','2018-06-07 03:09:39',0,'2018-06-07 03:09:39',0),(52,1,'2018-06-01 00:00:00',1500.0000,1,61,'','2018-06-07 03:09:39',0,'2018-06-07 03:09:39',0),(53,1,'2018-02-13 00:00:00',857.1400,1,62,'','2018-06-07 03:09:39',0,'2018-06-07 03:09:39',0),(54,1,'2018-02-13 00:00:00',3000.0000,1,63,'','2018-06-07 03:09:39',0,'2018-06-07 03:09:39',0),(55,1,'2018-03-01 00:00:00',1500.0000,1,65,'','2018-06-07 03:09:39',0,'2018-06-07 03:09:39',0),(56,1,'2018-04-01 00:00:00',1500.0000,1,66,'','2018-06-07 03:09:39',0,'2018-06-07 03:09:39',0),(57,1,'2018-05-01 00:00:00',1500.0000,1,67,'','2018-06-07 03:09:39',0,'2018-06-07 03:09:39',0),(58,1,'2018-06-01 00:00:00',1500.0000,1,68,'','2018-06-07 03:09:39',0,'2018-06-07 03:09:39',0),(59,1,'2018-02-13 00:00:00',857.1400,1,69,'','2018-06-07 03:09:39',0,'2018-06-07 03:09:39',0),(60,1,'2018-02-13 00:00:00',3000.0000,1,70,'','2018-06-07 03:09:39',0,'2018-06-07 03:09:39',0),(61,1,'2018-03-01 00:00:00',1750.0000,1,72,'','2018-06-07 03:09:39',0,'2018-06-07 03:09:39',0),(62,1,'2018-04-01 00:00:00',1750.0000,1,73,'','2018-06-07 03:09:39',0,'2018-06-07 03:09:39',0),(63,1,'2018-05-01 00:00:00',1750.0000,1,74,'','2018-06-07 03:09:39',0,'2018-06-07 03:09:39',0),(64,1,'2018-06-01 00:00:00',1750.0000,1,75,'','2018-06-07 03:09:39',0,'2018-06-07 03:09:39',0),(65,1,'2018-02-13 00:00:00',1000.0000,1,76,'','2018-06-07 03:09:39',0,'2018-06-07 03:09:39',0),(66,1,'2018-02-13 00:00:00',3500.0000,1,77,'','2018-06-07 03:09:39',0,'2018-06-07 03:09:39',0),(67,1,'2018-03-01 00:00:00',1750.0000,1,79,'','2018-06-07 03:09:39',0,'2018-06-07 03:09:39',0),(68,1,'2018-04-01 00:00:00',1750.0000,1,80,'','2018-06-07 03:09:39',0,'2018-06-07 03:09:39',0),(69,1,'2018-05-01 00:00:00',1750.0000,1,81,'','2018-06-07 03:09:39',0,'2018-06-07 03:09:39',0),(70,1,'2018-06-01 00:00:00',1750.0000,1,82,'','2018-06-07 03:09:39',0,'2018-06-07 03:09:39',0),(71,1,'2018-02-13 00:00:00',1000.0000,1,83,'','2018-06-07 03:09:39',0,'2018-06-07 03:09:39',0),(72,1,'2018-02-13 00:00:00',3500.0000,1,84,'','2018-06-07 03:09:39',0,'2018-06-07 03:09:39',0),(73,1,'2018-03-01 00:00:00',1750.0000,1,86,'','2018-06-07 03:09:39',0,'2018-06-07 03:09:39',0),(74,1,'2018-04-01 00:00:00',1750.0000,1,87,'','2018-06-07 03:09:39',0,'2018-06-07 03:09:39',0),(75,1,'2018-05-01 00:00:00',1750.0000,1,88,'','2018-06-07 03:09:39',0,'2018-06-07 03:09:39',0),(76,1,'2018-06-01 00:00:00',1750.0000,1,89,'','2018-06-07 03:09:39',0,'2018-06-07 03:09:39',0),(77,1,'2018-02-13 00:00:00',1000.0000,1,90,'','2018-06-07 03:09:39',0,'2018-06-07 03:09:39',0),(78,1,'2018-02-13 00:00:00',3500.0000,1,91,'','2018-06-07 03:09:39',0,'2018-06-07 03:09:39',0),(79,1,'2018-03-01 00:00:00',1750.0000,1,93,'','2018-06-07 03:09:39',0,'2018-06-07 03:09:39',0),(80,1,'2018-04-01 00:00:00',1750.0000,1,94,'','2018-06-07 03:09:39',0,'2018-06-07 03:09:39',0),(81,1,'2018-05-01 00:00:00',1750.0000,1,95,'','2018-06-07 03:09:39',0,'2018-06-07 03:09:39',0),(82,1,'2018-06-01 00:00:00',1750.0000,1,96,'','2018-06-07 03:09:39',0,'2018-06-07 03:09:39',0),(83,1,'2018-02-13 00:00:00',1000.0000,1,97,'','2018-06-07 03:09:39',0,'2018-06-07 03:09:39',0),(84,1,'2018-02-13 00:00:00',3500.0000,1,98,'','2018-06-07 03:09:39',0,'2018-06-07 03:09:39',0),(85,1,'2018-03-01 00:00:00',1750.0000,1,100,'','2018-06-07 03:09:39',0,'2018-06-07 03:09:39',0),(86,1,'2018-04-01 00:00:00',1750.0000,1,101,'','2018-06-07 03:09:39',0,'2018-06-07 03:09:39',0),(87,1,'2018-05-01 00:00:00',1750.0000,1,102,'','2018-06-07 03:09:39',0,'2018-06-07 03:09:39',0),(88,1,'2018-06-01 00:00:00',1750.0000,1,103,'','2018-06-07 03:09:39',0,'2018-06-07 03:09:39',0),(89,1,'2018-02-13 00:00:00',1000.0000,1,104,'','2018-06-07 03:09:39',0,'2018-06-07 03:09:39',0),(90,1,'2018-02-13 00:00:00',3500.0000,1,105,'','2018-06-07 03:09:39',0,'2018-06-07 03:09:39',0),(91,1,'2018-03-01 00:00:00',1750.0000,1,107,'','2018-06-07 03:09:39',0,'2018-06-07 03:09:39',0),(92,1,'2018-04-01 00:00:00',1750.0000,1,108,'','2018-06-07 03:09:39',0,'2018-06-07 03:09:39',0),(93,1,'2018-05-01 00:00:00',1750.0000,1,109,'','2018-06-07 03:09:39',0,'2018-06-07 03:09:39',0),(94,1,'2018-06-01 00:00:00',1750.0000,1,110,'','2018-06-07 03:09:39',0,'2018-06-07 03:09:39',0),(95,1,'2018-02-13 00:00:00',1000.0000,1,111,'','2018-06-07 03:09:39',0,'2018-06-07 03:09:39',0),(96,1,'2018-02-13 00:00:00',3500.0000,1,112,'','2018-06-07 03:09:39',0,'2018-06-07 03:09:39',0),(97,1,'2018-03-01 00:00:00',1750.0000,1,114,'','2018-06-07 03:09:39',0,'2018-06-07 03:09:39',0),(98,1,'2018-04-01 00:00:00',1750.0000,1,115,'','2018-06-07 03:09:39',0,'2018-06-07 03:09:39',0),(99,1,'2018-05-01 00:00:00',1750.0000,1,116,'','2018-06-07 03:09:39',0,'2018-06-07 03:09:39',0),(100,1,'2018-06-01 00:00:00',1750.0000,1,117,'','2018-06-07 03:09:39',0,'2018-06-07 03:09:39',0),(101,1,'2018-02-13 00:00:00',1000.0000,1,118,'','2018-06-07 03:09:39',0,'2018-06-07 03:09:39',0),(102,1,'2018-02-13 00:00:00',3500.0000,1,119,'','2018-06-07 03:09:39',0,'2018-06-07 03:09:39',0),(103,1,'2018-03-01 00:00:00',1750.0000,1,121,'','2018-06-07 03:09:39',0,'2018-06-07 03:09:39',0),(104,1,'2018-04-01 00:00:00',1750.0000,1,122,'','2018-06-07 03:09:39',0,'2018-06-07 03:09:39',0),(105,1,'2018-05-01 00:00:00',1750.0000,1,123,'','2018-06-07 03:09:39',0,'2018-06-07 03:09:39',0),(106,1,'2018-06-01 00:00:00',1750.0000,1,124,'','2018-06-07 03:09:39',0,'2018-06-07 03:09:39',0),(107,1,'2018-02-13 00:00:00',1000.0000,1,125,'','2018-06-07 03:09:39',0,'2018-06-07 03:09:39',0),(108,1,'2018-02-13 00:00:00',3500.0000,1,126,'','2018-06-07 03:09:39',0,'2018-06-07 03:09:39',0),(109,1,'2018-03-01 00:00:00',2500.0000,1,128,'','2018-06-07 03:09:39',0,'2018-06-07 03:09:39',0),(110,1,'2018-04-01 00:00:00',2500.0000,1,129,'','2018-06-07 03:09:39',0,'2018-06-07 03:09:39',0),(111,1,'2018-05-01 00:00:00',2500.0000,1,130,'','2018-06-07 03:09:39',0,'2018-06-07 03:09:39',0),(112,1,'2018-06-01 00:00:00',2500.0000,1,131,'','2018-06-07 03:09:39',0,'2018-06-07 03:09:39',0),(113,1,'2018-02-13 00:00:00',1428.5700,1,132,'','2018-06-07 03:09:39',0,'2018-06-07 03:09:39',0),(114,1,'2018-02-13 00:00:00',5000.0000,1,133,'','2018-06-07 03:09:39',0,'2018-06-07 03:09:39',0),(115,1,'2018-03-01 00:00:00',2500.0000,1,135,'','2018-06-07 03:09:39',0,'2018-06-07 03:09:39',0),(116,1,'2018-04-01 00:00:00',2500.0000,1,136,'','2018-06-07 03:09:39',0,'2018-06-07 03:09:39',0),(117,1,'2018-05-01 00:00:00',2500.0000,1,137,'','2018-06-07 03:09:39',0,'2018-06-07 03:09:39',0),(118,1,'2018-06-01 00:00:00',2500.0000,1,138,'','2018-06-07 03:09:39',0,'2018-06-07 03:09:39',0),(119,1,'2018-02-13 00:00:00',1428.5700,1,139,'','2018-06-07 03:09:39',0,'2018-06-07 03:09:39',0),(120,1,'2018-02-13 00:00:00',5000.0000,1,140,'','2018-06-07 03:09:39',0,'2018-06-07 03:09:39',0),(121,1,'2018-03-01 00:00:00',2500.0000,1,142,'','2018-06-07 03:09:39',0,'2018-06-07 03:09:39',0),(122,1,'2018-04-01 00:00:00',2500.0000,1,143,'','2018-06-07 03:09:39',0,'2018-06-07 03:09:39',0),(123,1,'2018-05-01 00:00:00',2500.0000,1,144,'','2018-06-07 03:09:39',0,'2018-06-07 03:09:39',0),(124,1,'2018-06-01 00:00:00',2500.0000,1,145,'','2018-06-07 03:09:39',0,'2018-06-07 03:09:39',0),(125,1,'2018-02-13 00:00:00',1428.5700,1,146,'','2018-06-07 03:09:39',0,'2018-06-07 03:09:39',0),(126,1,'2018-02-13 00:00:00',5000.0000,1,147,'','2018-06-07 03:09:39',0,'2018-06-07 03:09:39',0),(127,1,'2018-03-01 00:00:00',2500.0000,1,149,'','2018-06-07 03:09:39',0,'2018-06-07 03:09:39',0),(128,1,'2018-04-01 00:00:00',2500.0000,1,150,'','2018-06-07 03:09:39',0,'2018-06-07 03:09:39',0),(129,1,'2018-05-01 00:00:00',2500.0000,1,151,'','2018-06-07 03:09:39',0,'2018-06-07 03:09:39',0),(130,1,'2018-06-01 00:00:00',2500.0000,1,152,'','2018-06-07 03:09:39',0,'2018-06-07 03:09:39',0),(131,1,'2018-02-13 00:00:00',1428.5700,1,153,'','2018-06-07 03:09:39',0,'2018-06-07 03:09:39',0),(132,1,'2018-02-13 00:00:00',5000.0000,1,154,'','2018-06-07 03:09:39',0,'2018-06-07 03:09:39',0),(133,1,'2018-03-01 00:00:00',2500.0000,1,156,'','2018-06-07 03:09:39',0,'2018-06-07 03:09:39',0),(134,1,'2018-04-01 00:00:00',2500.0000,1,157,'','2018-06-07 03:09:39',0,'2018-06-07 03:09:39',0),(135,1,'2018-05-01 00:00:00',2500.0000,1,158,'','2018-06-07 03:09:39',0,'2018-06-07 03:09:39',0),(136,1,'2018-06-01 00:00:00',2500.0000,1,159,'','2018-06-07 03:09:39',0,'2018-06-07 03:09:39',0),(137,1,'2018-02-13 00:00:00',1428.5700,1,160,'','2018-06-07 03:09:39',0,'2018-06-07 03:09:39',0),(138,1,'2018-02-13 00:00:00',5000.0000,1,161,'','2018-06-07 03:09:39',0,'2018-06-07 03:09:39',0),(139,1,'2018-02-13 00:00:00',571.4300,2,1,'','2018-06-07 03:09:39',0,'2018-06-07 03:09:39',0),(140,1,'2018-02-13 00:00:00',2000.0000,2,2,'','2018-06-07 03:09:39',0,'2018-06-07 03:09:39',0),(141,1,'2018-02-13 00:00:00',571.4300,2,3,'','2018-06-07 03:09:39',0,'2018-06-07 03:09:39',0),(142,1,'2018-02-13 00:00:00',2000.0000,2,4,'','2018-06-07 03:09:39',0,'2018-06-07 03:09:39',0),(143,1,'2018-02-13 00:00:00',571.4300,2,5,'','2018-06-07 03:09:39',0,'2018-06-07 03:09:39',0),(144,1,'2018-02-13 00:00:00',2000.0000,2,6,'','2018-06-07 03:09:39',0,'2018-06-07 03:09:39',0),(145,1,'2018-02-13 00:00:00',571.4300,2,7,'','2018-06-07 03:09:39',0,'2018-06-07 03:09:39',0),(146,1,'2018-02-13 00:00:00',2000.0000,2,8,'','2018-06-07 03:09:39',0,'2018-06-07 03:09:39',0),(147,1,'2018-02-13 00:00:00',571.4300,2,9,'','2018-06-07 03:09:39',0,'2018-06-07 03:09:39',0),(148,1,'2018-02-13 00:00:00',2000.0000,2,10,'','2018-06-07 03:09:39',0,'2018-06-07 03:09:39',0),(149,1,'2018-02-13 00:00:00',857.1400,2,11,'','2018-06-07 03:09:39',0,'2018-06-07 03:09:39',0),(150,1,'2018-02-13 00:00:00',3000.0000,2,12,'','2018-06-07 03:09:39',0,'2018-06-07 03:09:39',0),(151,1,'2018-02-13 00:00:00',857.1400,2,13,'','2018-06-07 03:09:39',0,'2018-06-07 03:09:39',0),(152,1,'2018-02-13 00:00:00',3000.0000,2,14,'','2018-06-07 03:09:39',0,'2018-06-07 03:09:39',0),(153,1,'2018-02-13 00:00:00',857.1400,2,15,'','2018-06-07 03:09:39',0,'2018-06-07 03:09:39',0),(154,1,'2018-02-13 00:00:00',3000.0000,2,16,'','2018-06-07 03:09:39',0,'2018-06-07 03:09:39',0),(155,1,'2018-02-13 00:00:00',857.1400,2,17,'','2018-06-07 03:09:39',0,'2018-06-07 03:09:39',0),(156,1,'2018-02-13 00:00:00',3000.0000,2,18,'','2018-06-07 03:09:39',0,'2018-06-07 03:09:39',0),(157,1,'2018-02-13 00:00:00',857.1400,2,19,'','2018-06-07 03:09:39',0,'2018-06-07 03:09:39',0),(158,1,'2018-02-13 00:00:00',3000.0000,2,20,'','2018-06-07 03:09:39',0,'2018-06-07 03:09:39',0),(159,1,'2018-02-13 00:00:00',1000.0000,2,21,'','2018-06-07 03:09:39',0,'2018-06-07 03:09:39',0),(160,1,'2018-02-13 00:00:00',3500.0000,2,22,'','2018-06-07 03:09:39',0,'2018-06-07 03:09:39',0),(161,1,'2018-02-13 00:00:00',1000.0000,2,23,'','2018-06-07 03:09:39',0,'2018-06-07 03:09:39',0),(162,1,'2018-02-13 00:00:00',3500.0000,2,24,'','2018-06-07 03:09:39',0,'2018-06-07 03:09:39',0),(163,1,'2018-02-13 00:00:00',1000.0000,2,25,'','2018-06-07 03:09:39',0,'2018-06-07 03:09:39',0),(164,1,'2018-02-13 00:00:00',3500.0000,2,26,'','2018-06-07 03:09:39',0,'2018-06-07 03:09:39',0),(165,1,'2018-02-13 00:00:00',1000.0000,2,27,'','2018-06-07 03:09:39',0,'2018-06-07 03:09:39',0),(166,1,'2018-02-13 00:00:00',3500.0000,2,28,'','2018-06-07 03:09:39',0,'2018-06-07 03:09:39',0),(167,1,'2018-02-13 00:00:00',1000.0000,2,29,'','2018-06-07 03:09:39',0,'2018-06-07 03:09:39',0),(168,1,'2018-02-13 00:00:00',3500.0000,2,30,'','2018-06-07 03:09:39',0,'2018-06-07 03:09:39',0),(169,1,'2018-02-13 00:00:00',1000.0000,2,31,'','2018-06-07 03:09:39',0,'2018-06-07 03:09:39',0),(170,1,'2018-02-13 00:00:00',3500.0000,2,32,'','2018-06-07 03:09:39',0,'2018-06-07 03:09:39',0),(171,1,'2018-02-13 00:00:00',1000.0000,2,33,'','2018-06-07 03:09:39',0,'2018-06-07 03:09:39',0),(172,1,'2018-02-13 00:00:00',3500.0000,2,34,'','2018-06-07 03:09:39',0,'2018-06-07 03:09:39',0),(173,1,'2018-02-13 00:00:00',1000.0000,2,35,'','2018-06-07 03:09:39',0,'2018-06-07 03:09:39',0),(174,1,'2018-02-13 00:00:00',3500.0000,2,36,'','2018-06-07 03:09:39',0,'2018-06-07 03:09:39',0),(175,1,'2018-02-13 00:00:00',1428.5700,2,37,'','2018-06-07 03:09:39',0,'2018-06-07 03:09:39',0),(176,1,'2018-02-13 00:00:00',5000.0000,2,38,'','2018-06-07 03:09:39',0,'2018-06-07 03:09:39',0),(177,1,'2018-02-13 00:00:00',1428.5700,2,39,'','2018-06-07 03:09:39',0,'2018-06-07 03:09:39',0),(178,1,'2018-02-13 00:00:00',5000.0000,2,40,'','2018-06-07 03:09:39',0,'2018-06-07 03:09:39',0),(179,1,'2018-02-13 00:00:00',1428.5700,2,41,'','2018-06-07 03:09:39',0,'2018-06-07 03:09:39',0),(180,1,'2018-02-13 00:00:00',5000.0000,2,42,'','2018-06-07 03:09:39',0,'2018-06-07 03:09:39',0),(181,1,'2018-02-13 00:00:00',1428.5700,2,43,'','2018-06-07 03:09:40',0,'2018-06-07 03:09:40',0),(182,1,'2018-02-13 00:00:00',5000.0000,2,44,'','2018-06-07 03:09:40',0,'2018-06-07 03:09:40',0),(183,1,'2018-02-13 00:00:00',1428.5700,2,45,'','2018-06-07 03:09:40',0,'2018-06-07 03:09:40',0),(184,1,'2018-02-13 00:00:00',5000.0000,2,46,'','2018-06-07 03:09:40',0,'2018-06-07 03:09:40',0),(185,1,'2018-02-13 00:00:00',1428.5700,2,43,'','2018-06-07 03:09:40',0,'2018-06-07 03:09:40',0),(186,1,'2018-02-13 00:00:00',5000.0000,2,44,'','2018-06-07 03:09:40',0,'2018-06-07 03:09:40',0),(187,1,'2018-02-13 00:00:00',571.4300,2,9,'','2018-06-07 03:09:40',0,'2018-06-07 03:09:40',0),(188,1,'2018-02-13 00:00:00',2000.0000,2,10,'','2018-06-07 03:09:40',0,'2018-06-07 03:09:40',0),(189,1,'2018-02-13 00:00:00',857.1400,2,15,'','2018-06-07 03:09:40',0,'2018-06-07 03:09:40',0),(190,1,'2018-02-13 00:00:00',3000.0000,2,16,'','2018-06-07 03:09:40',0,'2018-06-07 03:09:40',0),(191,1,'2018-02-13 00:00:00',857.1400,2,17,'','2018-06-07 03:09:40',0,'2018-06-07 03:09:40',0),(192,1,'2018-02-13 00:00:00',3000.0000,2,18,'','2018-06-07 03:09:40',0,'2018-06-07 03:09:40',0),(193,1,'2018-02-13 00:00:00',1000.0000,2,27,'','2018-06-07 03:09:40',0,'2018-06-07 03:09:40',0),(194,1,'2018-02-13 00:00:00',3500.0000,2,28,'','2018-06-07 03:09:40',0,'2018-06-07 03:09:40',0),(195,1,'2018-02-13 00:00:00',1000.0000,2,33,'','2018-06-07 03:09:40',0,'2018-06-07 03:09:40',0),(196,1,'2018-02-13 00:00:00',3500.0000,2,34,'','2018-06-07 03:09:40',0,'2018-06-07 03:09:40',0),(197,1,'2018-02-13 00:00:00',1428.5700,2,39,'','2018-06-07 03:09:40',0,'2018-06-07 03:09:40',0),(198,1,'2018-02-13 00:00:00',5000.0000,2,40,'','2018-06-07 03:09:40',0,'2018-06-07 03:09:40',0),(199,1,'2018-02-13 00:00:00',571.4300,2,1,'','2018-06-07 03:09:40',0,'2018-06-07 03:09:40',0),(200,1,'2018-02-13 00:00:00',2000.0000,2,2,'','2018-06-07 03:09:40',0,'2018-06-07 03:09:40',0),(201,1,'2018-02-13 00:00:00',571.4300,2,3,'','2018-06-07 03:09:40',0,'2018-06-07 03:09:40',0),(202,1,'2018-02-13 00:00:00',2000.0000,2,4,'','2018-06-07 03:09:40',0,'2018-06-07 03:09:40',0),(203,1,'2018-02-13 00:00:00',571.4300,2,7,'','2018-06-07 03:09:40',0,'2018-06-07 03:09:40',0),(204,1,'2018-02-13 00:00:00',2000.0000,2,8,'','2018-06-07 03:09:40',0,'2018-06-07 03:09:40',0),(205,1,'2018-02-13 00:00:00',857.1400,2,11,'','2018-06-07 03:09:40',0,'2018-06-07 03:09:40',0),(206,1,'2018-02-13 00:00:00',3000.0000,2,12,'','2018-06-07 03:09:40',0,'2018-06-07 03:09:40',0),(207,1,'2018-02-13 00:00:00',1428.5700,2,37,'','2018-06-07 03:09:40',0,'2018-06-07 03:09:40',0),(208,1,'2018-02-13 00:00:00',5000.0000,2,38,'','2018-06-07 03:09:40',0,'2018-06-07 03:09:40',0),(209,1,'2018-02-13 00:00:00',1000.0000,2,31,'','2018-06-07 03:09:40',0,'2018-06-07 03:09:40',0),(210,1,'2018-02-13 00:00:00',3500.0000,2,32,'','2018-06-07 03:09:40',0,'2018-06-07 03:09:40',0),(211,1,'2018-02-13 00:00:00',1428.5700,2,45,'','2018-06-07 03:09:40',0,'2018-06-07 03:09:40',0),(212,1,'2018-02-13 00:00:00',5000.0000,2,46,'','2018-06-07 03:09:40',0,'2018-06-07 03:09:40',0),(213,1,'2018-02-13 00:00:00',571.4300,2,5,'','2018-06-07 03:09:40',0,'2018-06-07 03:09:40',0),(214,1,'2018-02-13 00:00:00',2000.0000,2,6,'','2018-06-07 03:09:40',0,'2018-06-07 03:09:40',0),(215,1,'2018-02-13 00:00:00',857.1400,2,19,'','2018-06-07 03:09:40',0,'2018-06-07 03:09:40',0),(216,1,'2018-02-13 00:00:00',3000.0000,2,20,'','2018-06-07 03:09:40',0,'2018-06-07 03:09:40',0),(217,1,'2018-02-13 00:00:00',1000.0000,2,21,'','2018-06-07 03:09:40',0,'2018-06-07 03:09:40',0),(218,1,'2018-02-13 00:00:00',3500.0000,2,22,'','2018-06-07 03:09:40',0,'2018-06-07 03:09:40',0),(219,1,'2018-02-13 00:00:00',1000.0000,2,23,'','2018-06-07 03:09:40',0,'2018-06-07 03:09:40',0),(220,1,'2018-02-13 00:00:00',3500.0000,2,24,'','2018-06-07 03:09:40',0,'2018-06-07 03:09:40',0),(221,1,'2018-02-13 00:00:00',1000.0000,2,25,'','2018-06-07 03:09:40',0,'2018-06-07 03:09:40',0),(222,1,'2018-02-13 00:00:00',3500.0000,2,26,'','2018-06-07 03:09:40',0,'2018-06-07 03:09:40',0),(223,1,'2018-02-13 00:00:00',1000.0000,2,29,'','2018-06-07 03:09:40',0,'2018-06-07 03:09:40',0),(224,1,'2018-02-13 00:00:00',3500.0000,2,30,'','2018-06-07 03:09:40',0,'2018-06-07 03:09:40',0),(225,1,'2018-02-13 00:00:00',857.1400,2,13,'','2018-06-07 03:09:40',0,'2018-06-07 03:09:40',0),(226,1,'2018-02-13 00:00:00',3000.0000,2,14,'','2018-06-07 03:09:40',0,'2018-06-07 03:09:40',0),(227,1,'2018-02-13 00:00:00',1000.0000,2,35,'','2018-06-07 03:09:40',0,'2018-06-07 03:09:40',0),(228,1,'2018-02-13 00:00:00',3500.0000,2,36,'','2018-06-07 03:09:40',0,'2018-06-07 03:09:40',0),(229,1,'2018-02-13 00:00:00',1428.5700,2,41,'','2018-06-07 03:09:40',0,'2018-06-07 03:09:40',0),(230,1,'2018-02-13 00:00:00',5000.0000,2,42,'','2018-06-07 03:09:40',0,'2018-06-07 03:09:40',0),(231,1,'2018-02-13 00:00:00',571.4300,4,1,'auto-transfer for deposit DEP-2','2018-06-07 03:09:40',0,'2018-06-07 03:09:40',0),(232,1,'2018-02-13 00:00:00',571.4300,4,3,'auto-transfer for deposit DEP-2','2018-06-07 03:09:40',0,'2018-06-07 03:09:40',0),(233,1,'2018-02-13 00:00:00',571.4300,4,5,'auto-transfer for deposit DEP-2','2018-06-07 03:09:40',0,'2018-06-07 03:09:40',0),(234,1,'2018-02-13 00:00:00',571.4300,4,7,'auto-transfer for deposit DEP-2','2018-06-07 03:09:40',0,'2018-06-07 03:09:40',0),(235,1,'2018-02-13 00:00:00',571.4300,4,9,'auto-transfer for deposit DEP-2','2018-06-07 03:09:40',0,'2018-06-07 03:09:40',0),(236,1,'2018-02-13 00:00:00',857.1400,4,11,'auto-transfer for deposit DEP-2','2018-06-07 03:09:40',0,'2018-06-07 03:09:40',0),(237,1,'2018-02-13 00:00:00',857.1400,4,13,'auto-transfer for deposit DEP-2','2018-06-07 03:09:40',0,'2018-06-07 03:09:40',0),(238,1,'2018-02-13 00:00:00',857.1400,4,15,'auto-transfer for deposit DEP-2','2018-06-07 03:09:40',0,'2018-06-07 03:09:40',0),(239,1,'2018-02-13 00:00:00',857.1400,4,17,'auto-transfer for deposit DEP-2','2018-06-07 03:09:40',0,'2018-06-07 03:09:40',0),(240,1,'2018-02-13 00:00:00',857.1400,4,19,'auto-transfer for deposit DEP-2','2018-06-07 03:09:40',0,'2018-06-07 03:09:40',0),(241,1,'2018-02-13 00:00:00',1000.0000,4,21,'auto-transfer for deposit DEP-2','2018-06-07 03:09:40',0,'2018-06-07 03:09:40',0),(242,1,'2018-02-13 00:00:00',1000.0000,4,23,'auto-transfer for deposit DEP-2','2018-06-07 03:09:40',0,'2018-06-07 03:09:40',0),(243,1,'2018-02-13 00:00:00',1000.0000,4,25,'auto-transfer for deposit DEP-2','2018-06-07 03:09:40',0,'2018-06-07 03:09:40',0),(244,1,'2018-02-13 00:00:00',1000.0000,4,27,'auto-transfer for deposit DEP-2','2018-06-07 03:09:40',0,'2018-06-07 03:09:40',0),(245,1,'2018-02-13 00:00:00',1000.0000,4,29,'auto-transfer for deposit DEP-2','2018-06-07 03:09:40',0,'2018-06-07 03:09:40',0),(246,1,'2018-02-13 00:00:00',1000.0000,4,31,'auto-transfer for deposit DEP-2','2018-06-07 03:09:40',0,'2018-06-07 03:09:40',0),(247,1,'2018-02-13 00:00:00',1000.0000,4,33,'auto-transfer for deposit DEP-2','2018-06-07 03:09:40',0,'2018-06-07 03:09:40',0),(248,1,'2018-02-13 00:00:00',1000.0000,4,35,'auto-transfer for deposit DEP-2','2018-06-07 03:09:40',0,'2018-06-07 03:09:40',0),(249,1,'2018-02-13 00:00:00',1428.5700,4,37,'auto-transfer for deposit DEP-2','2018-06-07 03:09:40',0,'2018-06-07 03:09:40',0),(250,1,'2018-02-13 00:00:00',1428.5700,4,39,'auto-transfer for deposit DEP-2','2018-06-07 03:09:40',0,'2018-06-07 03:09:40',0),(251,1,'2018-02-13 00:00:00',1428.5700,4,41,'auto-transfer for deposit DEP-2','2018-06-07 03:09:40',0,'2018-06-07 03:09:40',0),(252,1,'2018-02-13 00:00:00',1428.5700,4,43,'auto-transfer for deposit DEP-2','2018-06-07 03:09:40',0,'2018-06-07 03:09:40',0),(253,1,'2018-02-13 00:00:00',1428.5700,4,45,'auto-transfer for deposit DEP-2','2018-06-07 03:09:40',0,'2018-06-07 03:09:40',0),(254,1,'2018-02-13 00:00:00',2000.0000,4,2,'auto-transfer for deposit DEP-1','2018-06-07 03:09:40',0,'2018-06-07 03:09:40',0),(255,1,'2018-02-13 00:00:00',2000.0000,4,4,'auto-transfer for deposit DEP-1','2018-06-07 03:09:40',0,'2018-06-07 03:09:40',0),(256,1,'2018-02-13 00:00:00',2000.0000,4,6,'auto-transfer for deposit DEP-1','2018-06-07 03:09:40',0,'2018-06-07 03:09:40',0),(257,1,'2018-02-13 00:00:00',2000.0000,4,8,'auto-transfer for deposit DEP-1','2018-06-07 03:09:40',0,'2018-06-07 03:09:40',0),(258,1,'2018-02-13 00:00:00',2000.0000,4,10,'auto-transfer for deposit DEP-1','2018-06-07 03:09:40',0,'2018-06-07 03:09:40',0),(259,1,'2018-02-13 00:00:00',3000.0000,4,12,'auto-transfer for deposit DEP-1','2018-06-07 03:09:40',0,'2018-06-07 03:09:40',0),(260,1,'2018-02-13 00:00:00',3000.0000,4,14,'auto-transfer for deposit DEP-1','2018-06-07 03:09:40',0,'2018-06-07 03:09:40',0),(261,1,'2018-02-13 00:00:00',3000.0000,4,16,'auto-transfer for deposit DEP-1','2018-06-07 03:09:40',0,'2018-06-07 03:09:40',0),(262,1,'2018-02-13 00:00:00',3000.0000,4,18,'auto-transfer for deposit DEP-1','2018-06-07 03:09:40',0,'2018-06-07 03:09:40',0),(263,1,'2018-02-13 00:00:00',3000.0000,4,20,'auto-transfer for deposit DEP-1','2018-06-07 03:09:40',0,'2018-06-07 03:09:40',0),(264,1,'2018-02-13 00:00:00',3500.0000,4,22,'auto-transfer for deposit DEP-1','2018-06-07 03:09:40',0,'2018-06-07 03:09:40',0),(265,1,'2018-02-13 00:00:00',3500.0000,4,24,'auto-transfer for deposit DEP-1','2018-06-07 03:09:40',0,'2018-06-07 03:09:40',0),(266,1,'2018-02-13 00:00:00',3500.0000,4,26,'auto-transfer for deposit DEP-1','2018-06-07 03:09:40',0,'2018-06-07 03:09:40',0),(267,1,'2018-02-13 00:00:00',3500.0000,4,28,'auto-transfer for deposit DEP-1','2018-06-07 03:09:40',0,'2018-06-07 03:09:40',0),(268,1,'2018-02-13 00:00:00',3500.0000,4,30,'auto-transfer for deposit DEP-1','2018-06-07 03:09:40',0,'2018-06-07 03:09:40',0),(269,1,'2018-02-13 00:00:00',3500.0000,4,32,'auto-transfer for deposit DEP-1','2018-06-07 03:09:40',0,'2018-06-07 03:09:40',0),(270,1,'2018-02-13 00:00:00',3500.0000,4,34,'auto-transfer for deposit DEP-1','2018-06-07 03:09:40',0,'2018-06-07 03:09:40',0),(271,1,'2018-02-13 00:00:00',3500.0000,4,36,'auto-transfer for deposit DEP-1','2018-06-07 03:09:40',0,'2018-06-07 03:09:40',0),(272,1,'2018-02-13 00:00:00',5000.0000,4,38,'auto-transfer for deposit DEP-1','2018-06-07 03:09:40',0,'2018-06-07 03:09:40',0),(273,1,'2018-02-13 00:00:00',5000.0000,4,40,'auto-transfer for deposit DEP-1','2018-06-07 03:09:40',0,'2018-06-07 03:09:40',0),(274,1,'2018-02-13 00:00:00',5000.0000,4,42,'auto-transfer for deposit DEP-1','2018-06-07 03:09:40',0,'2018-06-07 03:09:40',0),(275,1,'2018-02-13 00:00:00',5000.0000,4,44,'auto-transfer for deposit DEP-1','2018-06-07 03:09:40',0,'2018-06-07 03:09:40',0),(276,1,'2018-02-13 00:00:00',5000.0000,4,46,'auto-transfer for deposit DEP-1','2018-06-07 03:09:40',0,'2018-06-07 03:09:40',0);
/*!40000 ALTER TABLE `Journal` ENABLE KEYS */;
UNLOCK TABLES;

--
-- Table structure for table `JournalAllocation`
--

DROP TABLE IF EXISTS `JournalAllocation`;
/*!40101 SET @saved_cs_client     = @@character_set_client */;
/*!40101 SET character_set_client = utf8 */;
CREATE TABLE `JournalAllocation` (
  `JAID` bigint(20) NOT NULL AUTO_INCREMENT,
  `BID` bigint(20) NOT NULL DEFAULT '0',
  `JID` bigint(20) NOT NULL DEFAULT '0',
  `RID` bigint(20) NOT NULL DEFAULT '0',
  `RAID` bigint(20) NOT NULL DEFAULT '0',
  `TCID` bigint(20) NOT NULL DEFAULT '0',
  `RCPTID` bigint(20) NOT NULL DEFAULT '0',
  `Amount` decimal(19,4) NOT NULL DEFAULT '0.0000',
  `ASMID` bigint(20) NOT NULL DEFAULT '0',
  `EXPID` bigint(20) NOT NULL DEFAULT '0',
  `AcctRule` varchar(200) NOT NULL DEFAULT '',
  `LastModTime` timestamp NOT NULL DEFAULT CURRENT_TIMESTAMP ON UPDATE CURRENT_TIMESTAMP,
  `LastModBy` bigint(20) NOT NULL DEFAULT '0',
  `CreateTS` timestamp NOT NULL DEFAULT CURRENT_TIMESTAMP,
  `CreateBy` bigint(20) NOT NULL DEFAULT '0',
  PRIMARY KEY (`JAID`)
) ENGINE=InnoDB AUTO_INCREMENT=277 DEFAULT CHARSET=utf8;
/*!40101 SET character_set_client = @saved_cs_client */;

--
-- Dumping data for table `JournalAllocation`
--

LOCK TABLES `JournalAllocation` WRITE;
/*!40000 ALTER TABLE `JournalAllocation` DISABLE KEYS */;
INSERT INTO `JournalAllocation` VALUES (1,1,1,1,1,0,0,1000.0000,2,0,'d 12001 1000.00, c 41001 1000.00','2018-06-07 03:09:38',0,'2018-06-07 03:09:38',0),(2,1,2,1,1,0,0,1000.0000,3,0,'d 12001 1000.00, c 41001 1000.00','2018-06-07 03:09:38',0,'2018-06-07 03:09:38',0),(3,1,3,1,1,0,0,1000.0000,4,0,'d 12001 1000.00, c 41001 1000.00','2018-06-07 03:09:38',0,'2018-06-07 03:09:38',0),(4,1,4,1,1,0,0,1000.0000,5,0,'d 12001 1000.00, c 41001 1000.00','2018-06-07 03:09:38',0,'2018-06-07 03:09:38',0),(5,1,5,1,1,0,0,571.4300,6,0,'d 12001 571.43, c 41001 571.43','2018-06-07 03:09:38',0,'2018-06-07 03:09:38',0),(6,1,6,1,1,0,0,2000.0000,7,0,'d 12001 2000.00, c 30000 2000.00','2018-06-07 03:09:39',0,'2018-06-07 03:09:39',0),(7,1,7,2,2,0,0,1000.0000,9,0,'d 12001 1000.00, c 41001 1000.00','2018-06-07 03:09:39',0,'2018-06-07 03:09:39',0),(8,1,8,2,2,0,0,1000.0000,10,0,'d 12001 1000.00, c 41001 1000.00','2018-06-07 03:09:39',0,'2018-06-07 03:09:39',0),(9,1,9,2,2,0,0,1000.0000,11,0,'d 12001 1000.00, c 41001 1000.00','2018-06-07 03:09:39',0,'2018-06-07 03:09:39',0),(10,1,10,2,2,0,0,1000.0000,12,0,'d 12001 1000.00, c 41001 1000.00','2018-06-07 03:09:39',0,'2018-06-07 03:09:39',0),(11,1,11,2,2,0,0,571.4300,13,0,'d 12001 571.43, c 41001 571.43','2018-06-07 03:09:39',0,'2018-06-07 03:09:39',0),(12,1,12,2,2,0,0,2000.0000,14,0,'d 12001 2000.00, c 30000 2000.00','2018-06-07 03:09:39',0,'2018-06-07 03:09:39',0),(13,1,13,3,3,0,0,1000.0000,16,0,'d 12001 1000.00, c 41001 1000.00','2018-06-07 03:09:39',0,'2018-06-07 03:09:39',0),(14,1,14,3,3,0,0,1000.0000,17,0,'d 12001 1000.00, c 41001 1000.00','2018-06-07 03:09:39',0,'2018-06-07 03:09:39',0),(15,1,15,3,3,0,0,1000.0000,18,0,'d 12001 1000.00, c 41001 1000.00','2018-06-07 03:09:39',0,'2018-06-07 03:09:39',0),(16,1,16,3,3,0,0,1000.0000,19,0,'d 12001 1000.00, c 41001 1000.00','2018-06-07 03:09:39',0,'2018-06-07 03:09:39',0),(17,1,17,3,3,0,0,571.4300,20,0,'d 12001 571.43, c 41001 571.43','2018-06-07 03:09:39',0,'2018-06-07 03:09:39',0),(18,1,18,3,3,0,0,2000.0000,21,0,'d 12001 2000.00, c 30000 2000.00','2018-06-07 03:09:39',0,'2018-06-07 03:09:39',0),(19,1,19,4,4,0,0,1000.0000,23,0,'d 12001 1000.00, c 41001 1000.00','2018-06-07 03:09:39',0,'2018-06-07 03:09:39',0),(20,1,20,4,4,0,0,1000.0000,24,0,'d 12001 1000.00, c 41001 1000.00','2018-06-07 03:09:39',0,'2018-06-07 03:09:39',0),(21,1,21,4,4,0,0,1000.0000,25,0,'d 12001 1000.00, c 41001 1000.00','2018-06-07 03:09:39',0,'2018-06-07 03:09:39',0),(22,1,22,4,4,0,0,1000.0000,26,0,'d 12001 1000.00, c 41001 1000.00','2018-06-07 03:09:39',0,'2018-06-07 03:09:39',0),(23,1,23,4,4,0,0,571.4300,27,0,'d 12001 571.43, c 41001 571.43','2018-06-07 03:09:39',0,'2018-06-07 03:09:39',0),(24,1,24,4,4,0,0,2000.0000,28,0,'d 12001 2000.00, c 30000 2000.00','2018-06-07 03:09:39',0,'2018-06-07 03:09:39',0),(25,1,25,5,5,0,0,1000.0000,30,0,'d 12001 1000.00, c 41001 1000.00','2018-06-07 03:09:39',0,'2018-06-07 03:09:39',0),(26,1,26,5,5,0,0,1000.0000,31,0,'d 12001 1000.00, c 41001 1000.00','2018-06-07 03:09:39',0,'2018-06-07 03:09:39',0),(27,1,27,5,5,0,0,1000.0000,32,0,'d 12001 1000.00, c 41001 1000.00','2018-06-07 03:09:39',0,'2018-06-07 03:09:39',0),(28,1,28,5,5,0,0,1000.0000,33,0,'d 12001 1000.00, c 41001 1000.00','2018-06-07 03:09:39',0,'2018-06-07 03:09:39',0),(29,1,29,5,5,0,0,571.4300,34,0,'d 12001 571.43, c 41001 571.43','2018-06-07 03:09:39',0,'2018-06-07 03:09:39',0),(30,1,30,5,5,0,0,2000.0000,35,0,'d 12001 2000.00, c 30000 2000.00','2018-06-07 03:09:39',0,'2018-06-07 03:09:39',0),(31,1,31,6,6,0,0,1500.0000,37,0,'d 12001 1500.00, c 41001 1500.00','2018-06-07 03:09:39',0,'2018-06-07 03:09:39',0),(32,1,32,6,6,0,0,1500.0000,38,0,'d 12001 1500.00, c 41001 1500.00','2018-06-07 03:09:39',0,'2018-06-07 03:09:39',0),(33,1,33,6,6,0,0,1500.0000,39,0,'d 12001 1500.00, c 41001 1500.00','2018-06-07 03:09:39',0,'2018-06-07 03:09:39',0),(34,1,34,6,6,0,0,1500.0000,40,0,'d 12001 1500.00, c 41001 1500.00','2018-06-07 03:09:39',0,'2018-06-07 03:09:39',0),(35,1,35,6,6,0,0,857.1400,41,0,'d 12001 857.14, c 41001 857.14','2018-06-07 03:09:39',0,'2018-06-07 03:09:39',0),(36,1,36,6,6,0,0,3000.0000,42,0,'d 12001 3000.00, c 30000 3000.00','2018-06-07 03:09:39',0,'2018-06-07 03:09:39',0),(37,1,37,7,7,0,0,1500.0000,44,0,'d 12001 1500.00, c 41001 1500.00','2018-06-07 03:09:39',0,'2018-06-07 03:09:39',0),(38,1,38,7,7,0,0,1500.0000,45,0,'d 12001 1500.00, c 41001 1500.00','2018-06-07 03:09:39',0,'2018-06-07 03:09:39',0),(39,1,39,7,7,0,0,1500.0000,46,0,'d 12001 1500.00, c 41001 1500.00','2018-06-07 03:09:39',0,'2018-06-07 03:09:39',0),(40,1,40,7,7,0,0,1500.0000,47,0,'d 12001 1500.00, c 41001 1500.00','2018-06-07 03:09:39',0,'2018-06-07 03:09:39',0),(41,1,41,7,7,0,0,857.1400,48,0,'d 12001 857.14, c 41001 857.14','2018-06-07 03:09:39',0,'2018-06-07 03:09:39',0),(42,1,42,7,7,0,0,3000.0000,49,0,'d 12001 3000.00, c 30000 3000.00','2018-06-07 03:09:39',0,'2018-06-07 03:09:39',0),(43,1,43,8,8,0,0,1500.0000,51,0,'d 12001 1500.00, c 41001 1500.00','2018-06-07 03:09:39',0,'2018-06-07 03:09:39',0),(44,1,44,8,8,0,0,1500.0000,52,0,'d 12001 1500.00, c 41001 1500.00','2018-06-07 03:09:39',0,'2018-06-07 03:09:39',0),(45,1,45,8,8,0,0,1500.0000,53,0,'d 12001 1500.00, c 41001 1500.00','2018-06-07 03:09:39',0,'2018-06-07 03:09:39',0),(46,1,46,8,8,0,0,1500.0000,54,0,'d 12001 1500.00, c 41001 1500.00','2018-06-07 03:09:39',0,'2018-06-07 03:09:39',0),(47,1,47,8,8,0,0,857.1400,55,0,'d 12001 857.14, c 41001 857.14','2018-06-07 03:09:39',0,'2018-06-07 03:09:39',0),(48,1,48,8,8,0,0,3000.0000,56,0,'d 12001 3000.00, c 30000 3000.00','2018-06-07 03:09:39',0,'2018-06-07 03:09:39',0),(49,1,49,9,9,0,0,1500.0000,58,0,'d 12001 1500.00, c 41001 1500.00','2018-06-07 03:09:39',0,'2018-06-07 03:09:39',0),(50,1,50,9,9,0,0,1500.0000,59,0,'d 12001 1500.00, c 41001 1500.00','2018-06-07 03:09:39',0,'2018-06-07 03:09:39',0),(51,1,51,9,9,0,0,1500.0000,60,0,'d 12001 1500.00, c 41001 1500.00','2018-06-07 03:09:39',0,'2018-06-07 03:09:39',0),(52,1,52,9,9,0,0,1500.0000,61,0,'d 12001 1500.00, c 41001 1500.00','2018-06-07 03:09:39',0,'2018-06-07 03:09:39',0),(53,1,53,9,9,0,0,857.1400,62,0,'d 12001 857.14, c 41001 857.14','2018-06-07 03:09:39',0,'2018-06-07 03:09:39',0),(54,1,54,9,9,0,0,3000.0000,63,0,'d 12001 3000.00, c 30000 3000.00','2018-06-07 03:09:39',0,'2018-06-07 03:09:39',0),(55,1,55,10,10,0,0,1500.0000,65,0,'d 12001 1500.00, c 41001 1500.00','2018-06-07 03:09:39',0,'2018-06-07 03:09:39',0),(56,1,56,10,10,0,0,1500.0000,66,0,'d 12001 1500.00, c 41001 1500.00','2018-06-07 03:09:39',0,'2018-06-07 03:09:39',0),(57,1,57,10,10,0,0,1500.0000,67,0,'d 12001 1500.00, c 41001 1500.00','2018-06-07 03:09:39',0,'2018-06-07 03:09:39',0),(58,1,58,10,10,0,0,1500.0000,68,0,'d 12001 1500.00, c 41001 1500.00','2018-06-07 03:09:39',0,'2018-06-07 03:09:39',0),(59,1,59,10,10,0,0,857.1400,69,0,'d 12001 857.14, c 41001 857.14','2018-06-07 03:09:39',0,'2018-06-07 03:09:39',0),(60,1,60,10,10,0,0,3000.0000,70,0,'d 12001 3000.00, c 30000 3000.00','2018-06-07 03:09:39',0,'2018-06-07 03:09:39',0),(61,1,61,11,11,0,0,1750.0000,72,0,'d 12001 1750.00, c 41001 1750.00','2018-06-07 03:09:39',0,'2018-06-07 03:09:39',0),(62,1,62,11,11,0,0,1750.0000,73,0,'d 12001 1750.00, c 41001 1750.00','2018-06-07 03:09:39',0,'2018-06-07 03:09:39',0),(63,1,63,11,11,0,0,1750.0000,74,0,'d 12001 1750.00, c 41001 1750.00','2018-06-07 03:09:39',0,'2018-06-07 03:09:39',0),(64,1,64,11,11,0,0,1750.0000,75,0,'d 12001 1750.00, c 41001 1750.00','2018-06-07 03:09:39',0,'2018-06-07 03:09:39',0),(65,1,65,11,11,0,0,1000.0000,76,0,'d 12001 1000.00, c 41001 1000.00','2018-06-07 03:09:39',0,'2018-06-07 03:09:39',0),(66,1,66,11,11,0,0,3500.0000,77,0,'d 12001 3500.00, c 30000 3500.00','2018-06-07 03:09:39',0,'2018-06-07 03:09:39',0),(67,1,67,12,12,0,0,1750.0000,79,0,'d 12001 1750.00, c 41001 1750.00','2018-06-07 03:09:39',0,'2018-06-07 03:09:39',0),(68,1,68,12,12,0,0,1750.0000,80,0,'d 12001 1750.00, c 41001 1750.00','2018-06-07 03:09:39',0,'2018-06-07 03:09:39',0),(69,1,69,12,12,0,0,1750.0000,81,0,'d 12001 1750.00, c 41001 1750.00','2018-06-07 03:09:39',0,'2018-06-07 03:09:39',0),(70,1,70,12,12,0,0,1750.0000,82,0,'d 12001 1750.00, c 41001 1750.00','2018-06-07 03:09:39',0,'2018-06-07 03:09:39',0),(71,1,71,12,12,0,0,1000.0000,83,0,'d 12001 1000.00, c 41001 1000.00','2018-06-07 03:09:39',0,'2018-06-07 03:09:39',0),(72,1,72,12,12,0,0,3500.0000,84,0,'d 12001 3500.00, c 30000 3500.00','2018-06-07 03:09:39',0,'2018-06-07 03:09:39',0),(73,1,73,13,13,0,0,1750.0000,86,0,'d 12001 1750.00, c 41001 1750.00','2018-06-07 03:09:39',0,'2018-06-07 03:09:39',0),(74,1,74,13,13,0,0,1750.0000,87,0,'d 12001 1750.00, c 41001 1750.00','2018-06-07 03:09:39',0,'2018-06-07 03:09:39',0),(75,1,75,13,13,0,0,1750.0000,88,0,'d 12001 1750.00, c 41001 1750.00','2018-06-07 03:09:39',0,'2018-06-07 03:09:39',0),(76,1,76,13,13,0,0,1750.0000,89,0,'d 12001 1750.00, c 41001 1750.00','2018-06-07 03:09:39',0,'2018-06-07 03:09:39',0),(77,1,77,13,13,0,0,1000.0000,90,0,'d 12001 1000.00, c 41001 1000.00','2018-06-07 03:09:39',0,'2018-06-07 03:09:39',0),(78,1,78,13,13,0,0,3500.0000,91,0,'d 12001 3500.00, c 30000 3500.00','2018-06-07 03:09:39',0,'2018-06-07 03:09:39',0),(79,1,79,14,14,0,0,1750.0000,93,0,'d 12001 1750.00, c 41001 1750.00','2018-06-07 03:09:39',0,'2018-06-07 03:09:39',0),(80,1,80,14,14,0,0,1750.0000,94,0,'d 12001 1750.00, c 41001 1750.00','2018-06-07 03:09:39',0,'2018-06-07 03:09:39',0),(81,1,81,14,14,0,0,1750.0000,95,0,'d 12001 1750.00, c 41001 1750.00','2018-06-07 03:09:39',0,'2018-06-07 03:09:39',0),(82,1,82,14,14,0,0,1750.0000,96,0,'d 12001 1750.00, c 41001 1750.00','2018-06-07 03:09:39',0,'2018-06-07 03:09:39',0),(83,1,83,14,14,0,0,1000.0000,97,0,'d 12001 1000.00, c 41001 1000.00','2018-06-07 03:09:39',0,'2018-06-07 03:09:39',0),(84,1,84,14,14,0,0,3500.0000,98,0,'d 12001 3500.00, c 30000 3500.00','2018-06-07 03:09:39',0,'2018-06-07 03:09:39',0),(85,1,85,15,15,0,0,1750.0000,100,0,'d 12001 1750.00, c 41001 1750.00','2018-06-07 03:09:39',0,'2018-06-07 03:09:39',0),(86,1,86,15,15,0,0,1750.0000,101,0,'d 12001 1750.00, c 41001 1750.00','2018-06-07 03:09:39',0,'2018-06-07 03:09:39',0),(87,1,87,15,15,0,0,1750.0000,102,0,'d 12001 1750.00, c 41001 1750.00','2018-06-07 03:09:39',0,'2018-06-07 03:09:39',0),(88,1,88,15,15,0,0,1750.0000,103,0,'d 12001 1750.00, c 41001 1750.00','2018-06-07 03:09:39',0,'2018-06-07 03:09:39',0),(89,1,89,15,15,0,0,1000.0000,104,0,'d 12001 1000.00, c 41001 1000.00','2018-06-07 03:09:39',0,'2018-06-07 03:09:39',0),(90,1,90,15,15,0,0,3500.0000,105,0,'d 12001 3500.00, c 30000 3500.00','2018-06-07 03:09:39',0,'2018-06-07 03:09:39',0),(91,1,91,16,16,0,0,1750.0000,107,0,'d 12001 1750.00, c 41001 1750.00','2018-06-07 03:09:39',0,'2018-06-07 03:09:39',0),(92,1,92,16,16,0,0,1750.0000,108,0,'d 12001 1750.00, c 41001 1750.00','2018-06-07 03:09:39',0,'2018-06-07 03:09:39',0),(93,1,93,16,16,0,0,1750.0000,109,0,'d 12001 1750.00, c 41001 1750.00','2018-06-07 03:09:39',0,'2018-06-07 03:09:39',0),(94,1,94,16,16,0,0,1750.0000,110,0,'d 12001 1750.00, c 41001 1750.00','2018-06-07 03:09:39',0,'2018-06-07 03:09:39',0),(95,1,95,16,16,0,0,1000.0000,111,0,'d 12001 1000.00, c 41001 1000.00','2018-06-07 03:09:39',0,'2018-06-07 03:09:39',0),(96,1,96,16,16,0,0,3500.0000,112,0,'d 12001 3500.00, c 30000 3500.00','2018-06-07 03:09:39',0,'2018-06-07 03:09:39',0),(97,1,97,17,17,0,0,1750.0000,114,0,'d 12001 1750.00, c 41001 1750.00','2018-06-07 03:09:39',0,'2018-06-07 03:09:39',0),(98,1,98,17,17,0,0,1750.0000,115,0,'d 12001 1750.00, c 41001 1750.00','2018-06-07 03:09:39',0,'2018-06-07 03:09:39',0),(99,1,99,17,17,0,0,1750.0000,116,0,'d 12001 1750.00, c 41001 1750.00','2018-06-07 03:09:39',0,'2018-06-07 03:09:39',0),(100,1,100,17,17,0,0,1750.0000,117,0,'d 12001 1750.00, c 41001 1750.00','2018-06-07 03:09:39',0,'2018-06-07 03:09:39',0),(101,1,101,17,17,0,0,1000.0000,118,0,'d 12001 1000.00, c 41001 1000.00','2018-06-07 03:09:39',0,'2018-06-07 03:09:39',0),(102,1,102,17,17,0,0,3500.0000,119,0,'d 12001 3500.00, c 30000 3500.00','2018-06-07 03:09:39',0,'2018-06-07 03:09:39',0),(103,1,103,18,18,0,0,1750.0000,121,0,'d 12001 1750.00, c 41001 1750.00','2018-06-07 03:09:39',0,'2018-06-07 03:09:39',0),(104,1,104,18,18,0,0,1750.0000,122,0,'d 12001 1750.00, c 41001 1750.00','2018-06-07 03:09:39',0,'2018-06-07 03:09:39',0),(105,1,105,18,18,0,0,1750.0000,123,0,'d 12001 1750.00, c 41001 1750.00','2018-06-07 03:09:39',0,'2018-06-07 03:09:39',0),(106,1,106,18,18,0,0,1750.0000,124,0,'d 12001 1750.00, c 41001 1750.00','2018-06-07 03:09:39',0,'2018-06-07 03:09:39',0),(107,1,107,18,18,0,0,1000.0000,125,0,'d 12001 1000.00, c 41001 1000.00','2018-06-07 03:09:39',0,'2018-06-07 03:09:39',0),(108,1,108,18,18,0,0,3500.0000,126,0,'d 12001 3500.00, c 30000 3500.00','2018-06-07 03:09:39',0,'2018-06-07 03:09:39',0),(109,1,109,19,19,0,0,2500.0000,128,0,'d 12001 2500.00, c 41001 2500.00','2018-06-07 03:09:39',0,'2018-06-07 03:09:39',0),(110,1,110,19,19,0,0,2500.0000,129,0,'d 12001 2500.00, c 41001 2500.00','2018-06-07 03:09:39',0,'2018-06-07 03:09:39',0),(111,1,111,19,19,0,0,2500.0000,130,0,'d 12001 2500.00, c 41001 2500.00','2018-06-07 03:09:39',0,'2018-06-07 03:09:39',0),(112,1,112,19,19,0,0,2500.0000,131,0,'d 12001 2500.00, c 41001 2500.00','2018-06-07 03:09:39',0,'2018-06-07 03:09:39',0),(113,1,113,19,19,0,0,1428.5700,132,0,'d 12001 1428.57, c 41001 1428.57','2018-06-07 03:09:39',0,'2018-06-07 03:09:39',0),(114,1,114,19,19,0,0,5000.0000,133,0,'d 12001 5000.00, c 30000 5000.00','2018-06-07 03:09:39',0,'2018-06-07 03:09:39',0),(115,1,115,20,20,0,0,2500.0000,135,0,'d 12001 2500.00, c 41001 2500.00','2018-06-07 03:09:39',0,'2018-06-07 03:09:39',0),(116,1,116,20,20,0,0,2500.0000,136,0,'d 12001 2500.00, c 41001 2500.00','2018-06-07 03:09:39',0,'2018-06-07 03:09:39',0),(117,1,117,20,20,0,0,2500.0000,137,0,'d 12001 2500.00, c 41001 2500.00','2018-06-07 03:09:39',0,'2018-06-07 03:09:39',0),(118,1,118,20,20,0,0,2500.0000,138,0,'d 12001 2500.00, c 41001 2500.00','2018-06-07 03:09:39',0,'2018-06-07 03:09:39',0),(119,1,119,20,20,0,0,1428.5700,139,0,'d 12001 1428.57, c 41001 1428.57','2018-06-07 03:09:39',0,'2018-06-07 03:09:39',0),(120,1,120,20,20,0,0,5000.0000,140,0,'d 12001 5000.00, c 30000 5000.00','2018-06-07 03:09:39',0,'2018-06-07 03:09:39',0),(121,1,121,21,21,0,0,2500.0000,142,0,'d 12001 2500.00, c 41001 2500.00','2018-06-07 03:09:39',0,'2018-06-07 03:09:39',0),(122,1,122,21,21,0,0,2500.0000,143,0,'d 12001 2500.00, c 41001 2500.00','2018-06-07 03:09:39',0,'2018-06-07 03:09:39',0),(123,1,123,21,21,0,0,2500.0000,144,0,'d 12001 2500.00, c 41001 2500.00','2018-06-07 03:09:39',0,'2018-06-07 03:09:39',0),(124,1,124,21,21,0,0,2500.0000,145,0,'d 12001 2500.00, c 41001 2500.00','2018-06-07 03:09:39',0,'2018-06-07 03:09:39',0),(125,1,125,21,21,0,0,1428.5700,146,0,'d 12001 1428.57, c 41001 1428.57','2018-06-07 03:09:39',0,'2018-06-07 03:09:39',0),(126,1,126,21,21,0,0,5000.0000,147,0,'d 12001 5000.00, c 30000 5000.00','2018-06-07 03:09:39',0,'2018-06-07 03:09:39',0),(127,1,127,22,22,0,0,2500.0000,149,0,'d 12001 2500.00, c 41001 2500.00','2018-06-07 03:09:39',0,'2018-06-07 03:09:39',0),(128,1,128,22,22,0,0,2500.0000,150,0,'d 12001 2500.00, c 41001 2500.00','2018-06-07 03:09:39',0,'2018-06-07 03:09:39',0),(129,1,129,22,22,0,0,2500.0000,151,0,'d 12001 2500.00, c 41001 2500.00','2018-06-07 03:09:39',0,'2018-06-07 03:09:39',0),(130,1,130,22,22,0,0,2500.0000,152,0,'d 12001 2500.00, c 41001 2500.00','2018-06-07 03:09:39',0,'2018-06-07 03:09:39',0),(131,1,131,22,22,0,0,1428.5700,153,0,'d 12001 1428.57, c 41001 1428.57','2018-06-07 03:09:39',0,'2018-06-07 03:09:39',0),(132,1,132,22,22,0,0,5000.0000,154,0,'d 12001 5000.00, c 30000 5000.00','2018-06-07 03:09:39',0,'2018-06-07 03:09:39',0),(133,1,133,23,23,0,0,2500.0000,156,0,'d 12001 2500.00, c 41001 2500.00','2018-06-07 03:09:39',0,'2018-06-07 03:09:39',0),(134,1,134,23,23,0,0,2500.0000,157,0,'d 12001 2500.00, c 41001 2500.00','2018-06-07 03:09:39',0,'2018-06-07 03:09:39',0),(135,1,135,23,23,0,0,2500.0000,158,0,'d 12001 2500.00, c 41001 2500.00','2018-06-07 03:09:39',0,'2018-06-07 03:09:39',0),(136,1,136,23,23,0,0,2500.0000,159,0,'d 12001 2500.00, c 41001 2500.00','2018-06-07 03:09:39',0,'2018-06-07 03:09:39',0),(137,1,137,23,23,0,0,1428.5700,160,0,'d 12001 1428.57, c 41001 1428.57','2018-06-07 03:09:39',0,'2018-06-07 03:09:39',0),(138,1,138,23,23,0,0,5000.0000,161,0,'d 12001 5000.00, c 30000 5000.00','2018-06-07 03:09:39',0,'2018-06-07 03:09:39',0),(139,1,139,0,0,1,0,571.4300,0,0,'d 10999 _, c 12999 _','2018-06-07 03:09:39',0,'2018-06-07 03:09:39',0),(140,1,140,0,0,1,0,2000.0000,0,0,'d 10999 _, c 12999 _','2018-06-07 03:09:39',0,'2018-06-07 03:09:39',0),(141,1,141,0,0,2,0,571.4300,0,0,'d 10999 _, c 12999 _','2018-06-07 03:09:39',0,'2018-06-07 03:09:39',0),(142,1,142,0,0,2,0,2000.0000,0,0,'d 10999 _, c 12999 _','2018-06-07 03:09:39',0,'2018-06-07 03:09:39',0),(143,1,143,0,0,3,0,571.4300,0,0,'d 10999 _, c 12999 _','2018-06-07 03:09:39',0,'2018-06-07 03:09:39',0),(144,1,144,0,0,3,0,2000.0000,0,0,'d 10999 _, c 12999 _','2018-06-07 03:09:39',0,'2018-06-07 03:09:39',0),(145,1,145,0,0,4,0,571.4300,0,0,'d 10999 _, c 12999 _','2018-06-07 03:09:39',0,'2018-06-07 03:09:39',0),(146,1,146,0,0,4,0,2000.0000,0,0,'d 10999 _, c 12999 _','2018-06-07 03:09:39',0,'2018-06-07 03:09:39',0),(147,1,147,0,0,5,0,571.4300,0,0,'d 10999 _, c 12999 _','2018-06-07 03:09:39',0,'2018-06-07 03:09:39',0),(148,1,148,0,0,5,0,2000.0000,0,0,'d 10999 _, c 12999 _','2018-06-07 03:09:39',0,'2018-06-07 03:09:39',0),(149,1,149,0,0,6,0,857.1400,0,0,'d 10999 _, c 12999 _','2018-06-07 03:09:39',0,'2018-06-07 03:09:39',0),(150,1,150,0,0,6,0,3000.0000,0,0,'d 10999 _, c 12999 _','2018-06-07 03:09:39',0,'2018-06-07 03:09:39',0),(151,1,151,0,0,7,0,857.1400,0,0,'d 10999 _, c 12999 _','2018-06-07 03:09:39',0,'2018-06-07 03:09:39',0),(152,1,152,0,0,7,0,3000.0000,0,0,'d 10999 _, c 12999 _','2018-06-07 03:09:39',0,'2018-06-07 03:09:39',0),(153,1,153,0,0,8,0,857.1400,0,0,'d 10999 _, c 12999 _','2018-06-07 03:09:39',0,'2018-06-07 03:09:39',0),(154,1,154,0,0,8,0,3000.0000,0,0,'d 10999 _, c 12999 _','2018-06-07 03:09:39',0,'2018-06-07 03:09:39',0),(155,1,155,0,0,9,0,857.1400,0,0,'d 10999 _, c 12999 _','2018-06-07 03:09:39',0,'2018-06-07 03:09:39',0),(156,1,156,0,0,9,0,3000.0000,0,0,'d 10999 _, c 12999 _','2018-06-07 03:09:39',0,'2018-06-07 03:09:39',0),(157,1,157,0,0,10,0,857.1400,0,0,'d 10999 _, c 12999 _','2018-06-07 03:09:39',0,'2018-06-07 03:09:39',0),(158,1,158,0,0,10,0,3000.0000,0,0,'d 10999 _, c 12999 _','2018-06-07 03:09:39',0,'2018-06-07 03:09:39',0),(159,1,159,0,0,11,0,1000.0000,0,0,'d 10999 _, c 12999 _','2018-06-07 03:09:39',0,'2018-06-07 03:09:39',0),(160,1,160,0,0,11,0,3500.0000,0,0,'d 10999 _, c 12999 _','2018-06-07 03:09:39',0,'2018-06-07 03:09:39',0),(161,1,161,0,0,12,0,1000.0000,0,0,'d 10999 _, c 12999 _','2018-06-07 03:09:39',0,'2018-06-07 03:09:39',0),(162,1,162,0,0,12,0,3500.0000,0,0,'d 10999 _, c 12999 _','2018-06-07 03:09:39',0,'2018-06-07 03:09:39',0),(163,1,163,0,0,13,0,1000.0000,0,0,'d 10999 _, c 12999 _','2018-06-07 03:09:39',0,'2018-06-07 03:09:39',0),(164,1,164,0,0,13,0,3500.0000,0,0,'d 10999 _, c 12999 _','2018-06-07 03:09:39',0,'2018-06-07 03:09:39',0),(165,1,165,0,0,14,0,1000.0000,0,0,'d 10999 _, c 12999 _','2018-06-07 03:09:39',0,'2018-06-07 03:09:39',0),(166,1,166,0,0,14,0,3500.0000,0,0,'d 10999 _, c 12999 _','2018-06-07 03:09:39',0,'2018-06-07 03:09:39',0),(167,1,167,0,0,15,0,1000.0000,0,0,'d 10999 _, c 12999 _','2018-06-07 03:09:39',0,'2018-06-07 03:09:39',0),(168,1,168,0,0,15,0,3500.0000,0,0,'d 10999 _, c 12999 _','2018-06-07 03:09:39',0,'2018-06-07 03:09:39',0),(169,1,169,0,0,16,0,1000.0000,0,0,'d 10999 _, c 12999 _','2018-06-07 03:09:39',0,'2018-06-07 03:09:39',0),(170,1,170,0,0,16,0,3500.0000,0,0,'d 10999 _, c 12999 _','2018-06-07 03:09:39',0,'2018-06-07 03:09:39',0),(171,1,171,0,0,17,0,1000.0000,0,0,'d 10999 _, c 12999 _','2018-06-07 03:09:39',0,'2018-06-07 03:09:39',0),(172,1,172,0,0,17,0,3500.0000,0,0,'d 10999 _, c 12999 _','2018-06-07 03:09:39',0,'2018-06-07 03:09:39',0),(173,1,173,0,0,18,0,1000.0000,0,0,'d 10999 _, c 12999 _','2018-06-07 03:09:39',0,'2018-06-07 03:09:39',0),(174,1,174,0,0,18,0,3500.0000,0,0,'d 10999 _, c 12999 _','2018-06-07 03:09:39',0,'2018-06-07 03:09:39',0),(175,1,175,0,0,19,0,1428.5700,0,0,'d 10999 _, c 12999 _','2018-06-07 03:09:39',0,'2018-06-07 03:09:39',0),(176,1,176,0,0,19,0,5000.0000,0,0,'d 10999 _, c 12999 _','2018-06-07 03:09:39',0,'2018-06-07 03:09:39',0),(177,1,177,0,0,20,0,1428.5700,0,0,'d 10999 _, c 12999 _','2018-06-07 03:09:39',0,'2018-06-07 03:09:39',0),(178,1,178,0,0,20,0,5000.0000,0,0,'d 10999 _, c 12999 _','2018-06-07 03:09:39',0,'2018-06-07 03:09:39',0),(179,1,179,0,0,21,0,1428.5700,0,0,'d 10999 _, c 12999 _','2018-06-07 03:09:39',0,'2018-06-07 03:09:39',0),(180,1,180,0,0,21,0,5000.0000,0,0,'d 10999 _, c 12999 _','2018-06-07 03:09:39',0,'2018-06-07 03:09:39',0),(181,1,181,0,0,22,0,1428.5700,0,0,'d 10999 _, c 12999 _','2018-06-07 03:09:40',0,'2018-06-07 03:09:40',0),(182,1,182,0,0,22,0,5000.0000,0,0,'d 10999 _, c 12999 _','2018-06-07 03:09:40',0,'2018-06-07 03:09:40',0),(183,1,183,0,0,23,0,1428.5700,0,0,'d 10999 _, c 12999 _','2018-06-07 03:09:40',0,'2018-06-07 03:09:40',0),(184,1,184,0,0,23,0,5000.0000,0,0,'d 10999 _, c 12999 _','2018-06-07 03:09:40',0,'2018-06-07 03:09:40',0),(185,1,185,22,22,22,43,1428.5700,153,0,'ASM(153) d 12999 1428.57,c 12001 1428.57','2018-06-07 03:09:40',0,'2018-06-07 03:09:40',0),(186,1,186,22,22,22,44,5000.0000,154,0,'ASM(154) d 12999 5000.00,c 12001 5000.00','2018-06-07 03:09:40',0,'2018-06-07 03:09:40',0),(187,1,187,5,5,5,9,571.4300,34,0,'ASM(34) d 12999 571.43,c 12001 571.43','2018-06-07 03:09:40',0,'2018-06-07 03:09:40',0),(188,1,188,5,5,5,10,2000.0000,35,0,'ASM(35) d 12999 2000.00,c 12001 2000.00','2018-06-07 03:09:40',0,'2018-06-07 03:09:40',0),(189,1,189,8,8,8,15,857.1400,55,0,'ASM(55) d 12999 857.14,c 12001 857.14','2018-06-07 03:09:40',0,'2018-06-07 03:09:40',0),(190,1,190,8,8,8,16,3000.0000,56,0,'ASM(56) d 12999 3000.00,c 12001 3000.00','2018-06-07 03:09:40',0,'2018-06-07 03:09:40',0),(191,1,191,9,9,9,17,857.1400,62,0,'ASM(62) d 12999 857.14,c 12001 857.14','2018-06-07 03:09:40',0,'2018-06-07 03:09:40',0),(192,1,192,9,9,9,18,3000.0000,63,0,'ASM(63) d 12999 3000.00,c 12001 3000.00','2018-06-07 03:09:40',0,'2018-06-07 03:09:40',0),(193,1,193,14,14,14,27,1000.0000,97,0,'ASM(97) d 12999 1000.00,c 12001 1000.00','2018-06-07 03:09:40',0,'2018-06-07 03:09:40',0),(194,1,194,14,14,14,28,3500.0000,98,0,'ASM(98) d 12999 3500.00,c 12001 3500.00','2018-06-07 03:09:40',0,'2018-06-07 03:09:40',0),(195,1,195,17,17,17,33,1000.0000,118,0,'ASM(118) d 12999 1000.00,c 12001 1000.00','2018-06-07 03:09:40',0,'2018-06-07 03:09:40',0),(196,1,196,17,17,17,34,3500.0000,119,0,'ASM(119) d 12999 3500.00,c 12001 3500.00','2018-06-07 03:09:40',0,'2018-06-07 03:09:40',0),(197,1,197,20,20,20,39,1428.5700,139,0,'ASM(139) d 12999 1428.57,c 12001 1428.57','2018-06-07 03:09:40',0,'2018-06-07 03:09:40',0),(198,1,198,20,20,20,40,5000.0000,140,0,'ASM(140) d 12999 5000.00,c 12001 5000.00','2018-06-07 03:09:40',0,'2018-06-07 03:09:40',0),(199,1,199,1,1,1,1,571.4300,6,0,'ASM(6) d 12999 571.43,c 12001 571.43','2018-06-07 03:09:40',0,'2018-06-07 03:09:40',0),(200,1,200,1,1,1,2,2000.0000,7,0,'ASM(7) d 12999 2000.00,c 12001 2000.00','2018-06-07 03:09:40',0,'2018-06-07 03:09:40',0),(201,1,201,2,2,2,3,571.4300,13,0,'ASM(13) d 12999 571.43,c 12001 571.43','2018-06-07 03:09:40',0,'2018-06-07 03:09:40',0),(202,1,202,2,2,2,4,2000.0000,14,0,'ASM(14) d 12999 2000.00,c 12001 2000.00','2018-06-07 03:09:40',0,'2018-06-07 03:09:40',0),(203,1,203,4,4,4,7,571.4300,27,0,'ASM(27) d 12999 571.43,c 12001 571.43','2018-06-07 03:09:40',0,'2018-06-07 03:09:40',0),(204,1,204,4,4,4,8,2000.0000,28,0,'ASM(28) d 12999 2000.00,c 12001 2000.00','2018-06-07 03:09:40',0,'2018-06-07 03:09:40',0),(205,1,205,6,6,6,11,857.1400,41,0,'ASM(41) d 12999 857.14,c 12001 857.14','2018-06-07 03:09:40',0,'2018-06-07 03:09:40',0),(206,1,206,6,6,6,12,3000.0000,42,0,'ASM(42) d 12999 3000.00,c 12001 3000.00','2018-06-07 03:09:40',0,'2018-06-07 03:09:40',0),(207,1,207,19,19,19,37,1428.5700,132,0,'ASM(132) d 12999 1428.57,c 12001 1428.57','2018-06-07 03:09:40',0,'2018-06-07 03:09:40',0),(208,1,208,19,19,19,38,5000.0000,133,0,'ASM(133) d 12999 5000.00,c 12001 5000.00','2018-06-07 03:09:40',0,'2018-06-07 03:09:40',0),(209,1,209,16,16,16,31,1000.0000,111,0,'ASM(111) d 12999 1000.00,c 12001 1000.00','2018-06-07 03:09:40',0,'2018-06-07 03:09:40',0),(210,1,210,16,16,16,32,3500.0000,112,0,'ASM(112) d 12999 3500.00,c 12001 3500.00','2018-06-07 03:09:40',0,'2018-06-07 03:09:40',0),(211,1,211,23,23,23,45,1428.5700,160,0,'ASM(160) d 12999 1428.57,c 12001 1428.57','2018-06-07 03:09:40',0,'2018-06-07 03:09:40',0),(212,1,212,23,23,23,46,5000.0000,161,0,'ASM(161) d 12999 5000.00,c 12001 5000.00','2018-06-07 03:09:40',0,'2018-06-07 03:09:40',0),(213,1,213,3,3,3,5,571.4300,20,0,'ASM(20) d 12999 571.43,c 12001 571.43','2018-06-07 03:09:40',0,'2018-06-07 03:09:40',0),(214,1,214,3,3,3,6,2000.0000,21,0,'ASM(21) d 12999 2000.00,c 12001 2000.00','2018-06-07 03:09:40',0,'2018-06-07 03:09:40',0),(215,1,215,10,10,10,19,857.1400,69,0,'ASM(69) d 12999 857.14,c 12001 857.14','2018-06-07 03:09:40',0,'2018-06-07 03:09:40',0),(216,1,216,10,10,10,20,3000.0000,70,0,'ASM(70) d 12999 3000.00,c 12001 3000.00','2018-06-07 03:09:40',0,'2018-06-07 03:09:40',0),(217,1,217,11,11,11,21,1000.0000,76,0,'ASM(76) d 12999 1000.00,c 12001 1000.00','2018-06-07 03:09:40',0,'2018-06-07 03:09:40',0),(218,1,218,11,11,11,22,3500.0000,77,0,'ASM(77) d 12999 3500.00,c 12001 3500.00','2018-06-07 03:09:40',0,'2018-06-07 03:09:40',0),(219,1,219,12,12,12,23,1000.0000,83,0,'ASM(83) d 12999 1000.00,c 12001 1000.00','2018-06-07 03:09:40',0,'2018-06-07 03:09:40',0),(220,1,220,12,12,12,24,3500.0000,84,0,'ASM(84) d 12999 3500.00,c 12001 3500.00','2018-06-07 03:09:40',0,'2018-06-07 03:09:40',0),(221,1,221,13,13,13,25,1000.0000,90,0,'ASM(90) d 12999 1000.00,c 12001 1000.00','2018-06-07 03:09:40',0,'2018-06-07 03:09:40',0),(222,1,222,13,13,13,26,3500.0000,91,0,'ASM(91) d 12999 3500.00,c 12001 3500.00','2018-06-07 03:09:40',0,'2018-06-07 03:09:40',0),(223,1,223,15,15,15,29,1000.0000,104,0,'ASM(104) d 12999 1000.00,c 12001 1000.00','2018-06-07 03:09:40',0,'2018-06-07 03:09:40',0),(224,1,224,15,15,15,30,3500.0000,105,0,'ASM(105) d 12999 3500.00,c 12001 3500.00','2018-06-07 03:09:40',0,'2018-06-07 03:09:40',0),(225,1,225,7,7,7,13,857.1400,48,0,'ASM(48) d 12999 857.14,c 12001 857.14','2018-06-07 03:09:40',0,'2018-06-07 03:09:40',0),(226,1,226,7,7,7,14,3000.0000,49,0,'ASM(49) d 12999 3000.00,c 12001 3000.00','2018-06-07 03:09:40',0,'2018-06-07 03:09:40',0),(227,1,227,18,18,18,35,1000.0000,125,0,'ASM(125) d 12999 1000.00,c 12001 1000.00','2018-06-07 03:09:40',0,'2018-06-07 03:09:40',0),(228,1,228,18,18,18,36,3500.0000,126,0,'ASM(126) d 12999 3500.00,c 12001 3500.00','2018-06-07 03:09:40',0,'2018-06-07 03:09:40',0),(229,1,229,21,21,21,41,1428.5700,146,0,'ASM(146) d 12999 1428.57,c 12001 1428.57','2018-06-07 03:09:40',0,'2018-06-07 03:09:40',0),(230,1,230,21,21,21,42,5000.0000,147,0,'ASM(147) d 12999 5000.00,c 12001 5000.00','2018-06-07 03:09:40',0,'2018-06-07 03:09:40',0),(231,1,231,0,1,1,1,571.4300,6,0,'d 10105 571.4300, c 10999 571.4300','2018-06-07 03:09:40',0,'2018-06-07 03:09:40',0),(232,1,232,0,2,2,3,571.4300,13,0,'d 10105 571.4300, c 10999 571.4300','2018-06-07 03:09:40',0,'2018-06-07 03:09:40',0),(233,1,233,0,3,3,5,571.4300,20,0,'d 10105 571.4300, c 10999 571.4300','2018-06-07 03:09:40',0,'2018-06-07 03:09:40',0),(234,1,234,0,4,4,7,571.4300,27,0,'d 10105 571.4300, c 10999 571.4300','2018-06-07 03:09:40',0,'2018-06-07 03:09:40',0),(235,1,235,0,5,5,9,571.4300,34,0,'d 10105 571.4300, c 10999 571.4300','2018-06-07 03:09:40',0,'2018-06-07 03:09:40',0),(236,1,236,0,6,6,11,857.1400,41,0,'d 10105 857.1400, c 10999 857.1400','2018-06-07 03:09:40',0,'2018-06-07 03:09:40',0),(237,1,237,0,7,7,13,857.1400,48,0,'d 10105 857.1400, c 10999 857.1400','2018-06-07 03:09:40',0,'2018-06-07 03:09:40',0),(238,1,238,0,8,8,15,857.1400,55,0,'d 10105 857.1400, c 10999 857.1400','2018-06-07 03:09:40',0,'2018-06-07 03:09:40',0),(239,1,239,0,9,9,17,857.1400,62,0,'d 10105 857.1400, c 10999 857.1400','2018-06-07 03:09:40',0,'2018-06-07 03:09:40',0),(240,1,240,0,10,10,19,857.1400,69,0,'d 10105 857.1400, c 10999 857.1400','2018-06-07 03:09:40',0,'2018-06-07 03:09:40',0),(241,1,241,0,11,11,21,1000.0000,76,0,'d 10105 1000.0000, c 10999 1000.0000','2018-06-07 03:09:40',0,'2018-06-07 03:09:40',0),(242,1,242,0,12,12,23,1000.0000,83,0,'d 10105 1000.0000, c 10999 1000.0000','2018-06-07 03:09:40',0,'2018-06-07 03:09:40',0),(243,1,243,0,13,13,25,1000.0000,90,0,'d 10105 1000.0000, c 10999 1000.0000','2018-06-07 03:09:40',0,'2018-06-07 03:09:40',0),(244,1,244,0,14,14,27,1000.0000,97,0,'d 10105 1000.0000, c 10999 1000.0000','2018-06-07 03:09:40',0,'2018-06-07 03:09:40',0),(245,1,245,0,15,15,29,1000.0000,104,0,'d 10105 1000.0000, c 10999 1000.0000','2018-06-07 03:09:40',0,'2018-06-07 03:09:40',0),(246,1,246,0,16,16,31,1000.0000,111,0,'d 10105 1000.0000, c 10999 1000.0000','2018-06-07 03:09:40',0,'2018-06-07 03:09:40',0),(247,1,247,0,17,17,33,1000.0000,118,0,'d 10105 1000.0000, c 10999 1000.0000','2018-06-07 03:09:40',0,'2018-06-07 03:09:40',0),(248,1,248,0,18,18,35,1000.0000,125,0,'d 10105 1000.0000, c 10999 1000.0000','2018-06-07 03:09:40',0,'2018-06-07 03:09:40',0),(249,1,249,0,19,19,37,1428.5700,132,0,'d 10105 1428.5700, c 10999 1428.5700','2018-06-07 03:09:40',0,'2018-06-07 03:09:40',0),(250,1,250,0,20,20,39,1428.5700,139,0,'d 10105 1428.5700, c 10999 1428.5700','2018-06-07 03:09:40',0,'2018-06-07 03:09:40',0),(251,1,251,0,21,21,41,1428.5700,146,0,'d 10105 1428.5700, c 10999 1428.5700','2018-06-07 03:09:40',0,'2018-06-07 03:09:40',0),(252,1,252,0,22,22,43,1428.5700,153,0,'d 10105 1428.5700, c 10999 1428.5700','2018-06-07 03:09:40',0,'2018-06-07 03:09:40',0),(253,1,253,0,23,23,45,1428.5700,160,0,'d 10105 1428.5700, c 10999 1428.5700','2018-06-07 03:09:40',0,'2018-06-07 03:09:40',0),(254,1,254,0,1,1,2,2000.0000,7,0,'d 10104 2000.0000, c 10999 2000.0000','2018-06-07 03:09:40',0,'2018-06-07 03:09:40',0),(255,1,255,0,2,2,4,2000.0000,14,0,'d 10104 2000.0000, c 10999 2000.0000','2018-06-07 03:09:40',0,'2018-06-07 03:09:40',0),(256,1,256,0,3,3,6,2000.0000,21,0,'d 10104 2000.0000, c 10999 2000.0000','2018-06-07 03:09:40',0,'2018-06-07 03:09:40',0),(257,1,257,0,4,4,8,2000.0000,28,0,'d 10104 2000.0000, c 10999 2000.0000','2018-06-07 03:09:40',0,'2018-06-07 03:09:40',0),(258,1,258,0,5,5,10,2000.0000,35,0,'d 10104 2000.0000, c 10999 2000.0000','2018-06-07 03:09:40',0,'2018-06-07 03:09:40',0),(259,1,259,0,6,6,12,3000.0000,42,0,'d 10104 3000.0000, c 10999 3000.0000','2018-06-07 03:09:40',0,'2018-06-07 03:09:40',0),(260,1,260,0,7,7,14,3000.0000,49,0,'d 10104 3000.0000, c 10999 3000.0000','2018-06-07 03:09:40',0,'2018-06-07 03:09:40',0),(261,1,261,0,8,8,16,3000.0000,56,0,'d 10104 3000.0000, c 10999 3000.0000','2018-06-07 03:09:40',0,'2018-06-07 03:09:40',0),(262,1,262,0,9,9,18,3000.0000,63,0,'d 10104 3000.0000, c 10999 3000.0000','2018-06-07 03:09:40',0,'2018-06-07 03:09:40',0),(263,1,263,0,10,10,20,3000.0000,70,0,'d 10104 3000.0000, c 10999 3000.0000','2018-06-07 03:09:40',0,'2018-06-07 03:09:40',0),(264,1,264,0,11,11,22,3500.0000,77,0,'d 10104 3500.0000, c 10999 3500.0000','2018-06-07 03:09:40',0,'2018-06-07 03:09:40',0),(265,1,265,0,12,12,24,3500.0000,84,0,'d 10104 3500.0000, c 10999 3500.0000','2018-06-07 03:09:40',0,'2018-06-07 03:09:40',0),(266,1,266,0,13,13,26,3500.0000,91,0,'d 10104 3500.0000, c 10999 3500.0000','2018-06-07 03:09:40',0,'2018-06-07 03:09:40',0),(267,1,267,0,14,14,28,3500.0000,98,0,'d 10104 3500.0000, c 10999 3500.0000','2018-06-07 03:09:40',0,'2018-06-07 03:09:40',0),(268,1,268,0,15,15,30,3500.0000,105,0,'d 10104 3500.0000, c 10999 3500.0000','2018-06-07 03:09:40',0,'2018-06-07 03:09:40',0),(269,1,269,0,16,16,32,3500.0000,112,0,'d 10104 3500.0000, c 10999 3500.0000','2018-06-07 03:09:40',0,'2018-06-07 03:09:40',0),(270,1,270,0,17,17,34,3500.0000,119,0,'d 10104 3500.0000, c 10999 3500.0000','2018-06-07 03:09:40',0,'2018-06-07 03:09:40',0),(271,1,271,0,18,18,36,3500.0000,126,0,'d 10104 3500.0000, c 10999 3500.0000','2018-06-07 03:09:40',0,'2018-06-07 03:09:40',0),(272,1,272,0,19,19,38,5000.0000,133,0,'d 10104 5000.0000, c 10999 5000.0000','2018-06-07 03:09:40',0,'2018-06-07 03:09:40',0),(273,1,273,0,20,20,40,5000.0000,140,0,'d 10104 5000.0000, c 10999 5000.0000','2018-06-07 03:09:40',0,'2018-06-07 03:09:40',0),(274,1,274,0,21,21,42,5000.0000,147,0,'d 10104 5000.0000, c 10999 5000.0000','2018-06-07 03:09:40',0,'2018-06-07 03:09:40',0),(275,1,275,0,22,22,44,5000.0000,154,0,'d 10104 5000.0000, c 10999 5000.0000','2018-06-07 03:09:40',0,'2018-06-07 03:09:40',0),(276,1,276,0,23,23,46,5000.0000,161,0,'d 10104 5000.0000, c 10999 5000.0000','2018-06-07 03:09:40',0,'2018-06-07 03:09:40',0);
/*!40000 ALTER TABLE `JournalAllocation` ENABLE KEYS */;
UNLOCK TABLES;

--
-- Table structure for table `JournalAudit`
--

DROP TABLE IF EXISTS `JournalAudit`;
/*!40101 SET @saved_cs_client     = @@character_set_client */;
/*!40101 SET character_set_client = utf8 */;
CREATE TABLE `JournalAudit` (
  `JID` bigint(20) NOT NULL DEFAULT '0',
  `BID` bigint(20) NOT NULL DEFAULT '0',
  `UID` mediumint(9) NOT NULL DEFAULT '0',
  `LastModTime` timestamp NOT NULL DEFAULT CURRENT_TIMESTAMP ON UPDATE CURRENT_TIMESTAMP,
  `LastModBy` bigint(20) NOT NULL DEFAULT '0',
  `CreateTS` timestamp NOT NULL DEFAULT CURRENT_TIMESTAMP,
  `CreateBy` bigint(20) NOT NULL DEFAULT '0'
) ENGINE=InnoDB DEFAULT CHARSET=utf8;
/*!40101 SET character_set_client = @saved_cs_client */;

--
-- Dumping data for table `JournalAudit`
--

LOCK TABLES `JournalAudit` WRITE;
/*!40000 ALTER TABLE `JournalAudit` DISABLE KEYS */;
/*!40000 ALTER TABLE `JournalAudit` ENABLE KEYS */;
UNLOCK TABLES;

--
-- Table structure for table `JournalMarker`
--

DROP TABLE IF EXISTS `JournalMarker`;
/*!40101 SET @saved_cs_client     = @@character_set_client */;
/*!40101 SET character_set_client = utf8 */;
CREATE TABLE `JournalMarker` (
  `JMID` bigint(20) NOT NULL AUTO_INCREMENT,
  `BID` bigint(20) NOT NULL DEFAULT '0',
  `State` smallint(6) NOT NULL DEFAULT '0',
  `DtStart` datetime NOT NULL DEFAULT '1970-01-01 00:00:00',
  `DtStop` datetime NOT NULL DEFAULT '1970-01-01 00:00:00',
  `LastModTime` timestamp NOT NULL DEFAULT CURRENT_TIMESTAMP ON UPDATE CURRENT_TIMESTAMP,
  `LastModBy` bigint(20) NOT NULL DEFAULT '0',
  `CreateTS` timestamp NOT NULL DEFAULT CURRENT_TIMESTAMP,
  `CreateBy` bigint(20) NOT NULL DEFAULT '0',
  PRIMARY KEY (`JMID`)
) ENGINE=InnoDB DEFAULT CHARSET=utf8;
/*!40101 SET character_set_client = @saved_cs_client */;

--
-- Dumping data for table `JournalMarker`
--

LOCK TABLES `JournalMarker` WRITE;
/*!40000 ALTER TABLE `JournalMarker` DISABLE KEYS */;
/*!40000 ALTER TABLE `JournalMarker` ENABLE KEYS */;
UNLOCK TABLES;

--
-- Table structure for table `JournalMarkerAudit`
--

DROP TABLE IF EXISTS `JournalMarkerAudit`;
/*!40101 SET @saved_cs_client     = @@character_set_client */;
/*!40101 SET character_set_client = utf8 */;
CREATE TABLE `JournalMarkerAudit` (
  `JMID` bigint(20) NOT NULL DEFAULT '0',
  `BID` bigint(20) NOT NULL DEFAULT '0',
  `UID` mediumint(9) NOT NULL DEFAULT '0',
  `LastModTime` timestamp NOT NULL DEFAULT CURRENT_TIMESTAMP ON UPDATE CURRENT_TIMESTAMP,
  `LastModBy` bigint(20) NOT NULL DEFAULT '0',
  `CreateTS` timestamp NOT NULL DEFAULT CURRENT_TIMESTAMP,
  `CreateBy` bigint(20) NOT NULL DEFAULT '0'
) ENGINE=InnoDB DEFAULT CHARSET=utf8;
/*!40101 SET character_set_client = @saved_cs_client */;

--
-- Dumping data for table `JournalMarkerAudit`
--

LOCK TABLES `JournalMarkerAudit` WRITE;
/*!40000 ALTER TABLE `JournalMarkerAudit` DISABLE KEYS */;
/*!40000 ALTER TABLE `JournalMarkerAudit` ENABLE KEYS */;
UNLOCK TABLES;

--
-- Table structure for table `LeadSource`
--

DROP TABLE IF EXISTS `LeadSource`;
/*!40101 SET @saved_cs_client     = @@character_set_client */;
/*!40101 SET character_set_client = utf8 */;
CREATE TABLE `LeadSource` (
  `LSID` bigint(20) NOT NULL AUTO_INCREMENT,
  `BID` bigint(20) NOT NULL DEFAULT '0',
  `Name` varchar(100) DEFAULT NULL,
  `IndustrySLID` bigint(20) NOT NULL DEFAULT '0',
  `LastModTime` timestamp NOT NULL DEFAULT CURRENT_TIMESTAMP ON UPDATE CURRENT_TIMESTAMP,
  `LastModBy` bigint(20) NOT NULL DEFAULT '0',
  `CreateTS` timestamp NOT NULL DEFAULT CURRENT_TIMESTAMP,
  `CreateBy` bigint(20) NOT NULL DEFAULT '0',
  PRIMARY KEY (`LSID`)
) ENGINE=InnoDB DEFAULT CHARSET=utf8;
/*!40101 SET character_set_client = @saved_cs_client */;

--
-- Dumping data for table `LeadSource`
--

LOCK TABLES `LeadSource` WRITE;
/*!40000 ALTER TABLE `LeadSource` DISABLE KEYS */;
/*!40000 ALTER TABLE `LeadSource` ENABLE KEYS */;
UNLOCK TABLES;

--
-- Table structure for table `LedgerAudit`
--

DROP TABLE IF EXISTS `LedgerAudit`;
/*!40101 SET @saved_cs_client     = @@character_set_client */;
/*!40101 SET character_set_client = utf8 */;
CREATE TABLE `LedgerAudit` (
  `LEID` bigint(20) NOT NULL DEFAULT '0',
  `BID` bigint(20) NOT NULL DEFAULT '0',
  `UID` mediumint(9) NOT NULL DEFAULT '0',
  `LastModTime` timestamp NOT NULL DEFAULT CURRENT_TIMESTAMP ON UPDATE CURRENT_TIMESTAMP,
  `LastModBy` bigint(20) NOT NULL DEFAULT '0',
  `CreateTS` timestamp NOT NULL DEFAULT CURRENT_TIMESTAMP,
  `CreateBy` bigint(20) NOT NULL DEFAULT '0'
) ENGINE=InnoDB DEFAULT CHARSET=utf8;
/*!40101 SET character_set_client = @saved_cs_client */;

--
-- Dumping data for table `LedgerAudit`
--

LOCK TABLES `LedgerAudit` WRITE;
/*!40000 ALTER TABLE `LedgerAudit` DISABLE KEYS */;
/*!40000 ALTER TABLE `LedgerAudit` ENABLE KEYS */;
UNLOCK TABLES;

--
-- Table structure for table `LedgerEntry`
--

DROP TABLE IF EXISTS `LedgerEntry`;
/*!40101 SET @saved_cs_client     = @@character_set_client */;
/*!40101 SET character_set_client = utf8 */;
CREATE TABLE `LedgerEntry` (
  `LEID` bigint(20) NOT NULL AUTO_INCREMENT,
  `BID` bigint(20) NOT NULL DEFAULT '0',
  `JID` bigint(20) NOT NULL DEFAULT '0',
  `JAID` bigint(20) NOT NULL DEFAULT '0',
  `LID` bigint(20) NOT NULL DEFAULT '0',
  `RAID` bigint(20) NOT NULL DEFAULT '0',
  `RID` bigint(20) NOT NULL DEFAULT '0',
  `TCID` bigint(20) NOT NULL DEFAULT '0',
  `Dt` datetime NOT NULL DEFAULT '1970-01-01 00:00:00',
  `Amount` decimal(19,4) NOT NULL DEFAULT '0.0000',
  `Comment` varchar(256) NOT NULL DEFAULT '',
  `LastModTime` timestamp NOT NULL DEFAULT CURRENT_TIMESTAMP ON UPDATE CURRENT_TIMESTAMP,
  `LastModBy` bigint(20) NOT NULL DEFAULT '0',
  `CreateTS` timestamp NOT NULL DEFAULT CURRENT_TIMESTAMP,
  `CreateBy` bigint(20) NOT NULL DEFAULT '0',
  PRIMARY KEY (`LEID`)
) ENGINE=InnoDB AUTO_INCREMENT=553 DEFAULT CHARSET=utf8;
/*!40101 SET character_set_client = @saved_cs_client */;

--
-- Dumping data for table `LedgerEntry`
--

LOCK TABLES `LedgerEntry` WRITE;
/*!40000 ALTER TABLE `LedgerEntry` DISABLE KEYS */;
INSERT INTO `LedgerEntry` VALUES (1,1,1,1,9,1,1,0,'2018-03-01 00:00:00',1000.0000,'','2018-06-07 03:09:38',0,'2018-06-07 03:09:38',0),(2,1,1,1,18,1,1,0,'2018-03-01 00:00:00',-1000.0000,'','2018-06-07 03:09:38',0,'2018-06-07 03:09:38',0),(3,1,2,2,9,1,1,0,'2018-04-01 00:00:00',1000.0000,'','2018-06-07 03:09:38',0,'2018-06-07 03:09:38',0),(4,1,2,2,18,1,1,0,'2018-04-01 00:00:00',-1000.0000,'','2018-06-07 03:09:38',0,'2018-06-07 03:09:38',0),(5,1,3,3,9,1,1,0,'2018-05-01 00:00:00',1000.0000,'','2018-06-07 03:09:38',0,'2018-06-07 03:09:38',0),(6,1,3,3,18,1,1,0,'2018-05-01 00:00:00',-1000.0000,'','2018-06-07 03:09:38',0,'2018-06-07 03:09:38',0),(7,1,4,4,9,1,1,0,'2018-06-01 00:00:00',1000.0000,'','2018-06-07 03:09:38',0,'2018-06-07 03:09:38',0),(8,1,4,4,18,1,1,0,'2018-06-01 00:00:00',-1000.0000,'','2018-06-07 03:09:38',0,'2018-06-07 03:09:38',0),(9,1,5,5,9,1,1,0,'2018-02-13 00:00:00',571.4300,'','2018-06-07 03:09:38',0,'2018-06-07 03:09:38',0),(10,1,5,5,18,1,1,0,'2018-02-13 00:00:00',-571.4300,'','2018-06-07 03:09:38',0,'2018-06-07 03:09:38',0),(11,1,6,6,9,1,1,0,'2018-02-13 00:00:00',2000.0000,'','2018-06-07 03:09:39',0,'2018-06-07 03:09:39',0),(12,1,6,6,11,1,1,0,'2018-02-13 00:00:00',-2000.0000,'','2018-06-07 03:09:39',0,'2018-06-07 03:09:39',0),(13,1,7,7,9,2,2,0,'2018-03-01 00:00:00',1000.0000,'','2018-06-07 03:09:39',0,'2018-06-07 03:09:39',0),(14,1,7,7,18,2,2,0,'2018-03-01 00:00:00',-1000.0000,'','2018-06-07 03:09:39',0,'2018-06-07 03:09:39',0),(15,1,8,8,9,2,2,0,'2018-04-01 00:00:00',1000.0000,'','2018-06-07 03:09:39',0,'2018-06-07 03:09:39',0),(16,1,8,8,18,2,2,0,'2018-04-01 00:00:00',-1000.0000,'','2018-06-07 03:09:39',0,'2018-06-07 03:09:39',0),(17,1,9,9,9,2,2,0,'2018-05-01 00:00:00',1000.0000,'','2018-06-07 03:09:39',0,'2018-06-07 03:09:39',0),(18,1,9,9,18,2,2,0,'2018-05-01 00:00:00',-1000.0000,'','2018-06-07 03:09:39',0,'2018-06-07 03:09:39',0),(19,1,10,10,9,2,2,0,'2018-06-01 00:00:00',1000.0000,'','2018-06-07 03:09:39',0,'2018-06-07 03:09:39',0),(20,1,10,10,18,2,2,0,'2018-06-01 00:00:00',-1000.0000,'','2018-06-07 03:09:39',0,'2018-06-07 03:09:39',0),(21,1,11,11,9,2,2,0,'2018-02-13 00:00:00',571.4300,'','2018-06-07 03:09:39',0,'2018-06-07 03:09:39',0),(22,1,11,11,18,2,2,0,'2018-02-13 00:00:00',-571.4300,'','2018-06-07 03:09:39',0,'2018-06-07 03:09:39',0),(23,1,12,12,9,2,2,0,'2018-02-13 00:00:00',2000.0000,'','2018-06-07 03:09:39',0,'2018-06-07 03:09:39',0),(24,1,12,12,11,2,2,0,'2018-02-13 00:00:00',-2000.0000,'','2018-06-07 03:09:39',0,'2018-06-07 03:09:39',0),(25,1,13,13,9,3,3,0,'2018-03-01 00:00:00',1000.0000,'','2018-06-07 03:09:39',0,'2018-06-07 03:09:39',0),(26,1,13,13,18,3,3,0,'2018-03-01 00:00:00',-1000.0000,'','2018-06-07 03:09:39',0,'2018-06-07 03:09:39',0),(27,1,14,14,9,3,3,0,'2018-04-01 00:00:00',1000.0000,'','2018-06-07 03:09:39',0,'2018-06-07 03:09:39',0),(28,1,14,14,18,3,3,0,'2018-04-01 00:00:00',-1000.0000,'','2018-06-07 03:09:39',0,'2018-06-07 03:09:39',0),(29,1,15,15,9,3,3,0,'2018-05-01 00:00:00',1000.0000,'','2018-06-07 03:09:39',0,'2018-06-07 03:09:39',0),(30,1,15,15,18,3,3,0,'2018-05-01 00:00:00',-1000.0000,'','2018-06-07 03:09:39',0,'2018-06-07 03:09:39',0),(31,1,16,16,9,3,3,0,'2018-06-01 00:00:00',1000.0000,'','2018-06-07 03:09:39',0,'2018-06-07 03:09:39',0),(32,1,16,16,18,3,3,0,'2018-06-01 00:00:00',-1000.0000,'','2018-06-07 03:09:39',0,'2018-06-07 03:09:39',0),(33,1,17,17,9,3,3,0,'2018-02-13 00:00:00',571.4300,'','2018-06-07 03:09:39',0,'2018-06-07 03:09:39',0),(34,1,17,17,18,3,3,0,'2018-02-13 00:00:00',-571.4300,'','2018-06-07 03:09:39',0,'2018-06-07 03:09:39',0),(35,1,18,18,9,3,3,0,'2018-02-13 00:00:00',2000.0000,'','2018-06-07 03:09:39',0,'2018-06-07 03:09:39',0),(36,1,18,18,11,3,3,0,'2018-02-13 00:00:00',-2000.0000,'','2018-06-07 03:09:39',0,'2018-06-07 03:09:39',0),(37,1,19,19,9,4,4,0,'2018-03-01 00:00:00',1000.0000,'','2018-06-07 03:09:39',0,'2018-06-07 03:09:39',0),(38,1,19,19,18,4,4,0,'2018-03-01 00:00:00',-1000.0000,'','2018-06-07 03:09:39',0,'2018-06-07 03:09:39',0),(39,1,20,20,9,4,4,0,'2018-04-01 00:00:00',1000.0000,'','2018-06-07 03:09:39',0,'2018-06-07 03:09:39',0),(40,1,20,20,18,4,4,0,'2018-04-01 00:00:00',-1000.0000,'','2018-06-07 03:09:39',0,'2018-06-07 03:09:39',0),(41,1,21,21,9,4,4,0,'2018-05-01 00:00:00',1000.0000,'','2018-06-07 03:09:39',0,'2018-06-07 03:09:39',0),(42,1,21,21,18,4,4,0,'2018-05-01 00:00:00',-1000.0000,'','2018-06-07 03:09:39',0,'2018-06-07 03:09:39',0),(43,1,22,22,9,4,4,0,'2018-06-01 00:00:00',1000.0000,'','2018-06-07 03:09:39',0,'2018-06-07 03:09:39',0),(44,1,22,22,18,4,4,0,'2018-06-01 00:00:00',-1000.0000,'','2018-06-07 03:09:39',0,'2018-06-07 03:09:39',0),(45,1,23,23,9,4,4,0,'2018-02-13 00:00:00',571.4300,'','2018-06-07 03:09:39',0,'2018-06-07 03:09:39',0),(46,1,23,23,18,4,4,0,'2018-02-13 00:00:00',-571.4300,'','2018-06-07 03:09:39',0,'2018-06-07 03:09:39',0),(47,1,24,24,9,4,4,0,'2018-02-13 00:00:00',2000.0000,'','2018-06-07 03:09:39',0,'2018-06-07 03:09:39',0),(48,1,24,24,11,4,4,0,'2018-02-13 00:00:00',-2000.0000,'','2018-06-07 03:09:39',0,'2018-06-07 03:09:39',0),(49,1,25,25,9,5,5,0,'2018-03-01 00:00:00',1000.0000,'','2018-06-07 03:09:39',0,'2018-06-07 03:09:39',0),(50,1,25,25,18,5,5,0,'2018-03-01 00:00:00',-1000.0000,'','2018-06-07 03:09:39',0,'2018-06-07 03:09:39',0),(51,1,26,26,9,5,5,0,'2018-04-01 00:00:00',1000.0000,'','2018-06-07 03:09:39',0,'2018-06-07 03:09:39',0),(52,1,26,26,18,5,5,0,'2018-04-01 00:00:00',-1000.0000,'','2018-06-07 03:09:39',0,'2018-06-07 03:09:39',0),(53,1,27,27,9,5,5,0,'2018-05-01 00:00:00',1000.0000,'','2018-06-07 03:09:39',0,'2018-06-07 03:09:39',0),(54,1,27,27,18,5,5,0,'2018-05-01 00:00:00',-1000.0000,'','2018-06-07 03:09:39',0,'2018-06-07 03:09:39',0),(55,1,28,28,9,5,5,0,'2018-06-01 00:00:00',1000.0000,'','2018-06-07 03:09:39',0,'2018-06-07 03:09:39',0),(56,1,28,28,18,5,5,0,'2018-06-01 00:00:00',-1000.0000,'','2018-06-07 03:09:39',0,'2018-06-07 03:09:39',0),(57,1,29,29,9,5,5,0,'2018-02-13 00:00:00',571.4300,'','2018-06-07 03:09:39',0,'2018-06-07 03:09:39',0),(58,1,29,29,18,5,5,0,'2018-02-13 00:00:00',-571.4300,'','2018-06-07 03:09:39',0,'2018-06-07 03:09:39',0),(59,1,30,30,9,5,5,0,'2018-02-13 00:00:00',2000.0000,'','2018-06-07 03:09:39',0,'2018-06-07 03:09:39',0),(60,1,30,30,11,5,5,0,'2018-02-13 00:00:00',-2000.0000,'','2018-06-07 03:09:39',0,'2018-06-07 03:09:39',0),(61,1,31,31,9,6,6,0,'2018-03-01 00:00:00',1500.0000,'','2018-06-07 03:09:39',0,'2018-06-07 03:09:39',0),(62,1,31,31,18,6,6,0,'2018-03-01 00:00:00',-1500.0000,'','2018-06-07 03:09:39',0,'2018-06-07 03:09:39',0),(63,1,32,32,9,6,6,0,'2018-04-01 00:00:00',1500.0000,'','2018-06-07 03:09:39',0,'2018-06-07 03:09:39',0),(64,1,32,32,18,6,6,0,'2018-04-01 00:00:00',-1500.0000,'','2018-06-07 03:09:39',0,'2018-06-07 03:09:39',0),(65,1,33,33,9,6,6,0,'2018-05-01 00:00:00',1500.0000,'','2018-06-07 03:09:39',0,'2018-06-07 03:09:39',0),(66,1,33,33,18,6,6,0,'2018-05-01 00:00:00',-1500.0000,'','2018-06-07 03:09:39',0,'2018-06-07 03:09:39',0),(67,1,34,34,9,6,6,0,'2018-06-01 00:00:00',1500.0000,'','2018-06-07 03:09:39',0,'2018-06-07 03:09:39',0),(68,1,34,34,18,6,6,0,'2018-06-01 00:00:00',-1500.0000,'','2018-06-07 03:09:39',0,'2018-06-07 03:09:39',0),(69,1,35,35,9,6,6,0,'2018-02-13 00:00:00',857.1400,'','2018-06-07 03:09:39',0,'2018-06-07 03:09:39',0),(70,1,35,35,18,6,6,0,'2018-02-13 00:00:00',-857.1400,'','2018-06-07 03:09:39',0,'2018-06-07 03:09:39',0),(71,1,36,36,9,6,6,0,'2018-02-13 00:00:00',3000.0000,'','2018-06-07 03:09:39',0,'2018-06-07 03:09:39',0),(72,1,36,36,11,6,6,0,'2018-02-13 00:00:00',-3000.0000,'','2018-06-07 03:09:39',0,'2018-06-07 03:09:39',0),(73,1,37,37,9,7,7,0,'2018-03-01 00:00:00',1500.0000,'','2018-06-07 03:09:39',0,'2018-06-07 03:09:39',0),(74,1,37,37,18,7,7,0,'2018-03-01 00:00:00',-1500.0000,'','2018-06-07 03:09:39',0,'2018-06-07 03:09:39',0),(75,1,38,38,9,7,7,0,'2018-04-01 00:00:00',1500.0000,'','2018-06-07 03:09:39',0,'2018-06-07 03:09:39',0),(76,1,38,38,18,7,7,0,'2018-04-01 00:00:00',-1500.0000,'','2018-06-07 03:09:39',0,'2018-06-07 03:09:39',0),(77,1,39,39,9,7,7,0,'2018-05-01 00:00:00',1500.0000,'','2018-06-07 03:09:39',0,'2018-06-07 03:09:39',0),(78,1,39,39,18,7,7,0,'2018-05-01 00:00:00',-1500.0000,'','2018-06-07 03:09:39',0,'2018-06-07 03:09:39',0),(79,1,40,40,9,7,7,0,'2018-06-01 00:00:00',1500.0000,'','2018-06-07 03:09:39',0,'2018-06-07 03:09:39',0),(80,1,40,40,18,7,7,0,'2018-06-01 00:00:00',-1500.0000,'','2018-06-07 03:09:39',0,'2018-06-07 03:09:39',0),(81,1,41,41,9,7,7,0,'2018-02-13 00:00:00',857.1400,'','2018-06-07 03:09:39',0,'2018-06-07 03:09:39',0),(82,1,41,41,18,7,7,0,'2018-02-13 00:00:00',-857.1400,'','2018-06-07 03:09:39',0,'2018-06-07 03:09:39',0),(83,1,42,42,9,7,7,0,'2018-02-13 00:00:00',3000.0000,'','2018-06-07 03:09:39',0,'2018-06-07 03:09:39',0),(84,1,42,42,11,7,7,0,'2018-02-13 00:00:00',-3000.0000,'','2018-06-07 03:09:39',0,'2018-06-07 03:09:39',0),(85,1,43,43,9,8,8,0,'2018-03-01 00:00:00',1500.0000,'','2018-06-07 03:09:39',0,'2018-06-07 03:09:39',0),(86,1,43,43,18,8,8,0,'2018-03-01 00:00:00',-1500.0000,'','2018-06-07 03:09:39',0,'2018-06-07 03:09:39',0),(87,1,44,44,9,8,8,0,'2018-04-01 00:00:00',1500.0000,'','2018-06-07 03:09:39',0,'2018-06-07 03:09:39',0),(88,1,44,44,18,8,8,0,'2018-04-01 00:00:00',-1500.0000,'','2018-06-07 03:09:39',0,'2018-06-07 03:09:39',0),(89,1,45,45,9,8,8,0,'2018-05-01 00:00:00',1500.0000,'','2018-06-07 03:09:39',0,'2018-06-07 03:09:39',0),(90,1,45,45,18,8,8,0,'2018-05-01 00:00:00',-1500.0000,'','2018-06-07 03:09:39',0,'2018-06-07 03:09:39',0),(91,1,46,46,9,8,8,0,'2018-06-01 00:00:00',1500.0000,'','2018-06-07 03:09:39',0,'2018-06-07 03:09:39',0),(92,1,46,46,18,8,8,0,'2018-06-01 00:00:00',-1500.0000,'','2018-06-07 03:09:39',0,'2018-06-07 03:09:39',0),(93,1,47,47,9,8,8,0,'2018-02-13 00:00:00',857.1400,'','2018-06-07 03:09:39',0,'2018-06-07 03:09:39',0),(94,1,47,47,18,8,8,0,'2018-02-13 00:00:00',-857.1400,'','2018-06-07 03:09:39',0,'2018-06-07 03:09:39',0),(95,1,48,48,9,8,8,0,'2018-02-13 00:00:00',3000.0000,'','2018-06-07 03:09:39',0,'2018-06-07 03:09:39',0),(96,1,48,48,11,8,8,0,'2018-02-13 00:00:00',-3000.0000,'','2018-06-07 03:09:39',0,'2018-06-07 03:09:39',0),(97,1,49,49,9,9,9,0,'2018-03-01 00:00:00',1500.0000,'','2018-06-07 03:09:39',0,'2018-06-07 03:09:39',0),(98,1,49,49,18,9,9,0,'2018-03-01 00:00:00',-1500.0000,'','2018-06-07 03:09:39',0,'2018-06-07 03:09:39',0),(99,1,50,50,9,9,9,0,'2018-04-01 00:00:00',1500.0000,'','2018-06-07 03:09:39',0,'2018-06-07 03:09:39',0),(100,1,50,50,18,9,9,0,'2018-04-01 00:00:00',-1500.0000,'','2018-06-07 03:09:39',0,'2018-06-07 03:09:39',0),(101,1,51,51,9,9,9,0,'2018-05-01 00:00:00',1500.0000,'','2018-06-07 03:09:39',0,'2018-06-07 03:09:39',0),(102,1,51,51,18,9,9,0,'2018-05-01 00:00:00',-1500.0000,'','2018-06-07 03:09:39',0,'2018-06-07 03:09:39',0),(103,1,52,52,9,9,9,0,'2018-06-01 00:00:00',1500.0000,'','2018-06-07 03:09:39',0,'2018-06-07 03:09:39',0),(104,1,52,52,18,9,9,0,'2018-06-01 00:00:00',-1500.0000,'','2018-06-07 03:09:39',0,'2018-06-07 03:09:39',0),(105,1,53,53,9,9,9,0,'2018-02-13 00:00:00',857.1400,'','2018-06-07 03:09:39',0,'2018-06-07 03:09:39',0),(106,1,53,53,18,9,9,0,'2018-02-13 00:00:00',-857.1400,'','2018-06-07 03:09:39',0,'2018-06-07 03:09:39',0),(107,1,54,54,9,9,9,0,'2018-02-13 00:00:00',3000.0000,'','2018-06-07 03:09:39',0,'2018-06-07 03:09:39',0),(108,1,54,54,11,9,9,0,'2018-02-13 00:00:00',-3000.0000,'','2018-06-07 03:09:39',0,'2018-06-07 03:09:39',0),(109,1,55,55,9,10,10,0,'2018-03-01 00:00:00',1500.0000,'','2018-06-07 03:09:39',0,'2018-06-07 03:09:39',0),(110,1,55,55,18,10,10,0,'2018-03-01 00:00:00',-1500.0000,'','2018-06-07 03:09:39',0,'2018-06-07 03:09:39',0),(111,1,56,56,9,10,10,0,'2018-04-01 00:00:00',1500.0000,'','2018-06-07 03:09:39',0,'2018-06-07 03:09:39',0),(112,1,56,56,18,10,10,0,'2018-04-01 00:00:00',-1500.0000,'','2018-06-07 03:09:39',0,'2018-06-07 03:09:39',0),(113,1,57,57,9,10,10,0,'2018-05-01 00:00:00',1500.0000,'','2018-06-07 03:09:39',0,'2018-06-07 03:09:39',0),(114,1,57,57,18,10,10,0,'2018-05-01 00:00:00',-1500.0000,'','2018-06-07 03:09:39',0,'2018-06-07 03:09:39',0),(115,1,58,58,9,10,10,0,'2018-06-01 00:00:00',1500.0000,'','2018-06-07 03:09:39',0,'2018-06-07 03:09:39',0),(116,1,58,58,18,10,10,0,'2018-06-01 00:00:00',-1500.0000,'','2018-06-07 03:09:39',0,'2018-06-07 03:09:39',0),(117,1,59,59,9,10,10,0,'2018-02-13 00:00:00',857.1400,'','2018-06-07 03:09:39',0,'2018-06-07 03:09:39',0),(118,1,59,59,18,10,10,0,'2018-02-13 00:00:00',-857.1400,'','2018-06-07 03:09:39',0,'2018-06-07 03:09:39',0),(119,1,60,60,9,10,10,0,'2018-02-13 00:00:00',3000.0000,'','2018-06-07 03:09:39',0,'2018-06-07 03:09:39',0),(120,1,60,60,11,10,10,0,'2018-02-13 00:00:00',-3000.0000,'','2018-06-07 03:09:39',0,'2018-06-07 03:09:39',0),(121,1,61,61,9,11,11,0,'2018-03-01 00:00:00',1750.0000,'','2018-06-07 03:09:39',0,'2018-06-07 03:09:39',0),(122,1,61,61,18,11,11,0,'2018-03-01 00:00:00',-1750.0000,'','2018-06-07 03:09:39',0,'2018-06-07 03:09:39',0),(123,1,62,62,9,11,11,0,'2018-04-01 00:00:00',1750.0000,'','2018-06-07 03:09:39',0,'2018-06-07 03:09:39',0),(124,1,62,62,18,11,11,0,'2018-04-01 00:00:00',-1750.0000,'','2018-06-07 03:09:39',0,'2018-06-07 03:09:39',0),(125,1,63,63,9,11,11,0,'2018-05-01 00:00:00',1750.0000,'','2018-06-07 03:09:39',0,'2018-06-07 03:09:39',0),(126,1,63,63,18,11,11,0,'2018-05-01 00:00:00',-1750.0000,'','2018-06-07 03:09:39',0,'2018-06-07 03:09:39',0),(127,1,64,64,9,11,11,0,'2018-06-01 00:00:00',1750.0000,'','2018-06-07 03:09:39',0,'2018-06-07 03:09:39',0),(128,1,64,64,18,11,11,0,'2018-06-01 00:00:00',-1750.0000,'','2018-06-07 03:09:39',0,'2018-06-07 03:09:39',0),(129,1,65,65,9,11,11,0,'2018-02-13 00:00:00',1000.0000,'','2018-06-07 03:09:39',0,'2018-06-07 03:09:39',0),(130,1,65,65,18,11,11,0,'2018-02-13 00:00:00',-1000.0000,'','2018-06-07 03:09:39',0,'2018-06-07 03:09:39',0),(131,1,66,66,9,11,11,0,'2018-02-13 00:00:00',3500.0000,'','2018-06-07 03:09:39',0,'2018-06-07 03:09:39',0),(132,1,66,66,11,11,11,0,'2018-02-13 00:00:00',-3500.0000,'','2018-06-07 03:09:39',0,'2018-06-07 03:09:39',0),(133,1,67,67,9,12,12,0,'2018-03-01 00:00:00',1750.0000,'','2018-06-07 03:09:39',0,'2018-06-07 03:09:39',0),(134,1,67,67,18,12,12,0,'2018-03-01 00:00:00',-1750.0000,'','2018-06-07 03:09:39',0,'2018-06-07 03:09:39',0),(135,1,68,68,9,12,12,0,'2018-04-01 00:00:00',1750.0000,'','2018-06-07 03:09:39',0,'2018-06-07 03:09:39',0),(136,1,68,68,18,12,12,0,'2018-04-01 00:00:00',-1750.0000,'','2018-06-07 03:09:39',0,'2018-06-07 03:09:39',0),(137,1,69,69,9,12,12,0,'2018-05-01 00:00:00',1750.0000,'','2018-06-07 03:09:39',0,'2018-06-07 03:09:39',0),(138,1,69,69,18,12,12,0,'2018-05-01 00:00:00',-1750.0000,'','2018-06-07 03:09:39',0,'2018-06-07 03:09:39',0),(139,1,70,70,9,12,12,0,'2018-06-01 00:00:00',1750.0000,'','2018-06-07 03:09:39',0,'2018-06-07 03:09:39',0),(140,1,70,70,18,12,12,0,'2018-06-01 00:00:00',-1750.0000,'','2018-06-07 03:09:39',0,'2018-06-07 03:09:39',0),(141,1,71,71,9,12,12,0,'2018-02-13 00:00:00',1000.0000,'','2018-06-07 03:09:39',0,'2018-06-07 03:09:39',0),(142,1,71,71,18,12,12,0,'2018-02-13 00:00:00',-1000.0000,'','2018-06-07 03:09:39',0,'2018-06-07 03:09:39',0),(143,1,72,72,9,12,12,0,'2018-02-13 00:00:00',3500.0000,'','2018-06-07 03:09:39',0,'2018-06-07 03:09:39',0),(144,1,72,72,11,12,12,0,'2018-02-13 00:00:00',-3500.0000,'','2018-06-07 03:09:39',0,'2018-06-07 03:09:39',0),(145,1,73,73,9,13,13,0,'2018-03-01 00:00:00',1750.0000,'','2018-06-07 03:09:39',0,'2018-06-07 03:09:39',0),(146,1,73,73,18,13,13,0,'2018-03-01 00:00:00',-1750.0000,'','2018-06-07 03:09:39',0,'2018-06-07 03:09:39',0),(147,1,74,74,9,13,13,0,'2018-04-01 00:00:00',1750.0000,'','2018-06-07 03:09:39',0,'2018-06-07 03:09:39',0),(148,1,74,74,18,13,13,0,'2018-04-01 00:00:00',-1750.0000,'','2018-06-07 03:09:39',0,'2018-06-07 03:09:39',0),(149,1,75,75,9,13,13,0,'2018-05-01 00:00:00',1750.0000,'','2018-06-07 03:09:39',0,'2018-06-07 03:09:39',0),(150,1,75,75,18,13,13,0,'2018-05-01 00:00:00',-1750.0000,'','2018-06-07 03:09:39',0,'2018-06-07 03:09:39',0),(151,1,76,76,9,13,13,0,'2018-06-01 00:00:00',1750.0000,'','2018-06-07 03:09:39',0,'2018-06-07 03:09:39',0),(152,1,76,76,18,13,13,0,'2018-06-01 00:00:00',-1750.0000,'','2018-06-07 03:09:39',0,'2018-06-07 03:09:39',0),(153,1,77,77,9,13,13,0,'2018-02-13 00:00:00',1000.0000,'','2018-06-07 03:09:39',0,'2018-06-07 03:09:39',0),(154,1,77,77,18,13,13,0,'2018-02-13 00:00:00',-1000.0000,'','2018-06-07 03:09:39',0,'2018-06-07 03:09:39',0),(155,1,78,78,9,13,13,0,'2018-02-13 00:00:00',3500.0000,'','2018-06-07 03:09:39',0,'2018-06-07 03:09:39',0),(156,1,78,78,11,13,13,0,'2018-02-13 00:00:00',-3500.0000,'','2018-06-07 03:09:39',0,'2018-06-07 03:09:39',0),(157,1,79,79,9,14,14,0,'2018-03-01 00:00:00',1750.0000,'','2018-06-07 03:09:39',0,'2018-06-07 03:09:39',0),(158,1,79,79,18,14,14,0,'2018-03-01 00:00:00',-1750.0000,'','2018-06-07 03:09:39',0,'2018-06-07 03:09:39',0),(159,1,80,80,9,14,14,0,'2018-04-01 00:00:00',1750.0000,'','2018-06-07 03:09:39',0,'2018-06-07 03:09:39',0),(160,1,80,80,18,14,14,0,'2018-04-01 00:00:00',-1750.0000,'','2018-06-07 03:09:39',0,'2018-06-07 03:09:39',0),(161,1,81,81,9,14,14,0,'2018-05-01 00:00:00',1750.0000,'','2018-06-07 03:09:39',0,'2018-06-07 03:09:39',0),(162,1,81,81,18,14,14,0,'2018-05-01 00:00:00',-1750.0000,'','2018-06-07 03:09:39',0,'2018-06-07 03:09:39',0),(163,1,82,82,9,14,14,0,'2018-06-01 00:00:00',1750.0000,'','2018-06-07 03:09:39',0,'2018-06-07 03:09:39',0),(164,1,82,82,18,14,14,0,'2018-06-01 00:00:00',-1750.0000,'','2018-06-07 03:09:39',0,'2018-06-07 03:09:39',0),(165,1,83,83,9,14,14,0,'2018-02-13 00:00:00',1000.0000,'','2018-06-07 03:09:39',0,'2018-06-07 03:09:39',0),(166,1,83,83,18,14,14,0,'2018-02-13 00:00:00',-1000.0000,'','2018-06-07 03:09:39',0,'2018-06-07 03:09:39',0),(167,1,84,84,9,14,14,0,'2018-02-13 00:00:00',3500.0000,'','2018-06-07 03:09:39',0,'2018-06-07 03:09:39',0),(168,1,84,84,11,14,14,0,'2018-02-13 00:00:00',-3500.0000,'','2018-06-07 03:09:39',0,'2018-06-07 03:09:39',0),(169,1,85,85,9,15,15,0,'2018-03-01 00:00:00',1750.0000,'','2018-06-07 03:09:39',0,'2018-06-07 03:09:39',0),(170,1,85,85,18,15,15,0,'2018-03-01 00:00:00',-1750.0000,'','2018-06-07 03:09:39',0,'2018-06-07 03:09:39',0),(171,1,86,86,9,15,15,0,'2018-04-01 00:00:00',1750.0000,'','2018-06-07 03:09:39',0,'2018-06-07 03:09:39',0),(172,1,86,86,18,15,15,0,'2018-04-01 00:00:00',-1750.0000,'','2018-06-07 03:09:39',0,'2018-06-07 03:09:39',0),(173,1,87,87,9,15,15,0,'2018-05-01 00:00:00',1750.0000,'','2018-06-07 03:09:39',0,'2018-06-07 03:09:39',0),(174,1,87,87,18,15,15,0,'2018-05-01 00:00:00',-1750.0000,'','2018-06-07 03:09:39',0,'2018-06-07 03:09:39',0),(175,1,88,88,9,15,15,0,'2018-06-01 00:00:00',1750.0000,'','2018-06-07 03:09:39',0,'2018-06-07 03:09:39',0),(176,1,88,88,18,15,15,0,'2018-06-01 00:00:00',-1750.0000,'','2018-06-07 03:09:39',0,'2018-06-07 03:09:39',0),(177,1,89,89,9,15,15,0,'2018-02-13 00:00:00',1000.0000,'','2018-06-07 03:09:39',0,'2018-06-07 03:09:39',0),(178,1,89,89,18,15,15,0,'2018-02-13 00:00:00',-1000.0000,'','2018-06-07 03:09:39',0,'2018-06-07 03:09:39',0),(179,1,90,90,9,15,15,0,'2018-02-13 00:00:00',3500.0000,'','2018-06-07 03:09:39',0,'2018-06-07 03:09:39',0),(180,1,90,90,11,15,15,0,'2018-02-13 00:00:00',-3500.0000,'','2018-06-07 03:09:39',0,'2018-06-07 03:09:39',0),(181,1,91,91,9,16,16,0,'2018-03-01 00:00:00',1750.0000,'','2018-06-07 03:09:39',0,'2018-06-07 03:09:39',0),(182,1,91,91,18,16,16,0,'2018-03-01 00:00:00',-1750.0000,'','2018-06-07 03:09:39',0,'2018-06-07 03:09:39',0),(183,1,92,92,9,16,16,0,'2018-04-01 00:00:00',1750.0000,'','2018-06-07 03:09:39',0,'2018-06-07 03:09:39',0),(184,1,92,92,18,16,16,0,'2018-04-01 00:00:00',-1750.0000,'','2018-06-07 03:09:39',0,'2018-06-07 03:09:39',0),(185,1,93,93,9,16,16,0,'2018-05-01 00:00:00',1750.0000,'','2018-06-07 03:09:39',0,'2018-06-07 03:09:39',0),(186,1,93,93,18,16,16,0,'2018-05-01 00:00:00',-1750.0000,'','2018-06-07 03:09:39',0,'2018-06-07 03:09:39',0),(187,1,94,94,9,16,16,0,'2018-06-01 00:00:00',1750.0000,'','2018-06-07 03:09:39',0,'2018-06-07 03:09:39',0),(188,1,94,94,18,16,16,0,'2018-06-01 00:00:00',-1750.0000,'','2018-06-07 03:09:39',0,'2018-06-07 03:09:39',0),(189,1,95,95,9,16,16,0,'2018-02-13 00:00:00',1000.0000,'','2018-06-07 03:09:39',0,'2018-06-07 03:09:39',0),(190,1,95,95,18,16,16,0,'2018-02-13 00:00:00',-1000.0000,'','2018-06-07 03:09:39',0,'2018-06-07 03:09:39',0),(191,1,96,96,9,16,16,0,'2018-02-13 00:00:00',3500.0000,'','2018-06-07 03:09:39',0,'2018-06-07 03:09:39',0),(192,1,96,96,11,16,16,0,'2018-02-13 00:00:00',-3500.0000,'','2018-06-07 03:09:39',0,'2018-06-07 03:09:39',0),(193,1,97,97,9,17,17,0,'2018-03-01 00:00:00',1750.0000,'','2018-06-07 03:09:39',0,'2018-06-07 03:09:39',0),(194,1,97,97,18,17,17,0,'2018-03-01 00:00:00',-1750.0000,'','2018-06-07 03:09:39',0,'2018-06-07 03:09:39',0),(195,1,98,98,9,17,17,0,'2018-04-01 00:00:00',1750.0000,'','2018-06-07 03:09:39',0,'2018-06-07 03:09:39',0),(196,1,98,98,18,17,17,0,'2018-04-01 00:00:00',-1750.0000,'','2018-06-07 03:09:39',0,'2018-06-07 03:09:39',0),(197,1,99,99,9,17,17,0,'2018-05-01 00:00:00',1750.0000,'','2018-06-07 03:09:39',0,'2018-06-07 03:09:39',0),(198,1,99,99,18,17,17,0,'2018-05-01 00:00:00',-1750.0000,'','2018-06-07 03:09:39',0,'2018-06-07 03:09:39',0),(199,1,100,100,9,17,17,0,'2018-06-01 00:00:00',1750.0000,'','2018-06-07 03:09:39',0,'2018-06-07 03:09:39',0),(200,1,100,100,18,17,17,0,'2018-06-01 00:00:00',-1750.0000,'','2018-06-07 03:09:39',0,'2018-06-07 03:09:39',0),(201,1,101,101,9,17,17,0,'2018-02-13 00:00:00',1000.0000,'','2018-06-07 03:09:39',0,'2018-06-07 03:09:39',0),(202,1,101,101,18,17,17,0,'2018-02-13 00:00:00',-1000.0000,'','2018-06-07 03:09:39',0,'2018-06-07 03:09:39',0),(203,1,102,102,9,17,17,0,'2018-02-13 00:00:00',3500.0000,'','2018-06-07 03:09:39',0,'2018-06-07 03:09:39',0),(204,1,102,102,11,17,17,0,'2018-02-13 00:00:00',-3500.0000,'','2018-06-07 03:09:39',0,'2018-06-07 03:09:39',0),(205,1,103,103,9,18,18,0,'2018-03-01 00:00:00',1750.0000,'','2018-06-07 03:09:39',0,'2018-06-07 03:09:39',0),(206,1,103,103,18,18,18,0,'2018-03-01 00:00:00',-1750.0000,'','2018-06-07 03:09:39',0,'2018-06-07 03:09:39',0),(207,1,104,104,9,18,18,0,'2018-04-01 00:00:00',1750.0000,'','2018-06-07 03:09:39',0,'2018-06-07 03:09:39',0),(208,1,104,104,18,18,18,0,'2018-04-01 00:00:00',-1750.0000,'','2018-06-07 03:09:39',0,'2018-06-07 03:09:39',0),(209,1,105,105,9,18,18,0,'2018-05-01 00:00:00',1750.0000,'','2018-06-07 03:09:39',0,'2018-06-07 03:09:39',0),(210,1,105,105,18,18,18,0,'2018-05-01 00:00:00',-1750.0000,'','2018-06-07 03:09:39',0,'2018-06-07 03:09:39',0),(211,1,106,106,9,18,18,0,'2018-06-01 00:00:00',1750.0000,'','2018-06-07 03:09:39',0,'2018-06-07 03:09:39',0),(212,1,106,106,18,18,18,0,'2018-06-01 00:00:00',-1750.0000,'','2018-06-07 03:09:39',0,'2018-06-07 03:09:39',0),(213,1,107,107,9,18,18,0,'2018-02-13 00:00:00',1000.0000,'','2018-06-07 03:09:39',0,'2018-06-07 03:09:39',0),(214,1,107,107,18,18,18,0,'2018-02-13 00:00:00',-1000.0000,'','2018-06-07 03:09:39',0,'2018-06-07 03:09:39',0),(215,1,108,108,9,18,18,0,'2018-02-13 00:00:00',3500.0000,'','2018-06-07 03:09:39',0,'2018-06-07 03:09:39',0),(216,1,108,108,11,18,18,0,'2018-02-13 00:00:00',-3500.0000,'','2018-06-07 03:09:39',0,'2018-06-07 03:09:39',0),(217,1,109,109,9,19,19,0,'2018-03-01 00:00:00',2500.0000,'','2018-06-07 03:09:39',0,'2018-06-07 03:09:39',0),(218,1,109,109,18,19,19,0,'2018-03-01 00:00:00',-2500.0000,'','2018-06-07 03:09:39',0,'2018-06-07 03:09:39',0),(219,1,110,110,9,19,19,0,'2018-04-01 00:00:00',2500.0000,'','2018-06-07 03:09:39',0,'2018-06-07 03:09:39',0),(220,1,110,110,18,19,19,0,'2018-04-01 00:00:00',-2500.0000,'','2018-06-07 03:09:39',0,'2018-06-07 03:09:39',0),(221,1,111,111,9,19,19,0,'2018-05-01 00:00:00',2500.0000,'','2018-06-07 03:09:39',0,'2018-06-07 03:09:39',0),(222,1,111,111,18,19,19,0,'2018-05-01 00:00:00',-2500.0000,'','2018-06-07 03:09:39',0,'2018-06-07 03:09:39',0),(223,1,112,112,9,19,19,0,'2018-06-01 00:00:00',2500.0000,'','2018-06-07 03:09:39',0,'2018-06-07 03:09:39',0),(224,1,112,112,18,19,19,0,'2018-06-01 00:00:00',-2500.0000,'','2018-06-07 03:09:39',0,'2018-06-07 03:09:39',0),(225,1,113,113,9,19,19,0,'2018-02-13 00:00:00',1428.5700,'','2018-06-07 03:09:39',0,'2018-06-07 03:09:39',0),(226,1,113,113,18,19,19,0,'2018-02-13 00:00:00',-1428.5700,'','2018-06-07 03:09:39',0,'2018-06-07 03:09:39',0),(227,1,114,114,9,19,19,0,'2018-02-13 00:00:00',5000.0000,'','2018-06-07 03:09:39',0,'2018-06-07 03:09:39',0),(228,1,114,114,11,19,19,0,'2018-02-13 00:00:00',-5000.0000,'','2018-06-07 03:09:39',0,'2018-06-07 03:09:39',0),(229,1,115,115,9,20,20,0,'2018-03-01 00:00:00',2500.0000,'','2018-06-07 03:09:39',0,'2018-06-07 03:09:39',0),(230,1,115,115,18,20,20,0,'2018-03-01 00:00:00',-2500.0000,'','2018-06-07 03:09:39',0,'2018-06-07 03:09:39',0),(231,1,116,116,9,20,20,0,'2018-04-01 00:00:00',2500.0000,'','2018-06-07 03:09:39',0,'2018-06-07 03:09:39',0),(232,1,116,116,18,20,20,0,'2018-04-01 00:00:00',-2500.0000,'','2018-06-07 03:09:39',0,'2018-06-07 03:09:39',0),(233,1,117,117,9,20,20,0,'2018-05-01 00:00:00',2500.0000,'','2018-06-07 03:09:39',0,'2018-06-07 03:09:39',0),(234,1,117,117,18,20,20,0,'2018-05-01 00:00:00',-2500.0000,'','2018-06-07 03:09:39',0,'2018-06-07 03:09:39',0),(235,1,118,118,9,20,20,0,'2018-06-01 00:00:00',2500.0000,'','2018-06-07 03:09:39',0,'2018-06-07 03:09:39',0),(236,1,118,118,18,20,20,0,'2018-06-01 00:00:00',-2500.0000,'','2018-06-07 03:09:39',0,'2018-06-07 03:09:39',0),(237,1,119,119,9,20,20,0,'2018-02-13 00:00:00',1428.5700,'','2018-06-07 03:09:39',0,'2018-06-07 03:09:39',0),(238,1,119,119,18,20,20,0,'2018-02-13 00:00:00',-1428.5700,'','2018-06-07 03:09:39',0,'2018-06-07 03:09:39',0),(239,1,120,120,9,20,20,0,'2018-02-13 00:00:00',5000.0000,'','2018-06-07 03:09:39',0,'2018-06-07 03:09:39',0),(240,1,120,120,11,20,20,0,'2018-02-13 00:00:00',-5000.0000,'','2018-06-07 03:09:39',0,'2018-06-07 03:09:39',0),(241,1,121,121,9,21,21,0,'2018-03-01 00:00:00',2500.0000,'','2018-06-07 03:09:39',0,'2018-06-07 03:09:39',0),(242,1,121,121,18,21,21,0,'2018-03-01 00:00:00',-2500.0000,'','2018-06-07 03:09:39',0,'2018-06-07 03:09:39',0),(243,1,122,122,9,21,21,0,'2018-04-01 00:00:00',2500.0000,'','2018-06-07 03:09:39',0,'2018-06-07 03:09:39',0),(244,1,122,122,18,21,21,0,'2018-04-01 00:00:00',-2500.0000,'','2018-06-07 03:09:39',0,'2018-06-07 03:09:39',0),(245,1,123,123,9,21,21,0,'2018-05-01 00:00:00',2500.0000,'','2018-06-07 03:09:39',0,'2018-06-07 03:09:39',0),(246,1,123,123,18,21,21,0,'2018-05-01 00:00:00',-2500.0000,'','2018-06-07 03:09:39',0,'2018-06-07 03:09:39',0),(247,1,124,124,9,21,21,0,'2018-06-01 00:00:00',2500.0000,'','2018-06-07 03:09:39',0,'2018-06-07 03:09:39',0),(248,1,124,124,18,21,21,0,'2018-06-01 00:00:00',-2500.0000,'','2018-06-07 03:09:39',0,'2018-06-07 03:09:39',0),(249,1,125,125,9,21,21,0,'2018-02-13 00:00:00',1428.5700,'','2018-06-07 03:09:39',0,'2018-06-07 03:09:39',0),(250,1,125,125,18,21,21,0,'2018-02-13 00:00:00',-1428.5700,'','2018-06-07 03:09:39',0,'2018-06-07 03:09:39',0),(251,1,126,126,9,21,21,0,'2018-02-13 00:00:00',5000.0000,'','2018-06-07 03:09:39',0,'2018-06-07 03:09:39',0),(252,1,126,126,11,21,21,0,'2018-02-13 00:00:00',-5000.0000,'','2018-06-07 03:09:39',0,'2018-06-07 03:09:39',0),(253,1,127,127,9,22,22,0,'2018-03-01 00:00:00',2500.0000,'','2018-06-07 03:09:39',0,'2018-06-07 03:09:39',0),(254,1,127,127,18,22,22,0,'2018-03-01 00:00:00',-2500.0000,'','2018-06-07 03:09:39',0,'2018-06-07 03:09:39',0),(255,1,128,128,9,22,22,0,'2018-04-01 00:00:00',2500.0000,'','2018-06-07 03:09:39',0,'2018-06-07 03:09:39',0),(256,1,128,128,18,22,22,0,'2018-04-01 00:00:00',-2500.0000,'','2018-06-07 03:09:39',0,'2018-06-07 03:09:39',0),(257,1,129,129,9,22,22,0,'2018-05-01 00:00:00',2500.0000,'','2018-06-07 03:09:39',0,'2018-06-07 03:09:39',0),(258,1,129,129,18,22,22,0,'2018-05-01 00:00:00',-2500.0000,'','2018-06-07 03:09:39',0,'2018-06-07 03:09:39',0),(259,1,130,130,9,22,22,0,'2018-06-01 00:00:00',2500.0000,'','2018-06-07 03:09:39',0,'2018-06-07 03:09:39',0),(260,1,130,130,18,22,22,0,'2018-06-01 00:00:00',-2500.0000,'','2018-06-07 03:09:39',0,'2018-06-07 03:09:39',0),(261,1,131,131,9,22,22,0,'2018-02-13 00:00:00',1428.5700,'','2018-06-07 03:09:39',0,'2018-06-07 03:09:39',0),(262,1,131,131,18,22,22,0,'2018-02-13 00:00:00',-1428.5700,'','2018-06-07 03:09:39',0,'2018-06-07 03:09:39',0),(263,1,132,132,9,22,22,0,'2018-02-13 00:00:00',5000.0000,'','2018-06-07 03:09:39',0,'2018-06-07 03:09:39',0),(264,1,132,132,11,22,22,0,'2018-02-13 00:00:00',-5000.0000,'','2018-06-07 03:09:39',0,'2018-06-07 03:09:39',0),(265,1,133,133,9,23,23,0,'2018-03-01 00:00:00',2500.0000,'','2018-06-07 03:09:39',0,'2018-06-07 03:09:39',0),(266,1,133,133,18,23,23,0,'2018-03-01 00:00:00',-2500.0000,'','2018-06-07 03:09:39',0,'2018-06-07 03:09:39',0),(267,1,134,134,9,23,23,0,'2018-04-01 00:00:00',2500.0000,'','2018-06-07 03:09:39',0,'2018-06-07 03:09:39',0),(268,1,134,134,18,23,23,0,'2018-04-01 00:00:00',-2500.0000,'','2018-06-07 03:09:39',0,'2018-06-07 03:09:39',0),(269,1,135,135,9,23,23,0,'2018-05-01 00:00:00',2500.0000,'','2018-06-07 03:09:39',0,'2018-06-07 03:09:39',0),(270,1,135,135,18,23,23,0,'2018-05-01 00:00:00',-2500.0000,'','2018-06-07 03:09:39',0,'2018-06-07 03:09:39',0),(271,1,136,136,9,23,23,0,'2018-06-01 00:00:00',2500.0000,'','2018-06-07 03:09:39',0,'2018-06-07 03:09:39',0),(272,1,136,136,18,23,23,0,'2018-06-01 00:00:00',-2500.0000,'','2018-06-07 03:09:39',0,'2018-06-07 03:09:39',0),(273,1,137,137,9,23,23,0,'2018-02-13 00:00:00',1428.5700,'','2018-06-07 03:09:39',0,'2018-06-07 03:09:39',0),(274,1,137,137,18,23,23,0,'2018-02-13 00:00:00',-1428.5700,'','2018-06-07 03:09:39',0,'2018-06-07 03:09:39',0),(275,1,138,138,9,23,23,0,'2018-02-13 00:00:00',5000.0000,'','2018-06-07 03:09:39',0,'2018-06-07 03:09:39',0),(276,1,138,138,11,23,23,0,'2018-02-13 00:00:00',-5000.0000,'','2018-06-07 03:09:39',0,'2018-06-07 03:09:39',0),(277,1,139,139,6,0,0,1,'2018-02-13 00:00:00',571.4300,'','2018-06-07 03:09:39',0,'2018-06-07 03:09:39',0),(278,1,139,139,10,0,0,1,'2018-02-13 00:00:00',-571.4300,'','2018-06-07 03:09:39',0,'2018-06-07 03:09:39',0),(279,1,140,140,6,0,0,1,'2018-02-13 00:00:00',2000.0000,'','2018-06-07 03:09:39',0,'2018-06-07 03:09:39',0),(280,1,140,140,10,0,0,1,'2018-02-13 00:00:00',-2000.0000,'','2018-06-07 03:09:39',0,'2018-06-07 03:09:39',0),(281,1,141,141,6,0,0,2,'2018-02-13 00:00:00',571.4300,'','2018-06-07 03:09:39',0,'2018-06-07 03:09:39',0),(282,1,141,141,10,0,0,2,'2018-02-13 00:00:00',-571.4300,'','2018-06-07 03:09:39',0,'2018-06-07 03:09:39',0),(283,1,142,142,6,0,0,2,'2018-02-13 00:00:00',2000.0000,'','2018-06-07 03:09:39',0,'2018-06-07 03:09:39',0),(284,1,142,142,10,0,0,2,'2018-02-13 00:00:00',-2000.0000,'','2018-06-07 03:09:39',0,'2018-06-07 03:09:39',0),(285,1,143,143,6,0,0,3,'2018-02-13 00:00:00',571.4300,'','2018-06-07 03:09:39',0,'2018-06-07 03:09:39',0),(286,1,143,143,10,0,0,3,'2018-02-13 00:00:00',-571.4300,'','2018-06-07 03:09:39',0,'2018-06-07 03:09:39',0),(287,1,144,144,6,0,0,3,'2018-02-13 00:00:00',2000.0000,'','2018-06-07 03:09:39',0,'2018-06-07 03:09:39',0),(288,1,144,144,10,0,0,3,'2018-02-13 00:00:00',-2000.0000,'','2018-06-07 03:09:39',0,'2018-06-07 03:09:39',0),(289,1,145,145,6,0,0,4,'2018-02-13 00:00:00',571.4300,'','2018-06-07 03:09:39',0,'2018-06-07 03:09:39',0),(290,1,145,145,10,0,0,4,'2018-02-13 00:00:00',-571.4300,'','2018-06-07 03:09:39',0,'2018-06-07 03:09:39',0),(291,1,146,146,6,0,0,4,'2018-02-13 00:00:00',2000.0000,'','2018-06-07 03:09:39',0,'2018-06-07 03:09:39',0),(292,1,146,146,10,0,0,4,'2018-02-13 00:00:00',-2000.0000,'','2018-06-07 03:09:39',0,'2018-06-07 03:09:39',0),(293,1,147,147,6,0,0,5,'2018-02-13 00:00:00',571.4300,'','2018-06-07 03:09:39',0,'2018-06-07 03:09:39',0),(294,1,147,147,10,0,0,5,'2018-02-13 00:00:00',-571.4300,'','2018-06-07 03:09:39',0,'2018-06-07 03:09:39',0),(295,1,148,148,6,0,0,5,'2018-02-13 00:00:00',2000.0000,'','2018-06-07 03:09:39',0,'2018-06-07 03:09:39',0),(296,1,148,148,10,0,0,5,'2018-02-13 00:00:00',-2000.0000,'','2018-06-07 03:09:39',0,'2018-06-07 03:09:39',0),(297,1,149,149,6,0,0,6,'2018-02-13 00:00:00',857.1400,'','2018-06-07 03:09:39',0,'2018-06-07 03:09:39',0),(298,1,149,149,10,0,0,6,'2018-02-13 00:00:00',-857.1400,'','2018-06-07 03:09:39',0,'2018-06-07 03:09:39',0),(299,1,150,150,6,0,0,6,'2018-02-13 00:00:00',3000.0000,'','2018-06-07 03:09:39',0,'2018-06-07 03:09:39',0),(300,1,150,150,10,0,0,6,'2018-02-13 00:00:00',-3000.0000,'','2018-06-07 03:09:39',0,'2018-06-07 03:09:39',0),(301,1,151,151,6,0,0,7,'2018-02-13 00:00:00',857.1400,'','2018-06-07 03:09:39',0,'2018-06-07 03:09:39',0),(302,1,151,151,10,0,0,7,'2018-02-13 00:00:00',-857.1400,'','2018-06-07 03:09:39',0,'2018-06-07 03:09:39',0),(303,1,152,152,6,0,0,7,'2018-02-13 00:00:00',3000.0000,'','2018-06-07 03:09:39',0,'2018-06-07 03:09:39',0),(304,1,152,152,10,0,0,7,'2018-02-13 00:00:00',-3000.0000,'','2018-06-07 03:09:39',0,'2018-06-07 03:09:39',0),(305,1,153,153,6,0,0,8,'2018-02-13 00:00:00',857.1400,'','2018-06-07 03:09:39',0,'2018-06-07 03:09:39',0),(306,1,153,153,10,0,0,8,'2018-02-13 00:00:00',-857.1400,'','2018-06-07 03:09:39',0,'2018-06-07 03:09:39',0),(307,1,154,154,6,0,0,8,'2018-02-13 00:00:00',3000.0000,'','2018-06-07 03:09:39',0,'2018-06-07 03:09:39',0),(308,1,154,154,10,0,0,8,'2018-02-13 00:00:00',-3000.0000,'','2018-06-07 03:09:39',0,'2018-06-07 03:09:39',0),(309,1,155,155,6,0,0,9,'2018-02-13 00:00:00',857.1400,'','2018-06-07 03:09:39',0,'2018-06-07 03:09:39',0),(310,1,155,155,10,0,0,9,'2018-02-13 00:00:00',-857.1400,'','2018-06-07 03:09:39',0,'2018-06-07 03:09:39',0),(311,1,156,156,6,0,0,9,'2018-02-13 00:00:00',3000.0000,'','2018-06-07 03:09:39',0,'2018-06-07 03:09:39',0),(312,1,156,156,10,0,0,9,'2018-02-13 00:00:00',-3000.0000,'','2018-06-07 03:09:39',0,'2018-06-07 03:09:39',0),(313,1,157,157,6,0,0,10,'2018-02-13 00:00:00',857.1400,'','2018-06-07 03:09:39',0,'2018-06-07 03:09:39',0),(314,1,157,157,10,0,0,10,'2018-02-13 00:00:00',-857.1400,'','2018-06-07 03:09:39',0,'2018-06-07 03:09:39',0),(315,1,158,158,6,0,0,10,'2018-02-13 00:00:00',3000.0000,'','2018-06-07 03:09:39',0,'2018-06-07 03:09:39',0),(316,1,158,158,10,0,0,10,'2018-02-13 00:00:00',-3000.0000,'','2018-06-07 03:09:39',0,'2018-06-07 03:09:39',0),(317,1,159,159,6,0,0,11,'2018-02-13 00:00:00',1000.0000,'','2018-06-07 03:09:39',0,'2018-06-07 03:09:39',0),(318,1,159,159,10,0,0,11,'2018-02-13 00:00:00',-1000.0000,'','2018-06-07 03:09:39',0,'2018-06-07 03:09:39',0),(319,1,160,160,6,0,0,11,'2018-02-13 00:00:00',3500.0000,'','2018-06-07 03:09:39',0,'2018-06-07 03:09:39',0),(320,1,160,160,10,0,0,11,'2018-02-13 00:00:00',-3500.0000,'','2018-06-07 03:09:39',0,'2018-06-07 03:09:39',0),(321,1,161,161,6,0,0,12,'2018-02-13 00:00:00',1000.0000,'','2018-06-07 03:09:39',0,'2018-06-07 03:09:39',0),(322,1,161,161,10,0,0,12,'2018-02-13 00:00:00',-1000.0000,'','2018-06-07 03:09:39',0,'2018-06-07 03:09:39',0),(323,1,162,162,6,0,0,12,'2018-02-13 00:00:00',3500.0000,'','2018-06-07 03:09:39',0,'2018-06-07 03:09:39',0),(324,1,162,162,10,0,0,12,'2018-02-13 00:00:00',-3500.0000,'','2018-06-07 03:09:39',0,'2018-06-07 03:09:39',0),(325,1,163,163,6,0,0,13,'2018-02-13 00:00:00',1000.0000,'','2018-06-07 03:09:39',0,'2018-06-07 03:09:39',0),(326,1,163,163,10,0,0,13,'2018-02-13 00:00:00',-1000.0000,'','2018-06-07 03:09:39',0,'2018-06-07 03:09:39',0),(327,1,164,164,6,0,0,13,'2018-02-13 00:00:00',3500.0000,'','2018-06-07 03:09:39',0,'2018-06-07 03:09:39',0),(328,1,164,164,10,0,0,13,'2018-02-13 00:00:00',-3500.0000,'','2018-06-07 03:09:39',0,'2018-06-07 03:09:39',0),(329,1,165,165,6,0,0,14,'2018-02-13 00:00:00',1000.0000,'','2018-06-07 03:09:39',0,'2018-06-07 03:09:39',0),(330,1,165,165,10,0,0,14,'2018-02-13 00:00:00',-1000.0000,'','2018-06-07 03:09:39',0,'2018-06-07 03:09:39',0),(331,1,166,166,6,0,0,14,'2018-02-13 00:00:00',3500.0000,'','2018-06-07 03:09:39',0,'2018-06-07 03:09:39',0),(332,1,166,166,10,0,0,14,'2018-02-13 00:00:00',-3500.0000,'','2018-06-07 03:09:39',0,'2018-06-07 03:09:39',0),(333,1,167,167,6,0,0,15,'2018-02-13 00:00:00',1000.0000,'','2018-06-07 03:09:39',0,'2018-06-07 03:09:39',0),(334,1,167,167,10,0,0,15,'2018-02-13 00:00:00',-1000.0000,'','2018-06-07 03:09:39',0,'2018-06-07 03:09:39',0),(335,1,168,168,6,0,0,15,'2018-02-13 00:00:00',3500.0000,'','2018-06-07 03:09:39',0,'2018-06-07 03:09:39',0),(336,1,168,168,10,0,0,15,'2018-02-13 00:00:00',-3500.0000,'','2018-06-07 03:09:39',0,'2018-06-07 03:09:39',0),(337,1,169,169,6,0,0,16,'2018-02-13 00:00:00',1000.0000,'','2018-06-07 03:09:39',0,'2018-06-07 03:09:39',0),(338,1,169,169,10,0,0,16,'2018-02-13 00:00:00',-1000.0000,'','2018-06-07 03:09:39',0,'2018-06-07 03:09:39',0),(339,1,170,170,6,0,0,16,'2018-02-13 00:00:00',3500.0000,'','2018-06-07 03:09:39',0,'2018-06-07 03:09:39',0),(340,1,170,170,10,0,0,16,'2018-02-13 00:00:00',-3500.0000,'','2018-06-07 03:09:39',0,'2018-06-07 03:09:39',0),(341,1,171,171,6,0,0,17,'2018-02-13 00:00:00',1000.0000,'','2018-06-07 03:09:39',0,'2018-06-07 03:09:39',0),(342,1,171,171,10,0,0,17,'2018-02-13 00:00:00',-1000.0000,'','2018-06-07 03:09:39',0,'2018-06-07 03:09:39',0),(343,1,172,172,6,0,0,17,'2018-02-13 00:00:00',3500.0000,'','2018-06-07 03:09:39',0,'2018-06-07 03:09:39',0),(344,1,172,172,10,0,0,17,'2018-02-13 00:00:00',-3500.0000,'','2018-06-07 03:09:39',0,'2018-06-07 03:09:39',0),(345,1,173,173,6,0,0,18,'2018-02-13 00:00:00',1000.0000,'','2018-06-07 03:09:39',0,'2018-06-07 03:09:39',0),(346,1,173,173,10,0,0,18,'2018-02-13 00:00:00',-1000.0000,'','2018-06-07 03:09:39',0,'2018-06-07 03:09:39',0),(347,1,174,174,6,0,0,18,'2018-02-13 00:00:00',3500.0000,'','2018-06-07 03:09:39',0,'2018-06-07 03:09:39',0),(348,1,174,174,10,0,0,18,'2018-02-13 00:00:00',-3500.0000,'','2018-06-07 03:09:39',0,'2018-06-07 03:09:39',0),(349,1,175,175,6,0,0,19,'2018-02-13 00:00:00',1428.5700,'','2018-06-07 03:09:39',0,'2018-06-07 03:09:39',0),(350,1,175,175,10,0,0,19,'2018-02-13 00:00:00',-1428.5700,'','2018-06-07 03:09:39',0,'2018-06-07 03:09:39',0),(351,1,176,176,6,0,0,19,'2018-02-13 00:00:00',5000.0000,'','2018-06-07 03:09:39',0,'2018-06-07 03:09:39',0),(352,1,176,176,10,0,0,19,'2018-02-13 00:00:00',-5000.0000,'','2018-06-07 03:09:39',0,'2018-06-07 03:09:39',0),(353,1,177,177,6,0,0,20,'2018-02-13 00:00:00',1428.5700,'','2018-06-07 03:09:39',0,'2018-06-07 03:09:39',0),(354,1,177,177,10,0,0,20,'2018-02-13 00:00:00',-1428.5700,'','2018-06-07 03:09:39',0,'2018-06-07 03:09:39',0),(355,1,178,178,6,0,0,20,'2018-02-13 00:00:00',5000.0000,'','2018-06-07 03:09:39',0,'2018-06-07 03:09:39',0),(356,1,178,178,10,0,0,20,'2018-02-13 00:00:00',-5000.0000,'','2018-06-07 03:09:39',0,'2018-06-07 03:09:39',0),(357,1,179,179,6,0,0,21,'2018-02-13 00:00:00',1428.5700,'','2018-06-07 03:09:39',0,'2018-06-07 03:09:39',0),(358,1,179,179,10,0,0,21,'2018-02-13 00:00:00',-1428.5700,'','2018-06-07 03:09:39',0,'2018-06-07 03:09:39',0),(359,1,180,180,6,0,0,21,'2018-02-13 00:00:00',5000.0000,'','2018-06-07 03:09:39',0,'2018-06-07 03:09:39',0),(360,1,180,180,10,0,0,21,'2018-02-13 00:00:00',-5000.0000,'','2018-06-07 03:09:39',0,'2018-06-07 03:09:39',0),(361,1,181,181,6,0,0,22,'2018-02-13 00:00:00',1428.5700,'','2018-06-07 03:09:40',0,'2018-06-07 03:09:40',0),(362,1,181,181,10,0,0,22,'2018-02-13 00:00:00',-1428.5700,'','2018-06-07 03:09:40',0,'2018-06-07 03:09:40',0),(363,1,182,182,6,0,0,22,'2018-02-13 00:00:00',5000.0000,'','2018-06-07 03:09:40',0,'2018-06-07 03:09:40',0),(364,1,182,182,10,0,0,22,'2018-02-13 00:00:00',-5000.0000,'','2018-06-07 03:09:40',0,'2018-06-07 03:09:40',0),(365,1,183,183,6,0,0,23,'2018-02-13 00:00:00',1428.5700,'','2018-06-07 03:09:40',0,'2018-06-07 03:09:40',0),(366,1,183,183,10,0,0,23,'2018-02-13 00:00:00',-1428.5700,'','2018-06-07 03:09:40',0,'2018-06-07 03:09:40',0),(367,1,184,184,6,0,0,23,'2018-02-13 00:00:00',5000.0000,'','2018-06-07 03:09:40',0,'2018-06-07 03:09:40',0),(368,1,184,184,10,0,0,23,'2018-02-13 00:00:00',-5000.0000,'','2018-06-07 03:09:40',0,'2018-06-07 03:09:40',0),(369,1,185,185,10,22,22,22,'2018-02-13 00:00:00',1428.5700,'','2018-06-07 03:09:40',0,'2018-06-07 03:09:40',0),(370,1,185,185,9,22,22,22,'2018-02-13 00:00:00',-1428.5700,'','2018-06-07 03:09:40',0,'2018-06-07 03:09:40',0),(371,1,186,186,10,22,22,22,'2018-02-13 00:00:00',5000.0000,'','2018-06-07 03:09:40',0,'2018-06-07 03:09:40',0),(372,1,186,186,9,22,22,22,'2018-02-13 00:00:00',-5000.0000,'','2018-06-07 03:09:40',0,'2018-06-07 03:09:40',0),(373,1,187,187,10,5,5,5,'2018-02-13 00:00:00',571.4300,'','2018-06-07 03:09:40',0,'2018-06-07 03:09:40',0),(374,1,187,187,9,5,5,5,'2018-02-13 00:00:00',-571.4300,'','2018-06-07 03:09:40',0,'2018-06-07 03:09:40',0),(375,1,188,188,10,5,5,5,'2018-02-13 00:00:00',2000.0000,'','2018-06-07 03:09:40',0,'2018-06-07 03:09:40',0),(376,1,188,188,9,5,5,5,'2018-02-13 00:00:00',-2000.0000,'','2018-06-07 03:09:40',0,'2018-06-07 03:09:40',0),(377,1,189,189,10,8,8,8,'2018-02-13 00:00:00',857.1400,'','2018-06-07 03:09:40',0,'2018-06-07 03:09:40',0),(378,1,189,189,9,8,8,8,'2018-02-13 00:00:00',-857.1400,'','2018-06-07 03:09:40',0,'2018-06-07 03:09:40',0),(379,1,190,190,10,8,8,8,'2018-02-13 00:00:00',3000.0000,'','2018-06-07 03:09:40',0,'2018-06-07 03:09:40',0),(380,1,190,190,9,8,8,8,'2018-02-13 00:00:00',-3000.0000,'','2018-06-07 03:09:40',0,'2018-06-07 03:09:40',0),(381,1,191,191,10,9,9,9,'2018-02-13 00:00:00',857.1400,'','2018-06-07 03:09:40',0,'2018-06-07 03:09:40',0),(382,1,191,191,9,9,9,9,'2018-02-13 00:00:00',-857.1400,'','2018-06-07 03:09:40',0,'2018-06-07 03:09:40',0),(383,1,192,192,10,9,9,9,'2018-02-13 00:00:00',3000.0000,'','2018-06-07 03:09:40',0,'2018-06-07 03:09:40',0),(384,1,192,192,9,9,9,9,'2018-02-13 00:00:00',-3000.0000,'','2018-06-07 03:09:40',0,'2018-06-07 03:09:40',0),(385,1,193,193,10,14,14,14,'2018-02-13 00:00:00',1000.0000,'','2018-06-07 03:09:40',0,'2018-06-07 03:09:40',0),(386,1,193,193,9,14,14,14,'2018-02-13 00:00:00',-1000.0000,'','2018-06-07 03:09:40',0,'2018-06-07 03:09:40',0),(387,1,194,194,10,14,14,14,'2018-02-13 00:00:00',3500.0000,'','2018-06-07 03:09:40',0,'2018-06-07 03:09:40',0),(388,1,194,194,9,14,14,14,'2018-02-13 00:00:00',-3500.0000,'','2018-06-07 03:09:40',0,'2018-06-07 03:09:40',0),(389,1,195,195,10,17,17,17,'2018-02-13 00:00:00',1000.0000,'','2018-06-07 03:09:40',0,'2018-06-07 03:09:40',0),(390,1,195,195,9,17,17,17,'2018-02-13 00:00:00',-1000.0000,'','2018-06-07 03:09:40',0,'2018-06-07 03:09:40',0),(391,1,196,196,10,17,17,17,'2018-02-13 00:00:00',3500.0000,'','2018-06-07 03:09:40',0,'2018-06-07 03:09:40',0),(392,1,196,196,9,17,17,17,'2018-02-13 00:00:00',-3500.0000,'','2018-06-07 03:09:40',0,'2018-06-07 03:09:40',0),(393,1,197,197,10,20,20,20,'2018-02-13 00:00:00',1428.5700,'','2018-06-07 03:09:40',0,'2018-06-07 03:09:40',0),(394,1,197,197,9,20,20,20,'2018-02-13 00:00:00',-1428.5700,'','2018-06-07 03:09:40',0,'2018-06-07 03:09:40',0),(395,1,198,198,10,20,20,20,'2018-02-13 00:00:00',5000.0000,'','2018-06-07 03:09:40',0,'2018-06-07 03:09:40',0),(396,1,198,198,9,20,20,20,'2018-02-13 00:00:00',-5000.0000,'','2018-06-07 03:09:40',0,'2018-06-07 03:09:40',0),(397,1,199,199,10,1,1,1,'2018-02-13 00:00:00',571.4300,'','2018-06-07 03:09:40',0,'2018-06-07 03:09:40',0),(398,1,199,199,9,1,1,1,'2018-02-13 00:00:00',-571.4300,'','2018-06-07 03:09:40',0,'2018-06-07 03:09:40',0),(399,1,200,200,10,1,1,1,'2018-02-13 00:00:00',2000.0000,'','2018-06-07 03:09:40',0,'2018-06-07 03:09:40',0),(400,1,200,200,9,1,1,1,'2018-02-13 00:00:00',-2000.0000,'','2018-06-07 03:09:40',0,'2018-06-07 03:09:40',0),(401,1,201,201,10,2,2,2,'2018-02-13 00:00:00',571.4300,'','2018-06-07 03:09:40',0,'2018-06-07 03:09:40',0),(402,1,201,201,9,2,2,2,'2018-02-13 00:00:00',-571.4300,'','2018-06-07 03:09:40',0,'2018-06-07 03:09:40',0),(403,1,202,202,10,2,2,2,'2018-02-13 00:00:00',2000.0000,'','2018-06-07 03:09:40',0,'2018-06-07 03:09:40',0),(404,1,202,202,9,2,2,2,'2018-02-13 00:00:00',-2000.0000,'','2018-06-07 03:09:40',0,'2018-06-07 03:09:40',0),(405,1,203,203,10,4,4,4,'2018-02-13 00:00:00',571.4300,'','2018-06-07 03:09:40',0,'2018-06-07 03:09:40',0),(406,1,203,203,9,4,4,4,'2018-02-13 00:00:00',-571.4300,'','2018-06-07 03:09:40',0,'2018-06-07 03:09:40',0),(407,1,204,204,10,4,4,4,'2018-02-13 00:00:00',2000.0000,'','2018-06-07 03:09:40',0,'2018-06-07 03:09:40',0),(408,1,204,204,9,4,4,4,'2018-02-13 00:00:00',-2000.0000,'','2018-06-07 03:09:40',0,'2018-06-07 03:09:40',0),(409,1,205,205,10,6,6,6,'2018-02-13 00:00:00',857.1400,'','2018-06-07 03:09:40',0,'2018-06-07 03:09:40',0),(410,1,205,205,9,6,6,6,'2018-02-13 00:00:00',-857.1400,'','2018-06-07 03:09:40',0,'2018-06-07 03:09:40',0),(411,1,206,206,10,6,6,6,'2018-02-13 00:00:00',3000.0000,'','2018-06-07 03:09:40',0,'2018-06-07 03:09:40',0),(412,1,206,206,9,6,6,6,'2018-02-13 00:00:00',-3000.0000,'','2018-06-07 03:09:40',0,'2018-06-07 03:09:40',0),(413,1,207,207,10,19,19,19,'2018-02-13 00:00:00',1428.5700,'','2018-06-07 03:09:40',0,'2018-06-07 03:09:40',0),(414,1,207,207,9,19,19,19,'2018-02-13 00:00:00',-1428.5700,'','2018-06-07 03:09:40',0,'2018-06-07 03:09:40',0),(415,1,208,208,10,19,19,19,'2018-02-13 00:00:00',5000.0000,'','2018-06-07 03:09:40',0,'2018-06-07 03:09:40',0),(416,1,208,208,9,19,19,19,'2018-02-13 00:00:00',-5000.0000,'','2018-06-07 03:09:40',0,'2018-06-07 03:09:40',0),(417,1,209,209,10,16,16,16,'2018-02-13 00:00:00',1000.0000,'','2018-06-07 03:09:40',0,'2018-06-07 03:09:40',0),(418,1,209,209,9,16,16,16,'2018-02-13 00:00:00',-1000.0000,'','2018-06-07 03:09:40',0,'2018-06-07 03:09:40',0),(419,1,210,210,10,16,16,16,'2018-02-13 00:00:00',3500.0000,'','2018-06-07 03:09:40',0,'2018-06-07 03:09:40',0),(420,1,210,210,9,16,16,16,'2018-02-13 00:00:00',-3500.0000,'','2018-06-07 03:09:40',0,'2018-06-07 03:09:40',0),(421,1,211,211,10,23,23,23,'2018-02-13 00:00:00',1428.5700,'','2018-06-07 03:09:40',0,'2018-06-07 03:09:40',0),(422,1,211,211,9,23,23,23,'2018-02-13 00:00:00',-1428.5700,'','2018-06-07 03:09:40',0,'2018-06-07 03:09:40',0),(423,1,212,212,10,23,23,23,'2018-02-13 00:00:00',5000.0000,'','2018-06-07 03:09:40',0,'2018-06-07 03:09:40',0),(424,1,212,212,9,23,23,23,'2018-02-13 00:00:00',-5000.0000,'','2018-06-07 03:09:40',0,'2018-06-07 03:09:40',0),(425,1,213,213,10,3,3,3,'2018-02-13 00:00:00',571.4300,'','2018-06-07 03:09:40',0,'2018-06-07 03:09:40',0),(426,1,213,213,9,3,3,3,'2018-02-13 00:00:00',-571.4300,'','2018-06-07 03:09:40',0,'2018-06-07 03:09:40',0),(427,1,214,214,10,3,3,3,'2018-02-13 00:00:00',2000.0000,'','2018-06-07 03:09:40',0,'2018-06-07 03:09:40',0),(428,1,214,214,9,3,3,3,'2018-02-13 00:00:00',-2000.0000,'','2018-06-07 03:09:40',0,'2018-06-07 03:09:40',0),(429,1,215,215,10,10,10,10,'2018-02-13 00:00:00',857.1400,'','2018-06-07 03:09:40',0,'2018-06-07 03:09:40',0),(430,1,215,215,9,10,10,10,'2018-02-13 00:00:00',-857.1400,'','2018-06-07 03:09:40',0,'2018-06-07 03:09:40',0),(431,1,216,216,10,10,10,10,'2018-02-13 00:00:00',3000.0000,'','2018-06-07 03:09:40',0,'2018-06-07 03:09:40',0),(432,1,216,216,9,10,10,10,'2018-02-13 00:00:00',-3000.0000,'','2018-06-07 03:09:40',0,'2018-06-07 03:09:40',0),(433,1,217,217,10,11,11,11,'2018-02-13 00:00:00',1000.0000,'','2018-06-07 03:09:40',0,'2018-06-07 03:09:40',0),(434,1,217,217,9,11,11,11,'2018-02-13 00:00:00',-1000.0000,'','2018-06-07 03:09:40',0,'2018-06-07 03:09:40',0),(435,1,218,218,10,11,11,11,'2018-02-13 00:00:00',3500.0000,'','2018-06-07 03:09:40',0,'2018-06-07 03:09:40',0),(436,1,218,218,9,11,11,11,'2018-02-13 00:00:00',-3500.0000,'','2018-06-07 03:09:40',0,'2018-06-07 03:09:40',0),(437,1,219,219,10,12,12,12,'2018-02-13 00:00:00',1000.0000,'','2018-06-07 03:09:40',0,'2018-06-07 03:09:40',0),(438,1,219,219,9,12,12,12,'2018-02-13 00:00:00',-1000.0000,'','2018-06-07 03:09:40',0,'2018-06-07 03:09:40',0),(439,1,220,220,10,12,12,12,'2018-02-13 00:00:00',3500.0000,'','2018-06-07 03:09:40',0,'2018-06-07 03:09:40',0),(440,1,220,220,9,12,12,12,'2018-02-13 00:00:00',-3500.0000,'','2018-06-07 03:09:40',0,'2018-06-07 03:09:40',0),(441,1,221,221,10,13,13,13,'2018-02-13 00:00:00',1000.0000,'','2018-06-07 03:09:40',0,'2018-06-07 03:09:40',0),(442,1,221,221,9,13,13,13,'2018-02-13 00:00:00',-1000.0000,'','2018-06-07 03:09:40',0,'2018-06-07 03:09:40',0),(443,1,222,222,10,13,13,13,'2018-02-13 00:00:00',3500.0000,'','2018-06-07 03:09:40',0,'2018-06-07 03:09:40',0),(444,1,222,222,9,13,13,13,'2018-02-13 00:00:00',-3500.0000,'','2018-06-07 03:09:40',0,'2018-06-07 03:09:40',0),(445,1,223,223,10,15,15,15,'2018-02-13 00:00:00',1000.0000,'','2018-06-07 03:09:40',0,'2018-06-07 03:09:40',0),(446,1,223,223,9,15,15,15,'2018-02-13 00:00:00',-1000.0000,'','2018-06-07 03:09:40',0,'2018-06-07 03:09:40',0),(447,1,224,224,10,15,15,15,'2018-02-13 00:00:00',3500.0000,'','2018-06-07 03:09:40',0,'2018-06-07 03:09:40',0),(448,1,224,224,9,15,15,15,'2018-02-13 00:00:00',-3500.0000,'','2018-06-07 03:09:40',0,'2018-06-07 03:09:40',0),(449,1,225,225,10,7,7,7,'2018-02-13 00:00:00',857.1400,'','2018-06-07 03:09:40',0,'2018-06-07 03:09:40',0),(450,1,225,225,9,7,7,7,'2018-02-13 00:00:00',-857.1400,'','2018-06-07 03:09:40',0,'2018-06-07 03:09:40',0),(451,1,226,226,10,7,7,7,'2018-02-13 00:00:00',3000.0000,'','2018-06-07 03:09:40',0,'2018-06-07 03:09:40',0),(452,1,226,226,9,7,7,7,'2018-02-13 00:00:00',-3000.0000,'','2018-06-07 03:09:40',0,'2018-06-07 03:09:40',0),(453,1,227,227,10,18,18,18,'2018-02-13 00:00:00',1000.0000,'','2018-06-07 03:09:40',0,'2018-06-07 03:09:40',0),(454,1,227,227,9,18,18,18,'2018-02-13 00:00:00',-1000.0000,'','2018-06-07 03:09:40',0,'2018-06-07 03:09:40',0),(455,1,228,228,10,18,18,18,'2018-02-13 00:00:00',3500.0000,'','2018-06-07 03:09:40',0,'2018-06-07 03:09:40',0),(456,1,228,228,9,18,18,18,'2018-02-13 00:00:00',-3500.0000,'','2018-06-07 03:09:40',0,'2018-06-07 03:09:40',0),(457,1,229,229,10,21,21,21,'2018-02-13 00:00:00',1428.5700,'','2018-06-07 03:09:40',0,'2018-06-07 03:09:40',0),(458,1,229,229,9,21,21,21,'2018-02-13 00:00:00',-1428.5700,'','2018-06-07 03:09:40',0,'2018-06-07 03:09:40',0),(459,1,230,230,10,21,21,21,'2018-02-13 00:00:00',5000.0000,'','2018-06-07 03:09:40',0,'2018-06-07 03:09:40',0),(460,1,230,230,9,21,21,21,'2018-02-13 00:00:00',-5000.0000,'','2018-06-07 03:09:40',0,'2018-06-07 03:09:40',0),(461,1,231,231,4,1,0,1,'2018-02-13 00:00:00',571.4300,'','2018-06-07 03:09:40',0,'2018-06-07 03:09:40',0),(462,1,231,231,6,1,0,1,'2018-02-13 00:00:00',-571.4300,'','2018-06-07 03:09:40',0,'2018-06-07 03:09:40',0),(463,1,232,232,4,2,0,2,'2018-02-13 00:00:00',571.4300,'','2018-06-07 03:09:40',0,'2018-06-07 03:09:40',0),(464,1,232,232,6,2,0,2,'2018-02-13 00:00:00',-571.4300,'','2018-06-07 03:09:40',0,'2018-06-07 03:09:40',0),(465,1,233,233,4,3,0,3,'2018-02-13 00:00:00',571.4300,'','2018-06-07 03:09:40',0,'2018-06-07 03:09:40',0),(466,1,233,233,6,3,0,3,'2018-02-13 00:00:00',-571.4300,'','2018-06-07 03:09:40',0,'2018-06-07 03:09:40',0),(467,1,234,234,4,4,0,4,'2018-02-13 00:00:00',571.4300,'','2018-06-07 03:09:40',0,'2018-06-07 03:09:40',0),(468,1,234,234,6,4,0,4,'2018-02-13 00:00:00',-571.4300,'','2018-06-07 03:09:40',0,'2018-06-07 03:09:40',0),(469,1,235,235,4,5,0,5,'2018-02-13 00:00:00',571.4300,'','2018-06-07 03:09:40',0,'2018-06-07 03:09:40',0),(470,1,235,235,6,5,0,5,'2018-02-13 00:00:00',-571.4300,'','2018-06-07 03:09:40',0,'2018-06-07 03:09:40',0),(471,1,236,236,4,6,0,6,'2018-02-13 00:00:00',857.1400,'','2018-06-07 03:09:40',0,'2018-06-07 03:09:40',0),(472,1,236,236,6,6,0,6,'2018-02-13 00:00:00',-857.1400,'','2018-06-07 03:09:40',0,'2018-06-07 03:09:40',0),(473,1,237,237,4,7,0,7,'2018-02-13 00:00:00',857.1400,'','2018-06-07 03:09:40',0,'2018-06-07 03:09:40',0),(474,1,237,237,6,7,0,7,'2018-02-13 00:00:00',-857.1400,'','2018-06-07 03:09:40',0,'2018-06-07 03:09:40',0),(475,1,238,238,4,8,0,8,'2018-02-13 00:00:00',857.1400,'','2018-06-07 03:09:40',0,'2018-06-07 03:09:40',0),(476,1,238,238,6,8,0,8,'2018-02-13 00:00:00',-857.1400,'','2018-06-07 03:09:40',0,'2018-06-07 03:09:40',0),(477,1,239,239,4,9,0,9,'2018-02-13 00:00:00',857.1400,'','2018-06-07 03:09:40',0,'2018-06-07 03:09:40',0),(478,1,239,239,6,9,0,9,'2018-02-13 00:00:00',-857.1400,'','2018-06-07 03:09:40',0,'2018-06-07 03:09:40',0),(479,1,240,240,4,10,0,10,'2018-02-13 00:00:00',857.1400,'','2018-06-07 03:09:40',0,'2018-06-07 03:09:40',0),(480,1,240,240,6,10,0,10,'2018-02-13 00:00:00',-857.1400,'','2018-06-07 03:09:40',0,'2018-06-07 03:09:40',0),(481,1,241,241,4,11,0,11,'2018-02-13 00:00:00',1000.0000,'','2018-06-07 03:09:40',0,'2018-06-07 03:09:40',0),(482,1,241,241,6,11,0,11,'2018-02-13 00:00:00',-1000.0000,'','2018-06-07 03:09:40',0,'2018-06-07 03:09:40',0),(483,1,242,242,4,12,0,12,'2018-02-13 00:00:00',1000.0000,'','2018-06-07 03:09:40',0,'2018-06-07 03:09:40',0),(484,1,242,242,6,12,0,12,'2018-02-13 00:00:00',-1000.0000,'','2018-06-07 03:09:40',0,'2018-06-07 03:09:40',0),(485,1,243,243,4,13,0,13,'2018-02-13 00:00:00',1000.0000,'','2018-06-07 03:09:40',0,'2018-06-07 03:09:40',0),(486,1,243,243,6,13,0,13,'2018-02-13 00:00:00',-1000.0000,'','2018-06-07 03:09:40',0,'2018-06-07 03:09:40',0),(487,1,244,244,4,14,0,14,'2018-02-13 00:00:00',1000.0000,'','2018-06-07 03:09:40',0,'2018-06-07 03:09:40',0),(488,1,244,244,6,14,0,14,'2018-02-13 00:00:00',-1000.0000,'','2018-06-07 03:09:40',0,'2018-06-07 03:09:40',0),(489,1,245,245,4,15,0,15,'2018-02-13 00:00:00',1000.0000,'','2018-06-07 03:09:40',0,'2018-06-07 03:09:40',0),(490,1,245,245,6,15,0,15,'2018-02-13 00:00:00',-1000.0000,'','2018-06-07 03:09:40',0,'2018-06-07 03:09:40',0),(491,1,246,246,4,16,0,16,'2018-02-13 00:00:00',1000.0000,'','2018-06-07 03:09:40',0,'2018-06-07 03:09:40',0),(492,1,246,246,6,16,0,16,'2018-02-13 00:00:00',-1000.0000,'','2018-06-07 03:09:40',0,'2018-06-07 03:09:40',0),(493,1,247,247,4,17,0,17,'2018-02-13 00:00:00',1000.0000,'','2018-06-07 03:09:40',0,'2018-06-07 03:09:40',0),(494,1,247,247,6,17,0,17,'2018-02-13 00:00:00',-1000.0000,'','2018-06-07 03:09:40',0,'2018-06-07 03:09:40',0),(495,1,248,248,4,18,0,18,'2018-02-13 00:00:00',1000.0000,'','2018-06-07 03:09:40',0,'2018-06-07 03:09:40',0),(496,1,248,248,6,18,0,18,'2018-02-13 00:00:00',-1000.0000,'','2018-06-07 03:09:40',0,'2018-06-07 03:09:40',0),(497,1,249,249,4,19,0,19,'2018-02-13 00:00:00',1428.5700,'','2018-06-07 03:09:40',0,'2018-06-07 03:09:40',0),(498,1,249,249,6,19,0,19,'2018-02-13 00:00:00',-1428.5700,'','2018-06-07 03:09:40',0,'2018-06-07 03:09:40',0),(499,1,250,250,4,20,0,20,'2018-02-13 00:00:00',1428.5700,'','2018-06-07 03:09:40',0,'2018-06-07 03:09:40',0),(500,1,250,250,6,20,0,20,'2018-02-13 00:00:00',-1428.5700,'','2018-06-07 03:09:40',0,'2018-06-07 03:09:40',0),(501,1,251,251,4,21,0,21,'2018-02-13 00:00:00',1428.5700,'','2018-06-07 03:09:40',0,'2018-06-07 03:09:40',0),(502,1,251,251,6,21,0,21,'2018-02-13 00:00:00',-1428.5700,'','2018-06-07 03:09:40',0,'2018-06-07 03:09:40',0),(503,1,252,252,4,22,0,22,'2018-02-13 00:00:00',1428.5700,'','2018-06-07 03:09:40',0,'2018-06-07 03:09:40',0),(504,1,252,252,6,22,0,22,'2018-02-13 00:00:00',-1428.5700,'','2018-06-07 03:09:40',0,'2018-06-07 03:09:40',0),(505,1,253,253,4,23,0,23,'2018-02-13 00:00:00',1428.5700,'','2018-06-07 03:09:40',0,'2018-06-07 03:09:40',0),(506,1,253,253,6,23,0,23,'2018-02-13 00:00:00',-1428.5700,'','2018-06-07 03:09:40',0,'2018-06-07 03:09:40',0),(507,1,254,254,3,1,0,1,'2018-02-13 00:00:00',2000.0000,'','2018-06-07 03:09:40',0,'2018-06-07 03:09:40',0),(508,1,254,254,6,1,0,1,'2018-02-13 00:00:00',-2000.0000,'','2018-06-07 03:09:40',0,'2018-06-07 03:09:40',0),(509,1,255,255,3,2,0,2,'2018-02-13 00:00:00',2000.0000,'','2018-06-07 03:09:40',0,'2018-06-07 03:09:40',0),(510,1,255,255,6,2,0,2,'2018-02-13 00:00:00',-2000.0000,'','2018-06-07 03:09:40',0,'2018-06-07 03:09:40',0),(511,1,256,256,3,3,0,3,'2018-02-13 00:00:00',2000.0000,'','2018-06-07 03:09:40',0,'2018-06-07 03:09:40',0),(512,1,256,256,6,3,0,3,'2018-02-13 00:00:00',-2000.0000,'','2018-06-07 03:09:40',0,'2018-06-07 03:09:40',0),(513,1,257,257,3,4,0,4,'2018-02-13 00:00:00',2000.0000,'','2018-06-07 03:09:40',0,'2018-06-07 03:09:40',0),(514,1,257,257,6,4,0,4,'2018-02-13 00:00:00',-2000.0000,'','2018-06-07 03:09:40',0,'2018-06-07 03:09:40',0),(515,1,258,258,3,5,0,5,'2018-02-13 00:00:00',2000.0000,'','2018-06-07 03:09:40',0,'2018-06-07 03:09:40',0),(516,1,258,258,6,5,0,5,'2018-02-13 00:00:00',-2000.0000,'','2018-06-07 03:09:40',0,'2018-06-07 03:09:40',0),(517,1,259,259,3,6,0,6,'2018-02-13 00:00:00',3000.0000,'','2018-06-07 03:09:40',0,'2018-06-07 03:09:40',0),(518,1,259,259,6,6,0,6,'2018-02-13 00:00:00',-3000.0000,'','2018-06-07 03:09:40',0,'2018-06-07 03:09:40',0),(519,1,260,260,3,7,0,7,'2018-02-13 00:00:00',3000.0000,'','2018-06-07 03:09:40',0,'2018-06-07 03:09:40',0),(520,1,260,260,6,7,0,7,'2018-02-13 00:00:00',-3000.0000,'','2018-06-07 03:09:40',0,'2018-06-07 03:09:40',0),(521,1,261,261,3,8,0,8,'2018-02-13 00:00:00',3000.0000,'','2018-06-07 03:09:40',0,'2018-06-07 03:09:40',0),(522,1,261,261,6,8,0,8,'2018-02-13 00:00:00',-3000.0000,'','2018-06-07 03:09:40',0,'2018-06-07 03:09:40',0),(523,1,262,262,3,9,0,9,'2018-02-13 00:00:00',3000.0000,'','2018-06-07 03:09:40',0,'2018-06-07 03:09:40',0),(524,1,262,262,6,9,0,9,'2018-02-13 00:00:00',-3000.0000,'','2018-06-07 03:09:40',0,'2018-06-07 03:09:40',0),(525,1,263,263,3,10,0,10,'2018-02-13 00:00:00',3000.0000,'','2018-06-07 03:09:40',0,'2018-06-07 03:09:40',0),(526,1,263,263,6,10,0,10,'2018-02-13 00:00:00',-3000.0000,'','2018-06-07 03:09:40',0,'2018-06-07 03:09:40',0),(527,1,264,264,3,11,0,11,'2018-02-13 00:00:00',3500.0000,'','2018-06-07 03:09:40',0,'2018-06-07 03:09:40',0),(528,1,264,264,6,11,0,11,'2018-02-13 00:00:00',-3500.0000,'','2018-06-07 03:09:40',0,'2018-06-07 03:09:40',0),(529,1,265,265,3,12,0,12,'2018-02-13 00:00:00',3500.0000,'','2018-06-07 03:09:40',0,'2018-06-07 03:09:40',0),(530,1,265,265,6,12,0,12,'2018-02-13 00:00:00',-3500.0000,'','2018-06-07 03:09:40',0,'2018-06-07 03:09:40',0),(531,1,266,266,3,13,0,13,'2018-02-13 00:00:00',3500.0000,'','2018-06-07 03:09:40',0,'2018-06-07 03:09:40',0),(532,1,266,266,6,13,0,13,'2018-02-13 00:00:00',-3500.0000,'','2018-06-07 03:09:40',0,'2018-06-07 03:09:40',0),(533,1,267,267,3,14,0,14,'2018-02-13 00:00:00',3500.0000,'','2018-06-07 03:09:40',0,'2018-06-07 03:09:40',0),(534,1,267,267,6,14,0,14,'2018-02-13 00:00:00',-3500.0000,'','2018-06-07 03:09:40',0,'2018-06-07 03:09:40',0),(535,1,268,268,3,15,0,15,'2018-02-13 00:00:00',3500.0000,'','2018-06-07 03:09:40',0,'2018-06-07 03:09:40',0),(536,1,268,268,6,15,0,15,'2018-02-13 00:00:00',-3500.0000,'','2018-06-07 03:09:40',0,'2018-06-07 03:09:40',0),(537,1,269,269,3,16,0,16,'2018-02-13 00:00:00',3500.0000,'','2018-06-07 03:09:40',0,'2018-06-07 03:09:40',0),(538,1,269,269,6,16,0,16,'2018-02-13 00:00:00',-3500.0000,'','2018-06-07 03:09:40',0,'2018-06-07 03:09:40',0),(539,1,270,270,3,17,0,17,'2018-02-13 00:00:00',3500.0000,'','2018-06-07 03:09:40',0,'2018-06-07 03:09:40',0),(540,1,270,270,6,17,0,17,'2018-02-13 00:00:00',-3500.0000,'','2018-06-07 03:09:40',0,'2018-06-07 03:09:40',0),(541,1,271,271,3,18,0,18,'2018-02-13 00:00:00',3500.0000,'','2018-06-07 03:09:40',0,'2018-06-07 03:09:40',0),(542,1,271,271,6,18,0,18,'2018-02-13 00:00:00',-3500.0000,'','2018-06-07 03:09:40',0,'2018-06-07 03:09:40',0),(543,1,272,272,3,19,0,19,'2018-02-13 00:00:00',5000.0000,'','2018-06-07 03:09:40',0,'2018-06-07 03:09:40',0),(544,1,272,272,6,19,0,19,'2018-02-13 00:00:00',-5000.0000,'','2018-06-07 03:09:40',0,'2018-06-07 03:09:40',0),(545,1,273,273,3,20,0,20,'2018-02-13 00:00:00',5000.0000,'','2018-06-07 03:09:40',0,'2018-06-07 03:09:40',0),(546,1,273,273,6,20,0,20,'2018-02-13 00:00:00',-5000.0000,'','2018-06-07 03:09:40',0,'2018-06-07 03:09:40',0),(547,1,274,274,3,21,0,21,'2018-02-13 00:00:00',5000.0000,'','2018-06-07 03:09:40',0,'2018-06-07 03:09:40',0),(548,1,274,274,6,21,0,21,'2018-02-13 00:00:00',-5000.0000,'','2018-06-07 03:09:40',0,'2018-06-07 03:09:40',0),(549,1,275,275,3,22,0,22,'2018-02-13 00:00:00',5000.0000,'','2018-06-07 03:09:40',0,'2018-06-07 03:09:40',0),(550,1,275,275,6,22,0,22,'2018-02-13 00:00:00',-5000.0000,'','2018-06-07 03:09:40',0,'2018-06-07 03:09:40',0),(551,1,276,276,3,23,0,23,'2018-02-13 00:00:00',5000.0000,'','2018-06-07 03:09:40',0,'2018-06-07 03:09:40',0),(552,1,276,276,6,23,0,23,'2018-02-13 00:00:00',-5000.0000,'','2018-06-07 03:09:40',0,'2018-06-07 03:09:40',0);
/*!40000 ALTER TABLE `LedgerEntry` ENABLE KEYS */;
UNLOCK TABLES;

--
-- Table structure for table `LedgerMarker`
--

DROP TABLE IF EXISTS `LedgerMarker`;
/*!40101 SET @saved_cs_client     = @@character_set_client */;
/*!40101 SET character_set_client = utf8 */;
CREATE TABLE `LedgerMarker` (
  `LMID` bigint(20) NOT NULL AUTO_INCREMENT,
  `LID` bigint(20) NOT NULL DEFAULT '0',
  `BID` bigint(20) NOT NULL DEFAULT '0',
  `RAID` bigint(20) NOT NULL DEFAULT '0',
  `RID` bigint(20) NOT NULL DEFAULT '0',
  `TCID` bigint(20) NOT NULL DEFAULT '0',
  `Dt` datetime NOT NULL DEFAULT '1970-01-01 00:00:00',
  `Balance` decimal(19,4) NOT NULL DEFAULT '0.0000',
  `State` smallint(6) NOT NULL DEFAULT '0',
  `LastModTime` timestamp NOT NULL DEFAULT CURRENT_TIMESTAMP ON UPDATE CURRENT_TIMESTAMP,
  `LastModBy` bigint(20) NOT NULL DEFAULT '0',
  `CreateTS` timestamp NOT NULL DEFAULT CURRENT_TIMESTAMP,
  `CreateBy` bigint(20) NOT NULL DEFAULT '0',
  PRIMARY KEY (`LMID`)
) ENGINE=InnoDB AUTO_INCREMENT=121 DEFAULT CHARSET=utf8;
/*!40101 SET character_set_client = @saved_cs_client */;

--
-- Dumping data for table `LedgerMarker`
--

LOCK TABLES `LedgerMarker` WRITE;
/*!40000 ALTER TABLE `LedgerMarker` DISABLE KEYS */;
INSERT INTO `LedgerMarker` VALUES (1,1,1,0,0,0,'1970-01-01 00:00:00',0.0000,3,'2017-11-10 23:24:22',0,'2017-11-10 23:24:22',0),(2,2,1,0,0,0,'1970-01-01 00:00:00',0.0000,3,'2017-11-10 23:24:22',0,'2017-11-10 23:24:22',0),(3,3,1,0,0,0,'1970-01-01 00:00:00',0.0000,3,'2017-11-10 23:24:22',0,'2017-11-10 23:24:22',0),(4,4,1,0,0,0,'1970-01-01 00:00:00',0.0000,3,'2017-11-10 23:24:22',0,'2017-11-10 23:24:22',0),(5,5,1,0,0,0,'1970-01-01 00:00:00',0.0000,3,'2017-11-10 23:24:22',0,'2017-11-10 23:24:22',0),(6,6,1,0,0,0,'1970-01-01 00:00:00',0.0000,3,'2017-11-10 23:24:22',0,'2017-11-10 23:24:22',0),(7,7,1,0,0,0,'1970-01-01 00:00:00',0.0000,3,'2017-11-10 23:24:22',0,'2017-11-10 23:24:22',0),(8,8,1,0,0,0,'1970-01-01 00:00:00',0.0000,3,'2017-11-10 23:24:22',0,'2017-11-10 23:24:22',0),(9,9,1,0,0,0,'1970-01-01 00:00:00',0.0000,3,'2017-11-10 23:24:22',0,'2017-11-10 23:24:22',0),(10,10,1,0,0,0,'1970-01-01 00:00:00',0.0000,3,'2017-11-10 23:24:22',0,'2017-11-10 23:24:22',0),(11,11,1,0,0,0,'1970-01-01 00:00:00',0.0000,3,'2017-11-10 23:24:22',0,'2017-11-10 23:24:22',0),(12,12,1,0,0,0,'1970-01-01 00:00:00',0.0000,3,'2017-11-10 23:24:22',0,'2017-11-10 23:24:22',0),(13,13,1,0,0,0,'1970-01-01 00:00:00',0.0000,3,'2017-11-10 23:24:22',0,'2017-11-10 23:24:22',0),(14,14,1,0,0,0,'1970-01-01 00:00:00',0.0000,3,'2017-11-10 23:24:22',0,'2017-11-10 23:24:22',0),(15,15,1,0,0,0,'1970-01-01 00:00:00',0.0000,3,'2017-11-10 23:24:22',0,'2017-11-10 23:24:22',0),(16,16,1,0,0,0,'1970-01-01 00:00:00',0.0000,3,'2017-11-10 23:24:22',0,'2017-11-10 23:24:22',0),(17,17,1,0,0,0,'1970-01-01 00:00:00',0.0000,3,'2017-11-10 23:24:22',0,'2017-11-10 23:24:22',0),(18,18,1,0,0,0,'1970-01-01 00:00:00',0.0000,3,'2017-11-10 23:24:22',0,'2017-11-10 23:24:22',0),(19,19,1,0,0,0,'1970-01-01 00:00:00',0.0000,3,'2017-11-10 23:24:22',0,'2017-11-10 23:24:22',0),(20,20,1,0,0,0,'1970-01-01 00:00:00',0.0000,3,'2017-11-10 23:24:22',0,'2017-11-10 23:24:22',0),(21,21,1,0,0,0,'1970-01-01 00:00:00',0.0000,3,'2017-11-10 23:24:22',0,'2017-11-10 23:24:22',0),(22,22,1,0,0,0,'1970-01-01 00:00:00',0.0000,3,'2017-11-10 23:24:22',0,'2017-11-10 23:24:22',0),(23,23,1,0,0,0,'1970-01-01 00:00:00',0.0000,3,'2017-11-10 23:24:22',0,'2017-11-10 23:24:22',0),(24,24,1,0,0,0,'1970-01-01 00:00:00',0.0000,3,'2017-11-10 23:24:22',0,'2017-11-10 23:24:22',0),(25,25,1,0,0,0,'1970-01-01 00:00:00',0.0000,3,'2017-11-10 23:24:22',0,'2017-11-10 23:24:22',0),(26,26,1,0,0,0,'1970-01-01 00:00:00',0.0000,3,'2017-11-10 23:24:22',0,'2017-11-10 23:24:22',0),(27,27,1,0,0,0,'1970-01-01 00:00:00',0.0000,3,'2017-11-10 23:24:22',0,'2017-11-10 23:24:22',0),(28,28,1,0,0,0,'1970-01-01 00:00:00',0.0000,3,'2017-11-10 23:24:22',0,'2017-11-10 23:24:22',0),(29,29,1,0,0,0,'1970-01-01 00:00:00',0.0000,3,'2017-11-10 23:24:22',0,'2017-11-10 23:24:22',0),(30,30,1,0,0,0,'1970-01-01 00:00:00',0.0000,3,'2017-11-10 23:24:22',0,'2017-11-10 23:24:22',0),(31,31,1,0,0,0,'1970-01-01 00:00:00',0.0000,3,'2017-11-10 23:24:22',0,'2017-11-10 23:24:22',0),(32,32,1,0,0,0,'1970-01-01 00:00:00',0.0000,3,'2017-11-10 23:24:22',0,'2017-11-10 23:24:22',0),(33,33,1,0,0,0,'1970-01-01 00:00:00',0.0000,3,'2017-11-10 23:24:22',0,'2017-11-10 23:24:22',0),(34,34,1,0,0,0,'1970-01-01 00:00:00',0.0000,3,'2017-11-10 23:24:22',0,'2017-11-10 23:24:22',0),(35,35,1,0,0,0,'1970-01-01 00:00:00',0.0000,3,'2017-11-10 23:24:22',0,'2017-11-10 23:24:22',0),(36,36,1,0,0,0,'1970-01-01 00:00:00',0.0000,3,'2017-11-10 23:24:22',0,'2017-11-10 23:24:22',0),(37,37,1,0,0,0,'1970-01-01 00:00:00',0.0000,3,'2017-11-10 23:24:22',0,'2017-11-10 23:24:22',0),(38,38,1,0,0,0,'1970-01-01 00:00:00',0.0000,3,'2017-11-10 23:24:22',0,'2017-11-10 23:24:22',0),(39,39,1,0,0,0,'1970-01-01 00:00:00',0.0000,3,'2017-11-10 23:24:22',0,'2017-11-10 23:24:22',0),(40,40,1,0,0,0,'1970-01-01 00:00:00',0.0000,3,'2017-11-10 23:24:22',0,'2017-11-10 23:24:22',0),(41,41,1,0,0,0,'1970-01-01 00:00:00',0.0000,3,'2017-11-10 23:24:22',0,'2017-11-10 23:24:22',0),(42,42,1,0,0,0,'1970-01-01 00:00:00',0.0000,3,'2017-11-10 23:24:22',0,'2017-11-10 23:24:22',0),(43,43,1,0,0,0,'1970-01-01 00:00:00',0.0000,3,'2017-11-10 23:24:22',0,'2017-11-10 23:24:22',0),(44,44,1,0,0,0,'1970-01-01 00:00:00',0.0000,3,'2017-11-10 23:24:22',0,'2017-11-10 23:24:22',0),(45,45,1,0,0,0,'1970-01-01 00:00:00',0.0000,3,'2017-11-10 23:24:22',0,'2017-11-10 23:24:22',0),(46,46,1,0,0,0,'1970-01-01 00:00:00',0.0000,3,'2017-11-10 23:24:22',0,'2017-11-10 23:24:22',0),(47,47,1,0,0,0,'1970-01-01 00:00:00',0.0000,3,'2017-11-10 23:24:22',0,'2017-11-10 23:24:22',0),(48,48,1,0,0,0,'1970-01-01 00:00:00',0.0000,3,'2017-11-10 23:24:22',0,'2017-11-10 23:24:22',0),(49,49,1,0,0,0,'1970-01-01 00:00:00',0.0000,3,'2017-11-10 23:24:22',0,'2017-11-10 23:24:22',0),(50,50,1,0,0,0,'1970-01-01 00:00:00',0.0000,3,'2017-11-10 23:24:22',0,'2017-11-10 23:24:22',0),(51,51,1,0,0,0,'1970-01-01 00:00:00',0.0000,3,'2017-11-10 23:24:22',0,'2017-11-10 23:24:22',0),(52,52,1,0,0,0,'1970-01-01 00:00:00',0.0000,3,'2017-11-10 23:24:22',0,'2017-11-10 23:24:22',0),(53,53,1,0,0,0,'1970-01-01 00:00:00',0.0000,3,'2017-11-10 23:24:22',0,'2017-11-10 23:24:22',0),(54,54,1,0,0,0,'1970-01-01 00:00:00',0.0000,3,'2017-11-10 23:24:22',0,'2017-11-10 23:24:22',0),(55,55,1,0,0,0,'1970-01-01 00:00:00',0.0000,3,'2017-11-10 23:24:22',0,'2017-11-10 23:24:22',0),(56,56,1,0,0,0,'1970-01-01 00:00:00',0.0000,3,'2017-11-10 23:24:22',0,'2017-11-10 23:24:22',0),(57,57,1,0,0,0,'1970-01-01 00:00:00',0.0000,3,'2017-11-10 23:24:22',0,'2017-11-10 23:24:22',0),(58,58,1,0,0,0,'1970-01-01 00:00:00',0.0000,3,'2017-11-10 23:24:22',0,'2017-11-10 23:24:22',0),(59,59,1,0,0,0,'1970-01-01 00:00:00',0.0000,3,'2017-11-10 23:24:22',0,'2017-11-10 23:24:22',0),(60,60,1,0,0,0,'1970-01-01 00:00:00',0.0000,3,'2017-11-10 23:24:22',0,'2017-11-10 23:24:22',0),(61,61,1,0,0,0,'1970-01-01 00:00:00',0.0000,3,'2017-11-10 23:24:22',0,'2017-11-10 23:24:22',0),(62,62,1,0,0,0,'1970-01-01 00:00:00',0.0000,3,'2017-11-10 23:24:22',0,'2017-11-10 23:24:22',0),(63,63,1,0,0,0,'1970-01-01 00:00:00',0.0000,3,'2017-11-10 23:24:22',0,'2017-11-10 23:24:22',0),(64,64,1,0,0,0,'1970-01-01 00:00:00',0.0000,3,'2017-11-10 23:24:22',0,'2017-11-10 23:24:22',0),(65,65,1,0,0,0,'1970-01-01 00:00:00',0.0000,3,'2017-11-10 23:24:22',0,'2017-11-10 23:24:22',0),(66,66,1,0,0,0,'1970-01-01 00:00:00',0.0000,3,'2017-11-10 23:24:22',0,'2017-11-10 23:24:22',0),(67,67,1,0,0,0,'1970-01-01 00:00:00',0.0000,3,'2017-11-10 23:24:22',0,'2017-11-10 23:24:22',0),(68,68,1,0,0,0,'1970-01-01 00:00:00',0.0000,3,'2017-11-10 23:24:22',0,'2017-11-10 23:24:22',0),(69,69,1,0,0,0,'1970-01-01 00:00:00',0.0000,3,'2017-11-10 23:24:22',0,'2017-11-10 23:24:22',0),(70,70,1,0,0,0,'1970-01-01 00:00:00',0.0000,3,'2017-11-10 23:24:22',0,'2017-11-10 23:24:22',0),(71,71,1,0,0,0,'1970-01-01 00:00:00',0.0000,3,'2017-11-10 23:24:22',0,'2017-11-10 23:24:22',0),(72,72,1,0,0,0,'1970-01-01 00:00:00',0.0000,3,'2017-11-10 23:24:22',0,'2017-11-10 23:24:22',0),(73,73,1,0,0,0,'1970-01-01 00:00:00',0.0000,3,'2017-11-10 23:24:22',0,'2017-11-10 23:24:22',0),(74,74,1,0,0,0,'1970-01-01 00:00:00',0.0000,3,'2017-11-10 23:24:22',0,'2017-11-10 23:24:22',0),(75,0,0,1,0,0,'2018-01-30 00:00:00',0.0000,0,'2018-06-07 03:09:38',0,'2018-06-07 03:09:38',0),(76,0,0,1,1,0,'2018-01-30 00:00:00',0.0000,0,'2018-06-07 03:09:38',0,'2018-06-07 03:09:38',0),(77,0,0,2,0,0,'2018-01-30 00:00:00',0.0000,0,'2018-06-07 03:09:39',0,'2018-06-07 03:09:39',0),(78,0,0,2,2,0,'2018-01-30 00:00:00',0.0000,0,'2018-06-07 03:09:39',0,'2018-06-07 03:09:39',0),(79,0,0,3,0,0,'2018-01-30 00:00:00',0.0000,0,'2018-06-07 03:09:39',0,'2018-06-07 03:09:39',0),(80,0,0,3,3,0,'2018-01-30 00:00:00',0.0000,0,'2018-06-07 03:09:39',0,'2018-06-07 03:09:39',0),(81,0,0,4,0,0,'2018-01-30 00:00:00',0.0000,0,'2018-06-07 03:09:39',0,'2018-06-07 03:09:39',0),(82,0,0,4,4,0,'2018-01-30 00:00:00',0.0000,0,'2018-06-07 03:09:39',0,'2018-06-07 03:09:39',0),(83,0,0,5,0,0,'2018-01-30 00:00:00',0.0000,0,'2018-06-07 03:09:39',0,'2018-06-07 03:09:39',0),(84,0,0,5,5,0,'2018-01-30 00:00:00',0.0000,0,'2018-06-07 03:09:39',0,'2018-06-07 03:09:39',0),(85,0,0,6,0,0,'2018-01-30 00:00:00',0.0000,0,'2018-06-07 03:09:39',0,'2018-06-07 03:09:39',0),(86,0,0,6,6,0,'2018-01-30 00:00:00',0.0000,0,'2018-06-07 03:09:39',0,'2018-06-07 03:09:39',0),(87,0,0,7,0,0,'2018-01-30 00:00:00',0.0000,0,'2018-06-07 03:09:39',0,'2018-06-07 03:09:39',0),(88,0,0,7,7,0,'2018-01-30 00:00:00',0.0000,0,'2018-06-07 03:09:39',0,'2018-06-07 03:09:39',0),(89,0,0,8,0,0,'2018-01-30 00:00:00',0.0000,0,'2018-06-07 03:09:39',0,'2018-06-07 03:09:39',0),(90,0,0,8,8,0,'2018-01-30 00:00:00',0.0000,0,'2018-06-07 03:09:39',0,'2018-06-07 03:09:39',0),(91,0,0,9,0,0,'2018-01-30 00:00:00',0.0000,0,'2018-06-07 03:09:39',0,'2018-06-07 03:09:39',0),(92,0,0,9,9,0,'2018-01-30 00:00:00',0.0000,0,'2018-06-07 03:09:39',0,'2018-06-07 03:09:39',0),(93,0,0,10,0,0,'2018-01-30 00:00:00',0.0000,0,'2018-06-07 03:09:39',0,'2018-06-07 03:09:39',0),(94,0,0,10,10,0,'2018-01-30 00:00:00',0.0000,0,'2018-06-07 03:09:39',0,'2018-06-07 03:09:39',0),(95,0,0,11,0,0,'2018-01-30 00:00:00',0.0000,0,'2018-06-07 03:09:39',0,'2018-06-07 03:09:39',0),(96,0,0,11,11,0,'2018-01-30 00:00:00',0.0000,0,'2018-06-07 03:09:39',0,'2018-06-07 03:09:39',0),(97,0,0,12,0,0,'2018-01-30 00:00:00',0.0000,0,'2018-06-07 03:09:39',0,'2018-06-07 03:09:39',0),(98,0,0,12,12,0,'2018-01-30 00:00:00',0.0000,0,'2018-06-07 03:09:39',0,'2018-06-07 03:09:39',0),(99,0,0,13,0,0,'2018-01-30 00:00:00',0.0000,0,'2018-06-07 03:09:39',0,'2018-06-07 03:09:39',0),(100,0,0,13,13,0,'2018-01-30 00:00:00',0.0000,0,'2018-06-07 03:09:39',0,'2018-06-07 03:09:39',0),(101,0,0,14,0,0,'2018-01-30 00:00:00',0.0000,0,'2018-06-07 03:09:39',0,'2018-06-07 03:09:39',0),(102,0,0,14,14,0,'2018-01-30 00:00:00',0.0000,0,'2018-06-07 03:09:39',0,'2018-06-07 03:09:39',0),(103,0,0,15,0,0,'2018-01-30 00:00:00',0.0000,0,'2018-06-07 03:09:39',0,'2018-06-07 03:09:39',0),(104,0,0,15,15,0,'2018-01-30 00:00:00',0.0000,0,'2018-06-07 03:09:39',0,'2018-06-07 03:09:39',0),(105,0,0,16,0,0,'2018-01-30 00:00:00',0.0000,0,'2018-06-07 03:09:39',0,'2018-06-07 03:09:39',0),(106,0,0,16,16,0,'2018-01-30 00:00:00',0.0000,0,'2018-06-07 03:09:39',0,'2018-06-07 03:09:39',0),(107,0,0,17,0,0,'2018-01-30 00:00:00',0.0000,0,'2018-06-07 03:09:39',0,'2018-06-07 03:09:39',0),(108,0,0,17,17,0,'2018-01-30 00:00:00',0.0000,0,'2018-06-07 03:09:39',0,'2018-06-07 03:09:39',0),(109,0,0,18,0,0,'2018-01-30 00:00:00',0.0000,0,'2018-06-07 03:09:39',0,'2018-06-07 03:09:39',0),(110,0,0,18,18,0,'2018-01-30 00:00:00',0.0000,0,'2018-06-07 03:09:39',0,'2018-06-07 03:09:39',0),(111,0,0,19,0,0,'2018-01-30 00:00:00',0.0000,0,'2018-06-07 03:09:39',0,'2018-06-07 03:09:39',0),(112,0,0,19,19,0,'2018-01-30 00:00:00',0.0000,0,'2018-06-07 03:09:39',0,'2018-06-07 03:09:39',0),(113,0,0,20,0,0,'2018-01-30 00:00:00',0.0000,0,'2018-06-07 03:09:39',0,'2018-06-07 03:09:39',0),(114,0,0,20,20,0,'2018-01-30 00:00:00',0.0000,0,'2018-06-07 03:09:39',0,'2018-06-07 03:09:39',0),(115,0,0,21,0,0,'2018-01-30 00:00:00',0.0000,0,'2018-06-07 03:09:39',0,'2018-06-07 03:09:39',0),(116,0,0,21,21,0,'2018-01-30 00:00:00',0.0000,0,'2018-06-07 03:09:39',0,'2018-06-07 03:09:39',0),(117,0,0,22,0,0,'2018-01-30 00:00:00',0.0000,0,'2018-06-07 03:09:39',0,'2018-06-07 03:09:39',0),(118,0,0,22,22,0,'2018-01-30 00:00:00',0.0000,0,'2018-06-07 03:09:39',0,'2018-06-07 03:09:39',0),(119,0,0,23,0,0,'2018-01-30 00:00:00',0.0000,0,'2018-06-07 03:09:39',0,'2018-06-07 03:09:39',0),(120,0,0,23,23,0,'2018-01-30 00:00:00',0.0000,0,'2018-06-07 03:09:39',0,'2018-06-07 03:09:39',0);
/*!40000 ALTER TABLE `LedgerMarker` ENABLE KEYS */;
UNLOCK TABLES;

--
-- Table structure for table `LedgerMarkerAudit`
--

DROP TABLE IF EXISTS `LedgerMarkerAudit`;
/*!40101 SET @saved_cs_client     = @@character_set_client */;
/*!40101 SET character_set_client = utf8 */;
CREATE TABLE `LedgerMarkerAudit` (
  `LMID` bigint(20) NOT NULL DEFAULT '0',
  `BID` bigint(20) NOT NULL DEFAULT '0',
  `UID` mediumint(9) NOT NULL DEFAULT '0',
  `LastModTime` timestamp NOT NULL DEFAULT CURRENT_TIMESTAMP ON UPDATE CURRENT_TIMESTAMP,
  `LastModBy` bigint(20) NOT NULL DEFAULT '0',
  `CreateTS` timestamp NOT NULL DEFAULT CURRENT_TIMESTAMP,
  `CreateBy` bigint(20) NOT NULL DEFAULT '0'
) ENGINE=InnoDB DEFAULT CHARSET=utf8;
/*!40101 SET character_set_client = @saved_cs_client */;

--
-- Dumping data for table `LedgerMarkerAudit`
--

LOCK TABLES `LedgerMarkerAudit` WRITE;
/*!40000 ALTER TABLE `LedgerMarkerAudit` DISABLE KEYS */;
/*!40000 ALTER TABLE `LedgerMarkerAudit` ENABLE KEYS */;
UNLOCK TABLES;

--
-- Table structure for table `MRHistory`
--

DROP TABLE IF EXISTS `MRHistory`;
/*!40101 SET @saved_cs_client     = @@character_set_client */;
/*!40101 SET character_set_client = utf8 */;
CREATE TABLE `MRHistory` (
  `MRHID` bigint(20) NOT NULL AUTO_INCREMENT,
  `MRStatus` smallint(6) NOT NULL DEFAULT '0',
  `DtMRStart` timestamp NOT NULL DEFAULT CURRENT_TIMESTAMP,
  `DtMRStop` timestamp NOT NULL DEFAULT CURRENT_TIMESTAMP,
  `LastModTime` timestamp NOT NULL DEFAULT CURRENT_TIMESTAMP ON UPDATE CURRENT_TIMESTAMP,
  `LastModBy` bigint(20) NOT NULL DEFAULT '0',
  `CreateTS` timestamp NOT NULL DEFAULT CURRENT_TIMESTAMP,
  `CreateBy` bigint(20) NOT NULL DEFAULT '0',
  PRIMARY KEY (`MRHID`)
) ENGINE=InnoDB DEFAULT CHARSET=utf8;
/*!40101 SET character_set_client = @saved_cs_client */;

--
-- Dumping data for table `MRHistory`
--

LOCK TABLES `MRHistory` WRITE;
/*!40000 ALTER TABLE `MRHistory` DISABLE KEYS */;
/*!40000 ALTER TABLE `MRHistory` ENABLE KEYS */;
UNLOCK TABLES;

--
-- Table structure for table `NoteList`
--

DROP TABLE IF EXISTS `NoteList`;
/*!40101 SET @saved_cs_client     = @@character_set_client */;
/*!40101 SET character_set_client = utf8 */;
CREATE TABLE `NoteList` (
  `NLID` bigint(20) NOT NULL AUTO_INCREMENT,
  `BID` bigint(20) NOT NULL DEFAULT '0',
  `LastModTime` timestamp NOT NULL DEFAULT CURRENT_TIMESTAMP ON UPDATE CURRENT_TIMESTAMP,
  `LastModBy` bigint(20) NOT NULL DEFAULT '0',
  `CreateTS` timestamp NOT NULL DEFAULT CURRENT_TIMESTAMP,
  `CreateBy` bigint(20) NOT NULL DEFAULT '0',
  PRIMARY KEY (`NLID`)
) ENGINE=InnoDB DEFAULT CHARSET=utf8;
/*!40101 SET character_set_client = @saved_cs_client */;

--
-- Dumping data for table `NoteList`
--

LOCK TABLES `NoteList` WRITE;
/*!40000 ALTER TABLE `NoteList` DISABLE KEYS */;
/*!40000 ALTER TABLE `NoteList` ENABLE KEYS */;
UNLOCK TABLES;

--
-- Table structure for table `NoteType`
--

DROP TABLE IF EXISTS `NoteType`;
/*!40101 SET @saved_cs_client     = @@character_set_client */;
/*!40101 SET character_set_client = utf8 */;
CREATE TABLE `NoteType` (
  `NTID` bigint(20) NOT NULL AUTO_INCREMENT,
  `BID` bigint(20) NOT NULL DEFAULT '0',
  `Name` varchar(128) NOT NULL DEFAULT '',
  `LastModTime` timestamp NOT NULL DEFAULT CURRENT_TIMESTAMP ON UPDATE CURRENT_TIMESTAMP,
  `LastModBy` bigint(20) NOT NULL DEFAULT '0',
  `CreateTS` timestamp NOT NULL DEFAULT CURRENT_TIMESTAMP,
  `CreateBy` bigint(20) NOT NULL DEFAULT '0',
  PRIMARY KEY (`NTID`)
) ENGINE=InnoDB DEFAULT CHARSET=utf8;
/*!40101 SET character_set_client = @saved_cs_client */;

--
-- Dumping data for table `NoteType`
--

LOCK TABLES `NoteType` WRITE;
/*!40000 ALTER TABLE `NoteType` DISABLE KEYS */;
/*!40000 ALTER TABLE `NoteType` ENABLE KEYS */;
UNLOCK TABLES;

--
-- Table structure for table `Notes`
--

DROP TABLE IF EXISTS `Notes`;
/*!40101 SET @saved_cs_client     = @@character_set_client */;
/*!40101 SET character_set_client = utf8 */;
CREATE TABLE `Notes` (
  `NID` bigint(20) NOT NULL AUTO_INCREMENT,
  `BID` bigint(20) NOT NULL DEFAULT '0',
  `NLID` bigint(20) NOT NULL DEFAULT '0',
  `PNID` bigint(20) NOT NULL DEFAULT '0',
  `NTID` bigint(20) NOT NULL DEFAULT '0',
  `RID` bigint(20) NOT NULL DEFAULT '0',
  `RAID` bigint(20) NOT NULL DEFAULT '0',
  `TCID` bigint(20) NOT NULL DEFAULT '0',
  `Comment` varchar(1024) NOT NULL DEFAULT '',
  `LastModTime` timestamp NOT NULL DEFAULT CURRENT_TIMESTAMP ON UPDATE CURRENT_TIMESTAMP,
  `LastModBy` bigint(20) NOT NULL DEFAULT '0',
  `CreateTS` timestamp NOT NULL DEFAULT CURRENT_TIMESTAMP,
  `CreateBy` bigint(20) NOT NULL DEFAULT '0',
  PRIMARY KEY (`NID`)
) ENGINE=InnoDB DEFAULT CHARSET=utf8;
/*!40101 SET character_set_client = @saved_cs_client */;

--
-- Dumping data for table `Notes`
--

LOCK TABLES `Notes` WRITE;
/*!40000 ALTER TABLE `Notes` DISABLE KEYS */;
/*!40000 ALTER TABLE `Notes` ENABLE KEYS */;
UNLOCK TABLES;

--
-- Table structure for table `OtherDeliverables`
--

DROP TABLE IF EXISTS `OtherDeliverables`;
/*!40101 SET @saved_cs_client     = @@character_set_client */;
/*!40101 SET character_set_client = utf8 */;
CREATE TABLE `OtherDeliverables` (
  `ODID` bigint(20) NOT NULL AUTO_INCREMENT,
  `BID` bigint(20) NOT NULL DEFAULT '0',
  `Name` varchar(256) DEFAULT NULL,
  `Active` tinyint(1) NOT NULL DEFAULT '0',
  `LastModTime` timestamp NOT NULL DEFAULT CURRENT_TIMESTAMP ON UPDATE CURRENT_TIMESTAMP,
  `LastModBy` bigint(20) NOT NULL DEFAULT '0',
  `CreateTS` timestamp NOT NULL DEFAULT CURRENT_TIMESTAMP,
  `CreateBy` bigint(20) NOT NULL DEFAULT '0',
  PRIMARY KEY (`ODID`)
) ENGINE=InnoDB DEFAULT CHARSET=utf8;
/*!40101 SET character_set_client = @saved_cs_client */;

--
-- Dumping data for table `OtherDeliverables`
--

LOCK TABLES `OtherDeliverables` WRITE;
/*!40000 ALTER TABLE `OtherDeliverables` DISABLE KEYS */;
/*!40000 ALTER TABLE `OtherDeliverables` ENABLE KEYS */;
UNLOCK TABLES;

--
-- Table structure for table `PaymentType`
--

DROP TABLE IF EXISTS `PaymentType`;
/*!40101 SET @saved_cs_client     = @@character_set_client */;
/*!40101 SET character_set_client = utf8 */;
CREATE TABLE `PaymentType` (
  `PMTID` mediumint(9) NOT NULL AUTO_INCREMENT,
  `BID` bigint(20) NOT NULL,
  `Name` varchar(100) NOT NULL DEFAULT '',
  `Description` varchar(256) NOT NULL DEFAULT '',
  `CreateTS` timestamp NOT NULL DEFAULT CURRENT_TIMESTAMP,
  `CreateBy` bigint(20) NOT NULL DEFAULT '0',
  `LastModTime` timestamp NOT NULL DEFAULT CURRENT_TIMESTAMP ON UPDATE CURRENT_TIMESTAMP,
  `LastModBy` bigint(20) NOT NULL DEFAULT '0',
  PRIMARY KEY (`PMTID`)
) ENGINE=InnoDB AUTO_INCREMENT=6 DEFAULT CHARSET=utf8;
/*!40101 SET character_set_client = @saved_cs_client */;

--
-- Dumping data for table `PaymentType`
--

LOCK TABLES `PaymentType` WRITE;
/*!40000 ALTER TABLE `PaymentType` DISABLE KEYS */;
INSERT INTO `PaymentType` VALUES (1,1,'Cash','Cash','2017-11-10 23:24:23',0,'2017-11-10 23:24:23',0),(2,1,'Check','Personal check from payor','2017-11-10 23:24:23',0,'2017-11-10 23:24:23',0),(3,1,'VISA','Credit card charge','2017-11-10 23:24:23',0,'2017-11-10 23:24:23',0),(4,1,'AMEX','American Express credit card','2017-11-10 23:24:23',0,'2017-11-10 23:24:23',0),(5,1,'ACH','','2017-11-10 23:24:23',0,'2017-11-10 23:24:23',0);
/*!40000 ALTER TABLE `PaymentType` ENABLE KEYS */;
UNLOCK TABLES;

--
-- Table structure for table `Payor`
--

DROP TABLE IF EXISTS `Payor`;
/*!40101 SET @saved_cs_client     = @@character_set_client */;
/*!40101 SET character_set_client = utf8 */;
CREATE TABLE `Payor` (
  `TCID` bigint(20) NOT NULL,
  `BID` bigint(20) NOT NULL DEFAULT '0',
  `TaxpayorID` varchar(25) NOT NULL DEFAULT '',
  `CreditLimit` decimal(19,4) NOT NULL DEFAULT '0.0000',
  `ThirdPartySource` bigint(20) NOT NULL DEFAULT '0',
  `EligibleFuturePayor` tinyint(1) NOT NULL DEFAULT '1',
  `FLAGS` bigint(20) NOT NULL DEFAULT '0',
  `SSN` char(128) NOT NULL DEFAULT '',
  `DriversLicense` char(128) NOT NULL DEFAULT '',
  `GrossIncome` decimal(19,4) NOT NULL DEFAULT '0.0000',
  `LastModTime` timestamp NOT NULL DEFAULT CURRENT_TIMESTAMP ON UPDATE CURRENT_TIMESTAMP,
  `LastModBy` bigint(20) NOT NULL DEFAULT '0',
  `CreateTS` timestamp NOT NULL DEFAULT CURRENT_TIMESTAMP,
  `CreateBy` bigint(20) NOT NULL DEFAULT '0',
  PRIMARY KEY (`TCID`)
) ENGINE=InnoDB DEFAULT CHARSET=utf8;
/*!40101 SET character_set_client = @saved_cs_client */;

--
-- Dumping data for table `Payor`
--

LOCK TABLES `Payor` WRITE;
/*!40000 ALTER TABLE `Payor` DISABLE KEYS */;
/*!40000 ALTER TABLE `Payor` ENABLE KEYS */;
UNLOCK TABLES;

--
-- Table structure for table `Prospect`
--

DROP TABLE IF EXISTS `Prospect`;
/*!40101 SET @saved_cs_client     = @@character_set_client */;
/*!40101 SET character_set_client = utf8 */;
CREATE TABLE `Prospect` (
  `TCID` bigint(20) NOT NULL,
  `BID` bigint(20) NOT NULL DEFAULT '0',
  `CompanyAddress` varchar(100) NOT NULL DEFAULT '',
  `CompanyCity` varchar(100) NOT NULL DEFAULT '',
  `CompanyState` varchar(100) NOT NULL DEFAULT '',
  `CompanyPostalCode` varchar(100) NOT NULL DEFAULT '',
  `CompanyEmail` varchar(100) NOT NULL DEFAULT '',
  `CompanyPhone` varchar(100) NOT NULL DEFAULT '',
  `Occupation` varchar(100) NOT NULL DEFAULT '',
  `DesiredUsageStartDate` date NOT NULL DEFAULT '1970-01-01',
  `RentableTypePreference` bigint(20) NOT NULL DEFAULT '0',
  `FLAGS` bigint(20) NOT NULL DEFAULT '0',
  `EvictedDes` varchar(2048) NOT NULL DEFAULT '',
  `ConvictedDes` varchar(2048) NOT NULL DEFAULT '',
  `BankruptcyDes` varchar(2048) NOT NULL DEFAULT '',
  `Approver` bigint(20) NOT NULL DEFAULT '0',
  `DeclineReasonSLSID` bigint(20) NOT NULL DEFAULT '0',
  `OtherPreferences` varchar(1024) NOT NULL DEFAULT '',
  `FollowUpDate` date NOT NULL DEFAULT '1970-01-01',
  `CSAgent` bigint(20) NOT NULL DEFAULT '0',
  `OutcomeSLSID` bigint(20) NOT NULL DEFAULT '0',
  `CurrentAddress` varchar(200) NOT NULL DEFAULT '',
  `CurrentLandLordName` varchar(100) NOT NULL DEFAULT '',
  `CurrentLandLordPhoneNo` varchar(20) NOT NULL DEFAULT '',
  `CurrentReasonForMoving` bigint(20) NOT NULL DEFAULT '0',
  `CurrentLengthOfResidency` varchar(100) NOT NULL DEFAULT '',
  `PriorAddress` varchar(200) NOT NULL DEFAULT '',
  `PriorLandLordName` varchar(100) NOT NULL DEFAULT '',
  `PriorLandLordPhoneNo` varchar(20) NOT NULL DEFAULT '',
  `PriorReasonForMoving` bigint(20) NOT NULL DEFAULT '0',
  `PriorLengthOfResidency` varchar(100) NOT NULL DEFAULT '',
  `CommissionableThirdParty` text NOT NULL,
  `LastModTime` timestamp NOT NULL DEFAULT CURRENT_TIMESTAMP ON UPDATE CURRENT_TIMESTAMP,
  `LastModBy` bigint(20) NOT NULL DEFAULT '0',
  `CreateTS` timestamp NOT NULL DEFAULT CURRENT_TIMESTAMP,
  `CreateBy` bigint(20) NOT NULL DEFAULT '0',
  PRIMARY KEY (`TCID`)
) ENGINE=InnoDB DEFAULT CHARSET=utf8;
/*!40101 SET character_set_client = @saved_cs_client */;

--
-- Dumping data for table `Prospect`
--

LOCK TABLES `Prospect` WRITE;
/*!40000 ALTER TABLE `Prospect` DISABLE KEYS */;
/*!40000 ALTER TABLE `Prospect` ENABLE KEYS */;
UNLOCK TABLES;

--
-- Table structure for table `RatePlan`
--

DROP TABLE IF EXISTS `RatePlan`;
/*!40101 SET @saved_cs_client     = @@character_set_client */;
/*!40101 SET character_set_client = utf8 */;
CREATE TABLE `RatePlan` (
  `RPID` bigint(20) NOT NULL AUTO_INCREMENT,
  `BID` bigint(20) NOT NULL DEFAULT '0',
  `Name` varchar(100) NOT NULL DEFAULT '',
  `LastModTime` timestamp NOT NULL DEFAULT CURRENT_TIMESTAMP ON UPDATE CURRENT_TIMESTAMP,
  `LastModBy` bigint(20) NOT NULL DEFAULT '0',
  `CreateTS` timestamp NOT NULL DEFAULT CURRENT_TIMESTAMP,
  `CreateBy` bigint(20) NOT NULL DEFAULT '0',
  PRIMARY KEY (`RPID`)
) ENGINE=InnoDB DEFAULT CHARSET=utf8;
/*!40101 SET character_set_client = @saved_cs_client */;

--
-- Dumping data for table `RatePlan`
--

LOCK TABLES `RatePlan` WRITE;
/*!40000 ALTER TABLE `RatePlan` DISABLE KEYS */;
/*!40000 ALTER TABLE `RatePlan` ENABLE KEYS */;
UNLOCK TABLES;

--
-- Table structure for table `RatePlanOD`
--

DROP TABLE IF EXISTS `RatePlanOD`;
/*!40101 SET @saved_cs_client     = @@character_set_client */;
/*!40101 SET character_set_client = utf8 */;
CREATE TABLE `RatePlanOD` (
  `RPRID` bigint(20) NOT NULL DEFAULT '0',
  `BID` bigint(20) NOT NULL DEFAULT '0',
  `ODID` bigint(20) NOT NULL DEFAULT '0',
  `LastModTime` timestamp NOT NULL DEFAULT CURRENT_TIMESTAMP ON UPDATE CURRENT_TIMESTAMP,
  `LastModBy` bigint(20) NOT NULL DEFAULT '0',
  `CreateTS` timestamp NOT NULL DEFAULT CURRENT_TIMESTAMP,
  `CreateBy` bigint(20) NOT NULL DEFAULT '0'
) ENGINE=InnoDB DEFAULT CHARSET=utf8;
/*!40101 SET character_set_client = @saved_cs_client */;

--
-- Dumping data for table `RatePlanOD`
--

LOCK TABLES `RatePlanOD` WRITE;
/*!40000 ALTER TABLE `RatePlanOD` DISABLE KEYS */;
/*!40000 ALTER TABLE `RatePlanOD` ENABLE KEYS */;
UNLOCK TABLES;

--
-- Table structure for table `RatePlanRef`
--

DROP TABLE IF EXISTS `RatePlanRef`;
/*!40101 SET @saved_cs_client     = @@character_set_client */;
/*!40101 SET character_set_client = utf8 */;
CREATE TABLE `RatePlanRef` (
  `RPRID` bigint(20) NOT NULL AUTO_INCREMENT,
  `BID` bigint(20) NOT NULL DEFAULT '0',
  `RPID` bigint(20) NOT NULL DEFAULT '0',
  `DtStart` date DEFAULT '1970-01-01',
  `DtStop` date DEFAULT '1970-01-01',
  `FeeAppliesAge` smallint(6) NOT NULL DEFAULT '0',
  `MaxNoFeeUsers` smallint(6) NOT NULL DEFAULT '0',
  `AdditionalUserFee` decimal(19,4) NOT NULL DEFAULT '0.0000',
  `PromoCode` varchar(100) DEFAULT NULL,
  `CancellationFee` decimal(19,4) NOT NULL DEFAULT '0.0000',
  `FLAGS` bigint(20) NOT NULL DEFAULT '0',
  `LastModTime` timestamp NOT NULL DEFAULT CURRENT_TIMESTAMP ON UPDATE CURRENT_TIMESTAMP,
  `LastModBy` bigint(20) NOT NULL DEFAULT '0',
  `CreateTS` timestamp NOT NULL DEFAULT CURRENT_TIMESTAMP,
  `CreateBy` bigint(20) NOT NULL DEFAULT '0',
  PRIMARY KEY (`RPRID`)
) ENGINE=InnoDB DEFAULT CHARSET=utf8;
/*!40101 SET character_set_client = @saved_cs_client */;

--
-- Dumping data for table `RatePlanRef`
--

LOCK TABLES `RatePlanRef` WRITE;
/*!40000 ALTER TABLE `RatePlanRef` DISABLE KEYS */;
/*!40000 ALTER TABLE `RatePlanRef` ENABLE KEYS */;
UNLOCK TABLES;

--
-- Table structure for table `RatePlanRefRTRate`
--

DROP TABLE IF EXISTS `RatePlanRefRTRate`;
/*!40101 SET @saved_cs_client     = @@character_set_client */;
/*!40101 SET character_set_client = utf8 */;
CREATE TABLE `RatePlanRefRTRate` (
  `RPRID` bigint(20) NOT NULL DEFAULT '0',
  `BID` bigint(20) NOT NULL DEFAULT '0',
  `RTID` bigint(20) NOT NULL DEFAULT '0',
  `FLAGS` bigint(20) NOT NULL DEFAULT '0',
  `Val` decimal(19,4) NOT NULL DEFAULT '0.0000',
  `LastModTime` timestamp NOT NULL DEFAULT CURRENT_TIMESTAMP ON UPDATE CURRENT_TIMESTAMP,
  `LastModBy` bigint(20) NOT NULL DEFAULT '0',
  `CreateTS` timestamp NOT NULL DEFAULT CURRENT_TIMESTAMP,
  `CreateBy` bigint(20) NOT NULL DEFAULT '0',
  `RPRRTRateID` bigint(20) NOT NULL AUTO_INCREMENT,
  PRIMARY KEY (`RPRRTRateID`)
) ENGINE=InnoDB DEFAULT CHARSET=utf8;
/*!40101 SET character_set_client = @saved_cs_client */;

--
-- Dumping data for table `RatePlanRefRTRate`
--

LOCK TABLES `RatePlanRefRTRate` WRITE;
/*!40000 ALTER TABLE `RatePlanRefRTRate` DISABLE KEYS */;
/*!40000 ALTER TABLE `RatePlanRefRTRate` ENABLE KEYS */;
UNLOCK TABLES;

--
-- Table structure for table `RatePlanRefSPRate`
--

DROP TABLE IF EXISTS `RatePlanRefSPRate`;
/*!40101 SET @saved_cs_client     = @@character_set_client */;
/*!40101 SET character_set_client = utf8 */;
CREATE TABLE `RatePlanRefSPRate` (
  `RPRID` bigint(20) NOT NULL DEFAULT '0',
  `BID` bigint(20) NOT NULL DEFAULT '0',
  `RTID` bigint(20) NOT NULL DEFAULT '0',
  `RSPID` bigint(20) NOT NULL DEFAULT '0',
  `FLAGS` bigint(20) NOT NULL DEFAULT '0',
  `Val` decimal(19,4) NOT NULL DEFAULT '0.0000',
  `LastModTime` timestamp NOT NULL DEFAULT CURRENT_TIMESTAMP ON UPDATE CURRENT_TIMESTAMP,
  `LastModBy` bigint(20) NOT NULL DEFAULT '0',
  `CreateTS` timestamp NOT NULL DEFAULT CURRENT_TIMESTAMP,
  `CreateBy` bigint(20) NOT NULL DEFAULT '0',
  `RPRSPRateID` bigint(20) NOT NULL AUTO_INCREMENT,
  PRIMARY KEY (`RPRSPRateID`)
) ENGINE=InnoDB DEFAULT CHARSET=utf8;
/*!40101 SET character_set_client = @saved_cs_client */;

--
-- Dumping data for table `RatePlanRefSPRate`
--

LOCK TABLES `RatePlanRefSPRate` WRITE;
/*!40000 ALTER TABLE `RatePlanRefSPRate` DISABLE KEYS */;
/*!40000 ALTER TABLE `RatePlanRefSPRate` ENABLE KEYS */;
UNLOCK TABLES;

--
-- Table structure for table `Receipt`
--

DROP TABLE IF EXISTS `Receipt`;
/*!40101 SET @saved_cs_client     = @@character_set_client */;
/*!40101 SET character_set_client = utf8 */;
CREATE TABLE `Receipt` (
  `RCPTID` bigint(20) NOT NULL AUTO_INCREMENT,
  `PRCPTID` bigint(20) NOT NULL DEFAULT '0',
  `BID` bigint(20) NOT NULL DEFAULT '0',
  `TCID` bigint(20) NOT NULL DEFAULT '0',
  `PMTID` bigint(20) NOT NULL DEFAULT '0',
  `DEPID` bigint(20) NOT NULL DEFAULT '0',
  `DID` bigint(20) NOT NULL DEFAULT '0',
  `RAID` bigint(20) NOT NULL DEFAULT '0',
  `Dt` datetime NOT NULL DEFAULT '1970-01-01 00:00:00',
  `DocNo` varchar(50) NOT NULL DEFAULT '',
  `Amount` decimal(19,4) NOT NULL DEFAULT '0.0000',
  `AcctRuleReceive` varchar(215) NOT NULL DEFAULT '',
  `ARID` bigint(20) NOT NULL DEFAULT '0',
  `AcctRuleApply` varchar(4096) NOT NULL DEFAULT '',
  `FLAGS` bigint(20) NOT NULL DEFAULT '0',
  `Comment` varchar(256) NOT NULL DEFAULT '',
  `OtherPayorName` varchar(128) NOT NULL DEFAULT '',
  `LastModTime` timestamp NOT NULL DEFAULT CURRENT_TIMESTAMP ON UPDATE CURRENT_TIMESTAMP,
  `LastModBy` bigint(20) NOT NULL DEFAULT '0',
  `CreateTS` timestamp NOT NULL DEFAULT CURRENT_TIMESTAMP,
  `CreateBy` bigint(20) NOT NULL DEFAULT '0',
  PRIMARY KEY (`RCPTID`)
) ENGINE=InnoDB AUTO_INCREMENT=47 DEFAULT CHARSET=utf8;
/*!40101 SET character_set_client = @saved_cs_client */;

--
-- Dumping data for table `Receipt`
--

LOCK TABLES `Receipt` WRITE;
/*!40000 ALTER TABLE `Receipt` DISABLE KEYS */;
INSERT INTO `Receipt` VALUES (1,0,1,1,2,1,1,1,'2018-02-13 00:00:00','831643',571.4300,'',25,'ASM(6) d 12999 571.43,c 12001 571.43',2,'','','2018-06-07 03:09:40',0,'2018-06-07 03:09:39',0),(2,0,1,1,2,2,2,1,'2018-02-13 00:00:00','797301',2000.0000,'',25,'ASM(7) d 12999 2000.00,c 12001 2000.00',2,'','','2018-06-07 03:09:40',0,'2018-06-07 03:09:39',0),(3,0,1,2,2,1,1,2,'2018-02-13 00:00:00','819019',571.4300,'',25,'ASM(13) d 12999 571.43,c 12001 571.43',2,'','','2018-06-07 03:09:40',0,'2018-06-07 03:09:39',0),(4,0,1,2,2,2,2,2,'2018-02-13 00:00:00','233018',2000.0000,'',25,'ASM(14) d 12999 2000.00,c 12001 2000.00',2,'','','2018-06-07 03:09:40',0,'2018-06-07 03:09:39',0),(5,0,1,3,2,1,1,3,'2018-02-13 00:00:00','498694',571.4300,'',25,'ASM(20) d 12999 571.43,c 12001 571.43',2,'','','2018-06-07 03:09:40',0,'2018-06-07 03:09:39',0),(6,0,1,3,2,2,2,3,'2018-02-13 00:00:00','140041',2000.0000,'',25,'ASM(21) d 12999 2000.00,c 12001 2000.00',2,'','','2018-06-07 03:09:40',0,'2018-06-07 03:09:39',0),(7,0,1,4,2,1,1,4,'2018-02-13 00:00:00','862788',571.4300,'',25,'ASM(27) d 12999 571.43,c 12001 571.43',2,'','','2018-06-07 03:09:40',0,'2018-06-07 03:09:39',0),(8,0,1,4,2,2,2,4,'2018-02-13 00:00:00','919021',2000.0000,'',25,'ASM(28) d 12999 2000.00,c 12001 2000.00',2,'','','2018-06-07 03:09:40',0,'2018-06-07 03:09:39',0),(9,0,1,5,2,1,1,5,'2018-02-13 00:00:00','62911',571.4300,'',25,'ASM(34) d 12999 571.43,c 12001 571.43',2,'','','2018-06-07 03:09:40',0,'2018-06-07 03:09:39',0),(10,0,1,5,2,2,2,5,'2018-02-13 00:00:00','458280',2000.0000,'',25,'ASM(35) d 12999 2000.00,c 12001 2000.00',2,'','','2018-06-07 03:09:40',0,'2018-06-07 03:09:39',0),(11,0,1,6,2,1,1,6,'2018-02-13 00:00:00','424343',857.1400,'',25,'ASM(41) d 12999 857.14,c 12001 857.14',2,'','','2018-06-07 03:09:40',0,'2018-06-07 03:09:39',0),(12,0,1,6,2,2,2,6,'2018-02-13 00:00:00','8055',3000.0000,'',25,'ASM(42) d 12999 3000.00,c 12001 3000.00',2,'','','2018-06-07 03:09:40',0,'2018-06-07 03:09:39',0),(13,0,1,7,2,1,1,7,'2018-02-13 00:00:00','692041',857.1400,'',25,'ASM(48) d 12999 857.14,c 12001 857.14',2,'','','2018-06-07 03:09:40',0,'2018-06-07 03:09:39',0),(14,0,1,7,2,2,2,7,'2018-02-13 00:00:00','812453',3000.0000,'',25,'ASM(49) d 12999 3000.00,c 12001 3000.00',2,'','','2018-06-07 03:09:40',0,'2018-06-07 03:09:39',0),(15,0,1,8,2,1,1,8,'2018-02-13 00:00:00','18631',857.1400,'',25,'ASM(55) d 12999 857.14,c 12001 857.14',2,'','','2018-06-07 03:09:40',0,'2018-06-07 03:09:39',0),(16,0,1,8,2,2,2,8,'2018-02-13 00:00:00','858217',3000.0000,'',25,'ASM(56) d 12999 3000.00,c 12001 3000.00',2,'','','2018-06-07 03:09:40',0,'2018-06-07 03:09:39',0),(17,0,1,9,2,1,1,9,'2018-02-13 00:00:00','443631',857.1400,'',25,'ASM(62) d 12999 857.14,c 12001 857.14',2,'','','2018-06-07 03:09:40',0,'2018-06-07 03:09:39',0),(18,0,1,9,2,2,2,9,'2018-02-13 00:00:00','138218',3000.0000,'',25,'ASM(63) d 12999 3000.00,c 12001 3000.00',2,'','','2018-06-07 03:09:40',0,'2018-06-07 03:09:39',0),(19,0,1,10,2,1,1,10,'2018-02-13 00:00:00','546632',857.1400,'',25,'ASM(69) d 12999 857.14,c 12001 857.14',2,'','','2018-06-07 03:09:40',0,'2018-06-07 03:09:39',0),(20,0,1,10,2,2,2,10,'2018-02-13 00:00:00','317514',3000.0000,'',25,'ASM(70) d 12999 3000.00,c 12001 3000.00',2,'','','2018-06-07 03:09:40',0,'2018-06-07 03:09:39',0),(21,0,1,11,2,1,1,11,'2018-02-13 00:00:00','74904',1000.0000,'',25,'ASM(76) d 12999 1000.00,c 12001 1000.00',2,'','','2018-06-07 03:09:40',0,'2018-06-07 03:09:39',0),(22,0,1,11,2,2,2,11,'2018-02-13 00:00:00','679180',3500.0000,'',25,'ASM(77) d 12999 3500.00,c 12001 3500.00',2,'','','2018-06-07 03:09:40',0,'2018-06-07 03:09:39',0),(23,0,1,12,2,1,1,12,'2018-02-13 00:00:00','488500',1000.0000,'',25,'ASM(83) d 12999 1000.00,c 12001 1000.00',2,'','','2018-06-07 03:09:40',0,'2018-06-07 03:09:39',0),(24,0,1,12,2,2,2,12,'2018-02-13 00:00:00','450071',3500.0000,'',25,'ASM(84) d 12999 3500.00,c 12001 3500.00',2,'','','2018-06-07 03:09:40',0,'2018-06-07 03:09:39',0),(25,0,1,13,2,1,1,13,'2018-02-13 00:00:00','803385',1000.0000,'',25,'ASM(90) d 12999 1000.00,c 12001 1000.00',2,'','','2018-06-07 03:09:40',0,'2018-06-07 03:09:39',0),(26,0,1,13,2,2,2,13,'2018-02-13 00:00:00','56823',3500.0000,'',25,'ASM(91) d 12999 3500.00,c 12001 3500.00',2,'','','2018-06-07 03:09:40',0,'2018-06-07 03:09:39',0),(27,0,1,14,2,1,1,14,'2018-02-13 00:00:00','702441',1000.0000,'',25,'ASM(97) d 12999 1000.00,c 12001 1000.00',2,'','','2018-06-07 03:09:40',0,'2018-06-07 03:09:39',0),(28,0,1,14,2,2,2,14,'2018-02-13 00:00:00','778805',3500.0000,'',25,'ASM(98) d 12999 3500.00,c 12001 3500.00',2,'','','2018-06-07 03:09:40',0,'2018-06-07 03:09:39',0),(29,0,1,15,2,1,1,15,'2018-02-13 00:00:00','569258',1000.0000,'',25,'ASM(104) d 12999 1000.00,c 12001 1000.00',2,'','','2018-06-07 03:09:40',0,'2018-06-07 03:09:39',0),(30,0,1,15,2,2,2,15,'2018-02-13 00:00:00','104765',3500.0000,'',25,'ASM(105) d 12999 3500.00,c 12001 3500.00',2,'','','2018-06-07 03:09:40',0,'2018-06-07 03:09:39',0),(31,0,1,16,2,1,1,16,'2018-02-13 00:00:00','495868',1000.0000,'',25,'ASM(111) d 12999 1000.00,c 12001 1000.00',2,'','','2018-06-07 03:09:40',0,'2018-06-07 03:09:39',0),(32,0,1,16,2,2,2,16,'2018-02-13 00:00:00','763083',3500.0000,'',25,'ASM(112) d 12999 3500.00,c 12001 3500.00',2,'','','2018-06-07 03:09:40',0,'2018-06-07 03:09:39',0),(33,0,1,17,2,1,1,17,'2018-02-13 00:00:00','163850',1000.0000,'',25,'ASM(118) d 12999 1000.00,c 12001 1000.00',2,'','','2018-06-07 03:09:40',0,'2018-06-07 03:09:39',0),(34,0,1,17,2,2,2,17,'2018-02-13 00:00:00','721379',3500.0000,'',25,'ASM(119) d 12999 3500.00,c 12001 3500.00',2,'','','2018-06-07 03:09:40',0,'2018-06-07 03:09:39',0),(35,0,1,18,2,1,1,18,'2018-02-13 00:00:00','966812',1000.0000,'',25,'ASM(125) d 12999 1000.00,c 12001 1000.00',2,'','','2018-06-07 03:09:40',0,'2018-06-07 03:09:39',0),(36,0,1,18,2,2,2,18,'2018-02-13 00:00:00','50113',3500.0000,'',25,'ASM(126) d 12999 3500.00,c 12001 3500.00',2,'','','2018-06-07 03:09:40',0,'2018-06-07 03:09:39',0),(37,0,1,19,2,1,1,19,'2018-02-13 00:00:00','440571',1428.5700,'',25,'ASM(132) d 12999 1428.57,c 12001 1428.57',2,'','','2018-06-07 03:09:40',0,'2018-06-07 03:09:39',0),(38,0,1,19,2,2,2,19,'2018-02-13 00:00:00','731422',5000.0000,'',25,'ASM(133) d 12999 5000.00,c 12001 5000.00',2,'','','2018-06-07 03:09:40',0,'2018-06-07 03:09:39',0),(39,0,1,20,2,1,1,20,'2018-02-13 00:00:00','854123',1428.5700,'',25,'ASM(139) d 12999 1428.57,c 12001 1428.57',2,'','','2018-06-07 03:09:40',0,'2018-06-07 03:09:39',0),(40,0,1,20,2,2,2,20,'2018-02-13 00:00:00','728189',5000.0000,'',25,'ASM(140) d 12999 5000.00,c 12001 5000.00',2,'','','2018-06-07 03:09:40',0,'2018-06-07 03:09:39',0),(41,0,1,21,2,1,1,21,'2018-02-13 00:00:00','399364',1428.5700,'',25,'ASM(146) d 12999 1428.57,c 12001 1428.57',2,'','','2018-06-07 03:09:40',0,'2018-06-07 03:09:39',0),(42,0,1,21,2,2,2,21,'2018-02-13 00:00:00','300587',5000.0000,'',25,'ASM(147) d 12999 5000.00,c 12001 5000.00',2,'','','2018-06-07 03:09:40',0,'2018-06-07 03:09:39',0),(43,0,1,22,2,1,1,22,'2018-02-13 00:00:00','546637',1428.5700,'',25,'ASM(153) d 12999 1428.57,c 12001 1428.57',2,'','','2018-06-07 03:09:40',0,'2018-06-07 03:09:40',0),(44,0,1,22,2,2,2,22,'2018-02-13 00:00:00','230399',5000.0000,'',25,'ASM(154) d 12999 5000.00,c 12001 5000.00',2,'','','2018-06-07 03:09:40',0,'2018-06-07 03:09:40',0),(45,0,1,23,2,1,1,23,'2018-02-13 00:00:00','50629',1428.5700,'',25,'ASM(160) d 12999 1428.57,c 12001 1428.57',2,'','','2018-06-07 03:09:40',0,'2018-06-07 03:09:40',0),(46,0,1,23,2,2,2,23,'2018-02-13 00:00:00','508244',5000.0000,'',25,'ASM(161) d 12999 5000.00,c 12001 5000.00',2,'','','2018-06-07 03:09:40',0,'2018-06-07 03:09:40',0);
/*!40000 ALTER TABLE `Receipt` ENABLE KEYS */;
UNLOCK TABLES;

--
-- Table structure for table `ReceiptAllocation`
--

DROP TABLE IF EXISTS `ReceiptAllocation`;
/*!40101 SET @saved_cs_client     = @@character_set_client */;
/*!40101 SET character_set_client = utf8 */;
CREATE TABLE `ReceiptAllocation` (
  `RCPAID` bigint(20) NOT NULL AUTO_INCREMENT,
  `RCPTID` bigint(20) NOT NULL DEFAULT '0',
  `BID` bigint(20) NOT NULL DEFAULT '0',
  `RAID` bigint(20) NOT NULL DEFAULT '0',
  `Dt` datetime NOT NULL DEFAULT '1970-01-01 00:00:00',
  `Amount` decimal(19,4) NOT NULL DEFAULT '0.0000',
  `ASMID` bigint(20) NOT NULL DEFAULT '0',
  `FLAGS` bigint(20) NOT NULL DEFAULT '0',
  `AcctRule` varchar(150) NOT NULL DEFAULT '',
  `LastModTime` timestamp NOT NULL DEFAULT CURRENT_TIMESTAMP ON UPDATE CURRENT_TIMESTAMP,
  `LastModBy` bigint(20) NOT NULL DEFAULT '0',
  `CreateTS` timestamp NOT NULL DEFAULT CURRENT_TIMESTAMP,
  `CreateBy` bigint(20) NOT NULL DEFAULT '0',
  PRIMARY KEY (`RCPAID`)
) ENGINE=InnoDB AUTO_INCREMENT=139 DEFAULT CHARSET=utf8;
/*!40101 SET character_set_client = @saved_cs_client */;

--
-- Dumping data for table `ReceiptAllocation`
--

LOCK TABLES `ReceiptAllocation` WRITE;
/*!40000 ALTER TABLE `ReceiptAllocation` DISABLE KEYS */;
INSERT INTO `ReceiptAllocation` VALUES (1,1,1,1,'2018-02-13 00:00:00',571.4300,0,0,'d 10999 _, c 12999 _','2018-06-07 03:09:39',0,'2018-06-07 03:09:39',0),(2,2,1,1,'2018-02-13 00:00:00',2000.0000,0,0,'d 10999 _, c 12999 _','2018-06-07 03:09:39',0,'2018-06-07 03:09:39',0),(3,3,1,2,'2018-02-13 00:00:00',571.4300,0,0,'d 10999 _, c 12999 _','2018-06-07 03:09:39',0,'2018-06-07 03:09:39',0),(4,4,1,2,'2018-02-13 00:00:00',2000.0000,0,0,'d 10999 _, c 12999 _','2018-06-07 03:09:39',0,'2018-06-07 03:09:39',0),(5,5,1,3,'2018-02-13 00:00:00',571.4300,0,0,'d 10999 _, c 12999 _','2018-06-07 03:09:39',0,'2018-06-07 03:09:39',0),(6,6,1,3,'2018-02-13 00:00:00',2000.0000,0,0,'d 10999 _, c 12999 _','2018-06-07 03:09:39',0,'2018-06-07 03:09:39',0),(7,7,1,4,'2018-02-13 00:00:00',571.4300,0,0,'d 10999 _, c 12999 _','2018-06-07 03:09:39',0,'2018-06-07 03:09:39',0),(8,8,1,4,'2018-02-13 00:00:00',2000.0000,0,0,'d 10999 _, c 12999 _','2018-06-07 03:09:39',0,'2018-06-07 03:09:39',0),(9,9,1,5,'2018-02-13 00:00:00',571.4300,0,0,'d 10999 _, c 12999 _','2018-06-07 03:09:39',0,'2018-06-07 03:09:39',0),(10,10,1,5,'2018-02-13 00:00:00',2000.0000,0,0,'d 10999 _, c 12999 _','2018-06-07 03:09:39',0,'2018-06-07 03:09:39',0),(11,11,1,6,'2018-02-13 00:00:00',857.1400,0,0,'d 10999 _, c 12999 _','2018-06-07 03:09:39',0,'2018-06-07 03:09:39',0),(12,12,1,6,'2018-02-13 00:00:00',3000.0000,0,0,'d 10999 _, c 12999 _','2018-06-07 03:09:39',0,'2018-06-07 03:09:39',0),(13,13,1,7,'2018-02-13 00:00:00',857.1400,0,0,'d 10999 _, c 12999 _','2018-06-07 03:09:39',0,'2018-06-07 03:09:39',0),(14,14,1,7,'2018-02-13 00:00:00',3000.0000,0,0,'d 10999 _, c 12999 _','2018-06-07 03:09:39',0,'2018-06-07 03:09:39',0),(15,15,1,8,'2018-02-13 00:00:00',857.1400,0,0,'d 10999 _, c 12999 _','2018-06-07 03:09:39',0,'2018-06-07 03:09:39',0),(16,16,1,8,'2018-02-13 00:00:00',3000.0000,0,0,'d 10999 _, c 12999 _','2018-06-07 03:09:39',0,'2018-06-07 03:09:39',0),(17,17,1,9,'2018-02-13 00:00:00',857.1400,0,0,'d 10999 _, c 12999 _','2018-06-07 03:09:39',0,'2018-06-07 03:09:39',0),(18,18,1,9,'2018-02-13 00:00:00',3000.0000,0,0,'d 10999 _, c 12999 _','2018-06-07 03:09:39',0,'2018-06-07 03:09:39',0),(19,19,1,10,'2018-02-13 00:00:00',857.1400,0,0,'d 10999 _, c 12999 _','2018-06-07 03:09:39',0,'2018-06-07 03:09:39',0),(20,20,1,10,'2018-02-13 00:00:00',3000.0000,0,0,'d 10999 _, c 12999 _','2018-06-07 03:09:39',0,'2018-06-07 03:09:39',0),(21,21,1,11,'2018-02-13 00:00:00',1000.0000,0,0,'d 10999 _, c 12999 _','2018-06-07 03:09:39',0,'2018-06-07 03:09:39',0),(22,22,1,11,'2018-02-13 00:00:00',3500.0000,0,0,'d 10999 _, c 12999 _','2018-06-07 03:09:39',0,'2018-06-07 03:09:39',0),(23,23,1,12,'2018-02-13 00:00:00',1000.0000,0,0,'d 10999 _, c 12999 _','2018-06-07 03:09:39',0,'2018-06-07 03:09:39',0),(24,24,1,12,'2018-02-13 00:00:00',3500.0000,0,0,'d 10999 _, c 12999 _','2018-06-07 03:09:39',0,'2018-06-07 03:09:39',0),(25,25,1,13,'2018-02-13 00:00:00',1000.0000,0,0,'d 10999 _, c 12999 _','2018-06-07 03:09:39',0,'2018-06-07 03:09:39',0),(26,26,1,13,'2018-02-13 00:00:00',3500.0000,0,0,'d 10999 _, c 12999 _','2018-06-07 03:09:39',0,'2018-06-07 03:09:39',0),(27,27,1,14,'2018-02-13 00:00:00',1000.0000,0,0,'d 10999 _, c 12999 _','2018-06-07 03:09:39',0,'2018-06-07 03:09:39',0),(28,28,1,14,'2018-02-13 00:00:00',3500.0000,0,0,'d 10999 _, c 12999 _','2018-06-07 03:09:39',0,'2018-06-07 03:09:39',0),(29,29,1,15,'2018-02-13 00:00:00',1000.0000,0,0,'d 10999 _, c 12999 _','2018-06-07 03:09:39',0,'2018-06-07 03:09:39',0),(30,30,1,15,'2018-02-13 00:00:00',3500.0000,0,0,'d 10999 _, c 12999 _','2018-06-07 03:09:39',0,'2018-06-07 03:09:39',0),(31,31,1,16,'2018-02-13 00:00:00',1000.0000,0,0,'d 10999 _, c 12999 _','2018-06-07 03:09:39',0,'2018-06-07 03:09:39',0),(32,32,1,16,'2018-02-13 00:00:00',3500.0000,0,0,'d 10999 _, c 12999 _','2018-06-07 03:09:39',0,'2018-06-07 03:09:39',0),(33,33,1,17,'2018-02-13 00:00:00',1000.0000,0,0,'d 10999 _, c 12999 _','2018-06-07 03:09:39',0,'2018-06-07 03:09:39',0),(34,34,1,17,'2018-02-13 00:00:00',3500.0000,0,0,'d 10999 _, c 12999 _','2018-06-07 03:09:39',0,'2018-06-07 03:09:39',0),(35,35,1,18,'2018-02-13 00:00:00',1000.0000,0,0,'d 10999 _, c 12999 _','2018-06-07 03:09:39',0,'2018-06-07 03:09:39',0),(36,36,1,18,'2018-02-13 00:00:00',3500.0000,0,0,'d 10999 _, c 12999 _','2018-06-07 03:09:39',0,'2018-06-07 03:09:39',0),(37,37,1,19,'2018-02-13 00:00:00',1428.5700,0,0,'d 10999 _, c 12999 _','2018-06-07 03:09:39',0,'2018-06-07 03:09:39',0),(38,38,1,19,'2018-02-13 00:00:00',5000.0000,0,0,'d 10999 _, c 12999 _','2018-06-07 03:09:39',0,'2018-06-07 03:09:39',0),(39,39,1,20,'2018-02-13 00:00:00',1428.5700,0,0,'d 10999 _, c 12999 _','2018-06-07 03:09:39',0,'2018-06-07 03:09:39',0),(40,40,1,20,'2018-02-13 00:00:00',5000.0000,0,0,'d 10999 _, c 12999 _','2018-06-07 03:09:39',0,'2018-06-07 03:09:39',0),(41,41,1,21,'2018-02-13 00:00:00',1428.5700,0,0,'d 10999 _, c 12999 _','2018-06-07 03:09:39',0,'2018-06-07 03:09:39',0),(42,42,1,21,'2018-02-13 00:00:00',5000.0000,0,0,'d 10999 _, c 12999 _','2018-06-07 03:09:39',0,'2018-06-07 03:09:39',0),(43,43,1,22,'2018-02-13 00:00:00',1428.5700,0,0,'d 10999 _, c 12999 _','2018-06-07 03:09:40',0,'2018-06-07 03:09:40',0),(44,44,1,22,'2018-02-13 00:00:00',5000.0000,0,0,'d 10999 _, c 12999 _','2018-06-07 03:09:40',0,'2018-06-07 03:09:40',0),(45,45,1,23,'2018-02-13 00:00:00',1428.5700,0,0,'d 10999 _, c 12999 _','2018-06-07 03:09:40',0,'2018-06-07 03:09:40',0),(46,46,1,23,'2018-02-13 00:00:00',5000.0000,0,0,'d 10999 _, c 12999 _','2018-06-07 03:09:40',0,'2018-06-07 03:09:40',0),(47,43,1,22,'2018-02-13 00:00:00',1428.5700,153,0,'ASM(153) d 12999 1428.57,c 12001 1428.57','2018-06-07 03:09:40',0,'2018-06-07 03:09:40',0),(48,44,1,22,'2018-02-13 00:00:00',5000.0000,154,0,'ASM(154) d 12999 5000.00,c 12001 5000.00','2018-06-07 03:09:40',0,'2018-06-07 03:09:40',0),(49,9,1,5,'2018-02-13 00:00:00',571.4300,34,0,'ASM(34) d 12999 571.43,c 12001 571.43','2018-06-07 03:09:40',0,'2018-06-07 03:09:40',0),(50,10,1,5,'2018-02-13 00:00:00',2000.0000,35,0,'ASM(35) d 12999 2000.00,c 12001 2000.00','2018-06-07 03:09:40',0,'2018-06-07 03:09:40',0),(51,15,1,8,'2018-02-13 00:00:00',857.1400,55,0,'ASM(55) d 12999 857.14,c 12001 857.14','2018-06-07 03:09:40',0,'2018-06-07 03:09:40',0),(52,16,1,8,'2018-02-13 00:00:00',3000.0000,56,0,'ASM(56) d 12999 3000.00,c 12001 3000.00','2018-06-07 03:09:40',0,'2018-06-07 03:09:40',0),(53,17,1,9,'2018-02-13 00:00:00',857.1400,62,0,'ASM(62) d 12999 857.14,c 12001 857.14','2018-06-07 03:09:40',0,'2018-06-07 03:09:40',0),(54,18,1,9,'2018-02-13 00:00:00',3000.0000,63,0,'ASM(63) d 12999 3000.00,c 12001 3000.00','2018-06-07 03:09:40',0,'2018-06-07 03:09:40',0),(55,27,1,14,'2018-02-13 00:00:00',1000.0000,97,0,'ASM(97) d 12999 1000.00,c 12001 1000.00','2018-06-07 03:09:40',0,'2018-06-07 03:09:40',0),(56,28,1,14,'2018-02-13 00:00:00',3500.0000,98,0,'ASM(98) d 12999 3500.00,c 12001 3500.00','2018-06-07 03:09:40',0,'2018-06-07 03:09:40',0),(57,33,1,17,'2018-02-13 00:00:00',1000.0000,118,0,'ASM(118) d 12999 1000.00,c 12001 1000.00','2018-06-07 03:09:40',0,'2018-06-07 03:09:40',0),(58,34,1,17,'2018-02-13 00:00:00',3500.0000,119,0,'ASM(119) d 12999 3500.00,c 12001 3500.00','2018-06-07 03:09:40',0,'2018-06-07 03:09:40',0),(59,39,1,20,'2018-02-13 00:00:00',1428.5700,139,0,'ASM(139) d 12999 1428.57,c 12001 1428.57','2018-06-07 03:09:40',0,'2018-06-07 03:09:40',0),(60,40,1,20,'2018-02-13 00:00:00',5000.0000,140,0,'ASM(140) d 12999 5000.00,c 12001 5000.00','2018-06-07 03:09:40',0,'2018-06-07 03:09:40',0),(61,1,1,1,'2018-02-13 00:00:00',571.4300,6,0,'ASM(6) d 12999 571.43,c 12001 571.43','2018-06-07 03:09:40',0,'2018-06-07 03:09:40',0),(62,2,1,1,'2018-02-13 00:00:00',2000.0000,7,0,'ASM(7) d 12999 2000.00,c 12001 2000.00','2018-06-07 03:09:40',0,'2018-06-07 03:09:40',0),(63,3,1,2,'2018-02-13 00:00:00',571.4300,13,0,'ASM(13) d 12999 571.43,c 12001 571.43','2018-06-07 03:09:40',0,'2018-06-07 03:09:40',0),(64,4,1,2,'2018-02-13 00:00:00',2000.0000,14,0,'ASM(14) d 12999 2000.00,c 12001 2000.00','2018-06-07 03:09:40',0,'2018-06-07 03:09:40',0),(65,7,1,4,'2018-02-13 00:00:00',571.4300,27,0,'ASM(27) d 12999 571.43,c 12001 571.43','2018-06-07 03:09:40',0,'2018-06-07 03:09:40',0),(66,8,1,4,'2018-02-13 00:00:00',2000.0000,28,0,'ASM(28) d 12999 2000.00,c 12001 2000.00','2018-06-07 03:09:40',0,'2018-06-07 03:09:40',0),(67,11,1,6,'2018-02-13 00:00:00',857.1400,41,0,'ASM(41) d 12999 857.14,c 12001 857.14','2018-06-07 03:09:40',0,'2018-06-07 03:09:40',0),(68,12,1,6,'2018-02-13 00:00:00',3000.0000,42,0,'ASM(42) d 12999 3000.00,c 12001 3000.00','2018-06-07 03:09:40',0,'2018-06-07 03:09:40',0),(69,37,1,19,'2018-02-13 00:00:00',1428.5700,132,0,'ASM(132) d 12999 1428.57,c 12001 1428.57','2018-06-07 03:09:40',0,'2018-06-07 03:09:40',0),(70,38,1,19,'2018-02-13 00:00:00',5000.0000,133,0,'ASM(133) d 12999 5000.00,c 12001 5000.00','2018-06-07 03:09:40',0,'2018-06-07 03:09:40',0),(71,31,1,16,'2018-02-13 00:00:00',1000.0000,111,0,'ASM(111) d 12999 1000.00,c 12001 1000.00','2018-06-07 03:09:40',0,'2018-06-07 03:09:40',0),(72,32,1,16,'2018-02-13 00:00:00',3500.0000,112,0,'ASM(112) d 12999 3500.00,c 12001 3500.00','2018-06-07 03:09:40',0,'2018-06-07 03:09:40',0),(73,45,1,23,'2018-02-13 00:00:00',1428.5700,160,0,'ASM(160) d 12999 1428.57,c 12001 1428.57','2018-06-07 03:09:40',0,'2018-06-07 03:09:40',0),(74,46,1,23,'2018-02-13 00:00:00',5000.0000,161,0,'ASM(161) d 12999 5000.00,c 12001 5000.00','2018-06-07 03:09:40',0,'2018-06-07 03:09:40',0),(75,5,1,3,'2018-02-13 00:00:00',571.4300,20,0,'ASM(20) d 12999 571.43,c 12001 571.43','2018-06-07 03:09:40',0,'2018-06-07 03:09:40',0),(76,6,1,3,'2018-02-13 00:00:00',2000.0000,21,0,'ASM(21) d 12999 2000.00,c 12001 2000.00','2018-06-07 03:09:40',0,'2018-06-07 03:09:40',0),(77,19,1,10,'2018-02-13 00:00:00',857.1400,69,0,'ASM(69) d 12999 857.14,c 12001 857.14','2018-06-07 03:09:40',0,'2018-06-07 03:09:40',0),(78,20,1,10,'2018-02-13 00:00:00',3000.0000,70,0,'ASM(70) d 12999 3000.00,c 12001 3000.00','2018-06-07 03:09:40',0,'2018-06-07 03:09:40',0),(79,21,1,11,'2018-02-13 00:00:00',1000.0000,76,0,'ASM(76) d 12999 1000.00,c 12001 1000.00','2018-06-07 03:09:40',0,'2018-06-07 03:09:40',0),(80,22,1,11,'2018-02-13 00:00:00',3500.0000,77,0,'ASM(77) d 12999 3500.00,c 12001 3500.00','2018-06-07 03:09:40',0,'2018-06-07 03:09:40',0),(81,23,1,12,'2018-02-13 00:00:00',1000.0000,83,0,'ASM(83) d 12999 1000.00,c 12001 1000.00','2018-06-07 03:09:40',0,'2018-06-07 03:09:40',0),(82,24,1,12,'2018-02-13 00:00:00',3500.0000,84,0,'ASM(84) d 12999 3500.00,c 12001 3500.00','2018-06-07 03:09:40',0,'2018-06-07 03:09:40',0),(83,25,1,13,'2018-02-13 00:00:00',1000.0000,90,0,'ASM(90) d 12999 1000.00,c 12001 1000.00','2018-06-07 03:09:40',0,'2018-06-07 03:09:40',0),(84,26,1,13,'2018-02-13 00:00:00',3500.0000,91,0,'ASM(91) d 12999 3500.00,c 12001 3500.00','2018-06-07 03:09:40',0,'2018-06-07 03:09:40',0),(85,29,1,15,'2018-02-13 00:00:00',1000.0000,104,0,'ASM(104) d 12999 1000.00,c 12001 1000.00','2018-06-07 03:09:40',0,'2018-06-07 03:09:40',0),(86,30,1,15,'2018-02-13 00:00:00',3500.0000,105,0,'ASM(105) d 12999 3500.00,c 12001 3500.00','2018-06-07 03:09:40',0,'2018-06-07 03:09:40',0),(87,13,1,7,'2018-02-13 00:00:00',857.1400,48,0,'ASM(48) d 12999 857.14,c 12001 857.14','2018-06-07 03:09:40',0,'2018-06-07 03:09:40',0),(88,14,1,7,'2018-02-13 00:00:00',3000.0000,49,0,'ASM(49) d 12999 3000.00,c 12001 3000.00','2018-06-07 03:09:40',0,'2018-06-07 03:09:40',0),(89,35,1,18,'2018-02-13 00:00:00',1000.0000,125,0,'ASM(125) d 12999 1000.00,c 12001 1000.00','2018-06-07 03:09:40',0,'2018-06-07 03:09:40',0),(90,36,1,18,'2018-02-13 00:00:00',3500.0000,126,0,'ASM(126) d 12999 3500.00,c 12001 3500.00','2018-06-07 03:09:40',0,'2018-06-07 03:09:40',0),(91,41,1,21,'2018-02-13 00:00:00',1428.5700,146,0,'ASM(146) d 12999 1428.57,c 12001 1428.57','2018-06-07 03:09:40',0,'2018-06-07 03:09:40',0),(92,42,1,21,'2018-02-13 00:00:00',5000.0000,147,0,'ASM(147) d 12999 5000.00,c 12001 5000.00','2018-06-07 03:09:40',0,'2018-06-07 03:09:40',0),(93,1,1,1,'2018-02-13 00:00:00',571.4300,0,0,'d 10105 _, c 10999 _','2018-06-07 03:09:40',0,'2018-06-07 03:09:40',0),(94,3,1,2,'2018-02-13 00:00:00',571.4300,0,0,'d 10105 _, c 10999 _','2018-06-07 03:09:40',0,'2018-06-07 03:09:40',0),(95,5,1,3,'2018-02-13 00:00:00',571.4300,0,0,'d 10105 _, c 10999 _','2018-06-07 03:09:40',0,'2018-06-07 03:09:40',0),(96,7,1,4,'2018-02-13 00:00:00',571.4300,0,0,'d 10105 _, c 10999 _','2018-06-07 03:09:40',0,'2018-06-07 03:09:40',0),(97,9,1,5,'2018-02-13 00:00:00',571.4300,0,0,'d 10105 _, c 10999 _','2018-06-07 03:09:40',0,'2018-06-07 03:09:40',0),(98,11,1,6,'2018-02-13 00:00:00',857.1400,0,0,'d 10105 _, c 10999 _','2018-06-07 03:09:40',0,'2018-06-07 03:09:40',0),(99,13,1,7,'2018-02-13 00:00:00',857.1400,0,0,'d 10105 _, c 10999 _','2018-06-07 03:09:40',0,'2018-06-07 03:09:40',0),(100,15,1,8,'2018-02-13 00:00:00',857.1400,0,0,'d 10105 _, c 10999 _','2018-06-07 03:09:40',0,'2018-06-07 03:09:40',0),(101,17,1,9,'2018-02-13 00:00:00',857.1400,0,0,'d 10105 _, c 10999 _','2018-06-07 03:09:40',0,'2018-06-07 03:09:40',0),(102,19,1,10,'2018-02-13 00:00:00',857.1400,0,0,'d 10105 _, c 10999 _','2018-06-07 03:09:40',0,'2018-06-07 03:09:40',0),(103,21,1,11,'2018-02-13 00:00:00',1000.0000,0,0,'d 10105 _, c 10999 _','2018-06-07 03:09:40',0,'2018-06-07 03:09:40',0),(104,23,1,12,'2018-02-13 00:00:00',1000.0000,0,0,'d 10105 _, c 10999 _','2018-06-07 03:09:40',0,'2018-06-07 03:09:40',0),(105,25,1,13,'2018-02-13 00:00:00',1000.0000,0,0,'d 10105 _, c 10999 _','2018-06-07 03:09:40',0,'2018-06-07 03:09:40',0),(106,27,1,14,'2018-02-13 00:00:00',1000.0000,0,0,'d 10105 _, c 10999 _','2018-06-07 03:09:40',0,'2018-06-07 03:09:40',0),(107,29,1,15,'2018-02-13 00:00:00',1000.0000,0,0,'d 10105 _, c 10999 _','2018-06-07 03:09:40',0,'2018-06-07 03:09:40',0),(108,31,1,16,'2018-02-13 00:00:00',1000.0000,0,0,'d 10105 _, c 10999 _','2018-06-07 03:09:40',0,'2018-06-07 03:09:40',0),(109,33,1,17,'2018-02-13 00:00:00',1000.0000,0,0,'d 10105 _, c 10999 _','2018-06-07 03:09:40',0,'2018-06-07 03:09:40',0),(110,35,1,18,'2018-02-13 00:00:00',1000.0000,0,0,'d 10105 _, c 10999 _','2018-06-07 03:09:40',0,'2018-06-07 03:09:40',0),(111,37,1,19,'2018-02-13 00:00:00',1428.5700,0,0,'d 10105 _, c 10999 _','2018-06-07 03:09:40',0,'2018-06-07 03:09:40',0),(112,39,1,20,'2018-02-13 00:00:00',1428.5700,0,0,'d 10105 _, c 10999 _','2018-06-07 03:09:40',0,'2018-06-07 03:09:40',0),(113,41,1,21,'2018-02-13 00:00:00',1428.5700,0,0,'d 10105 _, c 10999 _','2018-06-07 03:09:40',0,'2018-06-07 03:09:40',0),(114,43,1,22,'2018-02-13 00:00:00',1428.5700,0,0,'d 10105 _, c 10999 _','2018-06-07 03:09:40',0,'2018-06-07 03:09:40',0),(115,45,1,23,'2018-02-13 00:00:00',1428.5700,0,0,'d 10105 _, c 10999 _','2018-06-07 03:09:40',0,'2018-06-07 03:09:40',0),(116,2,1,1,'2018-02-13 00:00:00',2000.0000,0,0,'d 10104 _, c 10999 _','2018-06-07 03:09:40',0,'2018-06-07 03:09:40',0),(117,4,1,2,'2018-02-13 00:00:00',2000.0000,0,0,'d 10104 _, c 10999 _','2018-06-07 03:09:40',0,'2018-06-07 03:09:40',0),(118,6,1,3,'2018-02-13 00:00:00',2000.0000,0,0,'d 10104 _, c 10999 _','2018-06-07 03:09:40',0,'2018-06-07 03:09:40',0),(119,8,1,4,'2018-02-13 00:00:00',2000.0000,0,0,'d 10104 _, c 10999 _','2018-06-07 03:09:40',0,'2018-06-07 03:09:40',0),(120,10,1,5,'2018-02-13 00:00:00',2000.0000,0,0,'d 10104 _, c 10999 _','2018-06-07 03:09:40',0,'2018-06-07 03:09:40',0),(121,12,1,6,'2018-02-13 00:00:00',3000.0000,0,0,'d 10104 _, c 10999 _','2018-06-07 03:09:40',0,'2018-06-07 03:09:40',0),(122,14,1,7,'2018-02-13 00:00:00',3000.0000,0,0,'d 10104 _, c 10999 _','2018-06-07 03:09:40',0,'2018-06-07 03:09:40',0),(123,16,1,8,'2018-02-13 00:00:00',3000.0000,0,0,'d 10104 _, c 10999 _','2018-06-07 03:09:40',0,'2018-06-07 03:09:40',0),(124,18,1,9,'2018-02-13 00:00:00',3000.0000,0,0,'d 10104 _, c 10999 _','2018-06-07 03:09:40',0,'2018-06-07 03:09:40',0),(125,20,1,10,'2018-02-13 00:00:00',3000.0000,0,0,'d 10104 _, c 10999 _','2018-06-07 03:09:40',0,'2018-06-07 03:09:40',0),(126,22,1,11,'2018-02-13 00:00:00',3500.0000,0,0,'d 10104 _, c 10999 _','2018-06-07 03:09:40',0,'2018-06-07 03:09:40',0),(127,24,1,12,'2018-02-13 00:00:00',3500.0000,0,0,'d 10104 _, c 10999 _','2018-06-07 03:09:40',0,'2018-06-07 03:09:40',0),(128,26,1,13,'2018-02-13 00:00:00',3500.0000,0,0,'d 10104 _, c 10999 _','2018-06-07 03:09:40',0,'2018-06-07 03:09:40',0),(129,28,1,14,'2018-02-13 00:00:00',3500.0000,0,0,'d 10104 _, c 10999 _','2018-06-07 03:09:40',0,'2018-06-07 03:09:40',0),(130,30,1,15,'2018-02-13 00:00:00',3500.0000,0,0,'d 10104 _, c 10999 _','2018-06-07 03:09:40',0,'2018-06-07 03:09:40',0),(131,32,1,16,'2018-02-13 00:00:00',3500.0000,0,0,'d 10104 _, c 10999 _','2018-06-07 03:09:40',0,'2018-06-07 03:09:40',0),(132,34,1,17,'2018-02-13 00:00:00',3500.0000,0,0,'d 10104 _, c 10999 _','2018-06-07 03:09:40',0,'2018-06-07 03:09:40',0),(133,36,1,18,'2018-02-13 00:00:00',3500.0000,0,0,'d 10104 _, c 10999 _','2018-06-07 03:09:40',0,'2018-06-07 03:09:40',0),(134,38,1,19,'2018-02-13 00:00:00',5000.0000,0,0,'d 10104 _, c 10999 _','2018-06-07 03:09:40',0,'2018-06-07 03:09:40',0),(135,40,1,20,'2018-02-13 00:00:00',5000.0000,0,0,'d 10104 _, c 10999 _','2018-06-07 03:09:40',0,'2018-06-07 03:09:40',0),(136,42,1,21,'2018-02-13 00:00:00',5000.0000,0,0,'d 10104 _, c 10999 _','2018-06-07 03:09:40',0,'2018-06-07 03:09:40',0),(137,44,1,22,'2018-02-13 00:00:00',5000.0000,0,0,'d 10104 _, c 10999 _','2018-06-07 03:09:40',0,'2018-06-07 03:09:40',0),(138,46,1,23,'2018-02-13 00:00:00',5000.0000,0,0,'d 10104 _, c 10999 _','2018-06-07 03:09:40',0,'2018-06-07 03:09:40',0);
/*!40000 ALTER TABLE `ReceiptAllocation` ENABLE KEYS */;
UNLOCK TABLES;

--
-- Table structure for table `Rentable`
--

DROP TABLE IF EXISTS `Rentable`;
/*!40101 SET @saved_cs_client     = @@character_set_client */;
/*!40101 SET character_set_client = utf8 */;
CREATE TABLE `Rentable` (
  `RID` bigint(20) NOT NULL AUTO_INCREMENT,
  `BID` bigint(20) NOT NULL DEFAULT '0',
  `RentableName` varchar(100) NOT NULL DEFAULT '',
  `AssignmentTime` smallint(6) NOT NULL DEFAULT '0',
  `MRStatus` smallint(6) NOT NULL DEFAULT '0',
  `DtMRStart` timestamp NOT NULL DEFAULT CURRENT_TIMESTAMP,
  `LastModTime` timestamp NOT NULL DEFAULT CURRENT_TIMESTAMP ON UPDATE CURRENT_TIMESTAMP,
  `LastModBy` bigint(20) NOT NULL DEFAULT '0',
  `CreateTS` timestamp NOT NULL DEFAULT CURRENT_TIMESTAMP,
  `CreateBy` bigint(20) NOT NULL DEFAULT '0',
  `Comment` varchar(2048) NOT NULL DEFAULT '',
  PRIMARY KEY (`RID`)
) ENGINE=InnoDB AUTO_INCREMENT=26 DEFAULT CHARSET=utf8;
/*!40101 SET character_set_client = @saved_cs_client */;

--
-- Dumping data for table `Rentable`
--

LOCK TABLES `Rentable` WRITE;
/*!40000 ALTER TABLE `Rentable` DISABLE KEYS */;
INSERT INTO `Rentable` VALUES (1,1,'Rentable001',0,0,'0000-00-00 00:00:00','2018-06-07 03:09:38',0,'2018-06-07 03:09:38',0,''),(2,1,'Rentable002',0,0,'0000-00-00 00:00:00','2018-06-07 03:09:38',0,'2018-06-07 03:09:38',0,''),(3,1,'Rentable003',0,0,'0000-00-00 00:00:00','2018-06-07 03:09:38',0,'2018-06-07 03:09:38',0,''),(4,1,'Rentable004',0,0,'0000-00-00 00:00:00','2018-06-07 03:09:38',0,'2018-06-07 03:09:38',0,''),(5,1,'Rentable005',0,0,'0000-00-00 00:00:00','2018-06-07 03:09:38',0,'2018-06-07 03:09:38',0,''),(6,1,'Rentable006',0,0,'0000-00-00 00:00:00','2018-06-07 03:09:38',0,'2018-06-07 03:09:38',0,''),(7,1,'Rentable007',0,0,'0000-00-00 00:00:00','2018-06-07 03:09:38',0,'2018-06-07 03:09:38',0,''),(8,1,'Rentable008',0,0,'0000-00-00 00:00:00','2018-06-07 03:09:38',0,'2018-06-07 03:09:38',0,''),(9,1,'Rentable009',0,0,'0000-00-00 00:00:00','2018-06-07 03:09:38',0,'2018-06-07 03:09:38',0,''),(10,1,'Rentable010',0,0,'0000-00-00 00:00:00','2018-06-07 03:09:38',0,'2018-06-07 03:09:38',0,''),(11,1,'Rentable011',0,0,'0000-00-00 00:00:00','2018-06-07 03:09:38',0,'2018-06-07 03:09:38',0,''),(12,1,'Rentable012',0,0,'0000-00-00 00:00:00','2018-06-07 03:09:38',0,'2018-06-07 03:09:38',0,''),(13,1,'Rentable013',0,0,'0000-00-00 00:00:00','2018-06-07 03:09:38',0,'2018-06-07 03:09:38',0,''),(14,1,'Rentable014',0,0,'0000-00-00 00:00:00','2018-06-07 03:09:38',0,'2018-06-07 03:09:38',0,''),(15,1,'Rentable015',0,0,'0000-00-00 00:00:00','2018-06-07 03:09:38',0,'2018-06-07 03:09:38',0,''),(16,1,'Rentable016',0,0,'0000-00-00 00:00:00','2018-06-07 03:09:38',0,'2018-06-07 03:09:38',0,''),(17,1,'Rentable017',0,0,'0000-00-00 00:00:00','2018-06-07 03:09:38',0,'2018-06-07 03:09:38',0,''),(18,1,'Rentable018',0,0,'0000-00-00 00:00:00','2018-06-07 03:09:38',0,'2018-06-07 03:09:38',0,''),(19,1,'Rentable019',0,0,'0000-00-00 00:00:00','2018-06-07 03:09:38',0,'2018-06-07 03:09:38',0,''),(20,1,'Rentable020',0,0,'0000-00-00 00:00:00','2018-06-07 03:09:38',0,'2018-06-07 03:09:38',0,''),(21,1,'Rentable021',0,0,'0000-00-00 00:00:00','2018-06-07 03:09:38',0,'2018-06-07 03:09:38',0,''),(22,1,'Rentable022',0,0,'0000-00-00 00:00:00','2018-06-07 03:09:38',0,'2018-06-07 03:09:38',0,''),(23,1,'Rentable023',0,0,'0000-00-00 00:00:00','2018-06-07 03:09:38',0,'2018-06-07 03:09:38',0,''),(24,1,'Rentable024',0,0,'0000-00-00 00:00:00','2018-06-07 03:09:38',0,'2018-06-07 03:09:38',0,''),(25,1,'Rentable025',0,0,'0000-00-00 00:00:00','2018-06-07 03:09:38',0,'2018-06-07 03:09:38',0,'');
/*!40000 ALTER TABLE `Rentable` ENABLE KEYS */;
UNLOCK TABLES;

--
-- Table structure for table `RentableMarketRate`
--

DROP TABLE IF EXISTS `RentableMarketRate`;
/*!40101 SET @saved_cs_client     = @@character_set_client */;
/*!40101 SET character_set_client = utf8 */;
CREATE TABLE `RentableMarketRate` (
  `RMRID` bigint(20) NOT NULL AUTO_INCREMENT,
  `RTID` bigint(20) NOT NULL DEFAULT '0',
  `BID` bigint(20) NOT NULL DEFAULT '0',
  `MarketRate` decimal(19,4) NOT NULL DEFAULT '0.0000',
  `DtStart` datetime NOT NULL DEFAULT '1970-01-01 00:00:00',
  `DtStop` datetime NOT NULL DEFAULT '9999-12-31 23:59:59',
  `LastModTime` timestamp NOT NULL DEFAULT CURRENT_TIMESTAMP ON UPDATE CURRENT_TIMESTAMP,
  `LastModBy` bigint(20) NOT NULL DEFAULT '0',
  `CreateTS` timestamp NOT NULL DEFAULT CURRENT_TIMESTAMP,
  `CreateBy` bigint(20) NOT NULL DEFAULT '0',
  PRIMARY KEY (`RMRID`)
) ENGINE=InnoDB AUTO_INCREMENT=5 DEFAULT CHARSET=utf8;
/*!40101 SET character_set_client = @saved_cs_client */;

--
-- Dumping data for table `RentableMarketRate`
--

LOCK TABLES `RentableMarketRate` WRITE;
/*!40000 ALTER TABLE `RentableMarketRate` DISABLE KEYS */;
INSERT INTO `RentableMarketRate` VALUES (1,1,0,1000.0000,'2018-01-01 00:00:00','3001-01-01 00:00:00','2018-06-07 03:09:38',0,'2018-06-07 03:09:38',0),(2,2,0,1500.0000,'2018-01-01 00:00:00','3001-01-01 00:00:00','2018-06-07 03:09:38',0,'2018-06-07 03:09:38',0),(3,3,0,1750.0000,'2018-01-01 00:00:00','3001-01-01 00:00:00','2018-06-07 03:09:38',0,'2018-06-07 03:09:38',0),(4,4,0,2500.0000,'2018-01-01 00:00:00','3001-01-01 00:00:00','2018-06-07 03:09:38',0,'2018-06-07 03:09:38',0);
/*!40000 ALTER TABLE `RentableMarketRate` ENABLE KEYS */;
UNLOCK TABLES;

--
-- Table structure for table `RentableSpecialty`
--

DROP TABLE IF EXISTS `RentableSpecialty`;
/*!40101 SET @saved_cs_client     = @@character_set_client */;
/*!40101 SET character_set_client = utf8 */;
CREATE TABLE `RentableSpecialty` (
  `RSPID` bigint(20) NOT NULL AUTO_INCREMENT,
  `BID` bigint(20) NOT NULL,
  `Name` varchar(100) NOT NULL DEFAULT '',
  `Fee` decimal(19,4) NOT NULL DEFAULT '0.0000',
  `Description` varchar(256) NOT NULL DEFAULT '',
  `LastModTime` timestamp NOT NULL DEFAULT CURRENT_TIMESTAMP ON UPDATE CURRENT_TIMESTAMP,
  `LastModBy` bigint(20) NOT NULL DEFAULT '0',
  `CreateTS` timestamp NOT NULL DEFAULT CURRENT_TIMESTAMP,
  `CreateBy` bigint(20) NOT NULL DEFAULT '0',
  PRIMARY KEY (`RSPID`)
) ENGINE=InnoDB DEFAULT CHARSET=utf8;
/*!40101 SET character_set_client = @saved_cs_client */;

--
-- Dumping data for table `RentableSpecialty`
--

LOCK TABLES `RentableSpecialty` WRITE;
/*!40000 ALTER TABLE `RentableSpecialty` DISABLE KEYS */;
/*!40000 ALTER TABLE `RentableSpecialty` ENABLE KEYS */;
UNLOCK TABLES;

--
-- Table structure for table `RentableSpecialtyRef`
--

DROP TABLE IF EXISTS `RentableSpecialtyRef`;
/*!40101 SET @saved_cs_client     = @@character_set_client */;
/*!40101 SET character_set_client = utf8 */;
CREATE TABLE `RentableSpecialtyRef` (
  `BID` bigint(20) NOT NULL DEFAULT '0',
  `RID` bigint(20) NOT NULL DEFAULT '0',
  `RSPID` bigint(20) NOT NULL DEFAULT '0',
  `DtStart` date NOT NULL DEFAULT '1970-01-01',
  `DtStop` date NOT NULL DEFAULT '1970-01-01',
  `LastModTime` timestamp NOT NULL DEFAULT CURRENT_TIMESTAMP ON UPDATE CURRENT_TIMESTAMP,
  `LastModBy` bigint(20) NOT NULL DEFAULT '0',
  `CreateTS` timestamp NOT NULL DEFAULT CURRENT_TIMESTAMP,
  `CreateBy` bigint(20) NOT NULL DEFAULT '0',
  `RSPRefID` bigint(20) NOT NULL AUTO_INCREMENT,
  PRIMARY KEY (`RSPRefID`)
) ENGINE=InnoDB DEFAULT CHARSET=utf8;
/*!40101 SET character_set_client = @saved_cs_client */;

--
-- Dumping data for table `RentableSpecialtyRef`
--

LOCK TABLES `RentableSpecialtyRef` WRITE;
/*!40000 ALTER TABLE `RentableSpecialtyRef` DISABLE KEYS */;
/*!40000 ALTER TABLE `RentableSpecialtyRef` ENABLE KEYS */;
UNLOCK TABLES;

--
-- Table structure for table `RentableStatus`
--

DROP TABLE IF EXISTS `RentableStatus`;
/*!40101 SET @saved_cs_client     = @@character_set_client */;
/*!40101 SET character_set_client = utf8 */;
CREATE TABLE `RentableStatus` (
  `RSID` bigint(20) NOT NULL AUTO_INCREMENT,
  `RID` bigint(20) NOT NULL DEFAULT '0',
  `BID` bigint(20) NOT NULL DEFAULT '0',
  `UseStatus` smallint(6) NOT NULL DEFAULT '0',
  `LeaseStatus` smallint(6) NOT NULL DEFAULT '0',
  `DtStart` datetime NOT NULL DEFAULT '1970-01-01 00:00:00',
  `DtStop` datetime NOT NULL DEFAULT '1970-01-01 00:00:00',
  `DtNoticeToVacate` date NOT NULL DEFAULT '1970-01-01',
  `LastModTime` timestamp NOT NULL DEFAULT CURRENT_TIMESTAMP ON UPDATE CURRENT_TIMESTAMP,
  `LastModBy` bigint(20) NOT NULL DEFAULT '0',
  `CreateTS` timestamp NOT NULL DEFAULT CURRENT_TIMESTAMP,
  `CreateBy` bigint(20) NOT NULL DEFAULT '0',
  PRIMARY KEY (`RSID`)
) ENGINE=InnoDB AUTO_INCREMENT=26 DEFAULT CHARSET=utf8;
/*!40101 SET character_set_client = @saved_cs_client */;

--
-- Dumping data for table `RentableStatus`
--

LOCK TABLES `RentableStatus` WRITE;
/*!40000 ALTER TABLE `RentableStatus` DISABLE KEYS */;
INSERT INTO `RentableStatus` VALUES (1,1,1,1,5,'2018-01-01 00:00:00','3001-01-01 00:00:00','0000-00-00','2018-06-07 03:09:38',0,'2018-06-07 03:09:38',0),(2,2,1,1,5,'2018-01-01 00:00:00','3001-01-01 00:00:00','0000-00-00','2018-06-07 03:09:38',0,'2018-06-07 03:09:38',0),(3,3,1,1,5,'2018-01-01 00:00:00','3001-01-01 00:00:00','0000-00-00','2018-06-07 03:09:38',0,'2018-06-07 03:09:38',0),(4,4,1,1,5,'2018-01-01 00:00:00','3001-01-01 00:00:00','0000-00-00','2018-06-07 03:09:38',0,'2018-06-07 03:09:38',0),(5,5,1,1,5,'2018-01-01 00:00:00','3001-01-01 00:00:00','0000-00-00','2018-06-07 03:09:38',0,'2018-06-07 03:09:38',0),(6,6,1,1,5,'2018-01-01 00:00:00','3001-01-01 00:00:00','0000-00-00','2018-06-07 03:09:38',0,'2018-06-07 03:09:38',0),(7,7,1,1,5,'2018-01-01 00:00:00','3001-01-01 00:00:00','0000-00-00','2018-06-07 03:09:38',0,'2018-06-07 03:09:38',0),(8,8,1,1,5,'2018-01-01 00:00:00','3001-01-01 00:00:00','0000-00-00','2018-06-07 03:09:38',0,'2018-06-07 03:09:38',0),(9,9,1,1,5,'2018-01-01 00:00:00','3001-01-01 00:00:00','0000-00-00','2018-06-07 03:09:38',0,'2018-06-07 03:09:38',0),(10,10,1,1,5,'2018-01-01 00:00:00','3001-01-01 00:00:00','0000-00-00','2018-06-07 03:09:38',0,'2018-06-07 03:09:38',0),(11,11,1,1,5,'2018-01-01 00:00:00','3001-01-01 00:00:00','0000-00-00','2018-06-07 03:09:38',0,'2018-06-07 03:09:38',0),(12,12,1,1,5,'2018-01-01 00:00:00','3001-01-01 00:00:00','0000-00-00','2018-06-07 03:09:38',0,'2018-06-07 03:09:38',0),(13,13,1,1,5,'2018-01-01 00:00:00','3001-01-01 00:00:00','0000-00-00','2018-06-07 03:09:38',0,'2018-06-07 03:09:38',0),(14,14,1,1,5,'2018-01-01 00:00:00','3001-01-01 00:00:00','0000-00-00','2018-06-07 03:09:38',0,'2018-06-07 03:09:38',0),(15,15,1,1,5,'2018-01-01 00:00:00','3001-01-01 00:00:00','0000-00-00','2018-06-07 03:09:38',0,'2018-06-07 03:09:38',0),(16,16,1,1,5,'2018-01-01 00:00:00','3001-01-01 00:00:00','0000-00-00','2018-06-07 03:09:38',0,'2018-06-07 03:09:38',0),(17,17,1,1,5,'2018-01-01 00:00:00','3001-01-01 00:00:00','0000-00-00','2018-06-07 03:09:38',0,'2018-06-07 03:09:38',0),(18,18,1,1,5,'2018-01-01 00:00:00','3001-01-01 00:00:00','0000-00-00','2018-06-07 03:09:38',0,'2018-06-07 03:09:38',0),(19,19,1,1,5,'2018-01-01 00:00:00','3001-01-01 00:00:00','0000-00-00','2018-06-07 03:09:38',0,'2018-06-07 03:09:38',0),(20,20,1,1,5,'2018-01-01 00:00:00','3001-01-01 00:00:00','0000-00-00','2018-06-07 03:09:38',0,'2018-06-07 03:09:38',0),(21,21,1,1,5,'2018-01-01 00:00:00','3001-01-01 00:00:00','0000-00-00','2018-06-07 03:09:38',0,'2018-06-07 03:09:38',0),(22,22,1,1,5,'2018-01-01 00:00:00','3001-01-01 00:00:00','0000-00-00','2018-06-07 03:09:38',0,'2018-06-07 03:09:38',0),(23,23,1,1,5,'2018-01-01 00:00:00','3001-01-01 00:00:00','0000-00-00','2018-06-07 03:09:38',0,'2018-06-07 03:09:38',0),(24,24,1,1,5,'2018-01-01 00:00:00','3001-01-01 00:00:00','0000-00-00','2018-06-07 03:09:38',0,'2018-06-07 03:09:38',0),(25,25,1,1,5,'2018-01-01 00:00:00','3001-01-01 00:00:00','0000-00-00','2018-06-07 03:09:38',0,'2018-06-07 03:09:38',0);
/*!40000 ALTER TABLE `RentableStatus` ENABLE KEYS */;
UNLOCK TABLES;

--
-- Table structure for table `RentableTypeRef`
--

DROP TABLE IF EXISTS `RentableTypeRef`;
/*!40101 SET @saved_cs_client     = @@character_set_client */;
/*!40101 SET character_set_client = utf8 */;
CREATE TABLE `RentableTypeRef` (
  `RTRID` bigint(20) NOT NULL AUTO_INCREMENT,
  `RID` bigint(20) NOT NULL DEFAULT '0',
  `BID` bigint(20) NOT NULL DEFAULT '0',
  `RTID` bigint(20) NOT NULL DEFAULT '0',
  `OverrideRentCycle` bigint(20) NOT NULL DEFAULT '0',
  `OverrideProrationCycle` bigint(20) NOT NULL DEFAULT '0',
  `DtStart` datetime NOT NULL DEFAULT '1970-01-01 00:00:00',
  `DtStop` datetime NOT NULL DEFAULT '1970-01-01 00:00:00',
  `LastModTime` timestamp NOT NULL DEFAULT CURRENT_TIMESTAMP ON UPDATE CURRENT_TIMESTAMP,
  `LastModBy` bigint(20) NOT NULL DEFAULT '0',
  `CreateTS` timestamp NOT NULL DEFAULT CURRENT_TIMESTAMP,
  `CreateBy` bigint(20) NOT NULL DEFAULT '0',
  PRIMARY KEY (`RTRID`)
) ENGINE=InnoDB AUTO_INCREMENT=26 DEFAULT CHARSET=utf8;
/*!40101 SET character_set_client = @saved_cs_client */;

--
-- Dumping data for table `RentableTypeRef`
--

LOCK TABLES `RentableTypeRef` WRITE;
/*!40000 ALTER TABLE `RentableTypeRef` DISABLE KEYS */;
INSERT INTO `RentableTypeRef` VALUES (1,1,1,1,0,0,'2018-01-01 00:00:00','3001-01-01 00:00:00','2018-06-07 03:09:38',0,'2018-06-07 03:09:38',0),(2,2,1,1,0,0,'2018-01-01 00:00:00','3001-01-01 00:00:00','2018-06-07 03:09:38',0,'2018-06-07 03:09:38',0),(3,3,1,1,0,0,'2018-01-01 00:00:00','3001-01-01 00:00:00','2018-06-07 03:09:38',0,'2018-06-07 03:09:38',0),(4,4,1,1,0,0,'2018-01-01 00:00:00','3001-01-01 00:00:00','2018-06-07 03:09:38',0,'2018-06-07 03:09:38',0),(5,5,1,1,0,0,'2018-01-01 00:00:00','3001-01-01 00:00:00','2018-06-07 03:09:38',0,'2018-06-07 03:09:38',0),(6,6,1,2,0,0,'2018-01-01 00:00:00','3001-01-01 00:00:00','2018-06-07 03:09:38',0,'2018-06-07 03:09:38',0),(7,7,1,2,0,0,'2018-01-01 00:00:00','3001-01-01 00:00:00','2018-06-07 03:09:38',0,'2018-06-07 03:09:38',0),(8,8,1,2,0,0,'2018-01-01 00:00:00','3001-01-01 00:00:00','2018-06-07 03:09:38',0,'2018-06-07 03:09:38',0),(9,9,1,2,0,0,'2018-01-01 00:00:00','3001-01-01 00:00:00','2018-06-07 03:09:38',0,'2018-06-07 03:09:38',0),(10,10,1,2,0,0,'2018-01-01 00:00:00','3001-01-01 00:00:00','2018-06-07 03:09:38',0,'2018-06-07 03:09:38',0),(11,11,1,3,0,0,'2018-01-01 00:00:00','3001-01-01 00:00:00','2018-06-07 03:09:38',0,'2018-06-07 03:09:38',0),(12,12,1,3,0,0,'2018-01-01 00:00:00','3001-01-01 00:00:00','2018-06-07 03:09:38',0,'2018-06-07 03:09:38',0),(13,13,1,3,0,0,'2018-01-01 00:00:00','3001-01-01 00:00:00','2018-06-07 03:09:38',0,'2018-06-07 03:09:38',0),(14,14,1,3,0,0,'2018-01-01 00:00:00','3001-01-01 00:00:00','2018-06-07 03:09:38',0,'2018-06-07 03:09:38',0),(15,15,1,3,0,0,'2018-01-01 00:00:00','3001-01-01 00:00:00','2018-06-07 03:09:38',0,'2018-06-07 03:09:38',0),(16,16,1,3,0,0,'2018-01-01 00:00:00','3001-01-01 00:00:00','2018-06-07 03:09:38',0,'2018-06-07 03:09:38',0),(17,17,1,3,0,0,'2018-01-01 00:00:00','3001-01-01 00:00:00','2018-06-07 03:09:38',0,'2018-06-07 03:09:38',0),(18,18,1,3,0,0,'2018-01-01 00:00:00','3001-01-01 00:00:00','2018-06-07 03:09:38',0,'2018-06-07 03:09:38',0),(19,19,1,4,0,0,'2018-01-01 00:00:00','3001-01-01 00:00:00','2018-06-07 03:09:38',0,'2018-06-07 03:09:38',0),(20,20,1,4,0,0,'2018-01-01 00:00:00','3001-01-01 00:00:00','2018-06-07 03:09:38',0,'2018-06-07 03:09:38',0),(21,21,1,4,0,0,'2018-01-01 00:00:00','3001-01-01 00:00:00','2018-06-07 03:09:38',0,'2018-06-07 03:09:38',0),(22,22,1,4,0,0,'2018-01-01 00:00:00','3001-01-01 00:00:00','2018-06-07 03:09:38',0,'2018-06-07 03:09:38',0),(23,23,1,4,0,0,'2018-01-01 00:00:00','3001-01-01 00:00:00','2018-06-07 03:09:38',0,'2018-06-07 03:09:38',0),(24,24,1,4,0,0,'2018-01-01 00:00:00','3001-01-01 00:00:00','2018-06-07 03:09:38',0,'2018-06-07 03:09:38',0),(25,25,1,4,0,0,'2018-01-01 00:00:00','3001-01-01 00:00:00','2018-06-07 03:09:38',0,'2018-06-07 03:09:38',0);
/*!40000 ALTER TABLE `RentableTypeRef` ENABLE KEYS */;
UNLOCK TABLES;

--
-- Table structure for table `RentableTypeTax`
--

DROP TABLE IF EXISTS `RentableTypeTax`;
/*!40101 SET @saved_cs_client     = @@character_set_client */;
/*!40101 SET character_set_client = utf8 */;
CREATE TABLE `RentableTypeTax` (
  `RTID` bigint(20) NOT NULL DEFAULT '0',
  `BID` bigint(20) NOT NULL DEFAULT '0',
  `TAXID` bigint(20) NOT NULL DEFAULT '0',
  `DtStart` datetime NOT NULL DEFAULT '1970-01-01 00:00:00',
  `DtStop` datetime NOT NULL DEFAULT '9999-12-31 23:59:59',
  `LastModTime` timestamp NOT NULL DEFAULT CURRENT_TIMESTAMP ON UPDATE CURRENT_TIMESTAMP,
  `LastModBy` bigint(20) NOT NULL DEFAULT '0',
  `CreateTS` timestamp NOT NULL DEFAULT CURRENT_TIMESTAMP,
  `CreateBy` bigint(20) NOT NULL DEFAULT '0'
) ENGINE=InnoDB DEFAULT CHARSET=utf8;
/*!40101 SET character_set_client = @saved_cs_client */;

--
-- Dumping data for table `RentableTypeTax`
--

LOCK TABLES `RentableTypeTax` WRITE;
/*!40000 ALTER TABLE `RentableTypeTax` DISABLE KEYS */;
/*!40000 ALTER TABLE `RentableTypeTax` ENABLE KEYS */;
UNLOCK TABLES;

--
-- Table structure for table `RentableTypes`
--

DROP TABLE IF EXISTS `RentableTypes`;
/*!40101 SET @saved_cs_client     = @@character_set_client */;
/*!40101 SET character_set_client = utf8 */;
CREATE TABLE `RentableTypes` (
  `RTID` bigint(20) NOT NULL AUTO_INCREMENT,
  `BID` bigint(20) NOT NULL DEFAULT '0',
  `Style` char(255) NOT NULL DEFAULT '',
  `Name` varchar(256) NOT NULL DEFAULT '',
  `RentCycle` bigint(20) NOT NULL DEFAULT '0',
  `Proration` bigint(20) NOT NULL DEFAULT '0',
  `GSRPC` bigint(20) NOT NULL DEFAULT '0',
  `FLAGS` bigint(20) NOT NULL DEFAULT '0',
  `ARID` bigint(20) NOT NULL DEFAULT '0',
  `LastModTime` timestamp NOT NULL DEFAULT CURRENT_TIMESTAMP ON UPDATE CURRENT_TIMESTAMP,
  `LastModBy` bigint(20) NOT NULL DEFAULT '0',
  `CreateTS` timestamp NOT NULL DEFAULT CURRENT_TIMESTAMP,
  `CreateBy` bigint(20) NOT NULL DEFAULT '0',
  PRIMARY KEY (`RTID`)
) ENGINE=InnoDB AUTO_INCREMENT=5 DEFAULT CHARSET=utf8;
/*!40101 SET character_set_client = @saved_cs_client */;

--
-- Dumping data for table `RentableTypes`
--

LOCK TABLES `RentableTypes` WRITE;
/*!40000 ALTER TABLE `RentableTypes` DISABLE KEYS */;
INSERT INTO `RentableTypes` VALUES (1,1,'1BR','Standard 1BR 1BA',6,4,4,4,39,'2018-06-07 03:09:38',0,'2018-06-07 03:09:38',0),(2,1,'2BR','Double 2BR 2BA',6,4,4,4,40,'2018-06-07 03:09:38',0,'2018-06-07 03:09:38',0),(3,1,'3BR','Deluxe 3BR 2.5BA',6,4,4,4,41,'2018-06-07 03:09:38',0,'2018-06-07 03:09:38',0),(4,1,'4BR','Presidential 4BR 3BA',6,4,4,4,42,'2018-06-07 03:09:38',0,'2018-06-07 03:09:38',0);
/*!40000 ALTER TABLE `RentableTypes` ENABLE KEYS */;
UNLOCK TABLES;

--
-- Table structure for table `RentableUsers`
--

DROP TABLE IF EXISTS `RentableUsers`;
/*!40101 SET @saved_cs_client     = @@character_set_client */;
/*!40101 SET character_set_client = utf8 */;
CREATE TABLE `RentableUsers` (
  `RUID` bigint(20) NOT NULL AUTO_INCREMENT,
  `RID` bigint(20) NOT NULL DEFAULT '0',
  `BID` bigint(20) NOT NULL DEFAULT '0',
  `TCID` bigint(20) NOT NULL DEFAULT '0',
  `DtStart` date NOT NULL DEFAULT '1970-01-01',
  `DtStop` date NOT NULL DEFAULT '1970-01-01',
  `LastModTime` timestamp NOT NULL DEFAULT CURRENT_TIMESTAMP ON UPDATE CURRENT_TIMESTAMP,
  `LastModBy` bigint(20) NOT NULL DEFAULT '0',
  `CreateTS` timestamp NOT NULL DEFAULT CURRENT_TIMESTAMP,
  `CreateBy` bigint(20) NOT NULL DEFAULT '0',
  PRIMARY KEY (`RUID`)
) ENGINE=InnoDB AUTO_INCREMENT=24 DEFAULT CHARSET=utf8;
/*!40101 SET character_set_client = @saved_cs_client */;

--
-- Dumping data for table `RentableUsers`
--

LOCK TABLES `RentableUsers` WRITE;
/*!40000 ALTER TABLE `RentableUsers` DISABLE KEYS */;
INSERT INTO `RentableUsers` VALUES (1,1,1,1,'2018-02-13','2020-03-01','2018-06-07 03:09:38',0,'2018-06-07 03:09:38',0),(2,2,1,2,'2018-02-13','2020-03-01','2018-06-07 03:09:39',0,'2018-06-07 03:09:39',0),(3,3,1,3,'2018-02-13','2020-03-01','2018-06-07 03:09:39',0,'2018-06-07 03:09:39',0),(4,4,1,4,'2018-02-13','2020-03-01','2018-06-07 03:09:39',0,'2018-06-07 03:09:39',0),(5,5,1,5,'2018-02-13','2020-03-01','2018-06-07 03:09:39',0,'2018-06-07 03:09:39',0),(6,6,1,6,'2018-02-13','2020-03-01','2018-06-07 03:09:39',0,'2018-06-07 03:09:39',0),(7,7,1,7,'2018-02-13','2020-03-01','2018-06-07 03:09:39',0,'2018-06-07 03:09:39',0),(8,8,1,8,'2018-02-13','2020-03-01','2018-06-07 03:09:39',0,'2018-06-07 03:09:39',0),(9,9,1,9,'2018-02-13','2020-03-01','2018-06-07 03:09:39',0,'2018-06-07 03:09:39',0),(10,10,1,10,'2018-02-13','2020-03-01','2018-06-07 03:09:39',0,'2018-06-07 03:09:39',0),(11,11,1,11,'2018-02-13','2020-03-01','2018-06-07 03:09:39',0,'2018-06-07 03:09:39',0),(12,12,1,12,'2018-02-13','2020-03-01','2018-06-07 03:09:39',0,'2018-06-07 03:09:39',0),(13,13,1,13,'2018-02-13','2020-03-01','2018-06-07 03:09:39',0,'2018-06-07 03:09:39',0),(14,14,1,14,'2018-02-13','2020-03-01','2018-06-07 03:09:39',0,'2018-06-07 03:09:39',0),(15,15,1,15,'2018-02-13','2020-03-01','2018-06-07 03:09:39',0,'2018-06-07 03:09:39',0),(16,16,1,16,'2018-02-13','2020-03-01','2018-06-07 03:09:39',0,'2018-06-07 03:09:39',0),(17,17,1,17,'2018-02-13','2020-03-01','2018-06-07 03:09:39',0,'2018-06-07 03:09:39',0),(18,18,1,18,'2018-02-13','2020-03-01','2018-06-07 03:09:39',0,'2018-06-07 03:09:39',0),(19,19,1,19,'2018-02-13','2020-03-01','2018-06-07 03:09:39',0,'2018-06-07 03:09:39',0),(20,20,1,20,'2018-02-13','2020-03-01','2018-06-07 03:09:39',0,'2018-06-07 03:09:39',0),(21,21,1,21,'2018-02-13','2020-03-01','2018-06-07 03:09:39',0,'2018-06-07 03:09:39',0),(22,22,1,22,'2018-02-13','2020-03-01','2018-06-07 03:09:39',0,'2018-06-07 03:09:39',0),(23,23,1,23,'2018-02-13','2020-03-01','2018-06-07 03:09:39',0,'2018-06-07 03:09:39',0);
/*!40000 ALTER TABLE `RentableUsers` ENABLE KEYS */;
UNLOCK TABLES;

--
-- Table structure for table `RentalAgreement`
--

DROP TABLE IF EXISTS `RentalAgreement`;
/*!40101 SET @saved_cs_client     = @@character_set_client */;
/*!40101 SET character_set_client = utf8 */;
CREATE TABLE `RentalAgreement` (
  `RAID` bigint(20) NOT NULL AUTO_INCREMENT,
  `RATID` bigint(20) NOT NULL DEFAULT '0',
  `BID` bigint(20) NOT NULL DEFAULT '0',
  `NLID` bigint(20) NOT NULL DEFAULT '0',
  `AgreementStart` date NOT NULL DEFAULT '1970-01-01',
  `AgreementStop` date NOT NULL DEFAULT '1970-01-01',
  `PossessionStart` date NOT NULL DEFAULT '1970-01-01',
  `PossessionStop` date NOT NULL DEFAULT '1970-01-01',
  `RentStart` date NOT NULL DEFAULT '1970-01-01',
  `RentStop` date NOT NULL DEFAULT '1970-01-01',
  `RentCycleEpoch` date NOT NULL DEFAULT '1970-01-01',
  `UnspecifiedAdults` smallint(6) NOT NULL DEFAULT '0',
  `UnspecifiedChildren` smallint(6) NOT NULL DEFAULT '0',
  `Renewal` smallint(6) NOT NULL DEFAULT '0',
  `SpecialProvisions` varchar(1024) NOT NULL DEFAULT '',
  `LeaseType` bigint(20) NOT NULL DEFAULT '0',
  `ExpenseAdjustmentType` bigint(20) NOT NULL DEFAULT '0',
  `ExpensesStop` decimal(19,4) NOT NULL DEFAULT '0.0000',
  `ExpenseStopCalculation` varchar(128) NOT NULL DEFAULT '',
  `BaseYearEnd` date NOT NULL DEFAULT '1970-01-01',
  `ExpenseAdjustment` date NOT NULL DEFAULT '1970-01-01',
  `EstimatedCharges` decimal(19,4) NOT NULL DEFAULT '0.0000',
  `RateChange` decimal(19,4) NOT NULL DEFAULT '0.0000',
  `CSAgent` bigint(20) NOT NULL DEFAULT '0',
  `NextRateChange` date NOT NULL DEFAULT '1970-01-01',
  `PermittedUses` varchar(128) NOT NULL DEFAULT '',
  `ExclusiveUses` varchar(128) NOT NULL DEFAULT '',
  `ExtensionOption` varchar(128) NOT NULL DEFAULT '',
  `ExtensionOptionNotice` date NOT NULL DEFAULT '1970-01-01',
  `ExpansionOption` varchar(128) NOT NULL DEFAULT '',
  `ExpansionOptionNotice` date NOT NULL DEFAULT '1970-01-01',
  `RightOfFirstRefusal` varchar(128) NOT NULL DEFAULT '',
  `FLAGS` bigint(20) NOT NULL DEFAULT '0',
  `LastModTime` timestamp NOT NULL DEFAULT CURRENT_TIMESTAMP ON UPDATE CURRENT_TIMESTAMP,
  `LastModBy` bigint(20) NOT NULL DEFAULT '0',
  `CreateTS` timestamp NOT NULL DEFAULT CURRENT_TIMESTAMP,
  `CreateBy` bigint(20) NOT NULL DEFAULT '0',
  PRIMARY KEY (`RAID`)
) ENGINE=InnoDB AUTO_INCREMENT=24 DEFAULT CHARSET=utf8;
/*!40101 SET character_set_client = @saved_cs_client */;

--
-- Dumping data for table `RentalAgreement`
--

LOCK TABLES `RentalAgreement` WRITE;
/*!40000 ALTER TABLE `RentalAgreement` DISABLE KEYS */;
INSERT INTO `RentalAgreement` VALUES (1,1,1,0,'2018-02-13','2020-03-01','2018-02-13','2020-03-01','2018-02-13','2020-03-01','2018-03-01',0,2,2,'',0,0,0.0000,'','0000-00-00','0000-00-00',0.0000,0.0000,0,'0000-00-00','','','','0000-00-00','','0000-00-00','',0,'2018-06-07 03:09:38',0,'2018-06-07 03:09:38',0),(2,1,1,0,'2018-02-13','2020-03-01','2018-02-13','2020-03-01','2018-02-13','2020-03-01','2018-03-01',3,2,2,'',0,0,0.0000,'','0000-00-00','0000-00-00',0.0000,0.0000,0,'0000-00-00','','','','0000-00-00','','0000-00-00','',0,'2018-06-07 03:09:39',0,'2018-06-07 03:09:39',0),(3,1,1,0,'2018-02-13','2020-03-01','2018-02-13','2020-03-01','2018-02-13','2020-03-01','2018-03-01',3,1,2,'',0,0,0.0000,'','0000-00-00','0000-00-00',0.0000,0.0000,0,'0000-00-00','','','','0000-00-00','','0000-00-00','',0,'2018-06-07 03:09:39',0,'2018-06-07 03:09:39',0),(4,1,1,0,'2018-02-13','2020-03-01','2018-02-13','2020-03-01','2018-02-13','2020-03-01','2018-03-01',3,2,2,'',0,0,0.0000,'','0000-00-00','0000-00-00',0.0000,0.0000,0,'0000-00-00','','','','0000-00-00','','0000-00-00','',0,'2018-06-07 03:09:39',0,'2018-06-07 03:09:39',0),(5,1,1,0,'2018-02-13','2020-03-01','2018-02-13','2020-03-01','2018-02-13','2020-03-01','2018-03-01',0,0,2,'',0,0,0.0000,'','0000-00-00','0000-00-00',0.0000,0.0000,0,'0000-00-00','','','','0000-00-00','','0000-00-00','',0,'2018-06-07 03:09:39',0,'2018-06-07 03:09:39',0),(6,1,1,0,'2018-02-13','2020-03-01','2018-02-13','2020-03-01','2018-02-13','2020-03-01','2018-03-01',3,1,2,'',0,0,0.0000,'','0000-00-00','0000-00-00',0.0000,0.0000,0,'0000-00-00','','','','0000-00-00','','0000-00-00','',0,'2018-06-07 03:09:39',0,'2018-06-07 03:09:39',0),(7,1,1,0,'2018-02-13','2020-03-01','2018-02-13','2020-03-01','2018-02-13','2020-03-01','2018-03-01',0,1,2,'',0,0,0.0000,'','0000-00-00','0000-00-00',0.0000,0.0000,0,'0000-00-00','','','','0000-00-00','','0000-00-00','',0,'2018-06-07 03:09:39',0,'2018-06-07 03:09:39',0),(8,1,1,0,'2018-02-13','2020-03-01','2018-02-13','2020-03-01','2018-02-13','2020-03-01','2018-03-01',0,0,2,'',0,0,0.0000,'','0000-00-00','0000-00-00',0.0000,0.0000,0,'0000-00-00','','','','0000-00-00','','0000-00-00','',0,'2018-06-07 03:09:39',0,'2018-06-07 03:09:39',0),(9,1,1,0,'2018-02-13','2020-03-01','2018-02-13','2020-03-01','2018-02-13','2020-03-01','2018-03-01',3,1,2,'',0,0,0.0000,'','0000-00-00','0000-00-00',0.0000,0.0000,0,'0000-00-00','','','','0000-00-00','','0000-00-00','',0,'2018-06-07 03:09:39',0,'2018-06-07 03:09:39',0),(10,1,1,0,'2018-02-13','2020-03-01','2018-02-13','2020-03-01','2018-02-13','2020-03-01','2018-03-01',2,0,2,'',0,0,0.0000,'','0000-00-00','0000-00-00',0.0000,0.0000,0,'0000-00-00','','','','0000-00-00','','0000-00-00','',0,'2018-06-07 03:09:39',0,'2018-06-07 03:09:39',0),(11,1,1,0,'2018-02-13','2020-03-01','2018-02-13','2020-03-01','2018-02-13','2020-03-01','2018-03-01',1,0,2,'',0,0,0.0000,'','0000-00-00','0000-00-00',0.0000,0.0000,0,'0000-00-00','','','','0000-00-00','','0000-00-00','',0,'2018-06-07 03:09:39',0,'2018-06-07 03:09:39',0),(12,1,1,0,'2018-02-13','2020-03-01','2018-02-13','2020-03-01','2018-02-13','2020-03-01','2018-03-01',1,1,2,'',0,0,0.0000,'','0000-00-00','0000-00-00',0.0000,0.0000,0,'0000-00-00','','','','0000-00-00','','0000-00-00','',0,'2018-06-07 03:09:39',0,'2018-06-07 03:09:39',0),(13,1,1,0,'2018-02-13','2020-03-01','2018-02-13','2020-03-01','2018-02-13','2020-03-01','2018-03-01',1,0,2,'',0,0,0.0000,'','0000-00-00','0000-00-00',0.0000,0.0000,0,'0000-00-00','','','','0000-00-00','','0000-00-00','',0,'2018-06-07 03:09:39',0,'2018-06-07 03:09:39',0),(14,1,1,0,'2018-02-13','2020-03-01','2018-02-13','2020-03-01','2018-02-13','2020-03-01','2018-03-01',1,1,2,'',0,0,0.0000,'','0000-00-00','0000-00-00',0.0000,0.0000,0,'0000-00-00','','','','0000-00-00','','0000-00-00','',0,'2018-06-07 03:09:39',0,'2018-06-07 03:09:39',0),(15,1,1,0,'2018-02-13','2020-03-01','2018-02-13','2020-03-01','2018-02-13','2020-03-01','2018-03-01',2,1,2,'',0,0,0.0000,'','0000-00-00','0000-00-00',0.0000,0.0000,0,'0000-00-00','','','','0000-00-00','','0000-00-00','',0,'2018-06-07 03:09:39',0,'2018-06-07 03:09:39',0),(16,1,1,0,'2018-02-13','2020-03-01','2018-02-13','2020-03-01','2018-02-13','2020-03-01','2018-03-01',2,0,2,'',0,0,0.0000,'','0000-00-00','0000-00-00',0.0000,0.0000,0,'0000-00-00','','','','0000-00-00','','0000-00-00','',0,'2018-06-07 03:09:39',0,'2018-06-07 03:09:39',0),(17,1,1,0,'2018-02-13','2020-03-01','2018-02-13','2020-03-01','2018-02-13','2020-03-01','2018-03-01',0,0,2,'',0,0,0.0000,'','0000-00-00','0000-00-00',0.0000,0.0000,0,'0000-00-00','','','','0000-00-00','','0000-00-00','',0,'2018-06-07 03:09:39',0,'2018-06-07 03:09:39',0),(18,1,1,0,'2018-02-13','2020-03-01','2018-02-13','2020-03-01','2018-02-13','2020-03-01','2018-03-01',0,1,2,'',0,0,0.0000,'','0000-00-00','0000-00-00',0.0000,0.0000,0,'0000-00-00','','','','0000-00-00','','0000-00-00','',0,'2018-06-07 03:09:39',0,'2018-06-07 03:09:39',0),(19,1,1,0,'2018-02-13','2020-03-01','2018-02-13','2020-03-01','2018-02-13','2020-03-01','2018-03-01',1,2,2,'',0,0,0.0000,'','0000-00-00','0000-00-00',0.0000,0.0000,0,'0000-00-00','','','','0000-00-00','','0000-00-00','',0,'2018-06-07 03:09:39',0,'2018-06-07 03:09:39',0),(20,1,1,0,'2018-02-13','2020-03-01','2018-02-13','2020-03-01','2018-02-13','2020-03-01','2018-03-01',1,1,2,'',0,0,0.0000,'','0000-00-00','0000-00-00',0.0000,0.0000,0,'0000-00-00','','','','0000-00-00','','0000-00-00','',0,'2018-06-07 03:09:39',0,'2018-06-07 03:09:39',0),(21,1,1,0,'2018-02-13','2020-03-01','2018-02-13','2020-03-01','2018-02-13','2020-03-01','2018-03-01',1,1,2,'',0,0,0.0000,'','0000-00-00','0000-00-00',0.0000,0.0000,0,'0000-00-00','','','','0000-00-00','','0000-00-00','',0,'2018-06-07 03:09:39',0,'2018-06-07 03:09:39',0),(22,1,1,0,'2018-02-13','2020-03-01','2018-02-13','2020-03-01','2018-02-13','2020-03-01','2018-03-01',0,2,2,'',0,0,0.0000,'','0000-00-00','0000-00-00',0.0000,0.0000,0,'0000-00-00','','','','0000-00-00','','0000-00-00','',0,'2018-06-07 03:09:39',0,'2018-06-07 03:09:39',0),(23,1,1,0,'2018-02-13','2020-03-01','2018-02-13','2020-03-01','2018-02-13','2020-03-01','2018-03-01',3,2,2,'',0,0,0.0000,'','0000-00-00','0000-00-00',0.0000,0.0000,0,'0000-00-00','','','','0000-00-00','','0000-00-00','',0,'2018-06-07 03:09:39',0,'2018-06-07 03:09:39',0);
/*!40000 ALTER TABLE `RentalAgreement` ENABLE KEYS */;
UNLOCK TABLES;

--
-- Table structure for table `RentalAgreementPayors`
--

DROP TABLE IF EXISTS `RentalAgreementPayors`;
/*!40101 SET @saved_cs_client     = @@character_set_client */;
/*!40101 SET character_set_client = utf8 */;
CREATE TABLE `RentalAgreementPayors` (
  `RAPID` bigint(20) NOT NULL AUTO_INCREMENT,
  `RAID` bigint(20) NOT NULL DEFAULT '0',
  `BID` bigint(20) NOT NULL DEFAULT '0',
  `TCID` bigint(20) NOT NULL DEFAULT '0',
  `DtStart` date NOT NULL DEFAULT '1970-01-01',
  `DtStop` date NOT NULL DEFAULT '1970-01-01',
  `FLAGS` bigint(20) NOT NULL DEFAULT '0',
  `LastModTime` timestamp NOT NULL DEFAULT CURRENT_TIMESTAMP ON UPDATE CURRENT_TIMESTAMP,
  `LastModBy` bigint(20) NOT NULL DEFAULT '0',
  `CreateTS` timestamp NOT NULL DEFAULT CURRENT_TIMESTAMP,
  `CreateBy` bigint(20) NOT NULL DEFAULT '0',
  PRIMARY KEY (`RAPID`)
) ENGINE=InnoDB AUTO_INCREMENT=24 DEFAULT CHARSET=utf8;
/*!40101 SET character_set_client = @saved_cs_client */;

--
-- Dumping data for table `RentalAgreementPayors`
--

LOCK TABLES `RentalAgreementPayors` WRITE;
/*!40000 ALTER TABLE `RentalAgreementPayors` DISABLE KEYS */;
INSERT INTO `RentalAgreementPayors` VALUES (1,1,1,1,'2018-02-13','2020-03-01',0,'2018-06-07 03:09:38',0,'2018-06-07 03:09:38',0),(2,2,1,2,'2018-02-13','2020-03-01',0,'2018-06-07 03:09:39',0,'2018-06-07 03:09:39',0),(3,3,1,3,'2018-02-13','2020-03-01',0,'2018-06-07 03:09:39',0,'2018-06-07 03:09:39',0),(4,4,1,4,'2018-02-13','2020-03-01',0,'2018-06-07 03:09:39',0,'2018-06-07 03:09:39',0),(5,5,1,5,'2018-02-13','2020-03-01',0,'2018-06-07 03:09:39',0,'2018-06-07 03:09:39',0),(6,6,1,6,'2018-02-13','2020-03-01',0,'2018-06-07 03:09:39',0,'2018-06-07 03:09:39',0),(7,7,1,7,'2018-02-13','2020-03-01',0,'2018-06-07 03:09:39',0,'2018-06-07 03:09:39',0),(8,8,1,8,'2018-02-13','2020-03-01',0,'2018-06-07 03:09:39',0,'2018-06-07 03:09:39',0),(9,9,1,9,'2018-02-13','2020-03-01',0,'2018-06-07 03:09:39',0,'2018-06-07 03:09:39',0),(10,10,1,10,'2018-02-13','2020-03-01',0,'2018-06-07 03:09:39',0,'2018-06-07 03:09:39',0),(11,11,1,11,'2018-02-13','2020-03-01',0,'2018-06-07 03:09:39',0,'2018-06-07 03:09:39',0),(12,12,1,12,'2018-02-13','2020-03-01',0,'2018-06-07 03:09:39',0,'2018-06-07 03:09:39',0),(13,13,1,13,'2018-02-13','2020-03-01',0,'2018-06-07 03:09:39',0,'2018-06-07 03:09:39',0),(14,14,1,14,'2018-02-13','2020-03-01',0,'2018-06-07 03:09:39',0,'2018-06-07 03:09:39',0),(15,15,1,15,'2018-02-13','2020-03-01',0,'2018-06-07 03:09:39',0,'2018-06-07 03:09:39',0),(16,16,1,16,'2018-02-13','2020-03-01',0,'2018-06-07 03:09:39',0,'2018-06-07 03:09:39',0),(17,17,1,17,'2018-02-13','2020-03-01',0,'2018-06-07 03:09:39',0,'2018-06-07 03:09:39',0),(18,18,1,18,'2018-02-13','2020-03-01',0,'2018-06-07 03:09:39',0,'2018-06-07 03:09:39',0),(19,19,1,19,'2018-02-13','2020-03-01',0,'2018-06-07 03:09:39',0,'2018-06-07 03:09:39',0),(20,20,1,20,'2018-02-13','2020-03-01',0,'2018-06-07 03:09:39',0,'2018-06-07 03:09:39',0),(21,21,1,21,'2018-02-13','2020-03-01',0,'2018-06-07 03:09:39',0,'2018-06-07 03:09:39',0),(22,22,1,22,'2018-02-13','2020-03-01',0,'2018-06-07 03:09:39',0,'2018-06-07 03:09:39',0),(23,23,1,23,'2018-02-13','2020-03-01',0,'2018-06-07 03:09:39',0,'2018-06-07 03:09:39',0);
/*!40000 ALTER TABLE `RentalAgreementPayors` ENABLE KEYS */;
UNLOCK TABLES;

--
-- Table structure for table `RentalAgreementPets`
--

DROP TABLE IF EXISTS `RentalAgreementPets`;
/*!40101 SET @saved_cs_client     = @@character_set_client */;
/*!40101 SET character_set_client = utf8 */;
CREATE TABLE `RentalAgreementPets` (
  `PETID` bigint(20) NOT NULL AUTO_INCREMENT,
  `BID` bigint(20) NOT NULL DEFAULT '0',
  `RAID` bigint(20) NOT NULL DEFAULT '0',
  `TCID` bigint(20) NOT NULL DEFAULT '0',
  `Type` varchar(100) NOT NULL DEFAULT '',
  `Breed` varchar(100) NOT NULL DEFAULT '',
  `Color` varchar(100) NOT NULL DEFAULT '',
  `Weight` decimal(19,4) NOT NULL DEFAULT '0.0000',
  `Name` varchar(100) NOT NULL DEFAULT '',
  `DtStart` date NOT NULL DEFAULT '1970-01-01',
  `DtStop` date NOT NULL DEFAULT '1970-01-01',
  `LastModTime` timestamp NOT NULL DEFAULT CURRENT_TIMESTAMP ON UPDATE CURRENT_TIMESTAMP,
  `LastModBy` bigint(20) NOT NULL DEFAULT '0',
  `CreateTS` timestamp NOT NULL DEFAULT CURRENT_TIMESTAMP,
  `CreateBy` bigint(20) NOT NULL DEFAULT '0',
  PRIMARY KEY (`PETID`)
) ENGINE=InnoDB AUTO_INCREMENT=26 DEFAULT CHARSET=utf8;
/*!40101 SET character_set_client = @saved_cs_client */;

--
-- Dumping data for table `RentalAgreementPets`
--

LOCK TABLES `RentalAgreementPets` WRITE;
/*!40000 ALTER TABLE `RentalAgreementPets` DISABLE KEYS */;
INSERT INTO `RentalAgreementPets` VALUES (1,1,0,1,'dog','Pembroke Welsh Corgi','Fawn',30.0000,'Mac','2018-02-13','2020-05-01','2018-06-07 03:09:38',0,'2018-06-07 03:09:38',0),(2,1,0,2,'dog','St. Bernard','Chocolate',22.0000,'Kobe','2018-02-13','2020-05-01','2018-06-07 03:09:38',0,'2018-06-07 03:09:38',0),(3,1,0,3,'cat','Persian cat','Tabbie',21.0000,'Ziggy ','2018-02-13','2020-05-01','2018-06-07 03:09:38',0,'2018-06-07 03:09:38',0),(4,1,0,4,'cat','Asian Semi-longhair','Tabbie',16.0000,'Socks ','2018-02-13','2020-05-01','2018-06-07 03:09:38',0,'2018-06-07 03:09:38',0),(5,1,0,6,'cat','Ocicat','tortoiseshell',18.0000,'mittens ','2018-02-13','2020-05-01','2018-06-07 03:09:38',0,'2018-06-07 03:09:38',0),(6,1,0,7,'cat','Birman','Harlequin',10.0000,'Baby ','2018-02-13','2020-05-01','2018-06-07 03:09:38',0,'2018-06-07 03:09:38',0),(7,1,0,8,'dog','Poodle','Cream',20.0000,'George','2018-02-13','2020-05-01','2018-06-07 03:09:38',0,'2018-06-07 03:09:38',0),(8,1,0,9,'dog','Japanese Chin','Black',15.0000,'Buddy','2018-02-13','2020-05-01','2018-06-07 03:09:38',0,'2018-06-07 03:09:38',0),(9,1,0,10,'dog','Rat Terrier','Harlequin',36.0000,'Peanut','2018-02-13','2020-05-01','2018-06-07 03:09:38',0,'2018-06-07 03:09:38',0),(10,1,0,12,'cat','Manx cat','Smoke',6.0000,'George ','2018-02-13','2020-05-01','2018-06-07 03:09:38',0,'2018-06-07 03:09:38',0),(11,1,0,14,'dog','American English Coonhound','Harlequin',20.0000,'Bo','2018-02-13','2020-05-01','2018-06-07 03:09:38',0,'2018-06-07 03:09:38',0),(12,1,0,15,'cat','Turkish Van','calico',19.0000,'Peanut ','2018-02-13','2020-05-01','2018-06-07 03:09:38',0,'2018-06-07 03:09:38',0),(13,1,0,16,'dog','Bergamasco','Harlequin',52.0000,'Toby','2018-02-13','2020-05-01','2018-06-07 03:09:38',0,'2018-06-07 03:09:38',0),(14,1,0,17,'cat','Snowshoe cat','blue point',12.0000,'Oreo ','2018-02-13','2020-05-01','2018-06-07 03:09:38',0,'2018-06-07 03:09:38',0),(15,1,0,18,'dog','Bichon Frise','Cream',52.0000,'Romeo','2018-02-13','2020-05-01','2018-06-07 03:09:38',0,'2018-06-07 03:09:38',0),(16,1,0,19,'dog','Brittany','Brown',12.0000,'Baxter','2018-02-13','2020-05-01','2018-06-07 03:09:38',0,'2018-06-07 03:09:38',0),(17,1,0,21,'dog','Norwegian Elkhound','Harlequin',44.0000,'Riley','2018-02-13','2020-05-01','2018-06-07 03:09:38',0,'2018-06-07 03:09:38',0),(18,1,0,23,'cat','Arabian Mau','Tuxedo',6.0000,'Lola ','2018-02-13','2020-05-01','2018-06-07 03:09:38',0,'2018-06-07 03:09:38',0),(19,1,0,24,'cat','Ragdoll','seal point',12.0000,'Sweetie ','2018-02-13','2020-05-01','2018-06-07 03:09:38',0,'2018-06-07 03:09:38',0),(20,1,0,25,'cat','Ragamuffin cat','white',18.0000,'Midnight ','2018-02-13','2020-05-01','2018-06-07 03:09:38',0,'2018-06-07 03:09:38',0),(21,1,0,26,'cat','Maine Coon','Tuxedo',8.0000,'Patches ','2018-02-13','2020-05-01','2018-06-07 03:09:38',0,'2018-06-07 03:09:38',0),(22,1,0,27,'dog','West Highland White Terrier','Gold',29.0000,'Baxter','2018-02-13','2020-05-01','2018-06-07 03:09:38',0,'2018-06-07 03:09:38',0),(23,1,0,28,'dog','Irish Water Spaniel','Brown',56.0000,'Dexter','2018-02-13','2020-05-01','2018-06-07 03:09:38',0,'2018-06-07 03:09:38',0),(24,1,0,29,'cat','Burmese cat','white',12.0000,'Noodle ','2018-02-13','2020-05-01','2018-06-07 03:09:38',0,'2018-06-07 03:09:38',0),(25,1,0,30,'cat','Serrade petit cat','chocolate point',16.0000,'Luna ','2018-02-13','2020-05-01','2018-06-07 03:09:38',0,'2018-06-07 03:09:38',0);
/*!40000 ALTER TABLE `RentalAgreementPets` ENABLE KEYS */;
UNLOCK TABLES;

--
-- Table structure for table `RentalAgreementRentables`
--

DROP TABLE IF EXISTS `RentalAgreementRentables`;
/*!40101 SET @saved_cs_client     = @@character_set_client */;
/*!40101 SET character_set_client = utf8 */;
CREATE TABLE `RentalAgreementRentables` (
  `RARID` bigint(20) NOT NULL AUTO_INCREMENT,
  `RAID` bigint(20) NOT NULL DEFAULT '0',
  `BID` bigint(20) NOT NULL DEFAULT '0',
  `RID` bigint(20) NOT NULL DEFAULT '0',
  `PRID` bigint(20) NOT NULL DEFAULT '0',
  `CLID` bigint(20) NOT NULL DEFAULT '0',
  `ContractRent` decimal(19,4) NOT NULL DEFAULT '0.0000',
  `RARDtStart` date NOT NULL DEFAULT '1970-01-01',
  `RARDtStop` date NOT NULL DEFAULT '1970-01-01',
  `LastModTime` timestamp NOT NULL DEFAULT CURRENT_TIMESTAMP ON UPDATE CURRENT_TIMESTAMP,
  `LastModBy` bigint(20) NOT NULL DEFAULT '0',
  `CreateTS` timestamp NOT NULL DEFAULT CURRENT_TIMESTAMP,
  `CreateBy` bigint(20) NOT NULL DEFAULT '0',
  PRIMARY KEY (`RARID`)
) ENGINE=InnoDB AUTO_INCREMENT=24 DEFAULT CHARSET=utf8;
/*!40101 SET character_set_client = @saved_cs_client */;

--
-- Dumping data for table `RentalAgreementRentables`
--

LOCK TABLES `RentalAgreementRentables` WRITE;
/*!40000 ALTER TABLE `RentalAgreementRentables` DISABLE KEYS */;
INSERT INTO `RentalAgreementRentables` VALUES (1,1,1,1,0,0,1000.0000,'2018-02-13','2020-03-01','2018-06-07 03:09:38',0,'2018-06-07 03:09:38',0),(2,2,1,2,0,0,1000.0000,'2018-02-13','2020-03-01','2018-06-07 03:09:39',0,'2018-06-07 03:09:39',0),(3,3,1,3,0,0,1000.0000,'2018-02-13','2020-03-01','2018-06-07 03:09:39',0,'2018-06-07 03:09:39',0),(4,4,1,4,0,0,1000.0000,'2018-02-13','2020-03-01','2018-06-07 03:09:39',0,'2018-06-07 03:09:39',0),(5,5,1,5,0,0,1000.0000,'2018-02-13','2020-03-01','2018-06-07 03:09:39',0,'2018-06-07 03:09:39',0),(6,6,1,6,0,0,1500.0000,'2018-02-13','2020-03-01','2018-06-07 03:09:39',0,'2018-06-07 03:09:39',0),(7,7,1,7,0,0,1500.0000,'2018-02-13','2020-03-01','2018-06-07 03:09:39',0,'2018-06-07 03:09:39',0),(8,8,1,8,0,0,1500.0000,'2018-02-13','2020-03-01','2018-06-07 03:09:39',0,'2018-06-07 03:09:39',0),(9,9,1,9,0,0,1500.0000,'2018-02-13','2020-03-01','2018-06-07 03:09:39',0,'2018-06-07 03:09:39',0),(10,10,1,10,0,0,1500.0000,'2018-02-13','2020-03-01','2018-06-07 03:09:39',0,'2018-06-07 03:09:39',0),(11,11,1,11,0,0,1750.0000,'2018-02-13','2020-03-01','2018-06-07 03:09:39',0,'2018-06-07 03:09:39',0),(12,12,1,12,0,0,1750.0000,'2018-02-13','2020-03-01','2018-06-07 03:09:39',0,'2018-06-07 03:09:39',0),(13,13,1,13,0,0,1750.0000,'2018-02-13','2020-03-01','2018-06-07 03:09:39',0,'2018-06-07 03:09:39',0),(14,14,1,14,0,0,1750.0000,'2018-02-13','2020-03-01','2018-06-07 03:09:39',0,'2018-06-07 03:09:39',0),(15,15,1,15,0,0,1750.0000,'2018-02-13','2020-03-01','2018-06-07 03:09:39',0,'2018-06-07 03:09:39',0),(16,16,1,16,0,0,1750.0000,'2018-02-13','2020-03-01','2018-06-07 03:09:39',0,'2018-06-07 03:09:39',0),(17,17,1,17,0,0,1750.0000,'2018-02-13','2020-03-01','2018-06-07 03:09:39',0,'2018-06-07 03:09:39',0),(18,18,1,18,0,0,1750.0000,'2018-02-13','2020-03-01','2018-06-07 03:09:39',0,'2018-06-07 03:09:39',0),(19,19,1,19,0,0,2500.0000,'2018-02-13','2020-03-01','2018-06-07 03:09:39',0,'2018-06-07 03:09:39',0),(20,20,1,20,0,0,2500.0000,'2018-02-13','2020-03-01','2018-06-07 03:09:39',0,'2018-06-07 03:09:39',0),(21,21,1,21,0,0,2500.0000,'2018-02-13','2020-03-01','2018-06-07 03:09:39',0,'2018-06-07 03:09:39',0),(22,22,1,22,0,0,2500.0000,'2018-02-13','2020-03-01','2018-06-07 03:09:39',0,'2018-06-07 03:09:39',0),(23,23,1,23,0,0,2500.0000,'2018-02-13','2020-03-01','2018-06-07 03:09:39',0,'2018-06-07 03:09:39',0);
/*!40000 ALTER TABLE `RentalAgreementRentables` ENABLE KEYS */;
UNLOCK TABLES;

--
-- Table structure for table `RentalAgreementTax`
--

DROP TABLE IF EXISTS `RentalAgreementTax`;
/*!40101 SET @saved_cs_client     = @@character_set_client */;
/*!40101 SET character_set_client = utf8 */;
CREATE TABLE `RentalAgreementTax` (
  `RAID` bigint(20) NOT NULL DEFAULT '0',
  `BID` bigint(20) NOT NULL DEFAULT '0',
  `DtStart` date NOT NULL DEFAULT '1970-01-01',
  `DtStop` date NOT NULL DEFAULT '1970-01-01',
  `FLAGS` bigint(20) NOT NULL DEFAULT '0',
  `LastModTime` timestamp NOT NULL DEFAULT CURRENT_TIMESTAMP ON UPDATE CURRENT_TIMESTAMP,
  `LastModBy` bigint(20) NOT NULL DEFAULT '0',
  `CreateTS` timestamp NOT NULL DEFAULT CURRENT_TIMESTAMP,
  `CreateBy` bigint(20) NOT NULL DEFAULT '0'
) ENGINE=InnoDB DEFAULT CHARSET=utf8;
/*!40101 SET character_set_client = @saved_cs_client */;

--
-- Dumping data for table `RentalAgreementTax`
--

LOCK TABLES `RentalAgreementTax` WRITE;
/*!40000 ALTER TABLE `RentalAgreementTax` DISABLE KEYS */;
/*!40000 ALTER TABLE `RentalAgreementTax` ENABLE KEYS */;
UNLOCK TABLES;

--
-- Table structure for table `RentalAgreementTemplate`
--

DROP TABLE IF EXISTS `RentalAgreementTemplate`;
/*!40101 SET @saved_cs_client     = @@character_set_client */;
/*!40101 SET character_set_client = utf8 */;
CREATE TABLE `RentalAgreementTemplate` (
  `RATID` bigint(20) NOT NULL AUTO_INCREMENT,
  `BID` bigint(20) NOT NULL DEFAULT '0',
  `RATemplateName` varchar(100) DEFAULT '',
  `LastModTime` timestamp NOT NULL DEFAULT CURRENT_TIMESTAMP ON UPDATE CURRENT_TIMESTAMP,
  `LastModBy` bigint(20) NOT NULL DEFAULT '0',
  `CreateTS` timestamp NOT NULL DEFAULT CURRENT_TIMESTAMP,
  `CreateBy` bigint(20) NOT NULL DEFAULT '0',
  PRIMARY KEY (`RATID`)
) ENGINE=InnoDB AUTO_INCREMENT=5 DEFAULT CHARSET=utf8;
/*!40101 SET character_set_client = @saved_cs_client */;

--
-- Dumping data for table `RentalAgreementTemplate`
--

LOCK TABLES `RentalAgreementTemplate` WRITE;
/*!40000 ALTER TABLE `RentalAgreementTemplate` DISABLE KEYS */;
INSERT INTO `RentalAgreementTemplate` VALUES (1,1,'Agreement3722.1.doc','2017-11-10 23:24:23',0,'2017-11-10 23:24:23',0),(2,1,'Agreement4421.2.doc','2017-11-10 23:24:23',0,'2017-11-10 23:24:23',0),(3,1,'Agreement4980.3.doc','2017-11-10 23:24:23',0,'2017-11-10 23:24:23',0),(4,1,'Agreement5342.7.doc','2017-11-10 23:24:23',0,'2017-11-10 23:24:23',0);
/*!40000 ALTER TABLE `RentalAgreementTemplate` ENABLE KEYS */;
UNLOCK TABLES;

--
-- Table structure for table `SLString`
--

DROP TABLE IF EXISTS `SLString`;
/*!40101 SET @saved_cs_client     = @@character_set_client */;
/*!40101 SET character_set_client = utf8 */;
CREATE TABLE `SLString` (
  `SLSID` bigint(20) NOT NULL AUTO_INCREMENT,
  `BID` bigint(20) NOT NULL DEFAULT '0',
  `SLID` bigint(20) NOT NULL DEFAULT '0',
  `Value` varchar(256) NOT NULL DEFAULT '',
  `LastModTime` timestamp NOT NULL DEFAULT CURRENT_TIMESTAMP ON UPDATE CURRENT_TIMESTAMP,
  `LastModBy` bigint(20) NOT NULL DEFAULT '0',
  `CreateTS` timestamp NOT NULL DEFAULT CURRENT_TIMESTAMP,
  `CreateBy` bigint(20) NOT NULL DEFAULT '0',
  PRIMARY KEY (`SLSID`)
) ENGINE=InnoDB DEFAULT CHARSET=utf8;
/*!40101 SET character_set_client = @saved_cs_client */;

--
-- Dumping data for table `SLString`
--

LOCK TABLES `SLString` WRITE;
/*!40000 ALTER TABLE `SLString` DISABLE KEYS */;
/*!40000 ALTER TABLE `SLString` ENABLE KEYS */;
UNLOCK TABLES;

--
-- Table structure for table `StringList`
--

DROP TABLE IF EXISTS `StringList`;
/*!40101 SET @saved_cs_client     = @@character_set_client */;
/*!40101 SET character_set_client = utf8 */;
CREATE TABLE `StringList` (
  `SLID` bigint(20) NOT NULL AUTO_INCREMENT,
  `BID` bigint(20) NOT NULL DEFAULT '0',
  `Name` varchar(50) NOT NULL DEFAULT '',
  `LastModTime` timestamp NOT NULL DEFAULT CURRENT_TIMESTAMP ON UPDATE CURRENT_TIMESTAMP,
  `LastModBy` bigint(20) NOT NULL DEFAULT '0',
  `CreateTS` timestamp NOT NULL DEFAULT CURRENT_TIMESTAMP,
  `CreateBy` bigint(20) NOT NULL DEFAULT '0',
  PRIMARY KEY (`SLID`)
) ENGINE=InnoDB DEFAULT CHARSET=utf8;
/*!40101 SET character_set_client = @saved_cs_client */;

--
-- Dumping data for table `StringList`
--

LOCK TABLES `StringList` WRITE;
/*!40000 ALTER TABLE `StringList` DISABLE KEYS */;
/*!40000 ALTER TABLE `StringList` ENABLE KEYS */;
UNLOCK TABLES;

--
-- Table structure for table `SubAR`
--

DROP TABLE IF EXISTS `SubAR`;
/*!40101 SET @saved_cs_client     = @@character_set_client */;
/*!40101 SET character_set_client = utf8 */;
CREATE TABLE `SubAR` (
  `SARID` bigint(20) NOT NULL AUTO_INCREMENT,
  `ARID` bigint(20) NOT NULL DEFAULT '0',
  `SubARID` bigint(20) NOT NULL DEFAULT '0',
  `BID` bigint(20) NOT NULL DEFAULT '0',
  `LastModTime` timestamp NOT NULL DEFAULT CURRENT_TIMESTAMP ON UPDATE CURRENT_TIMESTAMP,
  `LastModBy` bigint(20) NOT NULL DEFAULT '0',
  `CreateTS` timestamp NOT NULL DEFAULT CURRENT_TIMESTAMP,
  `CreateBy` bigint(20) NOT NULL DEFAULT '0',
  PRIMARY KEY (`SARID`)
) ENGINE=InnoDB AUTO_INCREMENT=3 DEFAULT CHARSET=utf8;
/*!40101 SET character_set_client = @saved_cs_client */;

--
-- Dumping data for table `SubAR`
--

LOCK TABLES `SubAR` WRITE;
/*!40000 ALTER TABLE `SubAR` DISABLE KEYS */;
INSERT INTO `SubAR` VALUES (1,15,14,1,'2017-11-10 23:24:23',0,'2017-11-10 23:24:23',0),(2,37,36,1,'2017-11-10 23:24:23',0,'2017-11-10 23:24:23',0);
/*!40000 ALTER TABLE `SubAR` ENABLE KEYS */;
UNLOCK TABLES;

--
-- Table structure for table `TWS`
--

DROP TABLE IF EXISTS `TWS`;
/*!40101 SET @saved_cs_client     = @@character_set_client */;
/*!40101 SET character_set_client = utf8 */;
CREATE TABLE `TWS` (
  `TWSID` bigint(20) NOT NULL AUTO_INCREMENT,
  `Owner` varchar(256) NOT NULL DEFAULT '',
  `OwnerData` varchar(256) NOT NULL DEFAULT '',
  `WorkerName` varchar(256) NOT NULL DEFAULT '',
  `ActivateTime` datetime NOT NULL DEFAULT CURRENT_TIMESTAMP,
  `Node` varchar(256) NOT NULL DEFAULT '',
  `FLAGS` bigint(20) NOT NULL DEFAULT '0',
  `DtActivated` datetime NOT NULL DEFAULT CURRENT_TIMESTAMP,
  `DtCompleted` datetime NOT NULL DEFAULT CURRENT_TIMESTAMP,
  `DtCreate` datetime NOT NULL DEFAULT CURRENT_TIMESTAMP,
  `DtLastUpdate` datetime NOT NULL DEFAULT CURRENT_TIMESTAMP ON UPDATE CURRENT_TIMESTAMP,
  PRIMARY KEY (`TWSID`)
) ENGINE=InnoDB AUTO_INCREMENT=14 DEFAULT CHARSET=utf8;
/*!40101 SET character_set_client = @saved_cs_client */;

--
-- Dumping data for table `TWS`
--

LOCK TABLES `TWS` WRITE;
/*!40000 ALTER TABLE `TWS` DISABLE KEYS */;
INSERT INTO `TWS` VALUES (1,'CreateAssessmentInstances','','CreateAssessmentInstances','2018-02-25 00:00:00','Steves-MacBook-Pro-2.local',4,'2018-02-24 01:19:54','2018-02-24 01:19:54','2017-11-10 15:24:21','2018-02-23 17:19:53'),(2,'CleanRARBalanceCache','','CleanRARBalanceCache','2018-02-24 05:09:45','Steves-MacBook-Pro-2.local',4,'2018-02-24 05:04:45','2018-02-24 05:04:45','2018-02-23 17:19:43','2018-02-23 21:04:45'),(3,'CleanSecDepBalanceCache','','CleanSecDepBalanceCache','2018-02-24 05:09:45','Steves-MacBook-Pro-2.local',4,'2018-02-24 05:04:45','2018-02-24 05:04:45','2018-02-23 17:19:43','2018-02-23 21:04:45'),(4,'CleanAcctSliceCache','','CleanAcctSliceCache','2018-02-24 05:09:45','Steves-MacBook-Pro-2.local',4,'2018-02-24 05:04:45','2018-02-24 05:04:45','2018-02-23 17:19:43','2018-02-23 21:04:45'),(5,'CleanARSliceCache','','CleanARSliceCache','2018-02-24 05:09:45','Steves-MacBook-Pro-2.local',4,'2018-02-24 05:04:45','2018-02-24 05:04:45','2018-02-23 17:19:43','2018-02-23 21:04:45'),(6,'RARBcacheBot','','RARBcacheBot','2018-06-05 23:08:53','Steves-MacBook-Pro-2.local',4,'2018-06-05 23:03:53','2018-06-05 23:03:53','2018-06-02 13:09:58','2018-06-05 16:03:53'),(7,'ARSliceCacheBot','','ARSliceCacheBot','2018-06-05 23:08:53','Steves-MacBook-Pro-2.local',4,'2018-06-05 23:03:53','2018-06-05 23:03:53','2018-06-02 13:09:58','2018-06-05 16:03:53'),(8,'TLReportBot','','TLReportBot','2018-06-05 23:08:43','Steves-MacBook-Pro-2.local',4,'2018-06-05 23:06:43','2018-06-05 23:06:43','2018-06-02 13:09:58','2018-06-05 16:06:43'),(9,'ManualTaskBot','','ManualTaskBot','2018-06-06 23:03:53','Steves-MacBook-Pro-2.local',4,'2018-06-05 23:03:53','2018-06-05 23:03:53','2018-06-02 13:09:58','2018-06-05 16:03:53'),(10,'AssessmentBot','','AssessmentBot','2018-06-06 23:03:53','Steves-MacBook-Pro-2.local',4,'2018-06-05 23:03:53','2018-06-05 23:03:53','2018-06-02 13:09:58','2018-06-05 16:03:53'),(11,'SecDepCacheBot','','SecDepCacheBot','2018-06-05 23:08:53','Steves-MacBook-Pro-2.local',4,'2018-06-05 23:03:53','2018-06-05 23:03:53','2018-06-02 13:09:58','2018-06-05 16:03:53'),(12,'AcctSliceCacheBot','','AcctSliceCacheBot','2018-06-05 23:08:53','Steves-MacBook-Pro-2.local',4,'2018-06-05 23:03:53','2018-06-05 23:03:53','2018-06-02 13:09:58','2018-06-05 16:03:53'),(13,'TLInstanceBot','','TLInstanceBot','2018-06-06 23:03:53','Steves-MacBook-Pro-2.local',4,'2018-06-05 23:03:53','2018-06-05 23:03:53','2018-06-02 13:09:58','2018-06-05 16:03:53');
/*!40000 ALTER TABLE `TWS` ENABLE KEYS */;
UNLOCK TABLES;

--
-- Table structure for table `Task`
--

DROP TABLE IF EXISTS `Task`;
/*!40101 SET @saved_cs_client     = @@character_set_client */;
/*!40101 SET character_set_client = utf8 */;
CREATE TABLE `Task` (
  `TID` bigint(20) NOT NULL AUTO_INCREMENT,
  `BID` bigint(20) NOT NULL DEFAULT '0',
  `TLID` bigint(20) NOT NULL DEFAULT '0',
  `Name` varchar(256) NOT NULL DEFAULT '',
  `Worker` varchar(80) NOT NULL DEFAULT '',
  `DtDue` datetime NOT NULL DEFAULT '1970-01-01 00:00:00',
  `DtPreDue` datetime NOT NULL DEFAULT '1970-01-01 00:00:00',
  `DtDone` datetime NOT NULL DEFAULT '1970-01-01 00:00:00',
  `DtPreDone` datetime NOT NULL DEFAULT '1970-01-01 00:00:00',
  `FLAGS` bigint(20) NOT NULL DEFAULT '0',
  `DoneUID` bigint(20) NOT NULL DEFAULT '0',
  `PreDoneUID` bigint(20) NOT NULL DEFAULT '0',
  `Comment` varchar(2048) NOT NULL DEFAULT '',
  `LastModTime` timestamp NOT NULL DEFAULT CURRENT_TIMESTAMP ON UPDATE CURRENT_TIMESTAMP,
  `LastModBy` bigint(20) NOT NULL DEFAULT '0',
  `CreateTS` timestamp NOT NULL DEFAULT CURRENT_TIMESTAMP,
  `CreateBy` bigint(20) NOT NULL DEFAULT '0',
  PRIMARY KEY (`TID`)
) ENGINE=InnoDB AUTO_INCREMENT=41 DEFAULT CHARSET=utf8;
/*!40101 SET character_set_client = @saved_cs_client */;

--
-- Dumping data for table `Task`
--

LOCK TABLES `Task` WRITE;
/*!40000 ALTER TABLE `Task` DISABLE KEYS */;
INSERT INTO `Task` VALUES (1,1,1,'Tie closing SECDEP balance to bank SECDEP balanc','ManualTaskBot','2018-02-28 20:00:00','2018-02-20 20:00:00','0000-00-00 00:00:00','0000-00-00 00:00:00',0,0,0,'','2018-06-07 03:09:40',0,'2018-06-07 03:09:40',0),(2,1,1,'Review all receivables for accuracy','ManualTaskBot','2018-02-28 20:00:00','2018-02-20 20:00:00','0000-00-00 00:00:00','0000-00-00 00:00:00',0,0,0,'','2018-06-07 03:09:40',0,'2018-06-07 03:09:40',0),(3,1,1,'Compare total cash deposits to bank statement','ManualTaskBot','2018-02-28 20:00:00','2018-02-20 20:00:00','0000-00-00 00:00:00','0000-00-00 00:00:00',0,0,0,'','2018-06-07 03:09:40',0,'2018-06-07 03:09:40',0),(4,1,1,'Confirm all Lease Concessions are document in resident\'s lease','ManualTaskBot','2018-02-28 07:00:00','2018-02-20 07:00:00','0000-00-00 00:00:00','0000-00-00 00:00:00',0,0,0,'','2018-06-07 03:09:40',0,'2018-06-07 03:09:40',0),(5,1,1,'Tie all Bar/Spa/F&B deposits in POS Lavu to Rent Roll Deposits','ManualTaskBot','2018-02-28 07:00:00','2018-02-20 07:00:00','0000-00-00 00:00:00','0000-00-00 00:00:00',0,0,0,'','2018-06-07 03:09:40',0,'2018-06-07 03:09:40',0),(6,1,1,'Make certain that all suspense accounts have been closed out','ManualTaskBot','2018-02-28 07:00:00','2018-02-20 07:00:00','0000-00-00 00:00:00','0000-00-00 00:00:00',0,0,0,'','2018-06-07 03:09:40',0,'2018-06-07 03:09:40',0),(7,1,1,'Compile all workpapers for the foregoing confirmations, and file as YYYY-MM-DD [3-letter property] Rent Roll Work Papers','ManualTaskBot','2018-02-28 07:00:00','2018-02-20 07:00:00','0000-00-00 00:00:00','0000-00-00 00:00:00',0,0,0,'','2018-06-07 03:09:40',0,'2018-06-07 03:09:40',0),(8,1,1,'Print Rent Roll Activity Report','ManualTaskBot','2018-02-28 07:00:00','2018-02-20 07:00:00','0000-00-00 00:00:00','0000-00-00 00:00:00',0,0,0,'','2018-06-07 03:09:40',0,'2018-06-07 03:09:40',0),(9,1,1,'Print Rent Roll Report','ManualTaskBot','2018-02-28 07:00:00','2018-02-20 07:00:00','0000-00-00 00:00:00','0000-00-00 00:00:00',0,0,0,'','2018-06-07 03:09:40',0,'2018-06-07 03:09:40',0),(10,1,1,'File PDFs for the reports as YYY-MM-DD [3-letter-property] Rent Roll','ManualTaskBot','2018-02-28 07:00:00','2018-02-20 07:00:00','0000-00-00 00:00:00','0000-00-00 00:00:00',0,0,0,'','2018-06-07 03:09:40',0,'2018-06-07 03:09:40',0),(11,1,2,'Tie closing SECDEP balance to bank SECDEP balanc','ManualTaskBot','2018-03-31 20:00:00','2018-03-20 20:00:00','0000-00-00 00:00:00','0000-00-00 00:00:00',0,0,0,'','2018-06-07 03:09:40',0,'2018-06-07 03:09:40',0),(12,1,2,'Review all receivables for accuracy','ManualTaskBot','2018-03-31 20:00:00','2018-03-20 20:00:00','0000-00-00 00:00:00','0000-00-00 00:00:00',0,0,0,'','2018-06-07 03:09:40',0,'2018-06-07 03:09:40',0),(13,1,2,'Compare total cash deposits to bank statement','ManualTaskBot','2018-03-31 20:00:00','2018-03-20 20:00:00','0000-00-00 00:00:00','0000-00-00 00:00:00',0,0,0,'','2018-06-07 03:09:40',0,'2018-06-07 03:09:40',0),(14,1,2,'Confirm all Lease Concessions are document in resident\'s lease','ManualTaskBot','2018-03-31 07:00:00','2018-03-20 07:00:00','0000-00-00 00:00:00','0000-00-00 00:00:00',0,0,0,'','2018-06-07 03:09:40',0,'2018-06-07 03:09:40',0),(15,1,2,'Tie all Bar/Spa/F&B deposits in POS Lavu to Rent Roll Deposits','ManualTaskBot','2018-03-31 07:00:00','2018-03-20 07:00:00','0000-00-00 00:00:00','0000-00-00 00:00:00',0,0,0,'','2018-06-07 03:09:40',0,'2018-06-07 03:09:40',0),(16,1,2,'Make certain that all suspense accounts have been closed out','ManualTaskBot','2018-03-31 07:00:00','2018-03-20 07:00:00','0000-00-00 00:00:00','0000-00-00 00:00:00',0,0,0,'','2018-06-07 03:09:40',0,'2018-06-07 03:09:40',0),(17,1,2,'Compile all workpapers for the foregoing confirmations, and file as YYYY-MM-DD [3-letter property] Rent Roll Work Papers','ManualTaskBot','2018-03-31 07:00:00','2018-03-20 07:00:00','0000-00-00 00:00:00','0000-00-00 00:00:00',0,0,0,'','2018-06-07 03:09:40',0,'2018-06-07 03:09:40',0),(18,1,2,'Print Rent Roll Activity Report','ManualTaskBot','2018-03-31 07:00:00','2018-03-20 07:00:00','0000-00-00 00:00:00','0000-00-00 00:00:00',0,0,0,'','2018-06-07 03:09:40',0,'2018-06-07 03:09:40',0),(19,1,2,'Print Rent Roll Report','ManualTaskBot','2018-03-31 07:00:00','2018-03-20 07:00:00','0000-00-00 00:00:00','0000-00-00 00:00:00',0,0,0,'','2018-06-07 03:09:40',0,'2018-06-07 03:09:40',0),(20,1,2,'File PDFs for the reports as YYY-MM-DD [3-letter-property] Rent Roll','ManualTaskBot','2018-03-31 07:00:00','2018-03-20 07:00:00','0000-00-00 00:00:00','0000-00-00 00:00:00',0,0,0,'','2018-06-07 03:09:40',0,'2018-06-07 03:09:40',0),(21,1,3,'Tie closing SECDEP balance to bank SECDEP balanc','ManualTaskBot','2018-04-30 20:00:00','2018-04-20 20:00:00','0000-00-00 00:00:00','0000-00-00 00:00:00',0,0,0,'','2018-06-07 03:09:40',0,'2018-06-07 03:09:40',0),(22,1,3,'Review all receivables for accuracy','ManualTaskBot','2018-04-30 20:00:00','2018-04-20 20:00:00','0000-00-00 00:00:00','0000-00-00 00:00:00',0,0,0,'','2018-06-07 03:09:40',0,'2018-06-07 03:09:40',0),(23,1,3,'Compare total cash deposits to bank statement','ManualTaskBot','2018-04-30 20:00:00','2018-04-20 20:00:00','0000-00-00 00:00:00','0000-00-00 00:00:00',0,0,0,'','2018-06-07 03:09:40',0,'2018-06-07 03:09:40',0),(24,1,3,'Confirm all Lease Concessions are document in resident\'s lease','ManualTaskBot','2018-04-30 07:00:00','2018-04-20 07:00:00','0000-00-00 00:00:00','0000-00-00 00:00:00',0,0,0,'','2018-06-07 03:09:40',0,'2018-06-07 03:09:40',0),(25,1,3,'Tie all Bar/Spa/F&B deposits in POS Lavu to Rent Roll Deposits','ManualTaskBot','2018-04-30 07:00:00','2018-04-20 07:00:00','0000-00-00 00:00:00','0000-00-00 00:00:00',0,0,0,'','2018-06-07 03:09:40',0,'2018-06-07 03:09:40',0),(26,1,3,'Make certain that all suspense accounts have been closed out','ManualTaskBot','2018-04-30 07:00:00','2018-04-20 07:00:00','0000-00-00 00:00:00','0000-00-00 00:00:00',0,0,0,'','2018-06-07 03:09:40',0,'2018-06-07 03:09:40',0),(27,1,3,'Compile all workpapers for the foregoing confirmations, and file as YYYY-MM-DD [3-letter property] Rent Roll Work Papers','ManualTaskBot','2018-04-30 07:00:00','2018-04-20 07:00:00','0000-00-00 00:00:00','0000-00-00 00:00:00',0,0,0,'','2018-06-07 03:09:40',0,'2018-06-07 03:09:40',0),(28,1,3,'Print Rent Roll Activity Report','ManualTaskBot','2018-04-30 07:00:00','2018-04-20 07:00:00','0000-00-00 00:00:00','0000-00-00 00:00:00',0,0,0,'','2018-06-07 03:09:40',0,'2018-06-07 03:09:40',0),(29,1,3,'Print Rent Roll Report','ManualTaskBot','2018-04-30 07:00:00','2018-04-20 07:00:00','0000-00-00 00:00:00','0000-00-00 00:00:00',0,0,0,'','2018-06-07 03:09:40',0,'2018-06-07 03:09:40',0),(30,1,3,'File PDFs for the reports as YYY-MM-DD [3-letter-property] Rent Roll','ManualTaskBot','2018-04-30 07:00:00','2018-04-20 07:00:00','0000-00-00 00:00:00','0000-00-00 00:00:00',0,0,0,'','2018-06-07 03:09:40',0,'2018-06-07 03:09:40',0),(31,1,4,'Tie closing SECDEP balance to bank SECDEP balanc','ManualTaskBot','2018-05-31 20:00:00','2018-05-20 20:00:00','0000-00-00 00:00:00','0000-00-00 00:00:00',0,0,0,'','2018-06-07 03:09:40',0,'2018-06-07 03:09:40',0),(32,1,4,'Review all receivables for accuracy','ManualTaskBot','2018-05-31 20:00:00','2018-05-20 20:00:00','0000-00-00 00:00:00','0000-00-00 00:00:00',0,0,0,'','2018-06-07 03:09:40',0,'2018-06-07 03:09:40',0),(33,1,4,'Compare total cash deposits to bank statement','ManualTaskBot','2018-05-31 20:00:00','2018-05-20 20:00:00','0000-00-00 00:00:00','0000-00-00 00:00:00',0,0,0,'','2018-06-07 03:09:40',0,'2018-06-07 03:09:40',0),(34,1,4,'Confirm all Lease Concessions are document in resident\'s lease','ManualTaskBot','2018-05-31 07:00:00','2018-05-20 07:00:00','0000-00-00 00:00:00','0000-00-00 00:00:00',0,0,0,'','2018-06-07 03:09:40',0,'2018-06-07 03:09:40',0),(35,1,4,'Tie all Bar/Spa/F&B deposits in POS Lavu to Rent Roll Deposits','ManualTaskBot','2018-05-31 07:00:00','2018-05-20 07:00:00','0000-00-00 00:00:00','0000-00-00 00:00:00',0,0,0,'','2018-06-07 03:09:40',0,'2018-06-07 03:09:40',0),(36,1,4,'Make certain that all suspense accounts have been closed out','ManualTaskBot','2018-05-31 07:00:00','2018-05-20 07:00:00','0000-00-00 00:00:00','0000-00-00 00:00:00',0,0,0,'','2018-06-07 03:09:40',0,'2018-06-07 03:09:40',0),(37,1,4,'Compile all workpapers for the foregoing confirmations, and file as YYYY-MM-DD [3-letter property] Rent Roll Work Papers','ManualTaskBot','2018-05-31 07:00:00','2018-05-20 07:00:00','0000-00-00 00:00:00','0000-00-00 00:00:00',0,0,0,'','2018-06-07 03:09:40',0,'2018-06-07 03:09:40',0),(38,1,4,'Print Rent Roll Activity Report','ManualTaskBot','2018-05-31 07:00:00','2018-05-20 07:00:00','0000-00-00 00:00:00','0000-00-00 00:00:00',0,0,0,'','2018-06-07 03:09:40',0,'2018-06-07 03:09:40',0),(39,1,4,'Print Rent Roll Report','ManualTaskBot','2018-05-31 07:00:00','2018-05-20 07:00:00','0000-00-00 00:00:00','0000-00-00 00:00:00',0,0,0,'','2018-06-07 03:09:40',0,'2018-06-07 03:09:40',0),(40,1,4,'File PDFs for the reports as YYY-MM-DD [3-letter-property] Rent Roll','ManualTaskBot','2018-05-31 07:00:00','2018-05-20 07:00:00','0000-00-00 00:00:00','0000-00-00 00:00:00',0,0,0,'','2018-06-07 03:09:40',0,'2018-06-07 03:09:40',0);
/*!40000 ALTER TABLE `Task` ENABLE KEYS */;
UNLOCK TABLES;

--
-- Table structure for table `TaskDescriptor`
--

DROP TABLE IF EXISTS `TaskDescriptor`;
/*!40101 SET @saved_cs_client     = @@character_set_client */;
/*!40101 SET character_set_client = utf8 */;
CREATE TABLE `TaskDescriptor` (
  `TDID` bigint(20) NOT NULL AUTO_INCREMENT,
  `BID` bigint(20) NOT NULL DEFAULT '0',
  `TLDID` bigint(20) NOT NULL DEFAULT '0',
  `Name` varchar(256) NOT NULL DEFAULT '',
  `Worker` varchar(80) NOT NULL DEFAULT '',
  `EpochDue` datetime NOT NULL DEFAULT '1970-01-01 00:00:00',
  `EpochPreDue` datetime NOT NULL DEFAULT '1970-01-01 00:00:00',
  `FLAGS` bigint(20) NOT NULL DEFAULT '0',
  `Comment` varchar(2048) NOT NULL DEFAULT '',
  `LastModTime` timestamp NOT NULL DEFAULT CURRENT_TIMESTAMP ON UPDATE CURRENT_TIMESTAMP,
  `LastModBy` bigint(20) NOT NULL DEFAULT '0',
  `CreateTS` timestamp NOT NULL DEFAULT CURRENT_TIMESTAMP,
  `CreateBy` bigint(20) NOT NULL DEFAULT '0',
  PRIMARY KEY (`TDID`)
) ENGINE=InnoDB AUTO_INCREMENT=12 DEFAULT CHARSET=utf8;
/*!40101 SET character_set_client = @saved_cs_client */;

--
-- Dumping data for table `TaskDescriptor`
--

LOCK TABLES `TaskDescriptor` WRITE;
/*!40000 ALTER TABLE `TaskDescriptor` DISABLE KEYS */;
INSERT INTO `TaskDescriptor` VALUES (1,1,1,'Tie closing SECDEP balance to bank SECDEP balanc','ManualTaskBot','2018-01-31 20:00:00','2018-01-20 20:00:00',0,'','2018-05-29 18:19:54',211,'2018-03-14 19:50:32',0),(2,1,1,'Review all receivables for accuracy','ManualTaskBot','2018-01-31 20:00:00','2018-01-20 20:00:00',0,'(provide comment for any receivables more than 30 days old','2018-05-29 18:22:57',211,'2018-03-14 19:50:32',0),(3,1,1,'Compare total cash deposits to bank statement','ManualTaskBot','2018-01-31 20:00:00','2018-01-20 20:00:00',0,'','2018-05-29 18:23:38',211,'2018-03-14 19:50:32',0),(5,1,1,'Confirm all Lease Concessions are document in resident\'s lease','ManualTaskBot','2018-05-31 07:00:00','2018-05-20 07:00:00',0,' or make certain that you have a Report for any After-Lease Concessions occurring during the month','2018-05-29 18:24:26',0,'2018-05-29 18:24:26',211),(6,1,1,'Tie all Bar/Spa/F&B deposits in POS Lavu to Rent Roll Deposits','ManualTaskBot','2018-05-31 07:00:00','2018-05-20 07:00:00',0,'','2018-05-29 18:25:05',0,'2018-05-29 18:25:05',211),(7,1,1,'Make certain that all suspense accounts have been closed out','ManualTaskBot','2018-05-31 07:00:00','2018-05-20 07:00:00',0,'','2018-05-29 18:25:30',0,'2018-05-29 18:25:30',211),(8,1,1,'Compile all workpapers for the foregoing confirmations, and file as YYYY-MM-DD [3-letter property] Rent Roll Work Papers','ManualTaskBot','2018-05-31 07:00:00','2018-05-20 07:00:00',0,'','2018-05-29 18:25:57',0,'2018-05-29 18:25:57',211),(9,1,1,'Print Rent Roll Activity Report','ManualTaskBot','2018-05-31 07:00:00','2018-05-20 07:00:00',0,'','2018-05-29 18:30:54',0,'2018-05-29 18:30:54',211),(10,1,1,'Print Rent Roll Report','ManualTaskBot','2018-05-31 07:00:00','2018-05-20 07:00:00',0,'','2018-05-29 18:31:18',0,'2018-05-29 18:31:18',211),(11,1,1,'File PDFs for the reports as YYY-MM-DD [3-letter-property] Rent Roll','ManualTaskBot','2018-05-31 07:00:00','2018-05-20 07:00:00',0,'','2018-05-29 18:32:06',0,'2018-05-29 18:32:06',211);
/*!40000 ALTER TABLE `TaskDescriptor` ENABLE KEYS */;
UNLOCK TABLES;

--
-- Table structure for table `TaskList`
--

DROP TABLE IF EXISTS `TaskList`;
/*!40101 SET @saved_cs_client     = @@character_set_client */;
/*!40101 SET character_set_client = utf8 */;
CREATE TABLE `TaskList` (
  `TLID` bigint(20) NOT NULL AUTO_INCREMENT,
  `BID` bigint(20) NOT NULL DEFAULT '0',
  `PTLID` bigint(20) NOT NULL DEFAULT '0',
  `TLDID` bigint(20) NOT NULL DEFAULT '0',
  `Name` varchar(256) NOT NULL DEFAULT '',
  `Cycle` bigint(20) NOT NULL DEFAULT '0',
  `DtDue` datetime NOT NULL DEFAULT '1970-01-01 00:00:00',
  `DtPreDue` datetime NOT NULL DEFAULT '1970-01-01 00:00:00',
  `DtDone` datetime NOT NULL DEFAULT '1970-01-01 00:00:00',
  `DtPreDone` datetime NOT NULL DEFAULT '1970-01-01 00:00:00',
  `FLAGS` bigint(20) NOT NULL DEFAULT '0',
  `DoneUID` bigint(20) NOT NULL DEFAULT '0',
  `PreDoneUID` bigint(20) NOT NULL DEFAULT '0',
  `EmailList` varchar(2048) NOT NULL DEFAULT '',
  `DtLastNotify` datetime NOT NULL DEFAULT '1970-01-01 00:00:00',
  `DurWait` bigint(20) NOT NULL DEFAULT '86400000000000',
  `Comment` varchar(2048) NOT NULL DEFAULT '',
  `LastModTime` timestamp NOT NULL DEFAULT CURRENT_TIMESTAMP ON UPDATE CURRENT_TIMESTAMP,
  `LastModBy` bigint(20) NOT NULL DEFAULT '0',
  `CreateTS` timestamp NOT NULL DEFAULT CURRENT_TIMESTAMP,
  `CreateBy` bigint(20) NOT NULL DEFAULT '0',
  PRIMARY KEY (`TLID`)
) ENGINE=InnoDB AUTO_INCREMENT=5 DEFAULT CHARSET=utf8;
/*!40101 SET character_set_client = @saved_cs_client */;

--
-- Dumping data for table `TaskList`
--

LOCK TABLES `TaskList` WRITE;
/*!40000 ALTER TABLE `TaskList` DISABLE KEYS */;
INSERT INTO `TaskList` VALUES (1,1,0,1,'Monthly Close',6,'2018-02-28 17:00:00','2018-02-20 17:00:00','0000-00-00 00:00:00','0000-00-00 00:00:00',6,0,0,'','0000-00-00 00:00:00',86400000000000,'','2018-06-07 03:09:40',0,'2018-06-07 03:09:40',0),(2,1,1,1,'Monthly Close',6,'2018-03-31 17:00:00','2018-03-20 17:00:00','0000-00-00 00:00:00','0000-00-00 00:00:00',6,0,0,'','0000-00-00 00:00:00',86400000000000,'','2018-06-07 03:09:40',0,'2018-06-07 03:09:40',0),(3,1,1,1,'Monthly Close',6,'2018-04-30 17:00:00','2018-04-20 17:00:00','0000-00-00 00:00:00','0000-00-00 00:00:00',6,0,0,'','0000-00-00 00:00:00',86400000000000,'','2018-06-07 03:09:40',0,'2018-06-07 03:09:40',0),(4,1,1,1,'Monthly Close',6,'2018-05-31 17:00:00','2018-05-20 17:00:00','0000-00-00 00:00:00','0000-00-00 00:00:00',6,0,0,'','0000-00-00 00:00:00',86400000000000,'','2018-06-07 03:09:40',0,'2018-06-07 03:09:40',0);
/*!40000 ALTER TABLE `TaskList` ENABLE KEYS */;
UNLOCK TABLES;

--
-- Table structure for table `TaskListDefinition`
--

DROP TABLE IF EXISTS `TaskListDefinition`;
/*!40101 SET @saved_cs_client     = @@character_set_client */;
/*!40101 SET character_set_client = utf8 */;
CREATE TABLE `TaskListDefinition` (
  `TLDID` bigint(20) NOT NULL AUTO_INCREMENT,
  `BID` bigint(20) NOT NULL DEFAULT '0',
  `Name` varchar(256) NOT NULL DEFAULT '',
  `Cycle` bigint(20) NOT NULL DEFAULT '0',
  `Epoch` datetime NOT NULL DEFAULT '1970-01-01 00:00:00',
  `EpochDue` datetime NOT NULL DEFAULT '1970-01-01 00:00:00',
  `EpochPreDue` datetime NOT NULL DEFAULT '1970-01-01 00:00:00',
  `FLAGS` bigint(20) NOT NULL DEFAULT '0',
  `EmailList` varchar(2048) NOT NULL DEFAULT '',
  `DurWait` bigint(20) NOT NULL DEFAULT '86400000000000',
  `Comment` varchar(2048) NOT NULL DEFAULT '',
  `LastModTime` timestamp NOT NULL DEFAULT CURRENT_TIMESTAMP ON UPDATE CURRENT_TIMESTAMP,
  `LastModBy` bigint(20) NOT NULL DEFAULT '0',
  `CreateTS` timestamp NOT NULL DEFAULT CURRENT_TIMESTAMP,
  `CreateBy` bigint(20) NOT NULL DEFAULT '0',
  PRIMARY KEY (`TLDID`)
) ENGINE=InnoDB AUTO_INCREMENT=3 DEFAULT CHARSET=utf8;
/*!40101 SET character_set_client = @saved_cs_client */;

--
-- Dumping data for table `TaskListDefinition`
--

LOCK TABLES `TaskListDefinition` WRITE;
/*!40000 ALTER TABLE `TaskListDefinition` DISABLE KEYS */;
INSERT INTO `TaskListDefinition` VALUES (1,1,'Monthly Close',6,'2018-01-01 00:00:00','2018-01-31 17:00:00','2018-01-20 17:00:00',6,'',86400000000000,'','2018-05-29 18:39:32',211,'2018-03-14 19:50:32',0),(2,1,'Tucasa Apts Period Close',6,'2018-01-01 00:00:00','2018-01-31 00:00:00','2018-01-20 00:00:00',7,'bounce@simulator.amazonses.com',86400000000000,'','2018-05-29 18:15:32',0,'2018-05-29 18:15:32',0);
/*!40000 ALTER TABLE `TaskListDefinition` ENABLE KEYS */;
UNLOCK TABLES;

--
-- Table structure for table `Tax`
--

DROP TABLE IF EXISTS `Tax`;
/*!40101 SET @saved_cs_client     = @@character_set_client */;
/*!40101 SET character_set_client = utf8 */;
CREATE TABLE `Tax` (
  `TAXID` bigint(20) NOT NULL AUTO_INCREMENT,
  `BID` bigint(20) NOT NULL DEFAULT '0',
  `Name` varchar(50) DEFAULT NULL,
  `TaxingAuthority` varchar(100) DEFAULT NULL,
  `TaxingAuthorityAddress` varchar(256) DEFAULT NULL,
  `FilingDate` date NOT NULL DEFAULT '1970-01-01',
  `FilingCycle` bigint(20) NOT NULL DEFAULT '0',
  `Instructions` varchar(1024) NOT NULL DEFAULT '',
  `LastModTime` timestamp NOT NULL DEFAULT CURRENT_TIMESTAMP ON UPDATE CURRENT_TIMESTAMP,
  `LastModBy` bigint(20) NOT NULL DEFAULT '0',
  `CreateTS` timestamp NOT NULL DEFAULT CURRENT_TIMESTAMP,
  `CreateBy` bigint(20) NOT NULL DEFAULT '0',
  PRIMARY KEY (`TAXID`)
) ENGINE=InnoDB DEFAULT CHARSET=utf8;
/*!40101 SET character_set_client = @saved_cs_client */;

--
-- Dumping data for table `Tax`
--

LOCK TABLES `Tax` WRITE;
/*!40000 ALTER TABLE `Tax` DISABLE KEYS */;
/*!40000 ALTER TABLE `Tax` ENABLE KEYS */;
UNLOCK TABLES;

--
-- Table structure for table `TaxRate`
--

DROP TABLE IF EXISTS `TaxRate`;
/*!40101 SET @saved_cs_client     = @@character_set_client */;
/*!40101 SET character_set_client = utf8 */;
CREATE TABLE `TaxRate` (
  `TAXID` bigint(20) NOT NULL DEFAULT '0',
  `BID` bigint(20) NOT NULL DEFAULT '0',
  `DtStart` date NOT NULL DEFAULT '1970-01-01',
  `DtStop` date NOT NULL DEFAULT '1970-01-01',
  `Rate` decimal(19,4) NOT NULL DEFAULT '0.0000',
  `Fee` decimal(19,4) NOT NULL DEFAULT '0.0000',
  `Formula` varchar(256) NOT NULL DEFAULT '',
  `LastModTime` timestamp NOT NULL DEFAULT CURRENT_TIMESTAMP ON UPDATE CURRENT_TIMESTAMP,
  `LastModBy` bigint(20) NOT NULL DEFAULT '0',
  `CreateTS` timestamp NOT NULL DEFAULT CURRENT_TIMESTAMP,
  `CreateBy` bigint(20) NOT NULL DEFAULT '0'
) ENGINE=InnoDB DEFAULT CHARSET=utf8;
/*!40101 SET character_set_client = @saved_cs_client */;

--
-- Dumping data for table `TaxRate`
--

LOCK TABLES `TaxRate` WRITE;
/*!40000 ALTER TABLE `TaxRate` DISABLE KEYS */;
/*!40000 ALTER TABLE `TaxRate` ENABLE KEYS */;
UNLOCK TABLES;

--
-- Table structure for table `Transactant`
--

DROP TABLE IF EXISTS `Transactant`;
/*!40101 SET @saved_cs_client     = @@character_set_client */;
/*!40101 SET character_set_client = utf8 */;
CREATE TABLE `Transactant` (
  `TCID` bigint(20) NOT NULL AUTO_INCREMENT,
  `BID` bigint(20) NOT NULL DEFAULT '0',
  `NLID` bigint(20) NOT NULL DEFAULT '0',
  `FirstName` varchar(100) NOT NULL DEFAULT '',
  `MiddleName` varchar(100) NOT NULL DEFAULT '',
  `LastName` varchar(100) NOT NULL DEFAULT '',
  `PreferredName` varchar(100) NOT NULL DEFAULT '',
  `CompanyName` varchar(100) NOT NULL DEFAULT '',
  `IsCompany` tinyint(1) NOT NULL DEFAULT '0',
  `PrimaryEmail` varchar(100) NOT NULL DEFAULT '',
  `SecondaryEmail` varchar(100) NOT NULL DEFAULT '',
  `WorkPhone` varchar(100) NOT NULL DEFAULT '',
  `CellPhone` varchar(100) NOT NULL DEFAULT '',
  `Address` varchar(100) NOT NULL DEFAULT '',
  `Address2` varchar(100) NOT NULL DEFAULT '',
  `City` varchar(100) NOT NULL DEFAULT '',
  `State` char(25) NOT NULL DEFAULT '',
  `PostalCode` varchar(100) NOT NULL DEFAULT '',
  `Country` varchar(100) NOT NULL DEFAULT '',
  `Website` varchar(100) NOT NULL DEFAULT '',
  `FLAGS` bigint(20) NOT NULL DEFAULT '0',
  `Comment` varchar(2048) NOT NULL DEFAULT '',
  `LastModTime` timestamp NOT NULL DEFAULT CURRENT_TIMESTAMP ON UPDATE CURRENT_TIMESTAMP,
  `LastModBy` bigint(20) NOT NULL DEFAULT '0',
  `CreateTS` timestamp NOT NULL DEFAULT CURRENT_TIMESTAMP,
  `CreateBy` bigint(20) NOT NULL DEFAULT '0',
  PRIMARY KEY (`TCID`)
) ENGINE=InnoDB AUTO_INCREMENT=31 DEFAULT CHARSET=utf8;
/*!40101 SET character_set_client = @saved_cs_client */;

--
-- Dumping data for table `Transactant`
--

LOCK TABLES `Transactant` WRITE;
/*!40000 ALTER TABLE `Transactant` DISABLE KEYS */;
INSERT INTO `Transactant` VALUES (1,1,0,'Nakia','Emerald','Horton','Amado','Amtran, Inc.',0,'NHorton7376@yahoo.com','NakiaH4987@abiz.com','(277) 733-0360','(106) 333-7498','7929 Fifth','','Orlando','TN','98081','USA','',0,'','2018-06-07 03:09:38',0,'2018-06-07 03:09:38',0),(2,1,0,'Tynisha','Tayna','Hogan','Sherell','Dollar Tree Stores, Inc.',0,'THogan4998@comcast.net','TynishaH1055@yahoo.com','(386) 706-2316','(742) 282-6041','35539 Canyon','','Syracuse','GA','27887','USA','',0,'','2018-06-07 03:09:38',0,'2018-06-07 03:09:38',0),(3,1,0,'Dionna','Renata','Leon','Debrah','Teradyne Inc',0,'DionnaLeon640@hotmail.com','DionnaLeon211@comcast.net','(819) 196-7847','(379) 779-6762','58105 Orchard','','Trenton','NJ','31847','USA','',0,'','2018-06-07 03:09:38',0,'2018-06-07 03:09:38',0),(4,1,0,'Ruthe','Margie','Chapman','Breann','ALLETE, Inc.',0,'RChapman5026@bdiddy.com','RChapman6485@hotmail.com','(247) 965-1936','(615) 751-3944','23903 Sixth','','Apple Valley','KY','84059','USA','',0,'','2018-06-07 03:09:38',0,'2018-06-07 03:09:38',0),(5,1,0,'Darryl','Solomon','Hammond','Omar','Protective Life Corp',0,'DHammond7290@hotmail.com','DHammond6836@aol.com','(563) 789-7432','(607) 756-3940','66294 Sunset','','Laredo','NV','02081','USA','',0,'','2018-06-07 03:09:38',0,'2018-06-07 03:09:38',0),(6,1,0,'Ahmad','Anthony','Rich','Florentino','Mail-Well Inc.',0,'ARich5757@hotmail.com','AhmadR2721@abiz.com','(387) 951-2223','(385) 191-6004','70237 Zoo','','Coral Springs','HI','41318','USA','',0,'','2018-06-07 03:09:38',0,'2018-06-07 03:09:38',0),(7,1,0,'Jennette','Karren','Boyer','Linn','Carlisle Cos. Inc.',0,'JBoyer1376@hotmail.com','JennetteBoyer460@yahoo.com','(635) 423-2109','(149) 938-9343','34225 Pecan','','Modesto','LA','54425','USA','',0,'','2018-06-07 03:09:38',0,'2018-06-07 03:09:38',0),(8,1,0,'Jeanice','Yaeko','Workman','Mica','Olin Corp.',0,'JWorkman3431@abiz.com','JeaniceW2612@abiz.com','(849) 588-5197','(618) 335-6988','88313 Cedar','','Kansas City','OH','22540','USA','',0,'','2018-06-07 03:09:38',0,'2018-06-07 03:09:38',0),(9,1,0,'Sarita','Kathryne','Riley','Richard','NTL Incorporated',0,'SaritaR5381@abiz.com','SRiley2342@comcast.net','(945) 871-3304','(699) 442-5040','7621 Apache','','Kissimmee','NJ','40456','USA','',0,'','2018-06-07 03:09:38',0,'2018-06-07 03:09:38',0),(10,1,0,'Alona','Kelvin','Pitts','Lucius','DQE Inc.',0,'AlonaPitts552@bdiddy.com','AlonaP1527@aol.com','(510) 230-5252','(299) 938-2733','67434 7th','','Fresno','MS','03300','USA','',0,'','2018-06-07 03:09:38',0,'2018-06-07 03:09:38',0),(11,1,0,'Yoko','Nila','Maldonado','Tawana','W.R. Berkley Corporation',0,'YokoM5705@aol.com','YokoMaldonado37@aol.com','(842) 955-2512','(153) 631-1479','978 Hemlock','','Punta Gorda','AR','10694','USA','',0,'','2018-06-07 03:09:38',0,'2018-06-07 03:09:38',0),(12,1,0,'Glennis','Teodoro','Daniel','Shela','Enterprise Products Partners L.P.',0,'GlennisD4905@abiz.com','GlennisD5037@comcast.net','(154) 718-9243','(564) 255-1377','42449 8th','','North Port','MS','78511','USA','',0,'','2018-06-07 03:09:38',0,'2018-06-07 03:09:38',0),(13,1,0,'Elaina','Erin','Glover','Marla','EGL Inc.',0,'ElainaG5060@yahoo.com','ElainaG96@hotmail.com','(260) 375-6685','(138) 373-9923','68155 Mesquite','','Eugene','AL','28162','USA','',0,'','2018-06-07 03:09:38',0,'2018-06-07 03:09:38',0),(14,1,0,'Angelena','Jaime','Thomas','Enedina','Echostar Communications Corporation',0,'AThomas9923@aol.com','AThomas9735@aol.com','(908) 708-6659','(621) 420-9259','94778 Fourth','','San Buenaventura','OH','55089','USA','',0,'','2018-06-07 03:09:38',0,'2018-06-07 03:09:38',0),(15,1,0,'Janean','Elinor','Gray','Precious','Tyson Foods Inc',0,'JaneanGray230@comcast.net','JaneanGray300@aol.com','(308) 673-5805','(805) 163-6943','5591 Cypress','','Boise City','CO','24728','USA','',0,'','2018-06-07 03:09:38',0,'2018-06-07 03:09:38',0),(16,1,0,'Naomi','Petronila','Pickett','Damien','Eli Lilly and Company',0,'NaomiPickett185@hotmail.com','NPickett8668@gmail.com','(633) 784-3150','(887) 842-8281','21786 Sixth','','El Monte','KY','33274','USA','',0,'','2018-06-07 03:09:38',0,'2018-06-07 03:09:38',0),(17,1,0,'Foster','Travis','Hodges','Mabel','AutoNation, Inc.',0,'FosterH2078@gmail.com','FHodges595@yahoo.com','(622) 890-5625','(563) 380-4993','46411 Cherry','','Hesperia','CA','11211','USA','',0,'','2018-06-07 03:09:38',0,'2018-06-07 03:09:38',0),(18,1,0,'Madge','Delores','Klein','Derrick','XO Communications Inc',0,'MadgeKlein112@hotmail.com','MKlein9112@yahoo.com','(759) 522-8231','(169) 780-2140','54004 Washington','','Costa Mesa','WY','31445','USA','',0,'','2018-06-07 03:09:38',0,'2018-06-07 03:09:38',0),(19,1,0,'Rolando','Lizabeth','Greer','Luise','Oglethorpe Power Corp.',0,'RolandoGreer907@yahoo.com','RolandoGreer434@aol.com','(630) 452-4994','(118) 958-6580','82558 Quail','','Temecula','CA','23237','USA','',0,'','2018-06-07 03:09:38',0,'2018-06-07 03:09:38',0),(20,1,0,'Edna','Latesha','Rasmussen','Gayla','Tribune Company',0,'ERasmussen2361@abiz.com','ERasmussen4973@aol.com','(344) 746-4378','(912) 909-5169','3845 South Carolina','','Dayton','ND','39106','USA','',0,'','2018-06-07 03:09:38',0,'2018-06-07 03:09:38',0),(21,1,0,'Marissa','Eun','Frank','Gustavo','Del Monte Foods Co',0,'MarissaF4382@hotmail.com','MFrank4374@abiz.com','(250) 541-1638','(713) 420-3455','46010 Lehua','','Apple Valley','VA','40495','USA','',0,'','2018-06-07 03:09:38',0,'2018-06-07 03:09:38',0),(22,1,0,'Johanna','Carol','Ewing','Diamond','Shopko Stores Inc',0,'JohannaE8975@abiz.com','JohannaEwing660@aol.com','(159) 495-6626','(309) 977-5449','34005 Birch','','Champaign','NJ','65466','USA','',0,'','2018-06-07 03:09:38',0,'2018-06-07 03:09:38',0),(23,1,0,'Marisha','Bruce','Spencer','Lana','Alleghany Corporation',0,'MSpencer9268@gmail.com','MSpencer5337@bdiddy.com','(842) 453-6238','(253) 459-3331','1126 Redwood','','Fort Lauderdale','WY','11528','USA','',0,'','2018-06-07 03:09:38',0,'2018-06-07 03:09:38',0),(24,1,0,'Cleora','Alison','Jefferson','Arnoldo','WGL Holdings Inc',0,'CleoraJefferson104@gmail.com','CleoraJ9306@comcast.net','(440) 866-1708','(320) 805-9719','19080 12th','','Knoxville','PA','86258','USA','',0,'','2018-06-07 03:09:38',0,'2018-06-07 03:09:38',0),(25,1,0,'Gwyn','Reginia','Moran','Maragaret','GreenPoint Financial Corp.',0,'GwynM1375@hotmail.com','GwynM877@gmail.com','(564) 121-5197','(170) 802-7066','6589 A','','Hesperia','NH','58047','USA','',0,'','2018-06-07 03:09:38',0,'2018-06-07 03:09:38',0),(26,1,0,'Inger','Opal','Harding','Ruth','Siebel Systems Inc',0,'IngerHarding18@gmail.com','IngerH6987@gmail.com','(784) 278-7242','(182) 143-5574','32264 S 100','','Athens','PA','79947','USA','',0,'','2018-06-07 03:09:38',0,'2018-06-07 03:09:38',0),(27,1,0,'Quintin','Lannie','Cervantes','Delmer','Terex Corp',0,'QCervantes2106@aol.com','QCervantes3583@gmail.com','(531) 953-3270','(125) 806-6697','35219 Holly','','Paterson','TX','38287','USA','',0,'','2018-06-07 03:09:38',0,'2018-06-07 03:09:38',0),(28,1,0,'Dannie','Jacquelyn','Downs','Shantae','Armstrong Holdings, Inc.',0,'DannieD9041@hotmail.com','DannieDowns806@abiz.com','(573) 639-1663','(875) 920-1534','5268 Palo Verde','','Boston','VT','32888','USA','',0,'','2018-06-07 03:09:38',0,'2018-06-07 03:09:38',0),(29,1,0,'Sudie','Evangeline','Palmer','Candis','Reader\'s Digest Association Inc.',0,'SPalmer6237@abiz.com','SPalmer4258@abiz.com','(548) 712-1351','(499) 849-4031','74391 8th','','New Orleans','MA','92790','USA','',0,'','2018-06-07 03:09:38',0,'2018-06-07 03:09:38',0),(30,1,0,'Sunni','Edmond','Chapman','Vernice','Storage Technology Corporation',0,'SunniChapman577@aol.com','SChapman5341@hotmail.com','(363) 863-6426','(825) 610-9001','64303 Aloha','','Hampton','OH','93015','USA','',0,'','2018-06-07 03:09:38',0,'2018-06-07 03:09:38',0);
/*!40000 ALTER TABLE `Transactant` ENABLE KEYS */;
UNLOCK TABLES;

--
-- Table structure for table `User`
--

DROP TABLE IF EXISTS `User`;
/*!40101 SET @saved_cs_client     = @@character_set_client */;
/*!40101 SET character_set_client = utf8 */;
CREATE TABLE `User` (
  `TCID` bigint(20) NOT NULL,
  `BID` bigint(20) NOT NULL DEFAULT '0',
  `Points` bigint(20) NOT NULL DEFAULT '0',
  `DateofBirth` date NOT NULL DEFAULT '1970-01-01',
  `EmergencyContactName` varchar(100) NOT NULL DEFAULT '',
  `EmergencyContactAddress` varchar(100) NOT NULL DEFAULT '',
  `EmergencyContactTelephone` varchar(100) NOT NULL DEFAULT '',
  `EmergencyContactEmail` varchar(100) NOT NULL DEFAULT '',
  `AlternateAddress` varchar(100) NOT NULL DEFAULT '',
  `EligibleFutureUser` tinyint(1) NOT NULL DEFAULT '1',
  `FLAGS` bigint(20) NOT NULL DEFAULT '0',
  `Industry` varchar(100) NOT NULL DEFAULT '',
  `SourceSLSID` bigint(20) NOT NULL DEFAULT '0',
  `LastModTime` timestamp NOT NULL DEFAULT CURRENT_TIMESTAMP ON UPDATE CURRENT_TIMESTAMP,
  `LastModBy` bigint(20) NOT NULL DEFAULT '0',
  `CreateTS` timestamp NOT NULL DEFAULT CURRENT_TIMESTAMP,
  `CreateBy` bigint(20) NOT NULL DEFAULT '0',
  PRIMARY KEY (`TCID`)
) ENGINE=InnoDB DEFAULT CHARSET=utf8;
/*!40101 SET character_set_client = @saved_cs_client */;

--
-- Dumping data for table `User`
--

LOCK TABLES `User` WRITE;
/*!40000 ALTER TABLE `User` DISABLE KEYS */;
/*!40000 ALTER TABLE `User` ENABLE KEYS */;
UNLOCK TABLES;

--
-- Table structure for table `Vehicle`
--

DROP TABLE IF EXISTS `Vehicle`;
/*!40101 SET @saved_cs_client     = @@character_set_client */;
/*!40101 SET character_set_client = utf8 */;
CREATE TABLE `Vehicle` (
  `VID` bigint(20) NOT NULL AUTO_INCREMENT,
  `TCID` bigint(20) NOT NULL DEFAULT '0',
  `BID` bigint(20) NOT NULL DEFAULT '0',
  `VehicleType` varchar(80) NOT NULL DEFAULT '',
  `VehicleMake` varchar(80) NOT NULL DEFAULT '',
  `VehicleModel` varchar(80) NOT NULL DEFAULT '',
  `VehicleColor` varchar(80) NOT NULL DEFAULT '',
  `VehicleYear` bigint(20) NOT NULL DEFAULT '0',
  `VIN` varchar(20) NOT NULL DEFAULT '',
  `LicensePlateState` varchar(80) NOT NULL DEFAULT '',
  `LicensePlateNumber` varchar(80) NOT NULL DEFAULT '',
  `ParkingPermitNumber` varchar(80) NOT NULL DEFAULT '',
  `DtStart` date NOT NULL DEFAULT '1970-01-01',
  `DtStop` date NOT NULL DEFAULT '1970-01-01',
  `LastModTime` timestamp NOT NULL DEFAULT CURRENT_TIMESTAMP ON UPDATE CURRENT_TIMESTAMP,
  `LastModBy` bigint(20) NOT NULL DEFAULT '0',
  `CreateTS` timestamp NOT NULL DEFAULT CURRENT_TIMESTAMP,
  `CreateBy` bigint(20) NOT NULL DEFAULT '0',
  PRIMARY KEY (`VID`)
) ENGINE=InnoDB AUTO_INCREMENT=29 DEFAULT CHARSET=utf8;
/*!40101 SET character_set_client = @saved_cs_client */;

--
-- Dumping data for table `Vehicle`
--

LOCK TABLES `Vehicle` WRITE;
/*!40000 ALTER TABLE `Vehicle` DISABLE KEYS */;
INSERT INTO `Vehicle` VALUES (1,1,1,'car','Ford','E-Series','',1992,'','SD','I35H17F','0292318','2018-02-13','2020-05-01','2018-06-07 03:09:38',0,'2018-06-07 03:09:38',0),(2,3,1,'car','Dodge','Ram 2500','',1994,'','AZ','F9Z8K84','0663285','2018-02-13','2020-05-01','2018-06-07 03:09:38',0,'2018-06-07 03:09:38',0),(3,4,1,'car','Dodge','Stratus','',1997,'','KY','G7J72R1','6256893','2018-02-13','2020-05-01','2018-06-07 03:09:38',0,'2018-06-07 03:09:38',0),(4,5,1,'car','Lamborghini','Gallardo','',2003,'','NE','O2GZ434','3536096','2018-02-13','2020-05-01','2018-06-07 03:09:38',0,'2018-06-07 03:09:38',0),(5,6,1,'car','GMC','Suburban 2500','',1998,'','TX','4QJL290','0555994','2018-02-13','2020-05-01','2018-06-07 03:09:38',0,'2018-06-07 03:09:38',0),(6,7,1,'car','Ferrari','612 Scaglietti','',2007,'','AR','5AB542G','3513669','2018-02-13','2020-05-01','2018-06-07 03:09:38',0,'2018-06-07 03:09:38',0),(7,8,1,'car','Honda','Element','',2004,'','DE','X65F3D0','9432993','2018-02-13','2020-05-01','2018-06-07 03:09:38',0,'2018-06-07 03:09:38',0),(8,9,1,'car','Porsche','911','',2008,'','GA','6XJ50S3','2887655','2018-02-13','2020-05-01','2018-06-07 03:09:38',0,'2018-06-07 03:09:38',0),(9,10,1,'car','Aston Martin','V8 Vantage S','',2011,'','GA','RQ97I28','2058354','2018-02-13','2020-05-01','2018-06-07 03:09:38',0,'2018-06-07 03:09:38',0),(10,11,1,'car','Chevrolet','1500','',1999,'','PA','29N4D6I','0052174','2018-02-13','2020-05-01','2018-06-07 03:09:38',0,'2018-06-07 03:09:38',0),(11,12,1,'car','Isuzu','Trooper','',1996,'','MN','57W0TM2','5313668','2018-02-13','2020-05-01','2018-06-07 03:09:38',0,'2018-06-07 03:09:38',0),(12,13,1,'car','Mercedes-Benz','E-Class','',1985,'','GA','D9119YG','4241088','2018-02-13','2020-05-01','2018-06-07 03:09:38',0,'2018-06-07 03:09:38',0),(13,14,1,'car','Mercedes-Benz','GL-Class','',2007,'','KS','3L2R48O','1462972','2018-02-13','2020-05-01','2018-06-07 03:09:38',0,'2018-06-07 03:09:38',0),(14,15,1,'car','Nissan','Quest','',2006,'','NV','76BG91H','5326107','2018-02-13','2020-05-01','2018-06-07 03:09:38',0,'2018-06-07 03:09:38',0),(15,16,1,'car','HUMMER','H1','',2003,'','AK','V08F0M1','0704553','2018-02-13','2020-05-01','2018-06-07 03:09:38',0,'2018-06-07 03:09:38',0),(16,18,1,'car','Toyota','T100','',1994,'','DC','I187L8F','0549791','2018-02-13','2020-05-01','2018-06-07 03:09:38',0,'2018-06-07 03:09:38',0),(17,19,1,'car','Lamborghini','Murcilago','',2006,'','IA','YJ96E62','2454985','2018-02-13','2020-05-01','2018-06-07 03:09:38',0,'2018-06-07 03:09:38',0),(18,20,1,'car','GMC','Sierra 3500','',2012,'','WV','56Q4H8U','4027771','2018-02-13','2020-05-01','2018-06-07 03:09:38',0,'2018-06-07 03:09:38',0),(19,21,1,'car','Chevrolet','Beretta','',1992,'','PA','C30XJ93','1901544','2018-02-13','2020-05-01','2018-06-07 03:09:38',0,'2018-06-07 03:09:38',0),(20,22,1,'car','Lincoln','Navigator L','',2011,'','SD','2E1DS04','8451511','2018-02-13','2020-05-01','2018-06-07 03:09:38',0,'2018-06-07 03:09:38',0),(21,23,1,'car','Chevrolet','Silverado','',1999,'','RI','071N0CV','4558250','2018-02-13','2020-05-01','2018-06-07 03:09:38',0,'2018-06-07 03:09:38',0),(22,24,1,'car','Saab','9000','',1992,'','WI','39W2LQ4','1523155','2018-02-13','2020-05-01','2018-06-07 03:09:38',0,'2018-06-07 03:09:38',0),(23,25,1,'car','Mercury','Grand Marquis','',2001,'','DE','2A9T4T2','9455812','2018-02-13','2020-05-01','2018-06-07 03:09:38',0,'2018-06-07 03:09:38',0),(24,26,1,'car','Infiniti','Q','',1993,'','DC','8BE393S','8661867','2018-02-13','2020-05-01','2018-06-07 03:09:38',0,'2018-06-07 03:09:38',0),(25,27,1,'car','Ford','Courier','',1988,'','TX','7X4J90Z','8353214','2018-02-13','2020-05-01','2018-06-07 03:09:38',0,'2018-06-07 03:09:38',0),(26,28,1,'car','Chevrolet','HHR','',2007,'','OR','3H8ZT65','5475216','2018-02-13','2020-05-01','2018-06-07 03:09:38',0,'2018-06-07 03:09:38',0),(27,29,1,'car','Cadillac','Eldorado','',1996,'','ND','8E9V7Z8','5721762','2018-02-13','2020-05-01','2018-06-07 03:09:38',0,'2018-06-07 03:09:38',0),(28,30,1,'car','Buick','LeSabre','',1992,'','MN','30DI88L','2724542','2018-02-13','2020-05-01','2018-06-07 03:09:38',0,'2018-06-07 03:09:38',0);
/*!40000 ALTER TABLE `Vehicle` ENABLE KEYS */;
UNLOCK TABLES;
/*!40103 SET TIME_ZONE=@OLD_TIME_ZONE */;

/*!40101 SET SQL_MODE=@OLD_SQL_MODE */;
/*!40014 SET FOREIGN_KEY_CHECKS=@OLD_FOREIGN_KEY_CHECKS */;
/*!40014 SET UNIQUE_CHECKS=@OLD_UNIQUE_CHECKS */;
/*!40101 SET CHARACTER_SET_CLIENT=@OLD_CHARACTER_SET_CLIENT */;
/*!40101 SET CHARACTER_SET_RESULTS=@OLD_CHARACTER_SET_RESULTS */;
/*!40101 SET COLLATION_CONNECTION=@OLD_COLLATION_CONNECTION */;
/*!40111 SET SQL_NOTES=@OLD_SQL_NOTES */;

-- Dump completed on 2018-06-20 14:16:02
