-- MySQL dump 10.13  Distrib 5.7.22, for osx10.12 (x86_64)
--
-- Host: localhost    Database: rentroll
-- ------------------------------------------------------
-- Server version	5.7.22

/*!40101 SET @OLD_CHARACTER_SET_CLIENT=@@CHARACTER_SET_CLIENT */;
/*!40101 SET @OLD_CHARACTER_SET_RESULTS=@@CHARACTER_SET_RESULTS */;
/*!40101 SET @OLD_COLLATION_CONNECTION=@@COLLATION_CONNECTION */;
/*!40101 SET NAMES utf8 */;
/*!40103 SET @OLD_TIME_ZONE=@@TIME_ZONE */;
/*!40103 SET TIME_ZONE='+00:00' */;
/*!40014 SET @OLD_UNIQUE_CHECKS=@@UNIQUE_CHECKS, UNIQUE_CHECKS=0 */;
/*!40014 SET @OLD_FOREIGN_KEY_CHECKS=@@FOREIGN_KEY_CHECKS, FOREIGN_KEY_CHECKS=0 */;
/*!40101 SET @OLD_SQL_MODE=@@SQL_MODE, SQL_MODE='NO_AUTO_VALUE_ON_ZERO' */;
/*!40111 SET @OLD_SQL_NOTES=@@SQL_NOTES, SQL_NOTES=0 */;

--
-- Table structure for table `AR`
--

DROP TABLE IF EXISTS `AR`;
/*!40101 SET @saved_cs_client     = @@character_set_client */;
/*!40101 SET character_set_client = utf8 */;
CREATE TABLE `AR` (
  `ARID` bigint(20) NOT NULL AUTO_INCREMENT,
  `BID` bigint(20) NOT NULL DEFAULT '0',
  `Name` varchar(100) NOT NULL DEFAULT '',
  `SubARID` bigint(20) NOT NULL DEFAULT '0',
  `ARType` smallint(6) NOT NULL DEFAULT '0',
  `RARequired` smallint(6) NOT NULL DEFAULT '0',
  `DebitLID` bigint(20) NOT NULL DEFAULT '0',
  `CreditLID` bigint(20) NOT NULL DEFAULT '0',
  `Description` varchar(1024) NOT NULL DEFAULT '',
  `DtStart` datetime NOT NULL DEFAULT '1970-01-01 00:00:00',
  `DtStop` datetime NOT NULL DEFAULT '9999-12-31 00:00:00',
  `FLAGS` bigint(20) NOT NULL DEFAULT '0',
  `DefaultAmount` decimal(19,4) NOT NULL DEFAULT '0.0000',
  `LastModTime` timestamp NOT NULL DEFAULT CURRENT_TIMESTAMP ON UPDATE CURRENT_TIMESTAMP,
  `LastModBy` bigint(20) NOT NULL DEFAULT '0',
  `CreateTS` timestamp NOT NULL DEFAULT CURRENT_TIMESTAMP,
  `CreateBy` bigint(20) NOT NULL DEFAULT '0',
  `DefaultRentCycle` smallint(6) NOT NULL DEFAULT '0',
  `DefaultProrationCycle` smallint(6) NOT NULL DEFAULT '0',
  PRIMARY KEY (`ARID`)
) ENGINE=InnoDB AUTO_INCREMENT=53 DEFAULT CHARSET=utf8;
/*!40101 SET character_set_client = @saved_cs_client */;

--
-- Dumping data for table `AR`
--

LOCK TABLES `AR` WRITE;
/*!40000 ALTER TABLE `AR` DISABLE KEYS */;
INSERT INTO `AR` VALUES (1,1,'Application Fee',0,0,0,9,46,'','1900-01-01 00:00:00','9999-12-30 00:00:00',64,15.0000,'2018-08-15 02:53:15',211,'2017-11-10 23:24:23',0,0,0),(2,1,'Application Fee (no assessment)',0,1,0,7,46,'Application fee taken, no assessment made','0000-00-00 00:00:00','9999-12-31 00:00:00',5,0.0000,'2017-11-27 21:49:03',0,'2017-11-10 23:24:23',0,0,0),(3,1,'Apply Payment',0,1,0,10,9,'','1900-01-01 00:00:00','9999-12-30 00:00:00',64,0.0000,'2018-08-15 02:59:12',211,'2017-11-10 23:24:23',0,0,0),(4,1,'Bad Debt Write-Off',0,2,0,71,9,'','0000-00-00 00:00:00','9999-12-31 00:00:00',0,0.0000,'2017-11-27 21:49:03',0,'2017-11-10 23:24:23',0,0,0),(5,1,'Bank Service Fee (Deposit Account)',0,2,0,72,4,'','0000-00-00 00:00:00','9999-12-31 00:00:00',0,0.0000,'2017-11-27 21:49:03',0,'2017-11-10 23:24:23',0,0,0),(6,1,'Bank Service Fee (Operating Account)',0,2,0,72,3,'','0000-00-00 00:00:00','9999-12-31 00:00:00',0,0.0000,'2017-11-27 21:49:03',0,'2017-11-10 23:24:23',0,0,0),(7,1,'Broken Window charge',0,0,0,9,59,'','1900-01-01 00:00:00','9999-12-30 00:00:00',64,0.0000,'2018-08-15 03:00:40',211,'2017-11-10 23:24:23',0,0,0),(8,1,'Damage Fee',0,0,0,9,59,'','1900-01-01 00:00:00','9999-12-30 00:00:00',64,0.0000,'2018-08-15 03:01:10',211,'2017-11-10 23:24:23',0,0,0),(9,1,'Deposit to Deposit Account (FRB96953)',0,1,0,4,6,'','0000-00-00 00:00:00','9999-12-31 00:00:00',0,0.0000,'2017-11-27 21:49:03',0,'2017-11-10 23:24:23',0,0,0),(10,1,'Deposit to Operating Account (FRB54320)',0,1,0,3,6,'','0000-00-00 00:00:00','9999-12-31 00:00:00',0,0.0000,'2017-11-27 21:49:03',0,'2017-11-10 23:24:23',0,0,0),(11,1,'Electric Base Fee',0,0,0,9,36,'','0000-00-00 00:00:00','9999-12-31 00:00:00',0,0.0000,'2017-11-27 21:49:03',0,'2017-11-10 23:24:23',0,0,0),(12,1,'Electric Overage',0,0,0,9,37,'','1900-01-01 00:00:00','9999-12-30 00:00:00',64,0.0000,'2018-08-15 03:01:56',211,'2017-11-10 23:24:23',0,0,0),(13,1,'Eviction Fee Reimbursement',0,0,0,9,56,'','0000-00-00 00:00:00','9999-12-31 00:00:00',0,0.0000,'2017-11-27 21:49:03',0,'2017-11-10 23:24:23',0,0,0),(14,1,'Auto-Generated Floating Deposit Assessment',0,3,0,9,12,'','0000-00-00 00:00:00','9999-12-31 00:00:00',0,0.0000,'2017-11-27 21:49:03',0,'2017-11-10 23:24:23',0,0,0),(15,1,'Receive Floating Security Deposit',0,1,0,6,9,'','0000-00-00 00:00:00','9999-12-31 00:00:00',13,0.0000,'2017-11-27 21:49:03',0,'2017-11-10 23:24:23',0,0,0),(16,1,'Gas Base Fee',0,0,0,9,40,'','1900-01-01 00:00:00','9999-12-29 00:00:00',2,50.0000,'2018-07-23 16:16:36',211,'2017-11-10 23:24:23',0,6,4),(17,1,'Gas Base Overage',0,0,0,9,41,'','1900-01-01 00:00:00','9999-12-30 00:00:00',64,0.0000,'2018-08-15 03:02:36',211,'2017-11-10 23:24:23',0,0,0),(18,1,'Insufficient Funds Fee',0,0,0,9,48,'','1900-01-01 00:00:00','9999-12-29 00:00:00',64,25.0000,'2018-08-15 03:03:11',211,'2017-11-10 23:24:23',0,0,0),(19,1,'Late Fee',0,0,0,9,47,'','1900-01-01 00:00:00','9999-12-30 00:00:00',64,5.0000,'2018-08-15 03:03:22',211,'2017-11-10 23:24:23',0,0,0),(20,1,'Month to Month Fee',0,0,0,9,49,'','0000-00-00 00:00:00','9999-12-31 00:00:00',0,0.0000,'2017-11-27 21:49:03',0,'2017-11-10 23:24:23',0,0,0),(21,1,'No Show / Termination Fee',0,0,0,9,51,'','1900-01-01 00:00:00','9999-12-30 00:00:00',64,0.0000,'2018-08-15 03:03:52',211,'2017-11-10 23:24:23',0,0,0),(22,1,'Other Special Tenant Charges',0,0,0,9,61,'','0000-00-00 00:00:00','9999-12-31 00:00:00',0,0.0000,'2017-11-27 21:49:03',0,'2017-11-10 23:24:23',0,0,0),(23,1,'Pet Fee',0,0,0,9,52,'','1900-01-01 00:00:00','9999-12-31 00:00:00',192,50.0000,'2018-07-04 04:13:35',211,'2017-11-10 23:24:23',0,0,0),(24,1,'Pet Rent',0,0,0,9,53,'','1900-01-01 00:00:00','9999-12-30 00:00:00',144,10.0000,'2018-07-23 16:16:52',211,'2017-11-10 23:24:23',0,6,4),(25,1,'Receive a Payment',0,1,0,6,10,'','0000-00-00 00:00:00','9999-12-31 00:00:00',0,0.0000,'2017-11-27 21:49:03',0,'2017-11-10 23:24:23',0,0,0),(26,1,'Rent Non-Taxable',0,0,0,9,18,'','1900-01-01 00:00:00','9999-12-30 00:00:00',16,0.0000,'2018-07-23 16:14:54',211,'2017-11-10 23:24:23',0,6,4),(27,1,'Rent Taxable',0,0,0,9,17,'','1900-01-01 00:00:00','9999-12-30 00:00:00',16,0.0000,'2018-07-23 16:15:28',211,'2017-11-10 23:24:23',0,4,0),(28,1,'Security Deposit Assessment',0,0,0,9,11,'normal deposit','1900-01-01 00:00:00','9999-12-30 00:00:00',96,0.0000,'2018-08-15 03:04:36',211,'2017-11-10 23:24:23',0,0,0),(29,1,'Security Deposit Forfeiture',0,0,0,11,58,'Forfeit','0000-00-00 00:00:00','9999-12-31 00:00:00',0,0.0000,'2017-11-27 21:49:03',0,'2017-11-10 23:24:23',0,0,0),(30,1,'Security Deposit Refund',0,0,0,11,5,'Refund','0000-00-00 00:00:00','9999-12-31 00:00:00',0,0.0000,'2017-11-27 21:49:03',0,'2017-11-10 23:24:23',0,0,0),(31,1,'Special Cleaning Fee',0,0,0,9,55,'','0000-00-00 00:00:00','9999-12-31 00:00:00',0,0.0000,'2017-11-27 21:49:03',0,'2017-11-10 23:24:23',0,0,0),(32,1,'Tenant Expense Chargeback',0,0,0,9,54,'','0000-00-00 00:00:00','9999-12-31 00:00:00',0,0.0000,'2017-11-27 21:49:03',0,'2017-11-10 23:24:23',0,0,0),(33,1,'Vending Income',0,1,0,7,65,'','0000-00-00 00:00:00','9999-12-31 00:00:00',5,0.0000,'2017-11-27 21:49:03',0,'2017-11-10 23:24:23',0,0,0),(34,1,'Water and Sewer Base Fee',0,0,0,9,38,'','0000-00-00 00:00:00','9999-12-31 00:00:00',0,0.0000,'2017-11-27 21:49:03',0,'2017-11-10 23:24:23',0,0,0),(35,1,'Water and Sewer Overage',0,0,0,9,39,'','1900-01-01 00:00:00','9999-12-30 00:00:00',64,0.0000,'2018-08-15 03:05:54',211,'2017-11-10 23:24:23',0,0,0),(36,1,'Auto-gen Application Fee Asmt',0,3,0,9,46,'','0000-00-00 00:00:00','9999-12-31 00:00:00',0,0.0000,'2017-11-27 21:49:03',0,'2017-11-10 23:24:23',0,0,0),(37,1,'Receive Application Fee (auto-gen asmt)',0,1,0,6,9,'Application fee taken, autogen asmt','0000-00-00 00:00:00','9999-12-31 00:00:00',13,0.0000,'2017-11-27 21:49:03',0,'2017-11-10 23:24:23',0,0,0),(38,1,'XFER  Operating to SecDep',0,2,0,4,3,'Move money from Operating acct to Sec Dep','0000-00-00 00:00:00','9999-12-31 00:00:00',0,0.0000,'2017-11-27 21:49:03',0,'2017-11-10 23:24:23',0,0,0),(39,1,'Vehicle Registration Fee',0,0,3,9,75,'','2018-01-01 00:00:00','9999-12-31 00:00:00',320,10.0000,'2018-07-04 04:14:56',211,'2018-07-03 02:47:47',211,0,0),(40,1,'Rent ST000',0,0,0,9,18,'Default rent assessment for rentable type RType000','1970-01-01 00:00:00','9999-12-30 00:00:00',16,1000.0000,'2018-08-15 03:07:17',211,'2018-07-27 06:49:30',0,6,4),(41,1,'Rent ST001',0,0,0,9,18,'Default rent assessment for rentable type RType001','1970-01-01 00:00:00','9999-12-30 00:00:00',16,1500.0000,'2018-08-15 03:07:28',211,'2018-07-27 06:49:30',0,6,4),(42,1,'Rent ST002',0,0,0,9,18,'Default rent assessment for rentable type RType002','1970-01-01 00:00:00','9999-12-30 00:00:00',16,1750.0000,'2018-08-15 03:07:40',211,'2018-07-27 06:49:30',0,6,4),(43,1,'Rent ST003',0,0,0,9,18,'Default rent assessment for rentable type RType003','1970-01-01 00:00:00','9999-12-30 00:00:00',16,2500.0000,'2018-08-15 03:16:30',211,'2018-07-27 06:49:30',0,6,4),(44,1,'Rent CP000',0,0,0,9,18,'Default rent assessment for rentable type Car Port 000','1970-01-01 00:00:00','9999-12-30 00:00:00',16,35.0000,'2018-08-15 03:16:45',211,'2018-07-27 06:49:30',0,6,4),(45,1,'Rent 1BR1BA',0,0,0,9,18,'Default rent assessment for rentable type Standard','1970-01-01 00:00:00','9999-12-31 00:00:00',20,1000.0000,'2019-04-18 23:18:27',0,'2019-04-18 23:18:27',0,6,4),(46,1,'Rent 2BR1BA',0,0,0,9,18,'Default rent assessment for rentable type Deluxe','1970-01-01 00:00:00','9999-12-31 00:00:00',20,1500.0000,'2019-04-18 23:18:27',0,'2019-04-18 23:18:27',0,6,4),(47,1,'Rent 2BR2BA',0,0,0,9,18,'Default rent assessment for rentable type Gold','1970-01-01 00:00:00','9999-12-31 00:00:00',20,1750.0000,'2019-04-18 23:18:27',0,'2019-04-18 23:18:27',0,6,4),(48,1,'Rent 3BR2BA',0,0,0,9,18,'Default rent assessment for rentable type Platinum','1970-01-01 00:00:00','9999-12-31 00:00:00',20,2500.0000,'2019-04-18 23:18:27',0,'2019-04-18 23:18:27',0,6,4),(49,1,'Rent H11',0,0,0,9,18,'Default rent assessment for rentable type HotelStd','1970-01-01 00:00:00','9999-12-31 00:00:00',20,65.0000,'2019-04-18 23:18:27',0,'2019-04-18 23:18:27',0,6,4),(50,1,'Rent H21',0,0,0,9,18,'Default rent assessment for rentable type HotelGold','1970-01-01 00:00:00','9999-12-31 00:00:00',20,75.0000,'2019-04-18 23:18:27',0,'2019-04-18 23:18:27',0,6,4),(51,1,'Rent H22',0,0,0,9,18,'Default rent assessment for rentable type HotelPlatinum','1970-01-01 00:00:00','9999-12-31 00:00:00',20,85.0000,'2019-04-18 23:18:27',0,'2019-04-18 23:18:27',0,6,4),(52,1,'Rent CP000',0,0,0,9,18,'Default rent assessment for rentable type Car Port 000','1970-01-01 00:00:00','9999-12-31 00:00:00',20,35.0000,'2019-04-18 23:18:27',0,'2019-04-18 23:18:27',0,0,0);
/*!40000 ALTER TABLE `AR` ENABLE KEYS */;
UNLOCK TABLES;

--
-- Table structure for table `AssessmentTax`
--

DROP TABLE IF EXISTS `AssessmentTax`;
/*!40101 SET @saved_cs_client     = @@character_set_client */;
/*!40101 SET character_set_client = utf8 */;
CREATE TABLE `AssessmentTax` (
  `ASMID` bigint(20) NOT NULL DEFAULT '0',
  `BID` bigint(20) NOT NULL DEFAULT '0',
  `TAXID` bigint(20) NOT NULL DEFAULT '0',
  `FLAGS` bigint(20) NOT NULL DEFAULT '0',
  `OverrideTaxApprover` mediumint(9) NOT NULL DEFAULT '0',
  `OverrideAmount` decimal(19,4) NOT NULL DEFAULT '0.0000',
  `LastModTime` timestamp NOT NULL DEFAULT CURRENT_TIMESTAMP ON UPDATE CURRENT_TIMESTAMP,
  `LastModBy` bigint(20) NOT NULL DEFAULT '0',
  `CreateTS` timestamp NOT NULL DEFAULT CURRENT_TIMESTAMP,
  `CreateBy` bigint(20) NOT NULL DEFAULT '0'
) ENGINE=InnoDB DEFAULT CHARSET=utf8;
/*!40101 SET character_set_client = @saved_cs_client */;

--
-- Dumping data for table `AssessmentTax`
--

LOCK TABLES `AssessmentTax` WRITE;
/*!40000 ALTER TABLE `AssessmentTax` DISABLE KEYS */;
/*!40000 ALTER TABLE `AssessmentTax` ENABLE KEYS */;
UNLOCK TABLES;

--
-- Table structure for table `Assessments`
--

DROP TABLE IF EXISTS `Assessments`;
/*!40101 SET @saved_cs_client     = @@character_set_client */;
/*!40101 SET character_set_client = utf8 */;
CREATE TABLE `Assessments` (
  `ASMID` bigint(20) NOT NULL AUTO_INCREMENT,
  `PASMID` bigint(20) NOT NULL DEFAULT '0',
  `RPASMID` bigint(20) NOT NULL DEFAULT '0',
  `AGRCPTID` bigint(20) NOT NULL DEFAULT '0',
  `BID` bigint(20) NOT NULL DEFAULT '0',
  `RID` bigint(20) NOT NULL DEFAULT '0',
  `AssocElemType` bigint(20) NOT NULL DEFAULT '0',
  `AssocElemID` bigint(20) NOT NULL DEFAULT '0',
  `RAID` bigint(20) NOT NULL DEFAULT '0',
  `Amount` decimal(19,4) NOT NULL DEFAULT '0.0000',
  `Start` datetime NOT NULL DEFAULT '1970-01-01 00:00:00',
  `Stop` datetime NOT NULL DEFAULT '2066-01-01 00:00:00',
  `RentCycle` smallint(6) NOT NULL DEFAULT '0',
  `ProrationCycle` smallint(6) NOT NULL DEFAULT '0',
  `InvoiceNo` bigint(20) NOT NULL DEFAULT '0',
  `AcctRule` varchar(200) NOT NULL DEFAULT '',
  `ARID` bigint(20) NOT NULL DEFAULT '0',
  `FLAGS` bigint(20) NOT NULL DEFAULT '0',
  `Comment` varchar(256) NOT NULL DEFAULT '',
  `LastModTime` timestamp NOT NULL DEFAULT CURRENT_TIMESTAMP ON UPDATE CURRENT_TIMESTAMP,
  `LastModBy` bigint(20) NOT NULL DEFAULT '0',
  `CreateTS` timestamp NOT NULL DEFAULT CURRENT_TIMESTAMP,
  `CreateBy` bigint(20) NOT NULL DEFAULT '0',
  PRIMARY KEY (`ASMID`)
) ENGINE=InnoDB AUTO_INCREMENT=94 DEFAULT CHARSET=utf8;
/*!40101 SET character_set_client = @saved_cs_client */;

--
-- Dumping data for table `Assessments`
--

LOCK TABLES `Assessments` WRITE;
/*!40000 ALTER TABLE `Assessments` DISABLE KEYS */;
INSERT INTO `Assessments` VALUES (1,0,0,0,1,1,0,0,1,1000.0000,'2018-08-01 00:00:00','2019-07-01 00:00:00',6,4,0,'',26,0,'','2019-04-18 23:18:27',0,'2019-04-18 23:18:27',0),(2,1,0,0,1,1,0,0,1,1000.0000,'2018-08-01 00:00:00','2018-08-01 00:00:00',6,4,0,'',26,2,'','2019-04-18 23:18:29',0,'2019-04-18 23:18:27',0),(3,1,0,0,1,1,0,0,1,1000.0000,'2018-09-01 00:00:00','2018-09-01 00:00:00',6,4,0,'',26,2,'','2019-04-18 23:18:29',0,'2019-04-18 23:18:28',0),(4,1,0,0,1,1,0,0,1,1000.0000,'2018-10-01 00:00:00','2018-10-01 00:00:00',6,4,0,'',26,2,'','2019-04-18 23:18:29',0,'2019-04-18 23:18:28',0),(5,1,0,0,1,1,0,0,1,1000.0000,'2018-11-01 00:00:00','2018-11-01 00:00:00',6,4,0,'',26,2,'','2019-04-18 23:18:29',0,'2019-04-18 23:18:28',0),(6,1,0,0,1,1,0,0,1,1000.0000,'2018-12-01 00:00:00','2018-12-01 00:00:00',6,4,0,'',26,2,'','2019-04-18 23:18:29',0,'2019-04-18 23:18:28',0),(7,1,0,0,1,1,0,0,1,1000.0000,'2019-01-01 00:00:00','2019-01-01 00:00:00',6,4,0,'',26,2,'','2019-04-18 23:18:29',0,'2019-04-18 23:18:28',0),(8,1,0,0,1,1,0,0,1,1000.0000,'2019-02-01 00:00:00','2019-02-01 00:00:00',6,4,0,'',26,2,'','2019-04-18 23:18:29',0,'2019-04-18 23:18:28',0),(9,1,0,0,1,1,0,0,1,1000.0000,'2019-03-01 00:00:00','2019-03-01 00:00:00',6,4,0,'',26,2,'','2019-04-18 23:18:29',0,'2019-04-18 23:18:28',0),(10,1,0,0,1,1,0,0,1,1000.0000,'2019-04-01 00:00:00','2019-04-01 00:00:00',6,4,0,'',26,2,'','2019-04-18 23:18:29',0,'2019-04-18 23:18:28',0),(11,0,0,0,1,1,0,0,1,2000.0000,'2018-07-05 00:00:00','2018-07-05 00:00:00',0,0,0,'',28,2,'','2019-04-18 23:18:29',0,'2019-04-18 23:18:28',0),(12,0,0,0,1,1,14,1,1,10.0000,'2018-08-01 00:00:00','2019-07-01 00:00:00',6,4,0,'',24,8,'','2019-04-18 23:18:28',0,'2019-04-18 23:18:28',0),(13,12,0,0,1,1,14,1,1,10.0000,'2018-08-01 00:00:00','2018-08-01 00:00:00',6,4,0,'',24,2,'','2019-04-18 23:18:29',0,'2019-04-18 23:18:28',0),(14,12,0,0,1,1,14,1,1,10.0000,'2018-09-01 00:00:00','2018-09-01 00:00:00',6,4,0,'',24,2,'','2019-04-18 23:18:29',0,'2019-04-18 23:18:28',0),(15,12,0,0,1,1,14,1,1,10.0000,'2018-10-01 00:00:00','2018-10-01 00:00:00',6,4,0,'',24,2,'','2019-04-18 23:18:29',0,'2019-04-18 23:18:28',0),(16,12,0,0,1,1,14,1,1,10.0000,'2018-11-01 00:00:00','2018-11-01 00:00:00',6,4,0,'',24,2,'','2019-04-18 23:18:29',0,'2019-04-18 23:18:28',0),(17,12,0,0,1,1,14,1,1,10.0000,'2018-12-01 00:00:00','2018-12-01 00:00:00',6,4,0,'',24,2,'','2019-04-18 23:18:29',0,'2019-04-18 23:18:28',0),(18,12,0,0,1,1,14,1,1,10.0000,'2019-01-01 00:00:00','2019-01-01 00:00:00',6,4,0,'',24,2,'','2019-04-18 23:18:29',0,'2019-04-18 23:18:28',0),(19,12,0,0,1,1,14,1,1,10.0000,'2019-02-01 00:00:00','2019-02-01 00:00:00',6,4,0,'',24,2,'','2019-04-18 23:18:29',0,'2019-04-18 23:18:28',0),(20,12,0,0,1,1,14,1,1,10.0000,'2019-03-01 00:00:00','2019-03-01 00:00:00',6,4,0,'',24,2,'','2019-04-18 23:18:29',0,'2019-04-18 23:18:28',0),(21,12,0,0,1,1,14,1,1,10.0000,'2019-04-01 00:00:00','2019-04-01 00:00:00',6,4,0,'',24,2,'','2019-04-18 23:18:29',0,'2019-04-18 23:18:28',0),(22,0,0,0,1,1,0,0,1,870.9700,'2018-07-05 00:00:00','2018-07-05 00:00:00',0,0,0,'',26,2,'prorated for 27 of 31 days','2019-04-18 23:18:29',0,'2019-04-18 23:18:28',0),(23,0,0,0,1,1,14,1,1,50.0000,'2018-07-05 00:00:00','2018-07-05 00:00:00',0,0,0,'',23,2,'','2019-04-18 23:18:29',0,'2019-04-18 23:18:28',0),(24,0,0,0,1,1,14,1,1,8.7100,'2018-07-05 00:00:00','2018-07-05 00:00:00',0,0,0,'',24,2,'prorated for 27 of 31 days','2019-04-18 23:18:29',0,'2019-04-18 23:18:28',0),(25,0,0,0,1,1,15,1,1,10.0000,'2018-07-05 00:00:00','2018-07-05 00:00:00',0,0,0,'',39,2,'','2019-04-18 23:18:29',0,'2019-04-18 23:18:28',0),(26,0,0,0,1,2,0,0,2,1000.0000,'2018-08-01 00:00:00','2019-07-01 00:00:00',6,4,0,'',26,0,'','2019-04-18 23:18:28',0,'2019-04-18 23:18:28',0),(27,26,0,0,1,2,0,0,2,1000.0000,'2018-08-01 00:00:00','2018-08-01 00:00:00',6,4,0,'',26,2,'','2019-04-18 23:18:29',0,'2019-04-18 23:18:28',0),(28,26,0,0,1,2,0,0,2,1000.0000,'2018-09-01 00:00:00','2018-09-01 00:00:00',6,4,0,'',26,2,'','2019-04-18 23:18:29',0,'2019-04-18 23:18:28',0),(29,26,0,0,1,2,0,0,2,1000.0000,'2018-10-01 00:00:00','2018-10-01 00:00:00',6,4,0,'',26,2,'','2019-04-18 23:18:29',0,'2019-04-18 23:18:28',0),(30,26,0,0,1,2,0,0,2,1000.0000,'2018-11-01 00:00:00','2018-11-01 00:00:00',6,4,0,'',26,2,'','2019-04-18 23:18:29',0,'2019-04-18 23:18:28',0),(31,26,0,0,1,2,0,0,2,1000.0000,'2018-12-01 00:00:00','2018-12-01 00:00:00',6,4,0,'',26,2,'','2019-04-18 23:18:29',0,'2019-04-18 23:18:28',0),(32,26,0,0,1,2,0,0,2,1000.0000,'2019-01-01 00:00:00','2019-01-01 00:00:00',6,4,0,'',26,2,'','2019-04-18 23:18:29',0,'2019-04-18 23:18:28',0),(33,26,0,0,1,2,0,0,2,1000.0000,'2019-02-01 00:00:00','2019-02-01 00:00:00',6,4,0,'',26,2,'','2019-04-18 23:18:29',0,'2019-04-18 23:18:28',0),(34,26,0,0,1,2,0,0,2,1000.0000,'2019-03-01 00:00:00','2019-03-01 00:00:00',6,4,0,'',26,2,'','2019-04-18 23:18:29',0,'2019-04-18 23:18:28',0),(35,26,0,0,1,2,0,0,2,1000.0000,'2019-04-01 00:00:00','2019-04-01 00:00:00',6,4,0,'',26,2,'','2019-04-18 23:18:29',0,'2019-04-18 23:18:28',0),(36,0,0,0,1,2,0,0,2,2000.0000,'2018-07-05 00:00:00','2018-07-05 00:00:00',0,0,0,'',28,2,'','2019-04-18 23:18:29',0,'2019-04-18 23:18:28',0),(37,0,0,0,1,2,14,2,2,10.0000,'2018-08-01 00:00:00','2019-07-01 00:00:00',6,4,0,'',24,8,'','2019-04-18 23:18:28',0,'2019-04-18 23:18:28',0),(38,37,0,0,1,2,14,2,2,10.0000,'2018-08-01 00:00:00','2018-08-01 00:00:00',6,4,0,'',24,2,'','2019-04-18 23:18:29',0,'2019-04-18 23:18:28',0),(39,37,0,0,1,2,14,2,2,10.0000,'2018-09-01 00:00:00','2018-09-01 00:00:00',6,4,0,'',24,2,'','2019-04-18 23:18:29',0,'2019-04-18 23:18:28',0),(40,37,0,0,1,2,14,2,2,10.0000,'2018-10-01 00:00:00','2018-10-01 00:00:00',6,4,0,'',24,2,'','2019-04-18 23:18:29',0,'2019-04-18 23:18:28',0),(41,37,0,0,1,2,14,2,2,10.0000,'2018-11-01 00:00:00','2018-11-01 00:00:00',6,4,0,'',24,2,'','2019-04-18 23:18:29',0,'2019-04-18 23:18:28',0),(42,37,0,0,1,2,14,2,2,10.0000,'2018-12-01 00:00:00','2018-12-01 00:00:00',6,4,0,'',24,2,'','2019-04-18 23:18:29',0,'2019-04-18 23:18:28',0),(43,37,0,0,1,2,14,2,2,10.0000,'2019-01-01 00:00:00','2019-01-01 00:00:00',6,4,0,'',24,2,'','2019-04-18 23:18:29',0,'2019-04-18 23:18:28',0),(44,37,0,0,1,2,14,2,2,10.0000,'2019-02-01 00:00:00','2019-02-01 00:00:00',6,4,0,'',24,2,'','2019-04-18 23:18:29',0,'2019-04-18 23:18:28',0),(45,37,0,0,1,2,14,2,2,10.0000,'2019-03-01 00:00:00','2019-03-01 00:00:00',6,4,0,'',24,2,'','2019-04-18 23:18:29',0,'2019-04-18 23:18:28',0),(46,37,0,0,1,2,14,2,2,10.0000,'2019-04-01 00:00:00','2019-04-01 00:00:00',6,4,0,'',24,2,'','2019-04-18 23:18:29',0,'2019-04-18 23:18:28',0),(47,0,0,0,1,2,0,0,2,870.9700,'2018-07-05 00:00:00','2018-07-05 00:00:00',0,0,0,'',26,2,'prorated for 27 of 31 days','2019-04-18 23:18:29',0,'2019-04-18 23:18:28',0),(48,0,0,0,1,2,14,2,2,50.0000,'2018-07-05 00:00:00','2018-07-05 00:00:00',0,0,0,'',23,2,'','2019-04-18 23:18:29',0,'2019-04-18 23:18:28',0),(49,0,0,0,1,2,14,2,2,8.7100,'2018-07-05 00:00:00','2018-07-05 00:00:00',0,0,0,'',24,2,'prorated for 27 of 31 days','2019-04-18 23:18:29',0,'2019-04-18 23:18:28',0),(50,0,0,0,1,2,15,2,2,10.0000,'2018-07-05 00:00:00','2018-07-05 00:00:00',0,0,0,'',39,2,'','2019-04-18 23:18:29',0,'2019-04-18 23:18:28',0),(51,0,0,0,1,3,0,0,3,1500.0000,'2018-08-01 00:00:00','2019-07-01 00:00:00',6,4,0,'',26,0,'','2019-04-18 23:18:28',0,'2019-04-18 23:18:28',0),(52,51,0,0,1,3,0,0,3,1500.0000,'2018-08-01 00:00:00','2018-08-01 00:00:00',6,4,0,'',26,2,'','2019-04-18 23:18:29',0,'2019-04-18 23:18:28',0),(53,51,0,0,1,3,0,0,3,1500.0000,'2018-09-01 00:00:00','2018-09-01 00:00:00',6,4,0,'',26,2,'','2019-04-18 23:18:29',0,'2019-04-18 23:18:28',0),(54,51,0,0,1,3,0,0,3,1500.0000,'2018-10-01 00:00:00','2018-10-01 00:00:00',6,4,0,'',26,2,'','2019-04-18 23:18:29',0,'2019-04-18 23:18:28',0),(55,51,0,0,1,3,0,0,3,1500.0000,'2018-11-01 00:00:00','2018-11-01 00:00:00',6,4,0,'',26,2,'','2019-04-18 23:18:29',0,'2019-04-18 23:18:28',0),(56,51,0,0,1,3,0,0,3,1500.0000,'2018-12-01 00:00:00','2018-12-01 00:00:00',6,4,0,'',26,2,'','2019-04-18 23:18:29',0,'2019-04-18 23:18:28',0),(57,51,0,0,1,3,0,0,3,1500.0000,'2019-01-01 00:00:00','2019-01-01 00:00:00',6,4,0,'',26,2,'','2019-04-18 23:18:29',0,'2019-04-18 23:18:28',0),(58,51,0,0,1,3,0,0,3,1500.0000,'2019-02-01 00:00:00','2019-02-01 00:00:00',6,4,0,'',26,2,'','2019-04-18 23:18:29',0,'2019-04-18 23:18:28',0),(59,51,0,0,1,3,0,0,3,1500.0000,'2019-03-01 00:00:00','2019-03-01 00:00:00',6,4,0,'',26,2,'','2019-04-18 23:18:29',0,'2019-04-18 23:18:28',0),(60,51,0,0,1,3,0,0,3,1500.0000,'2019-04-01 00:00:00','2019-04-01 00:00:00',6,4,0,'',26,2,'','2019-04-18 23:18:29',0,'2019-04-18 23:18:28',0),(61,0,0,0,1,3,0,0,3,3000.0000,'2018-07-05 00:00:00','2018-07-05 00:00:00',0,0,0,'',28,2,'','2019-04-18 23:18:29',0,'2019-04-18 23:18:28',0),(62,0,0,0,1,3,14,3,3,10.0000,'2018-08-01 00:00:00','2019-07-01 00:00:00',6,4,0,'',24,8,'','2019-04-18 23:18:28',0,'2019-04-18 23:18:28',0),(63,62,0,0,1,3,14,3,3,10.0000,'2018-08-01 00:00:00','2018-08-01 00:00:00',6,4,0,'',24,2,'','2019-04-18 23:18:29',0,'2019-04-18 23:18:28',0),(64,62,0,0,1,3,14,3,3,10.0000,'2018-09-01 00:00:00','2018-09-01 00:00:00',6,4,0,'',24,2,'','2019-04-18 23:18:29',0,'2019-04-18 23:18:28',0),(65,62,0,0,1,3,14,3,3,10.0000,'2018-10-01 00:00:00','2018-10-01 00:00:00',6,4,0,'',24,2,'','2019-04-18 23:18:29',0,'2019-04-18 23:18:28',0),(66,62,0,0,1,3,14,3,3,10.0000,'2018-11-01 00:00:00','2018-11-01 00:00:00',6,4,0,'',24,2,'','2019-04-18 23:18:29',0,'2019-04-18 23:18:28',0),(67,62,0,0,1,3,14,3,3,10.0000,'2018-12-01 00:00:00','2018-12-01 00:00:00',6,4,0,'',24,2,'','2019-04-18 23:18:29',0,'2019-04-18 23:18:28',0),(68,62,0,0,1,3,14,3,3,10.0000,'2019-01-01 00:00:00','2019-01-01 00:00:00',6,4,0,'',24,2,'','2019-04-18 23:18:29',0,'2019-04-18 23:18:28',0),(69,62,0,0,1,3,14,3,3,10.0000,'2019-02-01 00:00:00','2019-02-01 00:00:00',6,4,0,'',24,2,'','2019-04-18 23:18:29',0,'2019-04-18 23:18:28',0),(70,62,0,0,1,3,14,3,3,10.0000,'2019-03-01 00:00:00','2019-03-01 00:00:00',6,4,0,'',24,2,'','2019-04-18 23:18:29',0,'2019-04-18 23:18:28',0),(71,62,0,0,1,3,14,3,3,10.0000,'2019-04-01 00:00:00','2019-04-01 00:00:00',6,4,0,'',24,2,'','2019-04-18 23:18:29',0,'2019-04-18 23:18:28',0),(72,0,0,0,1,3,0,0,3,1306.4500,'2018-07-05 00:00:00','2018-07-05 00:00:00',0,0,0,'',26,2,'prorated for 27 of 31 days','2019-04-18 23:18:29',0,'2019-04-18 23:18:28',0),(73,0,0,0,1,3,14,3,3,50.0000,'2018-07-05 00:00:00','2018-07-05 00:00:00',0,0,0,'',23,2,'','2019-04-18 23:18:29',0,'2019-04-18 23:18:28',0),(74,0,0,0,1,3,14,3,3,8.7100,'2018-07-05 00:00:00','2018-07-05 00:00:00',0,0,0,'',24,2,'prorated for 27 of 31 days','2019-04-18 23:18:29',0,'2019-04-18 23:18:28',0),(75,0,0,0,1,3,15,3,3,10.0000,'2018-07-05 00:00:00','2018-07-05 00:00:00',0,0,0,'',39,2,'','2019-04-18 23:18:29',0,'2019-04-18 23:18:28',0),(76,0,0,0,1,4,0,0,4,1500.0000,'2018-08-01 00:00:00','2019-07-01 00:00:00',6,4,0,'',26,0,'','2019-04-18 23:18:28',0,'2019-04-18 23:18:28',0),(77,76,0,0,1,4,0,0,4,1500.0000,'2018-08-01 00:00:00','2018-08-01 00:00:00',6,4,0,'',26,2,'','2019-04-18 23:18:29',0,'2019-04-18 23:18:28',0),(78,76,0,0,1,4,0,0,4,1500.0000,'2018-09-01 00:00:00','2018-09-01 00:00:00',6,4,0,'',26,2,'','2019-04-18 23:18:29',0,'2019-04-18 23:18:28',0),(79,76,0,0,1,4,0,0,4,1500.0000,'2018-10-01 00:00:00','2018-10-01 00:00:00',6,4,0,'',26,2,'','2019-04-18 23:18:29',0,'2019-04-18 23:18:28',0),(80,76,0,0,1,4,0,0,4,1500.0000,'2018-11-01 00:00:00','2018-11-01 00:00:00',6,4,0,'',26,2,'','2019-04-18 23:18:29',0,'2019-04-18 23:18:28',0),(81,76,0,0,1,4,0,0,4,1500.0000,'2018-12-01 00:00:00','2018-12-01 00:00:00',6,4,0,'',26,2,'','2019-04-18 23:18:29',0,'2019-04-18 23:18:28',0),(82,76,0,0,1,4,0,0,4,1500.0000,'2019-01-01 00:00:00','2019-01-01 00:00:00',6,4,0,'',26,2,'','2019-04-18 23:18:29',0,'2019-04-18 23:18:28',0),(83,76,0,0,1,4,0,0,4,1500.0000,'2019-02-01 00:00:00','2019-02-01 00:00:00',6,4,0,'',26,2,'','2019-04-18 23:18:29',0,'2019-04-18 23:18:28',0),(84,76,0,0,1,4,0,0,4,1500.0000,'2019-03-01 00:00:00','2019-03-01 00:00:00',6,4,0,'',26,2,'','2019-04-18 23:18:29',0,'2019-04-18 23:18:28',0),(85,76,0,0,1,4,0,0,4,1500.0000,'2019-04-01 00:00:00','2019-04-01 00:00:00',6,4,0,'',26,2,'','2019-04-18 23:18:29',0,'2019-04-18 23:18:28',0),(86,0,0,0,1,4,0,0,4,3000.0000,'2018-07-05 00:00:00','2018-07-05 00:00:00',0,0,0,'',28,2,'','2019-04-18 23:18:29',0,'2019-04-18 23:18:28',0),(87,0,0,0,1,4,0,0,4,1306.4500,'2018-07-05 00:00:00','2018-07-05 00:00:00',0,0,0,'',26,2,'prorated for 27 of 31 days','2019-04-18 23:18:29',0,'2019-04-18 23:18:28',0),(88,0,0,0,1,4,15,4,4,10.0000,'2018-07-05 00:00:00','2018-07-05 00:00:00',0,0,0,'',39,2,'','2019-04-18 23:18:29',0,'2019-04-18 23:18:28',0),(89,0,0,0,1,23,12,23,5,50.0000,'2020-04-01 00:00:00','2021-04-01 00:00:00',6,4,0,'',16,0,'','2019-04-19 00:05:21',211,'2019-04-19 00:05:21',211),(90,0,0,0,1,23,12,23,5,1000.0000,'2020-04-01 00:00:00','2021-04-01 00:00:00',6,4,0,'',45,0,'','2019-04-19 00:05:21',211,'2019-04-19 00:05:21',211),(91,0,0,0,1,23,14,1,5,50.0000,'2020-04-01 00:00:00','2020-04-02 00:00:00',0,0,0,'',23,8,'','2019-04-19 00:05:21',211,'2019-04-19 00:05:21',211),(92,0,0,0,1,23,14,1,5,10.0000,'2020-04-01 00:00:00','2021-04-01 00:00:00',6,4,0,'',24,8,'','2019-04-19 00:05:21',211,'2019-04-19 00:05:21',211),(93,0,0,0,1,23,15,1,5,10.0000,'2020-04-01 00:00:00','2020-04-02 00:00:00',0,0,0,'',39,16,'','2019-04-19 00:05:21',211,'2019-04-19 00:05:21',211);
/*!40000 ALTER TABLE `Assessments` ENABLE KEYS */;
UNLOCK TABLES;

--
-- Table structure for table `AvailabilityTypes`
--

DROP TABLE IF EXISTS `AvailabilityTypes`;
/*!40101 SET @saved_cs_client     = @@character_set_client */;
/*!40101 SET character_set_client = utf8 */;
CREATE TABLE `AvailabilityTypes` (
  `AVAILID` bigint(20) NOT NULL AUTO_INCREMENT,
  `BID` bigint(20) NOT NULL,
  `Name` varchar(100) NOT NULL DEFAULT '',
  `LastModTime` timestamp NOT NULL DEFAULT CURRENT_TIMESTAMP ON UPDATE CURRENT_TIMESTAMP,
  `LastModBy` bigint(20) NOT NULL DEFAULT '0',
  `CreateTS` timestamp NOT NULL DEFAULT CURRENT_TIMESTAMP,
  `CreateBy` bigint(20) NOT NULL DEFAULT '0',
  PRIMARY KEY (`AVAILID`)
) ENGINE=InnoDB DEFAULT CHARSET=utf8;
/*!40101 SET character_set_client = @saved_cs_client */;

--
-- Dumping data for table `AvailabilityTypes`
--

LOCK TABLES `AvailabilityTypes` WRITE;
/*!40000 ALTER TABLE `AvailabilityTypes` DISABLE KEYS */;
/*!40000 ALTER TABLE `AvailabilityTypes` ENABLE KEYS */;
UNLOCK TABLES;

--
-- Table structure for table `Building`
--

DROP TABLE IF EXISTS `Building`;
/*!40101 SET @saved_cs_client     = @@character_set_client */;
/*!40101 SET character_set_client = utf8 */;
CREATE TABLE `Building` (
  `BLDGID` bigint(20) NOT NULL AUTO_INCREMENT,
  `BID` bigint(20) NOT NULL DEFAULT '0',
  `Address` varchar(100) NOT NULL DEFAULT '',
  `Address2` varchar(100) NOT NULL DEFAULT '',
  `City` varchar(100) NOT NULL DEFAULT '',
  `State` char(25) NOT NULL DEFAULT '',
  `PostalCode` varchar(100) NOT NULL DEFAULT '',
  `Country` varchar(100) NOT NULL DEFAULT '',
  `LastModTime` timestamp NOT NULL DEFAULT CURRENT_TIMESTAMP ON UPDATE CURRENT_TIMESTAMP,
  `LastModBy` bigint(20) NOT NULL DEFAULT '0',
  `CreateTS` timestamp NOT NULL DEFAULT CURRENT_TIMESTAMP,
  `CreateBy` bigint(20) NOT NULL DEFAULT '0',
  PRIMARY KEY (`BLDGID`)
) ENGINE=InnoDB DEFAULT CHARSET=utf8;
/*!40101 SET character_set_client = @saved_cs_client */;

--
-- Dumping data for table `Building`
--

LOCK TABLES `Building` WRITE;
/*!40000 ALTER TABLE `Building` DISABLE KEYS */;
/*!40000 ALTER TABLE `Building` ENABLE KEYS */;
UNLOCK TABLES;

--
-- Table structure for table `Business`
--

DROP TABLE IF EXISTS `Business`;
/*!40101 SET @saved_cs_client     = @@character_set_client */;
/*!40101 SET character_set_client = utf8 */;
CREATE TABLE `Business` (
  `BID` bigint(20) NOT NULL AUTO_INCREMENT,
  `BUD` varchar(100) NOT NULL DEFAULT '',
  `Name` varchar(100) NOT NULL DEFAULT '',
  `DefaultRentCycle` smallint(6) NOT NULL DEFAULT '0',
  `DefaultProrationCycle` smallint(6) NOT NULL DEFAULT '0',
  `DefaultGSRPC` smallint(6) NOT NULL DEFAULT '0',
  `ClosePeriodTLID` bigint(20) NOT NULL DEFAULT '0',
  `LastModTime` timestamp NOT NULL DEFAULT CURRENT_TIMESTAMP ON UPDATE CURRENT_TIMESTAMP,
  `LastModBy` bigint(20) NOT NULL DEFAULT '0',
  `CreateTS` timestamp NOT NULL DEFAULT CURRENT_TIMESTAMP,
  `CreateBy` bigint(20) NOT NULL DEFAULT '0',
  `FLAGS` bigint(20) NOT NULL DEFAULT '0',
  PRIMARY KEY (`BID`)
) ENGINE=InnoDB AUTO_INCREMENT=2 DEFAULT CHARSET=utf8;
/*!40101 SET character_set_client = @saved_cs_client */;

--
-- Dumping data for table `Business`
--

LOCK TABLES `Business` WRITE;
/*!40000 ALTER TABLE `Business` DISABLE KEYS */;
INSERT INTO `Business` VALUES (1,'REX','JGM First, LLC',6,4,4,1,'2018-06-05 23:06:51',0,'2017-11-10 23:24:22',0,1);
/*!40000 ALTER TABLE `Business` ENABLE KEYS */;
UNLOCK TABLES;

--
-- Table structure for table `BusinessAssessments`
--

DROP TABLE IF EXISTS `BusinessAssessments`;
/*!40101 SET @saved_cs_client     = @@character_set_client */;
/*!40101 SET character_set_client = utf8 */;
CREATE TABLE `BusinessAssessments` (
  `BID` bigint(20) NOT NULL DEFAULT '0',
  `ATypeLID` bigint(20) NOT NULL DEFAULT '0',
  `LastModTime` timestamp NOT NULL DEFAULT CURRENT_TIMESTAMP ON UPDATE CURRENT_TIMESTAMP,
  `LastModBy` bigint(20) NOT NULL DEFAULT '0',
  `CreateTS` timestamp NOT NULL DEFAULT CURRENT_TIMESTAMP,
  `CreateBy` bigint(20) NOT NULL DEFAULT '0'
) ENGINE=InnoDB DEFAULT CHARSET=utf8;
/*!40101 SET character_set_client = @saved_cs_client */;

--
-- Dumping data for table `BusinessAssessments`
--

LOCK TABLES `BusinessAssessments` WRITE;
/*!40000 ALTER TABLE `BusinessAssessments` DISABLE KEYS */;
/*!40000 ALTER TABLE `BusinessAssessments` ENABLE KEYS */;
UNLOCK TABLES;

--
-- Table structure for table `BusinessPaymentTypes`
--

DROP TABLE IF EXISTS `BusinessPaymentTypes`;
/*!40101 SET @saved_cs_client     = @@character_set_client */;
/*!40101 SET character_set_client = utf8 */;
CREATE TABLE `BusinessPaymentTypes` (
  `BID` bigint(20) NOT NULL DEFAULT '0',
  `PMTID` mediumint(9) NOT NULL DEFAULT '0',
  `LastModTime` timestamp NOT NULL DEFAULT CURRENT_TIMESTAMP ON UPDATE CURRENT_TIMESTAMP,
  `LastModBy` bigint(20) NOT NULL DEFAULT '0',
  `CreateTS` timestamp NOT NULL DEFAULT CURRENT_TIMESTAMP,
  `CreateBy` bigint(20) NOT NULL DEFAULT '0'
) ENGINE=InnoDB DEFAULT CHARSET=utf8;
/*!40101 SET character_set_client = @saved_cs_client */;

--
-- Dumping data for table `BusinessPaymentTypes`
--

LOCK TABLES `BusinessPaymentTypes` WRITE;
/*!40000 ALTER TABLE `BusinessPaymentTypes` DISABLE KEYS */;
/*!40000 ALTER TABLE `BusinessPaymentTypes` ENABLE KEYS */;
UNLOCK TABLES;

--
-- Table structure for table `BusinessProperties`
--

DROP TABLE IF EXISTS `BusinessProperties`;
/*!40101 SET @saved_cs_client     = @@character_set_client */;
/*!40101 SET character_set_client = utf8 */;
CREATE TABLE `BusinessProperties` (
  `BPID` bigint(20) NOT NULL AUTO_INCREMENT,
  `BID` bigint(20) NOT NULL DEFAULT '0',
  `Name` varchar(100) NOT NULL DEFAULT '',
  `FLAGS` bigint(20) NOT NULL DEFAULT '0',
  `Data` json DEFAULT NULL,
  `LastModTime` timestamp NOT NULL DEFAULT CURRENT_TIMESTAMP ON UPDATE CURRENT_TIMESTAMP,
  `LastModBy` bigint(20) NOT NULL DEFAULT '0',
  `CreateTS` timestamp NOT NULL DEFAULT CURRENT_TIMESTAMP,
  `CreateBy` bigint(20) NOT NULL DEFAULT '0',
  PRIMARY KEY (`BPID`)
) ENGINE=InnoDB AUTO_INCREMENT=2 DEFAULT CHARSET=utf8;
/*!40101 SET character_set_client = @saved_cs_client */;

--
-- Dumping data for table `BusinessProperties`
--

LOCK TABLES `BusinessProperties` WRITE;
/*!40000 ALTER TABLE `BusinessProperties` DISABLE KEYS */;
INSERT INTO `BusinessProperties` VALUES (1,1,'general',0,'{\"Epochs\": {\"Daily\": \"2017-01-01T00:00:00Z\", \"Weekly\": \"2017-01-01T00:00:00Z\", \"Yearly\": \"2017-01-01T00:00:00Z\", \"Monthly\": \"2017-01-01T00:00:00Z\", \"Quarterly\": \"2017-01-01T00:00:00Z\"}, \"PetFees\": [\"Pet Fee\", \"Pet Rent\"], \"VehicleFees\": [\"Vehicle Registration Fee\"]}','2019-04-18 23:18:27',0,'2019-04-18 23:18:27',0);
/*!40000 ALTER TABLE `BusinessProperties` ENABLE KEYS */;
UNLOCK TABLES;

--
-- Table structure for table `ClosePeriod`
--

DROP TABLE IF EXISTS `ClosePeriod`;
/*!40101 SET @saved_cs_client     = @@character_set_client */;
/*!40101 SET character_set_client = utf8 */;
CREATE TABLE `ClosePeriod` (
  `CPID` bigint(20) NOT NULL AUTO_INCREMENT,
  `BID` bigint(20) NOT NULL DEFAULT '0',
  `TLID` bigint(20) NOT NULL DEFAULT '0',
  `Dt` datetime NOT NULL DEFAULT '1970-01-01 00:00:00',
  `LastModTime` timestamp NOT NULL DEFAULT CURRENT_TIMESTAMP ON UPDATE CURRENT_TIMESTAMP,
  `LastModBy` bigint(20) NOT NULL DEFAULT '0',
  `CreateTS` timestamp NOT NULL DEFAULT CURRENT_TIMESTAMP,
  `CreateBy` bigint(20) NOT NULL DEFAULT '0',
  PRIMARY KEY (`CPID`)
) ENGINE=InnoDB DEFAULT CHARSET=utf8;
/*!40101 SET character_set_client = @saved_cs_client */;

--
-- Dumping data for table `ClosePeriod`
--

LOCK TABLES `ClosePeriod` WRITE;
/*!40000 ALTER TABLE `ClosePeriod` DISABLE KEYS */;
/*!40000 ALTER TABLE `ClosePeriod` ENABLE KEYS */;
UNLOCK TABLES;

--
-- Table structure for table `CommissionLedger`
--

DROP TABLE IF EXISTS `CommissionLedger`;
/*!40101 SET @saved_cs_client     = @@character_set_client */;
/*!40101 SET character_set_client = utf8 */;
CREATE TABLE `CommissionLedger` (
  `CLID` bigint(20) NOT NULL AUTO_INCREMENT,
  `BID` bigint(20) NOT NULL DEFAULT '0',
  `RAID` bigint(20) NOT NULL DEFAULT '0',
  `RID` bigint(20) NOT NULL DEFAULT '0',
  `Salesperson` varchar(100) NOT NULL DEFAULT '',
  `Percent` decimal(19,4) NOT NULL DEFAULT '0.0000',
  `Amount` decimal(19,4) NOT NULL DEFAULT '0.0000',
  `PaymentDueDate` date NOT NULL DEFAULT '1970-01-01',
  `LastModTime` timestamp NOT NULL DEFAULT CURRENT_TIMESTAMP ON UPDATE CURRENT_TIMESTAMP,
  `LastModBy` bigint(20) NOT NULL DEFAULT '0',
  `CreateTS` timestamp NOT NULL DEFAULT CURRENT_TIMESTAMP,
  `CreateBy` bigint(20) NOT NULL DEFAULT '0',
  PRIMARY KEY (`CLID`)
) ENGINE=InnoDB DEFAULT CHARSET=utf8;
/*!40101 SET character_set_client = @saved_cs_client */;

--
-- Dumping data for table `CommissionLedger`
--

LOCK TABLES `CommissionLedger` WRITE;
/*!40000 ALTER TABLE `CommissionLedger` DISABLE KEYS */;
/*!40000 ALTER TABLE `CommissionLedger` ENABLE KEYS */;
UNLOCK TABLES;

--
-- Table structure for table `CustomAttr`
--

DROP TABLE IF EXISTS `CustomAttr`;
/*!40101 SET @saved_cs_client     = @@character_set_client */;
/*!40101 SET character_set_client = utf8 */;
CREATE TABLE `CustomAttr` (
  `CID` bigint(20) NOT NULL AUTO_INCREMENT,
  `BID` bigint(20) NOT NULL DEFAULT '0',
  `Type` smallint(6) NOT NULL DEFAULT '0',
  `Name` varchar(100) NOT NULL DEFAULT '',
  `Value` varchar(256) NOT NULL DEFAULT '',
  `Units` varchar(256) NOT NULL DEFAULT '',
  `LastModTime` timestamp NOT NULL DEFAULT CURRENT_TIMESTAMP ON UPDATE CURRENT_TIMESTAMP,
  `LastModBy` bigint(20) NOT NULL DEFAULT '0',
  `CreateTS` timestamp NOT NULL DEFAULT CURRENT_TIMESTAMP,
  `CreateBy` bigint(20) NOT NULL DEFAULT '0',
  PRIMARY KEY (`CID`)
) ENGINE=InnoDB DEFAULT CHARSET=utf8;
/*!40101 SET character_set_client = @saved_cs_client */;

--
-- Dumping data for table `CustomAttr`
--

LOCK TABLES `CustomAttr` WRITE;
/*!40000 ALTER TABLE `CustomAttr` DISABLE KEYS */;
/*!40000 ALTER TABLE `CustomAttr` ENABLE KEYS */;
UNLOCK TABLES;

--
-- Table structure for table `CustomAttrRef`
--

DROP TABLE IF EXISTS `CustomAttrRef`;
/*!40101 SET @saved_cs_client     = @@character_set_client */;
/*!40101 SET character_set_client = utf8 */;
CREATE TABLE `CustomAttrRef` (
  `ElementType` bigint(20) NOT NULL,
  `BID` bigint(20) NOT NULL DEFAULT '0',
  `ID` bigint(20) NOT NULL,
  `CID` bigint(20) NOT NULL,
  `LastModTime` timestamp NOT NULL DEFAULT CURRENT_TIMESTAMP ON UPDATE CURRENT_TIMESTAMP,
  `LastModBy` bigint(20) NOT NULL DEFAULT '0',
  `CreateTS` timestamp NOT NULL DEFAULT CURRENT_TIMESTAMP,
  `CreateBy` bigint(20) NOT NULL DEFAULT '0',
  `CARID` bigint(20) NOT NULL AUTO_INCREMENT,
  PRIMARY KEY (`CARID`)
) ENGINE=InnoDB DEFAULT CHARSET=utf8;
/*!40101 SET character_set_client = @saved_cs_client */;

--
-- Dumping data for table `CustomAttrRef`
--

LOCK TABLES `CustomAttrRef` WRITE;
/*!40000 ALTER TABLE `CustomAttrRef` DISABLE KEYS */;
/*!40000 ALTER TABLE `CustomAttrRef` ENABLE KEYS */;
UNLOCK TABLES;

--
-- Table structure for table `DemandSource`
--

DROP TABLE IF EXISTS `DemandSource`;
/*!40101 SET @saved_cs_client     = @@character_set_client */;
/*!40101 SET character_set_client = utf8 */;
CREATE TABLE `DemandSource` (
  `SourceSLSID` bigint(20) NOT NULL AUTO_INCREMENT,
  `BID` bigint(20) NOT NULL DEFAULT '0',
  `Name` varchar(100) DEFAULT NULL,
  `Industry` varchar(100) DEFAULT NULL,
  `LastModTime` timestamp NOT NULL DEFAULT CURRENT_TIMESTAMP ON UPDATE CURRENT_TIMESTAMP,
  `LastModBy` bigint(20) NOT NULL DEFAULT '0',
  `CreateTS` timestamp NOT NULL DEFAULT CURRENT_TIMESTAMP,
  `CreateBy` bigint(20) NOT NULL DEFAULT '0',
  PRIMARY KEY (`SourceSLSID`)
) ENGINE=InnoDB DEFAULT CHARSET=utf8;
/*!40101 SET character_set_client = @saved_cs_client */;

--
-- Dumping data for table `DemandSource`
--

LOCK TABLES `DemandSource` WRITE;
/*!40000 ALTER TABLE `DemandSource` DISABLE KEYS */;
/*!40000 ALTER TABLE `DemandSource` ENABLE KEYS */;
UNLOCK TABLES;

--
-- Table structure for table `Deposit`
--

DROP TABLE IF EXISTS `Deposit`;
/*!40101 SET @saved_cs_client     = @@character_set_client */;
/*!40101 SET character_set_client = utf8 */;
CREATE TABLE `Deposit` (
  `DID` bigint(20) NOT NULL AUTO_INCREMENT,
  `BID` bigint(20) NOT NULL DEFAULT '0',
  `DEPID` bigint(20) NOT NULL DEFAULT '0',
  `DPMID` bigint(20) NOT NULL DEFAULT '0',
  `Dt` date NOT NULL DEFAULT '1970-01-01',
  `Amount` decimal(19,4) NOT NULL DEFAULT '0.0000',
  `ClearedAmount` decimal(19,4) NOT NULL DEFAULT '0.0000',
  `FLAGS` bigint(20) NOT NULL DEFAULT '0',
  `LastModTime` timestamp NOT NULL DEFAULT CURRENT_TIMESTAMP ON UPDATE CURRENT_TIMESTAMP,
  `LastModBy` bigint(20) NOT NULL DEFAULT '0',
  `CreateTS` timestamp NOT NULL DEFAULT CURRENT_TIMESTAMP,
  `CreateBy` bigint(20) NOT NULL DEFAULT '0',
  PRIMARY KEY (`DID`)
) ENGINE=InnoDB AUTO_INCREMENT=12 DEFAULT CHARSET=utf8;
/*!40101 SET character_set_client = @saved_cs_client */;

--
-- Dumping data for table `Deposit`
--

LOCK TABLES `Deposit` WRITE;
/*!40000 ALTER TABLE `Deposit` DISABLE KEYS */;
INSERT INTO `Deposit` VALUES (1,1,2,1,'2018-07-05',4570.9700,0.0000,0,'2019-04-18 23:18:29',0,'2019-04-18 23:18:29',0),(2,1,1,1,'2018-07-05',10000.0000,0.0000,0,'2019-04-18 23:18:29',0,'2019-04-18 23:18:29',0),(3,1,2,1,'2018-08-01',5030.0000,0.0000,0,'2019-04-18 23:18:29',0,'2019-04-18 23:18:29',0),(4,1,2,1,'2018-09-01',5030.0000,0.0000,0,'2019-04-18 23:18:29',0,'2019-04-18 23:18:29',0),(5,1,2,1,'2018-10-01',5030.0000,0.0000,0,'2019-04-18 23:18:29',0,'2019-04-18 23:18:29',0),(6,1,2,1,'2018-11-01',5030.0000,0.0000,0,'2019-04-18 23:18:29',0,'2019-04-18 23:18:29',0),(7,1,2,1,'2018-12-01',5030.0000,0.0000,0,'2019-04-18 23:18:29',0,'2019-04-18 23:18:29',0),(8,1,2,1,'2019-01-01',5030.0000,0.0000,0,'2019-04-18 23:18:29',0,'2019-04-18 23:18:29',0),(9,1,2,1,'2019-02-01',5030.0000,0.0000,0,'2019-04-18 23:18:29',0,'2019-04-18 23:18:29',0),(10,1,2,1,'2019-03-01',5030.0000,0.0000,0,'2019-04-18 23:18:30',0,'2019-04-18 23:18:30',0),(11,1,2,1,'2019-04-01',5030.0000,0.0000,0,'2019-04-18 23:18:30',0,'2019-04-18 23:18:30',0);
/*!40000 ALTER TABLE `Deposit` ENABLE KEYS */;
UNLOCK TABLES;

--
-- Table structure for table `DepositMethod`
--

DROP TABLE IF EXISTS `DepositMethod`;
/*!40101 SET @saved_cs_client     = @@character_set_client */;
/*!40101 SET character_set_client = utf8 */;
CREATE TABLE `DepositMethod` (
  `DPMID` bigint(20) NOT NULL AUTO_INCREMENT,
  `BID` bigint(20) NOT NULL DEFAULT '0',
  `Method` varchar(50) NOT NULL DEFAULT '',
  `LastModTime` timestamp NOT NULL DEFAULT CURRENT_TIMESTAMP ON UPDATE CURRENT_TIMESTAMP,
  `LastModBy` bigint(20) NOT NULL DEFAULT '0',
  `CreateTS` timestamp NOT NULL DEFAULT CURRENT_TIMESTAMP,
  `CreateBy` bigint(20) NOT NULL DEFAULT '0',
  PRIMARY KEY (`DPMID`)
) ENGINE=InnoDB AUTO_INCREMENT=5 DEFAULT CHARSET=utf8;
/*!40101 SET character_set_client = @saved_cs_client */;

--
-- Dumping data for table `DepositMethod`
--

LOCK TABLES `DepositMethod` WRITE;
/*!40000 ALTER TABLE `DepositMethod` DISABLE KEYS */;
INSERT INTO `DepositMethod` VALUES (1,1,'Hand Delivery','2017-11-10 23:24:23',0,'2017-11-10 23:24:23',0),(2,1,'Scanned/Electronic Batch','2017-11-10 23:24:23',0,'2017-11-10 23:24:23',0),(3,1,'ACH','2017-11-10 23:24:23',0,'2017-11-10 23:24:23',0),(4,1,'US Mail','2017-11-10 23:24:23',0,'2017-11-10 23:24:23',0);
/*!40000 ALTER TABLE `DepositMethod` ENABLE KEYS */;
UNLOCK TABLES;

--
-- Table structure for table `DepositPart`
--

DROP TABLE IF EXISTS `DepositPart`;
/*!40101 SET @saved_cs_client     = @@character_set_client */;
/*!40101 SET character_set_client = utf8 */;
CREATE TABLE `DepositPart` (
  `DPID` bigint(20) NOT NULL AUTO_INCREMENT,
  `DID` bigint(20) NOT NULL DEFAULT '0',
  `BID` bigint(20) NOT NULL DEFAULT '0',
  `RCPTID` bigint(20) NOT NULL DEFAULT '0',
  `LastModTime` timestamp NOT NULL DEFAULT CURRENT_TIMESTAMP ON UPDATE CURRENT_TIMESTAMP,
  `LastModBy` bigint(20) NOT NULL DEFAULT '0',
  `CreateTS` timestamp NOT NULL DEFAULT CURRENT_TIMESTAMP,
  `CreateBy` bigint(20) NOT NULL DEFAULT '0',
  PRIMARY KEY (`DPID`)
) ENGINE=InnoDB AUTO_INCREMENT=82 DEFAULT CHARSET=utf8;
/*!40101 SET character_set_client = @saved_cs_client */;

--
-- Dumping data for table `DepositPart`
--

LOCK TABLES `DepositPart` WRITE;
/*!40000 ALTER TABLE `DepositPart` DISABLE KEYS */;
INSERT INTO `DepositPart` VALUES (1,1,1,20,'2019-04-18 23:18:29',0,'2019-04-18 23:18:29',0),(2,1,1,21,'2019-04-18 23:18:29',0,'2019-04-18 23:18:29',0),(3,1,1,22,'2019-04-18 23:18:29',0,'2019-04-18 23:18:29',0),(4,1,1,23,'2019-04-18 23:18:29',0,'2019-04-18 23:18:29',0),(5,1,1,43,'2019-04-18 23:18:29',0,'2019-04-18 23:18:29',0),(6,1,1,44,'2019-04-18 23:18:29',0,'2019-04-18 23:18:29',0),(7,1,1,45,'2019-04-18 23:18:29',0,'2019-04-18 23:18:29',0),(8,1,1,46,'2019-04-18 23:18:29',0,'2019-04-18 23:18:29',0),(9,1,1,66,'2019-04-18 23:18:29',0,'2019-04-18 23:18:29',0),(10,1,1,67,'2019-04-18 23:18:29',0,'2019-04-18 23:18:29',0),(11,1,1,68,'2019-04-18 23:18:29',0,'2019-04-18 23:18:29',0),(12,1,1,69,'2019-04-18 23:18:29',0,'2019-04-18 23:18:29',0),(13,1,1,80,'2019-04-18 23:18:29',0,'2019-04-18 23:18:29',0),(14,1,1,81,'2019-04-18 23:18:29',0,'2019-04-18 23:18:29',0),(15,2,1,10,'2019-04-18 23:18:29',0,'2019-04-18 23:18:29',0),(16,2,1,33,'2019-04-18 23:18:29',0,'2019-04-18 23:18:29',0),(17,2,1,56,'2019-04-18 23:18:29',0,'2019-04-18 23:18:29',0),(18,2,1,79,'2019-04-18 23:18:29',0,'2019-04-18 23:18:29',0),(19,3,1,1,'2019-04-18 23:18:29',0,'2019-04-18 23:18:29',0),(20,3,1,11,'2019-04-18 23:18:29',0,'2019-04-18 23:18:29',0),(21,3,1,24,'2019-04-18 23:18:29',0,'2019-04-18 23:18:29',0),(22,3,1,34,'2019-04-18 23:18:29',0,'2019-04-18 23:18:29',0),(23,3,1,47,'2019-04-18 23:18:29',0,'2019-04-18 23:18:29',0),(24,3,1,57,'2019-04-18 23:18:29',0,'2019-04-18 23:18:29',0),(25,3,1,70,'2019-04-18 23:18:29',0,'2019-04-18 23:18:29',0),(26,4,1,2,'2019-04-18 23:18:29',0,'2019-04-18 23:18:29',0),(27,4,1,12,'2019-04-18 23:18:29',0,'2019-04-18 23:18:29',0),(28,4,1,25,'2019-04-18 23:18:29',0,'2019-04-18 23:18:29',0),(29,4,1,35,'2019-04-18 23:18:29',0,'2019-04-18 23:18:29',0),(30,4,1,48,'2019-04-18 23:18:29',0,'2019-04-18 23:18:29',0),(31,4,1,58,'2019-04-18 23:18:29',0,'2019-04-18 23:18:29',0),(32,4,1,71,'2019-04-18 23:18:29',0,'2019-04-18 23:18:29',0),(33,5,1,3,'2019-04-18 23:18:29',0,'2019-04-18 23:18:29',0),(34,5,1,13,'2019-04-18 23:18:29',0,'2019-04-18 23:18:29',0),(35,5,1,26,'2019-04-18 23:18:29',0,'2019-04-18 23:18:29',0),(36,5,1,36,'2019-04-18 23:18:29',0,'2019-04-18 23:18:29',0),(37,5,1,49,'2019-04-18 23:18:29',0,'2019-04-18 23:18:29',0),(38,5,1,59,'2019-04-18 23:18:29',0,'2019-04-18 23:18:29',0),(39,5,1,72,'2019-04-18 23:18:29',0,'2019-04-18 23:18:29',0),(40,6,1,4,'2019-04-18 23:18:29',0,'2019-04-18 23:18:29',0),(41,6,1,14,'2019-04-18 23:18:29',0,'2019-04-18 23:18:29',0),(42,6,1,27,'2019-04-18 23:18:29',0,'2019-04-18 23:18:29',0),(43,6,1,37,'2019-04-18 23:18:29',0,'2019-04-18 23:18:29',0),(44,6,1,50,'2019-04-18 23:18:29',0,'2019-04-18 23:18:29',0),(45,6,1,60,'2019-04-18 23:18:29',0,'2019-04-18 23:18:29',0),(46,6,1,73,'2019-04-18 23:18:29',0,'2019-04-18 23:18:29',0),(47,7,1,5,'2019-04-18 23:18:29',0,'2019-04-18 23:18:29',0),(48,7,1,15,'2019-04-18 23:18:29',0,'2019-04-18 23:18:29',0),(49,7,1,28,'2019-04-18 23:18:29',0,'2019-04-18 23:18:29',0),(50,7,1,38,'2019-04-18 23:18:29',0,'2019-04-18 23:18:29',0),(51,7,1,51,'2019-04-18 23:18:29',0,'2019-04-18 23:18:29',0),(52,7,1,61,'2019-04-18 23:18:29',0,'2019-04-18 23:18:29',0),(53,7,1,74,'2019-04-18 23:18:29',0,'2019-04-18 23:18:29',0),(54,8,1,6,'2019-04-18 23:18:29',0,'2019-04-18 23:18:29',0),(55,8,1,16,'2019-04-18 23:18:29',0,'2019-04-18 23:18:29',0),(56,8,1,29,'2019-04-18 23:18:29',0,'2019-04-18 23:18:29',0),(57,8,1,39,'2019-04-18 23:18:29',0,'2019-04-18 23:18:29',0),(58,8,1,52,'2019-04-18 23:18:29',0,'2019-04-18 23:18:29',0),(59,8,1,62,'2019-04-18 23:18:29',0,'2019-04-18 23:18:29',0),(60,8,1,75,'2019-04-18 23:18:29',0,'2019-04-18 23:18:29',0),(61,9,1,7,'2019-04-18 23:18:29',0,'2019-04-18 23:18:29',0),(62,9,1,17,'2019-04-18 23:18:29',0,'2019-04-18 23:18:29',0),(63,9,1,30,'2019-04-18 23:18:29',0,'2019-04-18 23:18:29',0),(64,9,1,40,'2019-04-18 23:18:29',0,'2019-04-18 23:18:29',0),(65,9,1,53,'2019-04-18 23:18:29',0,'2019-04-18 23:18:29',0),(66,9,1,63,'2019-04-18 23:18:29',0,'2019-04-18 23:18:29',0),(67,9,1,76,'2019-04-18 23:18:29',0,'2019-04-18 23:18:29',0),(68,10,1,8,'2019-04-18 23:18:30',0,'2019-04-18 23:18:30',0),(69,10,1,18,'2019-04-18 23:18:30',0,'2019-04-18 23:18:30',0),(70,10,1,31,'2019-04-18 23:18:30',0,'2019-04-18 23:18:30',0),(71,10,1,41,'2019-04-18 23:18:30',0,'2019-04-18 23:18:30',0),(72,10,1,54,'2019-04-18 23:18:30',0,'2019-04-18 23:18:30',0),(73,10,1,64,'2019-04-18 23:18:30',0,'2019-04-18 23:18:30',0),(74,10,1,77,'2019-04-18 23:18:30',0,'2019-04-18 23:18:30',0),(75,11,1,9,'2019-04-18 23:18:30',0,'2019-04-18 23:18:30',0),(76,11,1,19,'2019-04-18 23:18:30',0,'2019-04-18 23:18:30',0),(77,11,1,32,'2019-04-18 23:18:30',0,'2019-04-18 23:18:30',0),(78,11,1,42,'2019-04-18 23:18:30',0,'2019-04-18 23:18:30',0),(79,11,1,55,'2019-04-18 23:18:30',0,'2019-04-18 23:18:30',0),(80,11,1,65,'2019-04-18 23:18:30',0,'2019-04-18 23:18:30',0),(81,11,1,78,'2019-04-18 23:18:30',0,'2019-04-18 23:18:30',0);
/*!40000 ALTER TABLE `DepositPart` ENABLE KEYS */;
UNLOCK TABLES;

--
-- Table structure for table `Depository`
--

DROP TABLE IF EXISTS `Depository`;
/*!40101 SET @saved_cs_client     = @@character_set_client */;
/*!40101 SET character_set_client = utf8 */;
CREATE TABLE `Depository` (
  `DEPID` bigint(20) NOT NULL AUTO_INCREMENT,
  `BID` bigint(20) NOT NULL DEFAULT '0',
  `LID` bigint(20) NOT NULL DEFAULT '0',
  `Name` varchar(256) DEFAULT NULL,
  `AccountNo` varchar(256) DEFAULT NULL,
  `LastModTime` timestamp NOT NULL DEFAULT CURRENT_TIMESTAMP ON UPDATE CURRENT_TIMESTAMP,
  `LastModBy` bigint(20) NOT NULL DEFAULT '0',
  `CreateTS` timestamp NOT NULL DEFAULT CURRENT_TIMESTAMP,
  `CreateBy` bigint(20) NOT NULL DEFAULT '0',
  PRIMARY KEY (`DEPID`)
) ENGINE=InnoDB AUTO_INCREMENT=3 DEFAULT CHARSET=utf8;
/*!40101 SET character_set_client = @saved_cs_client */;

--
-- Dumping data for table `Depository`
--

LOCK TABLES `Depository` WRITE;
/*!40000 ALTER TABLE `Depository` DISABLE KEYS */;
INSERT INTO `Depository` VALUES (1,1,3,'Wells Fargo','987654321','2017-11-10 23:24:23',0,'2017-11-10 23:24:23',0),(2,1,4,'Bank Of America','12345678','2017-11-10 23:24:23',0,'2017-11-10 23:24:23',0);
/*!40000 ALTER TABLE `Depository` ENABLE KEYS */;
UNLOCK TABLES;

--
-- Table structure for table `Expense`
--

DROP TABLE IF EXISTS `Expense`;
/*!40101 SET @saved_cs_client     = @@character_set_client */;
/*!40101 SET character_set_client = utf8 */;
CREATE TABLE `Expense` (
  `EXPID` bigint(20) NOT NULL AUTO_INCREMENT,
  `RPEXPID` bigint(20) NOT NULL DEFAULT '0',
  `BID` bigint(20) NOT NULL DEFAULT '0',
  `RID` bigint(20) NOT NULL DEFAULT '0',
  `RAID` bigint(20) NOT NULL DEFAULT '0',
  `Amount` decimal(19,4) NOT NULL DEFAULT '0.0000',
  `Dt` datetime NOT NULL DEFAULT '1970-01-01 00:00:00',
  `AcctRule` varchar(200) NOT NULL DEFAULT '',
  `ARID` bigint(20) NOT NULL DEFAULT '0',
  `FLAGS` bigint(20) NOT NULL DEFAULT '0',
  `Comment` varchar(256) NOT NULL DEFAULT '',
  `LastModTime` timestamp NOT NULL DEFAULT CURRENT_TIMESTAMP ON UPDATE CURRENT_TIMESTAMP,
  `LastModBy` bigint(20) NOT NULL DEFAULT '0',
  `CreateTS` timestamp NOT NULL DEFAULT CURRENT_TIMESTAMP,
  `CreateBy` bigint(20) NOT NULL DEFAULT '0',
  PRIMARY KEY (`EXPID`)
) ENGINE=InnoDB DEFAULT CHARSET=utf8;
/*!40101 SET character_set_client = @saved_cs_client */;

--
-- Dumping data for table `Expense`
--

LOCK TABLES `Expense` WRITE;
/*!40000 ALTER TABLE `Expense` DISABLE KEYS */;
/*!40000 ALTER TABLE `Expense` ENABLE KEYS */;
UNLOCK TABLES;

--
-- Table structure for table `Flow`
--

DROP TABLE IF EXISTS `Flow`;
/*!40101 SET @saved_cs_client     = @@character_set_client */;
/*!40101 SET character_set_client = utf8 */;
CREATE TABLE `Flow` (
  `FlowID` bigint(20) NOT NULL AUTO_INCREMENT,
  `BID` bigint(20) NOT NULL DEFAULT '0',
  `UserRefNo` varchar(50) NOT NULL DEFAULT '',
  `FlowType` varchar(50) NOT NULL DEFAULT '',
  `ID` bigint(20) NOT NULL DEFAULT '0',
  `Data` json DEFAULT NULL,
  `LastModTime` timestamp NOT NULL DEFAULT CURRENT_TIMESTAMP ON UPDATE CURRENT_TIMESTAMP,
  `LastModBy` bigint(20) NOT NULL DEFAULT '0',
  `CreateTS` timestamp NOT NULL DEFAULT CURRENT_TIMESTAMP,
  `CreateBy` bigint(20) NOT NULL DEFAULT '0',
  PRIMARY KEY (`FlowID`)
) ENGINE=InnoDB AUTO_INCREMENT=2 DEFAULT CHARSET=latin1;
/*!40101 SET character_set_client = @saved_cs_client */;

--
-- Dumping data for table `Flow`
--

LOCK TABLES `Flow` WRITE;
/*!40000 ALTER TABLE `Flow` DISABLE KEYS */;
/*!40000 ALTER TABLE `Flow` ENABLE KEYS */;
UNLOCK TABLES;

--
-- Table structure for table `GLAccount`
--

DROP TABLE IF EXISTS `GLAccount`;
/*!40101 SET @saved_cs_client     = @@character_set_client */;
/*!40101 SET character_set_client = utf8 */;
CREATE TABLE `GLAccount` (
  `LID` bigint(20) NOT NULL AUTO_INCREMENT,
  `PLID` bigint(20) NOT NULL DEFAULT '0',
  `BID` bigint(20) NOT NULL DEFAULT '0',
  `RAID` bigint(20) NOT NULL DEFAULT '0',
  `TCID` bigint(20) NOT NULL DEFAULT '0',
  `GLNumber` varchar(100) NOT NULL DEFAULT '',
  `Name` varchar(100) NOT NULL DEFAULT '',
  `AcctType` varchar(100) NOT NULL DEFAULT '',
  `AllowPost` tinyint(1) NOT NULL DEFAULT '0',
  `FLAGS` bigint(20) NOT NULL DEFAULT '0',
  `Description` varchar(1024) NOT NULL DEFAULT '',
  `LastModTime` timestamp NOT NULL DEFAULT CURRENT_TIMESTAMP ON UPDATE CURRENT_TIMESTAMP,
  `LastModBy` bigint(20) NOT NULL DEFAULT '0',
  `CreateTS` timestamp NOT NULL DEFAULT CURRENT_TIMESTAMP,
  `CreateBy` bigint(20) NOT NULL DEFAULT '0',
  PRIMARY KEY (`LID`)
) ENGINE=InnoDB AUTO_INCREMENT=76 DEFAULT CHARSET=utf8;
/*!40101 SET character_set_client = @saved_cs_client */;

--
-- Dumping data for table `GLAccount`
--

LOCK TABLES `GLAccount` WRITE;
/*!40000 ALTER TABLE `GLAccount` DISABLE KEYS */;
INSERT INTO `GLAccount` VALUES (1,0,1,0,0,'10000','Cash','Cash',0,0,'','2017-11-10 23:24:22',0,'2017-11-10 23:24:22',0),(2,0,1,0,0,'10100','Petty Cash','Cash',1,0,'','2017-11-10 23:24:22',0,'2017-11-10 23:24:22',0),(3,1,1,0,0,'10104','FRB 54320 (operating account)','Bank Account',1,0,'','2017-11-10 23:24:22',0,'2017-11-10 23:24:22',0),(4,1,1,0,0,'10105','FRB 96953 (deposit account)','Bank Account',1,0,'','2017-11-10 23:24:22',0,'2017-11-10 23:24:22',0),(5,1,1,0,0,'10199','Security Deposit Refund','Cash',1,0,'','2017-11-10 23:24:22',0,'2017-11-10 23:24:22',0),(6,1,1,0,0,'10999','Undeposited Funds','Cash',1,0,'','2017-11-10 23:24:22',0,'2017-11-10 23:24:22',0),(7,0,1,0,0,'11000','Credit Cards Funds in Transit','Cash',1,0,'','2017-11-10 23:24:22',0,'2017-11-10 23:24:22',0),(8,0,1,0,0,'12000','Accounts Receivable','Accounts Receivable',0,0,'','2017-11-10 23:24:22',0,'2017-11-10 23:24:22',0),(9,8,1,0,0,'12001','Rent Roll Receivables','Accounts Receivable',1,0,'','2017-11-10 23:24:22',0,'2017-11-10 23:24:22',0),(10,0,1,0,0,'12999','Unapplied Funds','Asset',1,0,'','2017-11-10 23:24:22',0,'2017-11-10 23:24:22',0),(11,0,1,0,0,'30000','Security Deposit Liability','Liability Security Deposit',1,0,'','2017-11-10 23:24:22',0,'2017-11-10 23:24:22',0),(12,0,1,0,0,'30001','Floating Security Deposits','Liability Security Deposit',1,0,'Sec Dep posted before rentable identified','2017-11-10 23:24:22',0,'2017-11-10 23:24:22',0),(13,0,1,0,0,'30100','Collected Taxes','Liabilities',0,0,'','2017-11-10 23:24:22',0,'2017-11-10 23:24:22',0),(14,13,1,0,0,'30101','Sales Taxes Collected','Liabilities',1,0,'','2017-11-10 23:24:22',0,'2017-11-10 23:24:22',0),(15,13,1,0,0,'30102','Transient Occupancy Taxes Collected','Liabilities',1,0,'','2017-11-10 23:24:22',0,'2017-11-10 23:24:22',0),(16,13,1,0,0,'30199','Other Collected Taxes','Liabilities',1,0,'','2017-11-10 23:24:22',0,'2017-11-10 23:24:22',0),(17,0,1,0,0,'41000','Gross Scheduled Rent-Taxable','Income',1,0,'','2017-11-10 23:24:22',0,'2017-11-10 23:24:22',0),(18,0,1,0,0,'41001','Gross Scheduled Rent-Not Taxable','Income',1,0,'','2017-11-10 23:24:22',0,'2017-11-10 23:24:22',0),(19,0,1,0,0,'41100','Unit Income Offsets','Income Offset',0,0,'','2017-11-10 23:24:22',0,'2017-11-10 23:24:22',0),(20,19,1,0,0,'41101','Vacancy','Income Offset',1,0,'','2017-11-10 23:24:22',0,'2017-11-10 23:24:22',0),(21,19,1,0,0,'41102','Loss (Gain) to Lease','Income Offset',1,0,'','2017-11-10 23:24:22',0,'2017-11-10 23:24:22',0),(22,19,1,0,0,'41103','Employee Concessions','Income Offset',1,0,'','2017-11-10 23:24:22',0,'2017-11-10 23:24:22',0),(23,19,1,0,0,'41104','Resident Concessions','Income Offset',1,0,'','2017-11-10 23:24:22',0,'2017-11-10 23:24:22',0),(24,19,1,0,0,'41105','Owner Concession','Income Offset',1,0,'','2017-11-10 23:24:22',0,'2017-11-10 23:24:22',0),(25,19,1,0,0,'41106','Administrative Concession','Income Offset',1,0,'','2017-11-10 23:24:22',0,'2017-11-10 23:24:22',0),(26,19,1,0,0,'41107','Off Line Renovations','Income Offset',1,0,'','2017-11-10 23:24:22',0,'2017-11-10 23:24:22',0),(27,19,1,0,0,'41108','Off Line Maintenance','Income Offset',1,0,'','2017-11-10 23:24:22',0,'2017-11-10 23:24:22',0),(28,19,1,0,0,'41199','Othe Income Offsets','Income Offset',1,0,'','2017-11-10 23:24:22',0,'2017-11-10 23:24:22',0),(29,0,1,0,0,'41200','Service Fees','Income',0,0,'','2017-11-10 23:24:22',0,'2017-11-10 23:24:22',0),(30,29,1,0,0,'41201','Broadcast and IT Services','Income',1,0,'','2017-11-10 23:24:22',0,'2017-11-10 23:24:22',0),(31,29,1,0,0,'41202','Food Services','Income',1,0,'','2017-11-10 23:24:22',0,'2017-11-10 23:24:22',0),(32,29,1,0,0,'41203','Linen Services','Income',1,0,'','2017-11-10 23:24:22',0,'2017-11-10 23:24:22',0),(33,29,1,0,0,'41204','Wash N Fold Services','Income',1,0,'','2017-11-10 23:24:22',0,'2017-11-10 23:24:22',0),(34,29,1,0,0,'41299','Other Service Fees','Income',1,0,'','2017-11-10 23:24:22',0,'2017-11-10 23:24:22',0),(35,0,1,0,0,'41300','Utility Fees','Income',0,0,'','2017-11-10 23:24:22',0,'2017-11-10 23:24:22',0),(36,35,1,0,0,'41301','Electric Base Fee','Income',1,0,'','2017-11-10 23:24:22',0,'2017-11-10 23:24:22',0),(37,35,1,0,0,'41302','Electric Overage','Income',1,0,'','2017-11-10 23:24:22',0,'2017-11-10 23:24:22',0),(38,35,1,0,0,'41303','Water and Sewer Base Fee','Income',1,0,'','2017-11-10 23:24:22',0,'2017-11-10 23:24:22',0),(39,35,1,0,0,'41304','Water and Sewer Overage','Income',1,0,'','2017-11-10 23:24:22',0,'2017-11-10 23:24:22',0),(40,35,1,0,0,'41305','Gas Base Fee','Income',1,0,'','2017-11-10 23:24:22',0,'2017-11-10 23:24:22',0),(41,35,1,0,0,'41306','Gas Overage','Income',1,0,'','2017-11-10 23:24:22',0,'2017-11-10 23:24:22',0),(42,35,1,0,0,'41307','Trash Collection Base Fee','Income',1,0,'','2017-11-10 23:24:22',0,'2017-11-10 23:24:22',0),(43,35,1,0,0,'41308','Trash Collection Overage','Income',1,0,'','2017-11-10 23:24:22',0,'2017-11-10 23:24:22',0),(44,35,1,0,0,'41399','Other Utility Fee','Income',1,0,'','2017-11-10 23:24:22',0,'2017-11-10 23:24:22',0),(45,0,1,0,0,'41400','Special Tenant Charges','Income',0,0,'','2017-11-10 23:24:22',0,'2017-11-10 23:24:22',0),(46,45,1,0,0,'41401','Application Fees','Income',1,0,'','2017-11-10 23:24:22',0,'2017-11-10 23:24:22',0),(47,45,1,0,0,'41402','Late Fees','Income',1,0,'','2017-11-10 23:24:22',0,'2017-11-10 23:24:22',0),(48,45,1,0,0,'41403','Insufficient Funds Fee','Income',1,0,'','2017-11-10 23:24:22',0,'2017-11-10 23:24:22',0),(49,45,1,0,0,'41404','Month to Month Fee','Income',1,0,'','2017-11-10 23:24:22',0,'2017-11-10 23:24:22',0),(50,45,1,0,0,'41405','Rentable Specialties','Income',1,0,'','2017-11-10 23:24:22',0,'2017-11-10 23:24:22',0),(51,45,1,0,0,'41406','No Show or Termination Fee','Income',1,0,'','2017-11-10 23:24:22',0,'2017-11-10 23:24:22',0),(52,45,1,0,0,'41407','Pet Fees','Income',1,0,'','2017-11-10 23:24:22',0,'2017-11-10 23:24:22',0),(53,45,1,0,0,'41408','Pet Rent','Income',1,0,'','2017-11-10 23:24:22',0,'2017-11-10 23:24:22',0),(54,45,1,0,0,'41409','Tenant Expense Chargeback','Income',1,0,'','2017-11-10 23:24:22',0,'2017-11-10 23:24:22',0),(55,45,1,0,0,'41410','Special Cleaning Fee','Income',1,0,'','2017-11-10 23:24:22',0,'2017-11-10 23:24:22',0),(56,45,1,0,0,'41411','Eviction Fee Reimbursement','Income',1,0,'','2017-11-10 23:24:22',0,'2017-11-10 23:24:22',0),(57,45,1,0,0,'41412','Extra Person Charge','Income',1,0,'','2017-11-10 23:24:22',0,'2017-11-10 23:24:22',0),(58,45,1,0,0,'41413','Security Deposit Forfeiture','Income',1,0,'','2017-11-10 23:24:22',0,'2017-11-10 23:24:22',0),(59,45,1,0,0,'41414','Damage Fee','Income',1,0,'','2017-11-10 23:24:22',0,'2017-11-10 23:24:22',0),(60,45,1,0,0,'41415','CAM Fees','Income',1,0,'','2017-11-10 23:24:22',0,'2017-11-10 23:24:22',0),(61,45,1,0,0,'41499','Other Special Tenant Charges','Income',1,0,'','2017-11-10 23:24:22',0,'2017-11-10 23:24:22',0),(62,0,1,0,0,'42000','Business Income','Income',0,0,'','2017-11-10 23:24:22',0,'2017-11-10 23:24:22',0),(63,62,1,0,0,'42100','Convenience Store','Income',1,0,'','2017-11-10 23:24:22',0,'2017-11-10 23:24:22',0),(64,62,1,0,0,'42200','Fitness Center Revenue','Income',1,0,'','2017-11-10 23:24:22',0,'2017-11-10 23:24:22',0),(65,62,1,0,0,'42300','Vending Income','Income',1,0,'','2017-11-10 23:24:22',0,'2017-11-10 23:24:22',0),(66,62,1,0,0,'42400','Restaurant Sales','Income',1,0,'','2017-11-10 23:24:22',0,'2017-11-10 23:24:22',0),(67,62,1,0,0,'42500','Bar Sales','Income',1,0,'','2017-11-10 23:24:22',0,'2017-11-10 23:24:22',0),(68,62,1,0,0,'42600','Spa Sales','Income',1,0,'','2017-11-10 23:24:22',0,'2017-11-10 23:24:22',0),(69,0,1,0,0,'50000','Expenses','Expenses',0,0,'','2017-11-10 23:24:22',0,'2017-11-10 23:24:22',0),(70,69,1,0,0,'50001','Cash Over/Short','Expenses',1,0,'','2017-11-10 23:24:22',0,'2017-11-10 23:24:22',0),(71,69,1,0,0,'50002','Bad Debt','Expenses',1,0,'','2017-11-10 23:24:22',0,'2017-11-10 23:24:22',0),(72,69,1,0,0,'50003','Bank Service Fee','Expenses',1,0,'','2017-11-10 23:24:22',0,'2017-11-10 23:24:22',0),(73,69,1,0,0,'50999','Other Expenses','Expenses',1,0,'','2017-11-10 23:24:22',0,'2017-11-10 23:24:22',0),(74,0,1,0,0,'999911','test 1','Cash',1,0,'laskdjf','2017-11-10 23:24:22',0,'2017-11-10 23:24:22',0),(75,45,1,0,0,'41416','Vehicle Fees','Income',1,0,'Vehicle Registration fees','2018-07-03 02:45:37',211,'2018-07-03 02:45:37',211);
/*!40000 ALTER TABLE `GLAccount` ENABLE KEYS */;
UNLOCK TABLES;

--
-- Table structure for table `Invoice`
--

DROP TABLE IF EXISTS `Invoice`;
/*!40101 SET @saved_cs_client     = @@character_set_client */;
/*!40101 SET character_set_client = utf8 */;
CREATE TABLE `Invoice` (
  `InvoiceNo` bigint(20) NOT NULL AUTO_INCREMENT,
  `BID` bigint(20) NOT NULL DEFAULT '0',
  `Dt` date NOT NULL DEFAULT '1970-01-01',
  `DtDue` date NOT NULL DEFAULT '1970-01-01',
  `Amount` decimal(19,4) NOT NULL DEFAULT '0.0000',
  `DeliveredBy` varchar(256) NOT NULL DEFAULT '',
  `LastModTime` timestamp NOT NULL DEFAULT CURRENT_TIMESTAMP ON UPDATE CURRENT_TIMESTAMP,
  `LastModBy` bigint(20) NOT NULL DEFAULT '0',
  `CreateTS` timestamp NOT NULL DEFAULT CURRENT_TIMESTAMP,
  `CreateBy` bigint(20) NOT NULL DEFAULT '0',
  PRIMARY KEY (`InvoiceNo`)
) ENGINE=InnoDB DEFAULT CHARSET=utf8;
/*!40101 SET character_set_client = @saved_cs_client */;

--
-- Dumping data for table `Invoice`
--

LOCK TABLES `Invoice` WRITE;
/*!40000 ALTER TABLE `Invoice` DISABLE KEYS */;
/*!40000 ALTER TABLE `Invoice` ENABLE KEYS */;
UNLOCK TABLES;

--
-- Table structure for table `InvoiceAssessment`
--

DROP TABLE IF EXISTS `InvoiceAssessment`;
/*!40101 SET @saved_cs_client     = @@character_set_client */;
/*!40101 SET character_set_client = utf8 */;
CREATE TABLE `InvoiceAssessment` (
  `InvoiceNo` bigint(20) NOT NULL DEFAULT '0',
  `BID` bigint(20) NOT NULL DEFAULT '0',
  `ASMID` bigint(20) NOT NULL DEFAULT '0',
  `LastModTime` timestamp NOT NULL DEFAULT CURRENT_TIMESTAMP ON UPDATE CURRENT_TIMESTAMP,
  `LastModBy` bigint(20) NOT NULL DEFAULT '0',
  `CreateTS` timestamp NOT NULL DEFAULT CURRENT_TIMESTAMP,
  `CreateBy` bigint(20) NOT NULL DEFAULT '0',
  `InvoiceASMID` bigint(20) NOT NULL AUTO_INCREMENT,
  PRIMARY KEY (`InvoiceASMID`)
) ENGINE=InnoDB DEFAULT CHARSET=utf8;
/*!40101 SET character_set_client = @saved_cs_client */;

--
-- Dumping data for table `InvoiceAssessment`
--

LOCK TABLES `InvoiceAssessment` WRITE;
/*!40000 ALTER TABLE `InvoiceAssessment` DISABLE KEYS */;
/*!40000 ALTER TABLE `InvoiceAssessment` ENABLE KEYS */;
UNLOCK TABLES;

--
-- Table structure for table `InvoicePayor`
--

DROP TABLE IF EXISTS `InvoicePayor`;
/*!40101 SET @saved_cs_client     = @@character_set_client */;
/*!40101 SET character_set_client = utf8 */;
CREATE TABLE `InvoicePayor` (
  `InvoiceNo` bigint(20) NOT NULL DEFAULT '0',
  `BID` bigint(20) NOT NULL DEFAULT '0',
  `PID` bigint(20) NOT NULL DEFAULT '0',
  `LastModTime` timestamp NOT NULL DEFAULT CURRENT_TIMESTAMP ON UPDATE CURRENT_TIMESTAMP,
  `LastModBy` bigint(20) NOT NULL DEFAULT '0',
  `CreateTS` timestamp NOT NULL DEFAULT CURRENT_TIMESTAMP,
  `CreateBy` bigint(20) NOT NULL DEFAULT '0',
  `InvoicePayorID` bigint(20) NOT NULL AUTO_INCREMENT,
  PRIMARY KEY (`InvoicePayorID`)
) ENGINE=InnoDB DEFAULT CHARSET=utf8;
/*!40101 SET character_set_client = @saved_cs_client */;

--
-- Dumping data for table `InvoicePayor`
--

LOCK TABLES `InvoicePayor` WRITE;
/*!40000 ALTER TABLE `InvoicePayor` DISABLE KEYS */;
/*!40000 ALTER TABLE `InvoicePayor` ENABLE KEYS */;
UNLOCK TABLES;

--
-- Table structure for table `Journal`
--

DROP TABLE IF EXISTS `Journal`;
/*!40101 SET @saved_cs_client     = @@character_set_client */;
/*!40101 SET character_set_client = utf8 */;
CREATE TABLE `Journal` (
  `JID` bigint(20) NOT NULL AUTO_INCREMENT,
  `BID` bigint(20) NOT NULL DEFAULT '0',
  `Dt` datetime NOT NULL DEFAULT '1970-01-01 00:00:00',
  `Amount` decimal(19,4) NOT NULL DEFAULT '0.0000',
  `Type` smallint(6) NOT NULL DEFAULT '0',
  `ID` bigint(20) NOT NULL DEFAULT '0',
  `Comment` varchar(256) NOT NULL DEFAULT '',
  `LastModTime` timestamp NOT NULL DEFAULT CURRENT_TIMESTAMP ON UPDATE CURRENT_TIMESTAMP,
  `LastModBy` bigint(20) NOT NULL DEFAULT '0',
  `CreateTS` timestamp NOT NULL DEFAULT CURRENT_TIMESTAMP,
  `CreateBy` bigint(20) NOT NULL DEFAULT '0',
  PRIMARY KEY (`JID`)
) ENGINE=InnoDB AUTO_INCREMENT=368 DEFAULT CHARSET=utf8;
/*!40101 SET character_set_client = @saved_cs_client */;

--
-- Dumping data for table `Journal`
--

LOCK TABLES `Journal` WRITE;
/*!40000 ALTER TABLE `Journal` DISABLE KEYS */;
INSERT INTO `Journal` VALUES (1,1,'2018-08-01 00:00:00',1000.0000,1,2,'','2019-04-18 23:18:27',0,'2019-04-18 23:18:27',0),(2,1,'2018-09-01 00:00:00',1000.0000,1,3,'','2019-04-18 23:18:28',0,'2019-04-18 23:18:28',0),(3,1,'2018-10-01 00:00:00',1000.0000,1,4,'','2019-04-18 23:18:28',0,'2019-04-18 23:18:28',0),(4,1,'2018-11-01 00:00:00',1000.0000,1,5,'','2019-04-18 23:18:28',0,'2019-04-18 23:18:28',0),(5,1,'2018-12-01 00:00:00',1000.0000,1,6,'','2019-04-18 23:18:28',0,'2019-04-18 23:18:28',0),(6,1,'2019-01-01 00:00:00',1000.0000,1,7,'','2019-04-18 23:18:28',0,'2019-04-18 23:18:28',0),(7,1,'2019-02-01 00:00:00',1000.0000,1,8,'','2019-04-18 23:18:28',0,'2019-04-18 23:18:28',0),(8,1,'2019-03-01 00:00:00',1000.0000,1,9,'','2019-04-18 23:18:28',0,'2019-04-18 23:18:28',0),(9,1,'2019-04-01 00:00:00',1000.0000,1,10,'','2019-04-18 23:18:28',0,'2019-04-18 23:18:28',0),(10,1,'2018-07-05 00:00:00',2000.0000,1,11,'','2019-04-18 23:18:28',0,'2019-04-18 23:18:28',0),(11,1,'2018-08-01 00:00:00',10.0000,1,13,'','2019-04-18 23:18:28',0,'2019-04-18 23:18:28',0),(12,1,'2018-09-01 00:00:00',10.0000,1,14,'','2019-04-18 23:18:28',0,'2019-04-18 23:18:28',0),(13,1,'2018-10-01 00:00:00',10.0000,1,15,'','2019-04-18 23:18:28',0,'2019-04-18 23:18:28',0),(14,1,'2018-11-01 00:00:00',10.0000,1,16,'','2019-04-18 23:18:28',0,'2019-04-18 23:18:28',0),(15,1,'2018-12-01 00:00:00',10.0000,1,17,'','2019-04-18 23:18:28',0,'2019-04-18 23:18:28',0),(16,1,'2019-01-01 00:00:00',10.0000,1,18,'','2019-04-18 23:18:28',0,'2019-04-18 23:18:28',0),(17,1,'2019-02-01 00:00:00',10.0000,1,19,'','2019-04-18 23:18:28',0,'2019-04-18 23:18:28',0),(18,1,'2019-03-01 00:00:00',10.0000,1,20,'','2019-04-18 23:18:28',0,'2019-04-18 23:18:28',0),(19,1,'2019-04-01 00:00:00',10.0000,1,21,'','2019-04-18 23:18:28',0,'2019-04-18 23:18:28',0),(20,1,'2018-07-05 00:00:00',870.9700,1,22,'','2019-04-18 23:18:28',0,'2019-04-18 23:18:28',0),(21,1,'2018-07-05 00:00:00',50.0000,1,23,'','2019-04-18 23:18:28',0,'2019-04-18 23:18:28',0),(22,1,'2018-07-05 00:00:00',8.7100,1,24,'','2019-04-18 23:18:28',0,'2019-04-18 23:18:28',0),(23,1,'2018-07-05 00:00:00',10.0000,1,25,'','2019-04-18 23:18:28',0,'2019-04-18 23:18:28',0),(24,1,'2018-08-01 00:00:00',1000.0000,1,27,'','2019-04-18 23:18:28',0,'2019-04-18 23:18:28',0),(25,1,'2018-09-01 00:00:00',1000.0000,1,28,'','2019-04-18 23:18:28',0,'2019-04-18 23:18:28',0),(26,1,'2018-10-01 00:00:00',1000.0000,1,29,'','2019-04-18 23:18:28',0,'2019-04-18 23:18:28',0),(27,1,'2018-11-01 00:00:00',1000.0000,1,30,'','2019-04-18 23:18:28',0,'2019-04-18 23:18:28',0),(28,1,'2018-12-01 00:00:00',1000.0000,1,31,'','2019-04-18 23:18:28',0,'2019-04-18 23:18:28',0),(29,1,'2019-01-01 00:00:00',1000.0000,1,32,'','2019-04-18 23:18:28',0,'2019-04-18 23:18:28',0),(30,1,'2019-02-01 00:00:00',1000.0000,1,33,'','2019-04-18 23:18:28',0,'2019-04-18 23:18:28',0),(31,1,'2019-03-01 00:00:00',1000.0000,1,34,'','2019-04-18 23:18:28',0,'2019-04-18 23:18:28',0),(32,1,'2019-04-01 00:00:00',1000.0000,1,35,'','2019-04-18 23:18:28',0,'2019-04-18 23:18:28',0),(33,1,'2018-07-05 00:00:00',2000.0000,1,36,'','2019-04-18 23:18:28',0,'2019-04-18 23:18:28',0),(34,1,'2018-08-01 00:00:00',10.0000,1,38,'','2019-04-18 23:18:28',0,'2019-04-18 23:18:28',0),(35,1,'2018-09-01 00:00:00',10.0000,1,39,'','2019-04-18 23:18:28',0,'2019-04-18 23:18:28',0),(36,1,'2018-10-01 00:00:00',10.0000,1,40,'','2019-04-18 23:18:28',0,'2019-04-18 23:18:28',0),(37,1,'2018-11-01 00:00:00',10.0000,1,41,'','2019-04-18 23:18:28',0,'2019-04-18 23:18:28',0),(38,1,'2018-12-01 00:00:00',10.0000,1,42,'','2019-04-18 23:18:28',0,'2019-04-18 23:18:28',0),(39,1,'2019-01-01 00:00:00',10.0000,1,43,'','2019-04-18 23:18:28',0,'2019-04-18 23:18:28',0),(40,1,'2019-02-01 00:00:00',10.0000,1,44,'','2019-04-18 23:18:28',0,'2019-04-18 23:18:28',0),(41,1,'2019-03-01 00:00:00',10.0000,1,45,'','2019-04-18 23:18:28',0,'2019-04-18 23:18:28',0),(42,1,'2019-04-01 00:00:00',10.0000,1,46,'','2019-04-18 23:18:28',0,'2019-04-18 23:18:28',0),(43,1,'2018-07-05 00:00:00',870.9700,1,47,'','2019-04-18 23:18:28',0,'2019-04-18 23:18:28',0),(44,1,'2018-07-05 00:00:00',50.0000,1,48,'','2019-04-18 23:18:28',0,'2019-04-18 23:18:28',0),(45,1,'2018-07-05 00:00:00',8.7100,1,49,'','2019-04-18 23:18:28',0,'2019-04-18 23:18:28',0),(46,1,'2018-07-05 00:00:00',10.0000,1,50,'','2019-04-18 23:18:28',0,'2019-04-18 23:18:28',0),(47,1,'2018-08-01 00:00:00',1500.0000,1,52,'','2019-04-18 23:18:28',0,'2019-04-18 23:18:28',0),(48,1,'2018-09-01 00:00:00',1500.0000,1,53,'','2019-04-18 23:18:28',0,'2019-04-18 23:18:28',0),(49,1,'2018-10-01 00:00:00',1500.0000,1,54,'','2019-04-18 23:18:28',0,'2019-04-18 23:18:28',0),(50,1,'2018-11-01 00:00:00',1500.0000,1,55,'','2019-04-18 23:18:28',0,'2019-04-18 23:18:28',0),(51,1,'2018-12-01 00:00:00',1500.0000,1,56,'','2019-04-18 23:18:28',0,'2019-04-18 23:18:28',0),(52,1,'2019-01-01 00:00:00',1500.0000,1,57,'','2019-04-18 23:18:28',0,'2019-04-18 23:18:28',0),(53,1,'2019-02-01 00:00:00',1500.0000,1,58,'','2019-04-18 23:18:28',0,'2019-04-18 23:18:28',0),(54,1,'2019-03-01 00:00:00',1500.0000,1,59,'','2019-04-18 23:18:28',0,'2019-04-18 23:18:28',0),(55,1,'2019-04-01 00:00:00',1500.0000,1,60,'','2019-04-18 23:18:28',0,'2019-04-18 23:18:28',0),(56,1,'2018-07-05 00:00:00',3000.0000,1,61,'','2019-04-18 23:18:28',0,'2019-04-18 23:18:28',0),(57,1,'2018-08-01 00:00:00',10.0000,1,63,'','2019-04-18 23:18:28',0,'2019-04-18 23:18:28',0),(58,1,'2018-09-01 00:00:00',10.0000,1,64,'','2019-04-18 23:18:28',0,'2019-04-18 23:18:28',0),(59,1,'2018-10-01 00:00:00',10.0000,1,65,'','2019-04-18 23:18:28',0,'2019-04-18 23:18:28',0),(60,1,'2018-11-01 00:00:00',10.0000,1,66,'','2019-04-18 23:18:28',0,'2019-04-18 23:18:28',0),(61,1,'2018-12-01 00:00:00',10.0000,1,67,'','2019-04-18 23:18:28',0,'2019-04-18 23:18:28',0),(62,1,'2019-01-01 00:00:00',10.0000,1,68,'','2019-04-18 23:18:28',0,'2019-04-18 23:18:28',0),(63,1,'2019-02-01 00:00:00',10.0000,1,69,'','2019-04-18 23:18:28',0,'2019-04-18 23:18:28',0),(64,1,'2019-03-01 00:00:00',10.0000,1,70,'','2019-04-18 23:18:28',0,'2019-04-18 23:18:28',0),(65,1,'2019-04-01 00:00:00',10.0000,1,71,'','2019-04-18 23:18:28',0,'2019-04-18 23:18:28',0),(66,1,'2018-07-05 00:00:00',1306.4500,1,72,'','2019-04-18 23:18:28',0,'2019-04-18 23:18:28',0),(67,1,'2018-07-05 00:00:00',50.0000,1,73,'','2019-04-18 23:18:28',0,'2019-04-18 23:18:28',0),(68,1,'2018-07-05 00:00:00',8.7100,1,74,'','2019-04-18 23:18:28',0,'2019-04-18 23:18:28',0),(69,1,'2018-07-05 00:00:00',10.0000,1,75,'','2019-04-18 23:18:28',0,'2019-04-18 23:18:28',0),(70,1,'2018-08-01 00:00:00',1500.0000,1,77,'','2019-04-18 23:18:28',0,'2019-04-18 23:18:28',0),(71,1,'2018-09-01 00:00:00',1500.0000,1,78,'','2019-04-18 23:18:28',0,'2019-04-18 23:18:28',0),(72,1,'2018-10-01 00:00:00',1500.0000,1,79,'','2019-04-18 23:18:28',0,'2019-04-18 23:18:28',0),(73,1,'2018-11-01 00:00:00',1500.0000,1,80,'','2019-04-18 23:18:28',0,'2019-04-18 23:18:28',0),(74,1,'2018-12-01 00:00:00',1500.0000,1,81,'','2019-04-18 23:18:28',0,'2019-04-18 23:18:28',0),(75,1,'2019-01-01 00:00:00',1500.0000,1,82,'','2019-04-18 23:18:28',0,'2019-04-18 23:18:28',0),(76,1,'2019-02-01 00:00:00',1500.0000,1,83,'','2019-04-18 23:18:28',0,'2019-04-18 23:18:28',0),(77,1,'2019-03-01 00:00:00',1500.0000,1,84,'','2019-04-18 23:18:28',0,'2019-04-18 23:18:28',0),(78,1,'2019-04-01 00:00:00',1500.0000,1,85,'','2019-04-18 23:18:28',0,'2019-04-18 23:18:28',0),(79,1,'2018-07-05 00:00:00',3000.0000,1,86,'','2019-04-18 23:18:28',0,'2019-04-18 23:18:28',0),(80,1,'2018-07-05 00:00:00',1306.4500,1,87,'','2019-04-18 23:18:28',0,'2019-04-18 23:18:28',0),(81,1,'2018-07-05 00:00:00',10.0000,1,88,'','2019-04-18 23:18:28',0,'2019-04-18 23:18:28',0),(82,1,'2018-08-01 00:00:00',1000.0000,2,1,'','2019-04-18 23:18:28',0,'2019-04-18 23:18:28',0),(83,1,'2018-09-01 00:00:00',1000.0000,2,2,'','2019-04-18 23:18:28',0,'2019-04-18 23:18:28',0),(84,1,'2018-10-01 00:00:00',1000.0000,2,3,'','2019-04-18 23:18:28',0,'2019-04-18 23:18:28',0),(85,1,'2018-11-01 00:00:00',1000.0000,2,4,'','2019-04-18 23:18:28',0,'2019-04-18 23:18:28',0),(86,1,'2018-12-01 00:00:00',1000.0000,2,5,'','2019-04-18 23:18:28',0,'2019-04-18 23:18:28',0),(87,1,'2019-01-01 00:00:00',1000.0000,2,6,'','2019-04-18 23:18:28',0,'2019-04-18 23:18:28',0),(88,1,'2019-02-01 00:00:00',1000.0000,2,7,'','2019-04-18 23:18:28',0,'2019-04-18 23:18:28',0),(89,1,'2019-03-01 00:00:00',1000.0000,2,8,'','2019-04-18 23:18:28',0,'2019-04-18 23:18:28',0),(90,1,'2019-04-01 00:00:00',1000.0000,2,9,'','2019-04-18 23:18:28',0,'2019-04-18 23:18:28',0),(91,1,'2018-07-05 00:00:00',2000.0000,2,10,'','2019-04-18 23:18:28',0,'2019-04-18 23:18:28',0),(92,1,'2018-08-01 00:00:00',10.0000,2,11,'','2019-04-18 23:18:28',0,'2019-04-18 23:18:28',0),(93,1,'2018-09-01 00:00:00',10.0000,2,12,'','2019-04-18 23:18:28',0,'2019-04-18 23:18:28',0),(94,1,'2018-10-01 00:00:00',10.0000,2,13,'','2019-04-18 23:18:28',0,'2019-04-18 23:18:28',0),(95,1,'2018-11-01 00:00:00',10.0000,2,14,'','2019-04-18 23:18:28',0,'2019-04-18 23:18:28',0),(96,1,'2018-12-01 00:00:00',10.0000,2,15,'','2019-04-18 23:18:28',0,'2019-04-18 23:18:28',0),(97,1,'2019-01-01 00:00:00',10.0000,2,16,'','2019-04-18 23:18:28',0,'2019-04-18 23:18:28',0),(98,1,'2019-02-01 00:00:00',10.0000,2,17,'','2019-04-18 23:18:28',0,'2019-04-18 23:18:28',0),(99,1,'2019-03-01 00:00:00',10.0000,2,18,'','2019-04-18 23:18:28',0,'2019-04-18 23:18:28',0),(100,1,'2019-04-01 00:00:00',10.0000,2,19,'','2019-04-18 23:18:28',0,'2019-04-18 23:18:28',0),(101,1,'2018-07-05 00:00:00',870.9700,2,20,'','2019-04-18 23:18:28',0,'2019-04-18 23:18:28',0),(102,1,'2018-07-05 00:00:00',50.0000,2,21,'','2019-04-18 23:18:28',0,'2019-04-18 23:18:28',0),(103,1,'2018-07-05 00:00:00',8.7100,2,22,'','2019-04-18 23:18:28',0,'2019-04-18 23:18:28',0),(104,1,'2018-07-05 00:00:00',10.0000,2,23,'','2019-04-18 23:18:28',0,'2019-04-18 23:18:28',0),(105,1,'2018-08-01 00:00:00',1000.0000,2,24,'','2019-04-18 23:18:28',0,'2019-04-18 23:18:28',0),(106,1,'2018-09-01 00:00:00',1000.0000,2,25,'','2019-04-18 23:18:28',0,'2019-04-18 23:18:28',0),(107,1,'2018-10-01 00:00:00',1000.0000,2,26,'','2019-04-18 23:18:28',0,'2019-04-18 23:18:28',0),(108,1,'2018-11-01 00:00:00',1000.0000,2,27,'','2019-04-18 23:18:28',0,'2019-04-18 23:18:28',0),(109,1,'2018-12-01 00:00:00',1000.0000,2,28,'','2019-04-18 23:18:28',0,'2019-04-18 23:18:28',0),(110,1,'2019-01-01 00:00:00',1000.0000,2,29,'','2019-04-18 23:18:28',0,'2019-04-18 23:18:28',0),(111,1,'2019-02-01 00:00:00',1000.0000,2,30,'','2019-04-18 23:18:28',0,'2019-04-18 23:18:28',0),(112,1,'2019-03-01 00:00:00',1000.0000,2,31,'','2019-04-18 23:18:28',0,'2019-04-18 23:18:28',0),(113,1,'2019-04-01 00:00:00',1000.0000,2,32,'','2019-04-18 23:18:28',0,'2019-04-18 23:18:28',0),(114,1,'2018-07-05 00:00:00',2000.0000,2,33,'','2019-04-18 23:18:28',0,'2019-04-18 23:18:28',0),(115,1,'2018-08-01 00:00:00',10.0000,2,34,'','2019-04-18 23:18:28',0,'2019-04-18 23:18:28',0),(116,1,'2018-09-01 00:00:00',10.0000,2,35,'','2019-04-18 23:18:28',0,'2019-04-18 23:18:28',0),(117,1,'2018-10-01 00:00:00',10.0000,2,36,'','2019-04-18 23:18:28',0,'2019-04-18 23:18:28',0),(118,1,'2018-11-01 00:00:00',10.0000,2,37,'','2019-04-18 23:18:28',0,'2019-04-18 23:18:28',0),(119,1,'2018-12-01 00:00:00',10.0000,2,38,'','2019-04-18 23:18:28',0,'2019-04-18 23:18:28',0),(120,1,'2019-01-01 00:00:00',10.0000,2,39,'','2019-04-18 23:18:28',0,'2019-04-18 23:18:28',0),(121,1,'2019-02-01 00:00:00',10.0000,2,40,'','2019-04-18 23:18:28',0,'2019-04-18 23:18:28',0),(122,1,'2019-03-01 00:00:00',10.0000,2,41,'','2019-04-18 23:18:28',0,'2019-04-18 23:18:28',0),(123,1,'2019-04-01 00:00:00',10.0000,2,42,'','2019-04-18 23:18:28',0,'2019-04-18 23:18:28',0),(124,1,'2018-07-05 00:00:00',870.9700,2,43,'','2019-04-18 23:18:28',0,'2019-04-18 23:18:28',0),(125,1,'2018-07-05 00:00:00',50.0000,2,44,'','2019-04-18 23:18:28',0,'2019-04-18 23:18:28',0),(126,1,'2018-07-05 00:00:00',8.7100,2,45,'','2019-04-18 23:18:28',0,'2019-04-18 23:18:28',0),(127,1,'2018-07-05 00:00:00',10.0000,2,46,'','2019-04-18 23:18:28',0,'2019-04-18 23:18:28',0),(128,1,'2018-08-01 00:00:00',1500.0000,2,47,'','2019-04-18 23:18:28',0,'2019-04-18 23:18:28',0),(129,1,'2018-09-01 00:00:00',1500.0000,2,48,'','2019-04-18 23:18:28',0,'2019-04-18 23:18:28',0),(130,1,'2018-10-01 00:00:00',1500.0000,2,49,'','2019-04-18 23:18:28',0,'2019-04-18 23:18:28',0),(131,1,'2018-11-01 00:00:00',1500.0000,2,50,'','2019-04-18 23:18:28',0,'2019-04-18 23:18:28',0),(132,1,'2018-12-01 00:00:00',1500.0000,2,51,'','2019-04-18 23:18:28',0,'2019-04-18 23:18:28',0),(133,1,'2019-01-01 00:00:00',1500.0000,2,52,'','2019-04-18 23:18:28',0,'2019-04-18 23:18:28',0),(134,1,'2019-02-01 00:00:00',1500.0000,2,53,'','2019-04-18 23:18:28',0,'2019-04-18 23:18:28',0),(135,1,'2019-03-01 00:00:00',1500.0000,2,54,'','2019-04-18 23:18:28',0,'2019-04-18 23:18:28',0),(136,1,'2019-04-01 00:00:00',1500.0000,2,55,'','2019-04-18 23:18:28',0,'2019-04-18 23:18:28',0),(137,1,'2018-07-05 00:00:00',3000.0000,2,56,'','2019-04-18 23:18:28',0,'2019-04-18 23:18:28',0),(138,1,'2018-08-01 00:00:00',10.0000,2,57,'','2019-04-18 23:18:28',0,'2019-04-18 23:18:28',0),(139,1,'2018-09-01 00:00:00',10.0000,2,58,'','2019-04-18 23:18:28',0,'2019-04-18 23:18:28',0),(140,1,'2018-10-01 00:00:00',10.0000,2,59,'','2019-04-18 23:18:28',0,'2019-04-18 23:18:28',0),(141,1,'2018-11-01 00:00:00',10.0000,2,60,'','2019-04-18 23:18:28',0,'2019-04-18 23:18:28',0),(142,1,'2018-12-01 00:00:00',10.0000,2,61,'','2019-04-18 23:18:28',0,'2019-04-18 23:18:28',0),(143,1,'2019-01-01 00:00:00',10.0000,2,62,'','2019-04-18 23:18:28',0,'2019-04-18 23:18:28',0),(144,1,'2019-02-01 00:00:00',10.0000,2,63,'','2019-04-18 23:18:28',0,'2019-04-18 23:18:28',0),(145,1,'2019-03-01 00:00:00',10.0000,2,64,'','2019-04-18 23:18:28',0,'2019-04-18 23:18:28',0),(146,1,'2019-04-01 00:00:00',10.0000,2,65,'','2019-04-18 23:18:28',0,'2019-04-18 23:18:28',0),(147,1,'2018-07-05 00:00:00',1306.4500,2,66,'','2019-04-18 23:18:28',0,'2019-04-18 23:18:28',0),(148,1,'2018-07-05 00:00:00',50.0000,2,67,'','2019-04-18 23:18:28',0,'2019-04-18 23:18:28',0),(149,1,'2018-07-05 00:00:00',8.7100,2,68,'','2019-04-18 23:18:28',0,'2019-04-18 23:18:28',0),(150,1,'2018-07-05 00:00:00',10.0000,2,69,'','2019-04-18 23:18:28',0,'2019-04-18 23:18:28',0),(151,1,'2018-08-01 00:00:00',1500.0000,2,70,'','2019-04-18 23:18:28',0,'2019-04-18 23:18:28',0),(152,1,'2018-09-01 00:00:00',1500.0000,2,71,'','2019-04-18 23:18:28',0,'2019-04-18 23:18:28',0),(153,1,'2018-10-01 00:00:00',1500.0000,2,72,'','2019-04-18 23:18:28',0,'2019-04-18 23:18:28',0),(154,1,'2018-11-01 00:00:00',1500.0000,2,73,'','2019-04-18 23:18:28',0,'2019-04-18 23:18:28',0),(155,1,'2018-12-01 00:00:00',1500.0000,2,74,'','2019-04-18 23:18:28',0,'2019-04-18 23:18:28',0),(156,1,'2019-01-01 00:00:00',1500.0000,2,75,'','2019-04-18 23:18:28',0,'2019-04-18 23:18:28',0),(157,1,'2019-02-01 00:00:00',1500.0000,2,76,'','2019-04-18 23:18:28',0,'2019-04-18 23:18:28',0),(158,1,'2019-03-01 00:00:00',1500.0000,2,77,'','2019-04-18 23:18:28',0,'2019-04-18 23:18:28',0),(159,1,'2019-04-01 00:00:00',1500.0000,2,78,'','2019-04-18 23:18:28',0,'2019-04-18 23:18:28',0),(160,1,'2018-07-05 00:00:00',3000.0000,2,79,'','2019-04-18 23:18:28',0,'2019-04-18 23:18:28',0),(161,1,'2018-07-05 00:00:00',1306.4500,2,80,'','2019-04-18 23:18:28',0,'2019-04-18 23:18:28',0),(162,1,'2018-07-05 00:00:00',10.0000,2,81,'','2019-04-18 23:18:29',0,'2019-04-18 23:18:29',0),(163,1,'2018-07-05 00:00:00',8.7100,2,22,'','2019-04-18 23:18:29',0,'2019-04-18 23:18:29',0),(164,1,'2018-07-05 00:00:00',10.0000,2,23,'','2019-04-18 23:18:29',0,'2019-04-18 23:18:29',0),(165,1,'2018-07-05 00:00:00',50.0000,2,21,'','2019-04-18 23:18:29',0,'2019-04-18 23:18:29',0),(166,1,'2018-07-05 00:00:00',870.9700,2,20,'','2019-04-18 23:18:29',0,'2019-04-18 23:18:29',0),(167,1,'2018-07-05 00:00:00',1060.3200,2,10,'','2019-04-18 23:18:29',0,'2019-04-18 23:18:29',0),(168,1,'2018-07-05 00:00:00',870.9700,2,10,'','2019-04-18 23:18:29',0,'2019-04-18 23:18:29',0),(169,1,'2018-07-05 00:00:00',50.0000,2,10,'','2019-04-18 23:18:29',0,'2019-04-18 23:18:29',0),(170,1,'2018-07-05 00:00:00',8.7100,2,10,'','2019-04-18 23:18:29',0,'2019-04-18 23:18:29',0),(171,1,'2018-07-05 00:00:00',10.0000,2,10,'','2019-04-18 23:18:29',0,'2019-04-18 23:18:29',0),(172,1,'2018-08-01 00:00:00',10.0000,2,11,'','2019-04-18 23:18:29',0,'2019-04-18 23:18:29',0),(173,1,'2018-08-01 00:00:00',990.0000,2,1,'','2019-04-18 23:18:29',0,'2019-04-18 23:18:29',0),(174,1,'2018-08-01 00:00:00',10.0000,2,1,'','2019-04-18 23:18:29',0,'2019-04-18 23:18:29',0),(175,1,'2018-09-01 00:00:00',10.0000,2,12,'','2019-04-18 23:18:29',0,'2019-04-18 23:18:29',0),(176,1,'2018-09-01 00:00:00',990.0000,2,2,'','2019-04-18 23:18:29',0,'2019-04-18 23:18:29',0),(177,1,'2018-09-01 00:00:00',10.0000,2,2,'','2019-04-18 23:18:29',0,'2019-04-18 23:18:29',0),(178,1,'2018-10-01 00:00:00',10.0000,2,13,'','2019-04-18 23:18:29',0,'2019-04-18 23:18:29',0),(179,1,'2018-10-01 00:00:00',990.0000,2,3,'','2019-04-18 23:18:29',0,'2019-04-18 23:18:29',0),(180,1,'2018-10-01 00:00:00',10.0000,2,3,'','2019-04-18 23:18:29',0,'2019-04-18 23:18:29',0),(181,1,'2018-11-01 00:00:00',10.0000,2,14,'','2019-04-18 23:18:29',0,'2019-04-18 23:18:29',0),(182,1,'2018-11-01 00:00:00',990.0000,2,4,'','2019-04-18 23:18:29',0,'2019-04-18 23:18:29',0),(183,1,'2018-11-01 00:00:00',10.0000,2,4,'','2019-04-18 23:18:29',0,'2019-04-18 23:18:29',0),(184,1,'2018-12-01 00:00:00',10.0000,2,15,'','2019-04-18 23:18:29',0,'2019-04-18 23:18:29',0),(185,1,'2018-12-01 00:00:00',990.0000,2,5,'','2019-04-18 23:18:29',0,'2019-04-18 23:18:29',0),(186,1,'2018-12-01 00:00:00',10.0000,2,5,'','2019-04-18 23:18:29',0,'2019-04-18 23:18:29',0),(187,1,'2019-01-01 00:00:00',10.0000,2,16,'','2019-04-18 23:18:29',0,'2019-04-18 23:18:29',0),(188,1,'2019-01-01 00:00:00',990.0000,2,6,'','2019-04-18 23:18:29',0,'2019-04-18 23:18:29',0),(189,1,'2019-01-01 00:00:00',10.0000,2,6,'','2019-04-18 23:18:29',0,'2019-04-18 23:18:29',0),(190,1,'2019-02-01 00:00:00',10.0000,2,17,'','2019-04-18 23:18:29',0,'2019-04-18 23:18:29',0),(191,1,'2019-02-01 00:00:00',990.0000,2,7,'','2019-04-18 23:18:29',0,'2019-04-18 23:18:29',0),(192,1,'2019-02-01 00:00:00',10.0000,2,7,'','2019-04-18 23:18:29',0,'2019-04-18 23:18:29',0),(193,1,'2019-03-01 00:00:00',10.0000,2,18,'','2019-04-18 23:18:29',0,'2019-04-18 23:18:29',0),(194,1,'2019-03-01 00:00:00',990.0000,2,8,'','2019-04-18 23:18:29',0,'2019-04-18 23:18:29',0),(195,1,'2019-03-01 00:00:00',10.0000,2,8,'','2019-04-18 23:18:29',0,'2019-04-18 23:18:29',0),(196,1,'2019-04-01 00:00:00',10.0000,2,19,'','2019-04-18 23:18:29',0,'2019-04-18 23:18:29',0),(197,1,'2019-04-01 00:00:00',990.0000,2,9,'','2019-04-18 23:18:29',0,'2019-04-18 23:18:29',0),(198,1,'2019-04-01 00:00:00',10.0000,2,9,'','2019-04-18 23:18:29',0,'2019-04-18 23:18:29',0),(199,1,'2018-07-05 00:00:00',8.7100,2,45,'','2019-04-18 23:18:29',0,'2019-04-18 23:18:29',0),(200,1,'2018-07-05 00:00:00',10.0000,2,46,'','2019-04-18 23:18:29',0,'2019-04-18 23:18:29',0),(201,1,'2018-07-05 00:00:00',50.0000,2,44,'','2019-04-18 23:18:29',0,'2019-04-18 23:18:29',0),(202,1,'2018-07-05 00:00:00',870.9700,2,43,'','2019-04-18 23:18:29',0,'2019-04-18 23:18:29',0),(203,1,'2018-07-05 00:00:00',1060.3200,2,33,'','2019-04-18 23:18:29',0,'2019-04-18 23:18:29',0),(204,1,'2018-07-05 00:00:00',870.9700,2,33,'','2019-04-18 23:18:29',0,'2019-04-18 23:18:29',0),(205,1,'2018-07-05 00:00:00',50.0000,2,33,'','2019-04-18 23:18:29',0,'2019-04-18 23:18:29',0),(206,1,'2018-07-05 00:00:00',8.7100,2,33,'','2019-04-18 23:18:29',0,'2019-04-18 23:18:29',0),(207,1,'2018-07-05 00:00:00',10.0000,2,33,'','2019-04-18 23:18:29',0,'2019-04-18 23:18:29',0),(208,1,'2018-08-01 00:00:00',10.0000,2,34,'','2019-04-18 23:18:29',0,'2019-04-18 23:18:29',0),(209,1,'2018-08-01 00:00:00',990.0000,2,24,'','2019-04-18 23:18:29',0,'2019-04-18 23:18:29',0),(210,1,'2018-08-01 00:00:00',10.0000,2,24,'','2019-04-18 23:18:29',0,'2019-04-18 23:18:29',0),(211,1,'2018-09-01 00:00:00',10.0000,2,35,'','2019-04-18 23:18:29',0,'2019-04-18 23:18:29',0),(212,1,'2018-09-01 00:00:00',990.0000,2,25,'','2019-04-18 23:18:29',0,'2019-04-18 23:18:29',0),(213,1,'2018-09-01 00:00:00',10.0000,2,25,'','2019-04-18 23:18:29',0,'2019-04-18 23:18:29',0),(214,1,'2018-10-01 00:00:00',10.0000,2,36,'','2019-04-18 23:18:29',0,'2019-04-18 23:18:29',0),(215,1,'2018-10-01 00:00:00',990.0000,2,26,'','2019-04-18 23:18:29',0,'2019-04-18 23:18:29',0),(216,1,'2018-10-01 00:00:00',10.0000,2,26,'','2019-04-18 23:18:29',0,'2019-04-18 23:18:29',0),(217,1,'2018-11-01 00:00:00',10.0000,2,37,'','2019-04-18 23:18:29',0,'2019-04-18 23:18:29',0),(218,1,'2018-11-01 00:00:00',990.0000,2,27,'','2019-04-18 23:18:29',0,'2019-04-18 23:18:29',0),(219,1,'2018-11-01 00:00:00',10.0000,2,27,'','2019-04-18 23:18:29',0,'2019-04-18 23:18:29',0),(220,1,'2018-12-01 00:00:00',10.0000,2,38,'','2019-04-18 23:18:29',0,'2019-04-18 23:18:29',0),(221,1,'2018-12-01 00:00:00',990.0000,2,28,'','2019-04-18 23:18:29',0,'2019-04-18 23:18:29',0),(222,1,'2018-12-01 00:00:00',10.0000,2,28,'','2019-04-18 23:18:29',0,'2019-04-18 23:18:29',0),(223,1,'2019-01-01 00:00:00',10.0000,2,39,'','2019-04-18 23:18:29',0,'2019-04-18 23:18:29',0),(224,1,'2019-01-01 00:00:00',990.0000,2,29,'','2019-04-18 23:18:29',0,'2019-04-18 23:18:29',0),(225,1,'2019-01-01 00:00:00',10.0000,2,29,'','2019-04-18 23:18:29',0,'2019-04-18 23:18:29',0),(226,1,'2019-02-01 00:00:00',10.0000,2,40,'','2019-04-18 23:18:29',0,'2019-04-18 23:18:29',0),(227,1,'2019-02-01 00:00:00',990.0000,2,30,'','2019-04-18 23:18:29',0,'2019-04-18 23:18:29',0),(228,1,'2019-02-01 00:00:00',10.0000,2,30,'','2019-04-18 23:18:29',0,'2019-04-18 23:18:29',0),(229,1,'2019-03-01 00:00:00',10.0000,2,41,'','2019-04-18 23:18:29',0,'2019-04-18 23:18:29',0),(230,1,'2019-03-01 00:00:00',990.0000,2,31,'','2019-04-18 23:18:29',0,'2019-04-18 23:18:29',0),(231,1,'2019-03-01 00:00:00',10.0000,2,31,'','2019-04-18 23:18:29',0,'2019-04-18 23:18:29',0),(232,1,'2019-04-01 00:00:00',10.0000,2,42,'','2019-04-18 23:18:29',0,'2019-04-18 23:18:29',0),(233,1,'2019-04-01 00:00:00',990.0000,2,32,'','2019-04-18 23:18:29',0,'2019-04-18 23:18:29',0),(234,1,'2019-04-01 00:00:00',10.0000,2,32,'','2019-04-18 23:18:29',0,'2019-04-18 23:18:29',0),(235,1,'2018-07-05 00:00:00',8.7100,2,68,'','2019-04-18 23:18:29',0,'2019-04-18 23:18:29',0),(236,1,'2018-07-05 00:00:00',10.0000,2,69,'','2019-04-18 23:18:29',0,'2019-04-18 23:18:29',0),(237,1,'2018-07-05 00:00:00',50.0000,2,67,'','2019-04-18 23:18:29',0,'2019-04-18 23:18:29',0),(238,1,'2018-07-05 00:00:00',1306.4500,2,66,'','2019-04-18 23:18:29',0,'2019-04-18 23:18:29',0),(239,1,'2018-07-05 00:00:00',1624.8400,2,56,'','2019-04-18 23:18:29',0,'2019-04-18 23:18:29',0),(240,1,'2018-07-05 00:00:00',1306.4500,2,56,'','2019-04-18 23:18:29',0,'2019-04-18 23:18:29',0),(241,1,'2018-07-05 00:00:00',50.0000,2,56,'','2019-04-18 23:18:29',0,'2019-04-18 23:18:29',0),(242,1,'2018-07-05 00:00:00',8.7100,2,56,'','2019-04-18 23:18:29',0,'2019-04-18 23:18:29',0),(243,1,'2018-07-05 00:00:00',10.0000,2,56,'','2019-04-18 23:18:29',0,'2019-04-18 23:18:29',0),(244,1,'2018-08-01 00:00:00',10.0000,2,57,'','2019-04-18 23:18:29',0,'2019-04-18 23:18:29',0),(245,1,'2018-08-01 00:00:00',1490.0000,2,47,'','2019-04-18 23:18:29',0,'2019-04-18 23:18:29',0),(246,1,'2018-08-01 00:00:00',10.0000,2,47,'','2019-04-18 23:18:29',0,'2019-04-18 23:18:29',0),(247,1,'2018-09-01 00:00:00',10.0000,2,58,'','2019-04-18 23:18:29',0,'2019-04-18 23:18:29',0),(248,1,'2018-09-01 00:00:00',1490.0000,2,48,'','2019-04-18 23:18:29',0,'2019-04-18 23:18:29',0),(249,1,'2018-09-01 00:00:00',10.0000,2,48,'','2019-04-18 23:18:29',0,'2019-04-18 23:18:29',0),(250,1,'2018-10-01 00:00:00',10.0000,2,59,'','2019-04-18 23:18:29',0,'2019-04-18 23:18:29',0),(251,1,'2018-10-01 00:00:00',1490.0000,2,49,'','2019-04-18 23:18:29',0,'2019-04-18 23:18:29',0),(252,1,'2018-10-01 00:00:00',10.0000,2,49,'','2019-04-18 23:18:29',0,'2019-04-18 23:18:29',0),(253,1,'2018-11-01 00:00:00',10.0000,2,60,'','2019-04-18 23:18:29',0,'2019-04-18 23:18:29',0),(254,1,'2018-11-01 00:00:00',1490.0000,2,50,'','2019-04-18 23:18:29',0,'2019-04-18 23:18:29',0),(255,1,'2018-11-01 00:00:00',10.0000,2,50,'','2019-04-18 23:18:29',0,'2019-04-18 23:18:29',0),(256,1,'2018-12-01 00:00:00',10.0000,2,61,'','2019-04-18 23:18:29',0,'2019-04-18 23:18:29',0),(257,1,'2018-12-01 00:00:00',1490.0000,2,51,'','2019-04-18 23:18:29',0,'2019-04-18 23:18:29',0),(258,1,'2018-12-01 00:00:00',10.0000,2,51,'','2019-04-18 23:18:29',0,'2019-04-18 23:18:29',0),(259,1,'2019-01-01 00:00:00',10.0000,2,62,'','2019-04-18 23:18:29',0,'2019-04-18 23:18:29',0),(260,1,'2019-01-01 00:00:00',1490.0000,2,52,'','2019-04-18 23:18:29',0,'2019-04-18 23:18:29',0),(261,1,'2019-01-01 00:00:00',10.0000,2,52,'','2019-04-18 23:18:29',0,'2019-04-18 23:18:29',0),(262,1,'2019-02-01 00:00:00',10.0000,2,63,'','2019-04-18 23:18:29',0,'2019-04-18 23:18:29',0),(263,1,'2019-02-01 00:00:00',1490.0000,2,53,'','2019-04-18 23:18:29',0,'2019-04-18 23:18:29',0),(264,1,'2019-02-01 00:00:00',10.0000,2,53,'','2019-04-18 23:18:29',0,'2019-04-18 23:18:29',0),(265,1,'2019-03-01 00:00:00',10.0000,2,64,'','2019-04-18 23:18:29',0,'2019-04-18 23:18:29',0),(266,1,'2019-03-01 00:00:00',1490.0000,2,54,'','2019-04-18 23:18:29',0,'2019-04-18 23:18:29',0),(267,1,'2019-03-01 00:00:00',10.0000,2,54,'','2019-04-18 23:18:29',0,'2019-04-18 23:18:29',0),(268,1,'2019-04-01 00:00:00',10.0000,2,65,'','2019-04-18 23:18:29',0,'2019-04-18 23:18:29',0),(269,1,'2019-04-01 00:00:00',1490.0000,2,55,'','2019-04-18 23:18:29',0,'2019-04-18 23:18:29',0),(270,1,'2019-04-01 00:00:00',10.0000,2,55,'','2019-04-18 23:18:29',0,'2019-04-18 23:18:29',0),(271,1,'2018-07-05 00:00:00',10.0000,2,81,'','2019-04-18 23:18:29',0,'2019-04-18 23:18:29',0),(272,1,'2018-07-05 00:00:00',1306.4500,2,80,'','2019-04-18 23:18:29',0,'2019-04-18 23:18:29',0),(273,1,'2018-07-05 00:00:00',1683.5500,2,79,'','2019-04-18 23:18:29',0,'2019-04-18 23:18:29',0),(274,1,'2018-07-05 00:00:00',1306.4500,2,79,'','2019-04-18 23:18:29',0,'2019-04-18 23:18:29',0),(275,1,'2018-07-05 00:00:00',10.0000,2,79,'','2019-04-18 23:18:29',0,'2019-04-18 23:18:29',0),(276,1,'2018-08-01 00:00:00',1500.0000,2,70,'','2019-04-18 23:18:29',0,'2019-04-18 23:18:29',0),(277,1,'2018-09-01 00:00:00',1500.0000,2,71,'','2019-04-18 23:18:29',0,'2019-04-18 23:18:29',0),(278,1,'2018-10-01 00:00:00',1500.0000,2,72,'','2019-04-18 23:18:29',0,'2019-04-18 23:18:29',0),(279,1,'2018-11-01 00:00:00',1500.0000,2,73,'','2019-04-18 23:18:29',0,'2019-04-18 23:18:29',0),(280,1,'2018-12-01 00:00:00',1500.0000,2,74,'','2019-04-18 23:18:29',0,'2019-04-18 23:18:29',0),(281,1,'2019-01-01 00:00:00',1500.0000,2,75,'','2019-04-18 23:18:29',0,'2019-04-18 23:18:29',0),(282,1,'2019-02-01 00:00:00',1500.0000,2,76,'','2019-04-18 23:18:29',0,'2019-04-18 23:18:29',0),(283,1,'2019-03-01 00:00:00',1500.0000,2,77,'','2019-04-18 23:18:29',0,'2019-04-18 23:18:29',0),(284,1,'2019-04-01 00:00:00',1500.0000,2,78,'','2019-04-18 23:18:29',0,'2019-04-18 23:18:29',0),(285,1,'2018-07-05 00:00:00',870.9700,4,20,'auto-transfer for deposit DEP-2','2019-04-18 23:18:29',0,'2019-04-18 23:18:29',0),(286,1,'2018-07-05 00:00:00',50.0000,4,21,'auto-transfer for deposit DEP-2','2019-04-18 23:18:29',0,'2019-04-18 23:18:29',0),(287,1,'2018-07-05 00:00:00',8.7100,4,22,'auto-transfer for deposit DEP-2','2019-04-18 23:18:29',0,'2019-04-18 23:18:29',0),(288,1,'2018-07-05 00:00:00',10.0000,4,23,'auto-transfer for deposit DEP-2','2019-04-18 23:18:29',0,'2019-04-18 23:18:29',0),(289,1,'2018-07-05 00:00:00',870.9700,4,43,'auto-transfer for deposit DEP-2','2019-04-18 23:18:29',0,'2019-04-18 23:18:29',0),(290,1,'2018-07-05 00:00:00',50.0000,4,44,'auto-transfer for deposit DEP-2','2019-04-18 23:18:29',0,'2019-04-18 23:18:29',0),(291,1,'2018-07-05 00:00:00',8.7100,4,45,'auto-transfer for deposit DEP-2','2019-04-18 23:18:29',0,'2019-04-18 23:18:29',0),(292,1,'2018-07-05 00:00:00',10.0000,4,46,'auto-transfer for deposit DEP-2','2019-04-18 23:18:29',0,'2019-04-18 23:18:29',0),(293,1,'2018-07-05 00:00:00',1306.4500,4,66,'auto-transfer for deposit DEP-2','2019-04-18 23:18:29',0,'2019-04-18 23:18:29',0),(294,1,'2018-07-05 00:00:00',50.0000,4,67,'auto-transfer for deposit DEP-2','2019-04-18 23:18:29',0,'2019-04-18 23:18:29',0),(295,1,'2018-07-05 00:00:00',8.7100,4,68,'auto-transfer for deposit DEP-2','2019-04-18 23:18:29',0,'2019-04-18 23:18:29',0),(296,1,'2018-07-05 00:00:00',10.0000,4,69,'auto-transfer for deposit DEP-2','2019-04-18 23:18:29',0,'2019-04-18 23:18:29',0),(297,1,'2018-07-05 00:00:00',1306.4500,4,80,'auto-transfer for deposit DEP-2','2019-04-18 23:18:29',0,'2019-04-18 23:18:29',0),(298,1,'2018-07-05 00:00:00',10.0000,4,81,'auto-transfer for deposit DEP-2','2019-04-18 23:18:29',0,'2019-04-18 23:18:29',0),(299,1,'2018-07-05 00:00:00',2000.0000,4,10,'auto-transfer for deposit DEP-1','2019-04-18 23:18:29',0,'2019-04-18 23:18:29',0),(300,1,'2018-07-05 00:00:00',2000.0000,4,33,'auto-transfer for deposit DEP-1','2019-04-18 23:18:29',0,'2019-04-18 23:18:29',0),(301,1,'2018-07-05 00:00:00',3000.0000,4,56,'auto-transfer for deposit DEP-1','2019-04-18 23:18:29',0,'2019-04-18 23:18:29',0),(302,1,'2018-07-05 00:00:00',3000.0000,4,79,'auto-transfer for deposit DEP-1','2019-04-18 23:18:29',0,'2019-04-18 23:18:29',0),(303,1,'2018-08-01 00:00:00',1000.0000,4,1,'auto-transfer for deposit DEP-2','2019-04-18 23:18:29',0,'2019-04-18 23:18:29',0),(304,1,'2018-08-01 00:00:00',10.0000,4,11,'auto-transfer for deposit DEP-2','2019-04-18 23:18:29',0,'2019-04-18 23:18:29',0),(305,1,'2018-08-01 00:00:00',1000.0000,4,24,'auto-transfer for deposit DEP-2','2019-04-18 23:18:29',0,'2019-04-18 23:18:29',0),(306,1,'2018-08-01 00:00:00',10.0000,4,34,'auto-transfer for deposit DEP-2','2019-04-18 23:18:29',0,'2019-04-18 23:18:29',0),(307,1,'2018-08-01 00:00:00',1500.0000,4,47,'auto-transfer for deposit DEP-2','2019-04-18 23:18:29',0,'2019-04-18 23:18:29',0),(308,1,'2018-08-01 00:00:00',10.0000,4,57,'auto-transfer for deposit DEP-2','2019-04-18 23:18:29',0,'2019-04-18 23:18:29',0),(309,1,'2018-08-01 00:00:00',1500.0000,4,70,'auto-transfer for deposit DEP-2','2019-04-18 23:18:29',0,'2019-04-18 23:18:29',0),(310,1,'2018-09-01 00:00:00',1000.0000,4,2,'auto-transfer for deposit DEP-2','2019-04-18 23:18:29',0,'2019-04-18 23:18:29',0),(311,1,'2018-09-01 00:00:00',10.0000,4,12,'auto-transfer for deposit DEP-2','2019-04-18 23:18:29',0,'2019-04-18 23:18:29',0),(312,1,'2018-09-01 00:00:00',1000.0000,4,25,'auto-transfer for deposit DEP-2','2019-04-18 23:18:29',0,'2019-04-18 23:18:29',0),(313,1,'2018-09-01 00:00:00',10.0000,4,35,'auto-transfer for deposit DEP-2','2019-04-18 23:18:29',0,'2019-04-18 23:18:29',0),(314,1,'2018-09-01 00:00:00',1500.0000,4,48,'auto-transfer for deposit DEP-2','2019-04-18 23:18:29',0,'2019-04-18 23:18:29',0),(315,1,'2018-09-01 00:00:00',10.0000,4,58,'auto-transfer for deposit DEP-2','2019-04-18 23:18:29',0,'2019-04-18 23:18:29',0),(316,1,'2018-09-01 00:00:00',1500.0000,4,71,'auto-transfer for deposit DEP-2','2019-04-18 23:18:29',0,'2019-04-18 23:18:29',0),(317,1,'2018-10-01 00:00:00',1000.0000,4,3,'auto-transfer for deposit DEP-2','2019-04-18 23:18:29',0,'2019-04-18 23:18:29',0),(318,1,'2018-10-01 00:00:00',10.0000,4,13,'auto-transfer for deposit DEP-2','2019-04-18 23:18:29',0,'2019-04-18 23:18:29',0),(319,1,'2018-10-01 00:00:00',1000.0000,4,26,'auto-transfer for deposit DEP-2','2019-04-18 23:18:29',0,'2019-04-18 23:18:29',0),(320,1,'2018-10-01 00:00:00',10.0000,4,36,'auto-transfer for deposit DEP-2','2019-04-18 23:18:29',0,'2019-04-18 23:18:29',0),(321,1,'2018-10-01 00:00:00',1500.0000,4,49,'auto-transfer for deposit DEP-2','2019-04-18 23:18:29',0,'2019-04-18 23:18:29',0),(322,1,'2018-10-01 00:00:00',10.0000,4,59,'auto-transfer for deposit DEP-2','2019-04-18 23:18:29',0,'2019-04-18 23:18:29',0),(323,1,'2018-10-01 00:00:00',1500.0000,4,72,'auto-transfer for deposit DEP-2','2019-04-18 23:18:29',0,'2019-04-18 23:18:29',0),(324,1,'2018-11-01 00:00:00',1000.0000,4,4,'auto-transfer for deposit DEP-2','2019-04-18 23:18:29',0,'2019-04-18 23:18:29',0),(325,1,'2018-11-01 00:00:00',10.0000,4,14,'auto-transfer for deposit DEP-2','2019-04-18 23:18:29',0,'2019-04-18 23:18:29',0),(326,1,'2018-11-01 00:00:00',1000.0000,4,27,'auto-transfer for deposit DEP-2','2019-04-18 23:18:29',0,'2019-04-18 23:18:29',0),(327,1,'2018-11-01 00:00:00',10.0000,4,37,'auto-transfer for deposit DEP-2','2019-04-18 23:18:29',0,'2019-04-18 23:18:29',0),(328,1,'2018-11-01 00:00:00',1500.0000,4,50,'auto-transfer for deposit DEP-2','2019-04-18 23:18:29',0,'2019-04-18 23:18:29',0),(329,1,'2018-11-01 00:00:00',10.0000,4,60,'auto-transfer for deposit DEP-2','2019-04-18 23:18:29',0,'2019-04-18 23:18:29',0),(330,1,'2018-11-01 00:00:00',1500.0000,4,73,'auto-transfer for deposit DEP-2','2019-04-18 23:18:29',0,'2019-04-18 23:18:29',0),(331,1,'2018-12-01 00:00:00',1000.0000,4,5,'auto-transfer for deposit DEP-2','2019-04-18 23:18:29',0,'2019-04-18 23:18:29',0),(332,1,'2018-12-01 00:00:00',10.0000,4,15,'auto-transfer for deposit DEP-2','2019-04-18 23:18:29',0,'2019-04-18 23:18:29',0),(333,1,'2018-12-01 00:00:00',1000.0000,4,28,'auto-transfer for deposit DEP-2','2019-04-18 23:18:29',0,'2019-04-18 23:18:29',0),(334,1,'2018-12-01 00:00:00',10.0000,4,38,'auto-transfer for deposit DEP-2','2019-04-18 23:18:29',0,'2019-04-18 23:18:29',0),(335,1,'2018-12-01 00:00:00',1500.0000,4,51,'auto-transfer for deposit DEP-2','2019-04-18 23:18:29',0,'2019-04-18 23:18:29',0),(336,1,'2018-12-01 00:00:00',10.0000,4,61,'auto-transfer for deposit DEP-2','2019-04-18 23:18:29',0,'2019-04-18 23:18:29',0),(337,1,'2018-12-01 00:00:00',1500.0000,4,74,'auto-transfer for deposit DEP-2','2019-04-18 23:18:29',0,'2019-04-18 23:18:29',0),(338,1,'2019-01-01 00:00:00',1000.0000,4,6,'auto-transfer for deposit DEP-2','2019-04-18 23:18:29',0,'2019-04-18 23:18:29',0),(339,1,'2019-01-01 00:00:00',10.0000,4,16,'auto-transfer for deposit DEP-2','2019-04-18 23:18:29',0,'2019-04-18 23:18:29',0),(340,1,'2019-01-01 00:00:00',1000.0000,4,29,'auto-transfer for deposit DEP-2','2019-04-18 23:18:29',0,'2019-04-18 23:18:29',0),(341,1,'2019-01-01 00:00:00',10.0000,4,39,'auto-transfer for deposit DEP-2','2019-04-18 23:18:29',0,'2019-04-18 23:18:29',0),(342,1,'2019-01-01 00:00:00',1500.0000,4,52,'auto-transfer for deposit DEP-2','2019-04-18 23:18:29',0,'2019-04-18 23:18:29',0),(343,1,'2019-01-01 00:00:00',10.0000,4,62,'auto-transfer for deposit DEP-2','2019-04-18 23:18:29',0,'2019-04-18 23:18:29',0),(344,1,'2019-01-01 00:00:00',1500.0000,4,75,'auto-transfer for deposit DEP-2','2019-04-18 23:18:29',0,'2019-04-18 23:18:29',0),(345,1,'2019-02-01 00:00:00',1000.0000,4,7,'auto-transfer for deposit DEP-2','2019-04-18 23:18:29',0,'2019-04-18 23:18:29',0),(346,1,'2019-02-01 00:00:00',10.0000,4,17,'auto-transfer for deposit DEP-2','2019-04-18 23:18:29',0,'2019-04-18 23:18:29',0),(347,1,'2019-02-01 00:00:00',1000.0000,4,30,'auto-transfer for deposit DEP-2','2019-04-18 23:18:29',0,'2019-04-18 23:18:29',0),(348,1,'2019-02-01 00:00:00',10.0000,4,40,'auto-transfer for deposit DEP-2','2019-04-18 23:18:29',0,'2019-04-18 23:18:29',0),(349,1,'2019-02-01 00:00:00',1500.0000,4,53,'auto-transfer for deposit DEP-2','2019-04-18 23:18:29',0,'2019-04-18 23:18:29',0),(350,1,'2019-02-01 00:00:00',10.0000,4,63,'auto-transfer for deposit DEP-2','2019-04-18 23:18:29',0,'2019-04-18 23:18:29',0),(351,1,'2019-02-01 00:00:00',1500.0000,4,76,'auto-transfer for deposit DEP-2','2019-04-18 23:18:30',0,'2019-04-18 23:18:30',0),(352,1,'2019-03-01 00:00:00',1000.0000,4,8,'auto-transfer for deposit DEP-2','2019-04-18 23:18:30',0,'2019-04-18 23:18:30',0),(353,1,'2019-03-01 00:00:00',10.0000,4,18,'auto-transfer for deposit DEP-2','2019-04-18 23:18:30',0,'2019-04-18 23:18:30',0),(354,1,'2019-03-01 00:00:00',1000.0000,4,31,'auto-transfer for deposit DEP-2','2019-04-18 23:18:30',0,'2019-04-18 23:18:30',0),(355,1,'2019-03-01 00:00:00',10.0000,4,41,'auto-transfer for deposit DEP-2','2019-04-18 23:18:30',0,'2019-04-18 23:18:30',0),(356,1,'2019-03-01 00:00:00',1500.0000,4,54,'auto-transfer for deposit DEP-2','2019-04-18 23:18:30',0,'2019-04-18 23:18:30',0),(357,1,'2019-03-01 00:00:00',10.0000,4,64,'auto-transfer for deposit DEP-2','2019-04-18 23:18:30',0,'2019-04-18 23:18:30',0),(358,1,'2019-03-01 00:00:00',1500.0000,4,77,'auto-transfer for deposit DEP-2','2019-04-18 23:18:30',0,'2019-04-18 23:18:30',0),(359,1,'2019-04-01 00:00:00',1000.0000,4,9,'auto-transfer for deposit DEP-2','2019-04-18 23:18:30',0,'2019-04-18 23:18:30',0),(360,1,'2019-04-01 00:00:00',10.0000,4,19,'auto-transfer for deposit DEP-2','2019-04-18 23:18:30',0,'2019-04-18 23:18:30',0),(361,1,'2019-04-01 00:00:00',1000.0000,4,32,'auto-transfer for deposit DEP-2','2019-04-18 23:18:30',0,'2019-04-18 23:18:30',0),(362,1,'2019-04-01 00:00:00',10.0000,4,42,'auto-transfer for deposit DEP-2','2019-04-18 23:18:30',0,'2019-04-18 23:18:30',0),(363,1,'2019-04-01 00:00:00',1500.0000,4,55,'auto-transfer for deposit DEP-2','2019-04-18 23:18:30',0,'2019-04-18 23:18:30',0),(364,1,'2019-04-01 00:00:00',10.0000,4,65,'auto-transfer for deposit DEP-2','2019-04-18 23:18:30',0,'2019-04-18 23:18:30',0),(365,1,'2019-04-01 00:00:00',1500.0000,4,78,'auto-transfer for deposit DEP-2','2019-04-18 23:18:30',0,'2019-04-18 23:18:30',0),(366,1,'2020-04-01 00:00:00',50.0000,1,91,'','2019-04-19 00:05:21',211,'2019-04-19 00:05:21',211),(367,1,'2020-04-01 00:00:00',10.0000,1,93,'','2019-04-19 00:05:21',211,'2019-04-19 00:05:21',211);
/*!40000 ALTER TABLE `Journal` ENABLE KEYS */;
UNLOCK TABLES;

--
-- Table structure for table `JournalAllocation`
--

DROP TABLE IF EXISTS `JournalAllocation`;
/*!40101 SET @saved_cs_client     = @@character_set_client */;
/*!40101 SET character_set_client = utf8 */;
CREATE TABLE `JournalAllocation` (
  `JAID` bigint(20) NOT NULL AUTO_INCREMENT,
  `BID` bigint(20) NOT NULL DEFAULT '0',
  `JID` bigint(20) NOT NULL DEFAULT '0',
  `RID` bigint(20) NOT NULL DEFAULT '0',
  `RAID` bigint(20) NOT NULL DEFAULT '0',
  `TCID` bigint(20) NOT NULL DEFAULT '0',
  `RCPTID` bigint(20) NOT NULL DEFAULT '0',
  `Amount` decimal(19,4) NOT NULL DEFAULT '0.0000',
  `ASMID` bigint(20) NOT NULL DEFAULT '0',
  `EXPID` bigint(20) NOT NULL DEFAULT '0',
  `AcctRule` varchar(200) NOT NULL DEFAULT '',
  `LastModTime` timestamp NOT NULL DEFAULT CURRENT_TIMESTAMP ON UPDATE CURRENT_TIMESTAMP,
  `LastModBy` bigint(20) NOT NULL DEFAULT '0',
  `CreateTS` timestamp NOT NULL DEFAULT CURRENT_TIMESTAMP,
  `CreateBy` bigint(20) NOT NULL DEFAULT '0',
  PRIMARY KEY (`JAID`)
) ENGINE=InnoDB AUTO_INCREMENT=368 DEFAULT CHARSET=utf8;
/*!40101 SET character_set_client = @saved_cs_client */;

--
-- Dumping data for table `JournalAllocation`
--

LOCK TABLES `JournalAllocation` WRITE;
/*!40000 ALTER TABLE `JournalAllocation` DISABLE KEYS */;
INSERT INTO `JournalAllocation` VALUES (1,1,1,1,1,0,0,1000.0000,2,0,'d 12001 1000.00, c 41001 1000.00','2019-04-18 23:18:27',0,'2019-04-18 23:18:27',0),(2,1,2,1,1,0,0,1000.0000,3,0,'d 12001 1000.00, c 41001 1000.00','2019-04-18 23:18:28',0,'2019-04-18 23:18:28',0),(3,1,3,1,1,0,0,1000.0000,4,0,'d 12001 1000.00, c 41001 1000.00','2019-04-18 23:18:28',0,'2019-04-18 23:18:28',0),(4,1,4,1,1,0,0,1000.0000,5,0,'d 12001 1000.00, c 41001 1000.00','2019-04-18 23:18:28',0,'2019-04-18 23:18:28',0),(5,1,5,1,1,0,0,1000.0000,6,0,'d 12001 1000.00, c 41001 1000.00','2019-04-18 23:18:28',0,'2019-04-18 23:18:28',0),(6,1,6,1,1,0,0,1000.0000,7,0,'d 12001 1000.00, c 41001 1000.00','2019-04-18 23:18:28',0,'2019-04-18 23:18:28',0),(7,1,7,1,1,0,0,1000.0000,8,0,'d 12001 1000.00, c 41001 1000.00','2019-04-18 23:18:28',0,'2019-04-18 23:18:28',0),(8,1,8,1,1,0,0,1000.0000,9,0,'d 12001 1000.00, c 41001 1000.00','2019-04-18 23:18:28',0,'2019-04-18 23:18:28',0),(9,1,9,1,1,0,0,1000.0000,10,0,'d 12001 1000.00, c 41001 1000.00','2019-04-18 23:18:28',0,'2019-04-18 23:18:28',0),(10,1,10,1,1,0,0,2000.0000,11,0,'d 12001 2000.00, c 30000 2000.00','2019-04-18 23:18:28',0,'2019-04-18 23:18:28',0),(11,1,11,1,1,0,0,10.0000,13,0,'d 12001 10.00, c 41408 10.00','2019-04-18 23:18:28',0,'2019-04-18 23:18:28',0),(12,1,12,1,1,0,0,10.0000,14,0,'d 12001 10.00, c 41408 10.00','2019-04-18 23:18:28',0,'2019-04-18 23:18:28',0),(13,1,13,1,1,0,0,10.0000,15,0,'d 12001 10.00, c 41408 10.00','2019-04-18 23:18:28',0,'2019-04-18 23:18:28',0),(14,1,14,1,1,0,0,10.0000,16,0,'d 12001 10.00, c 41408 10.00','2019-04-18 23:18:28',0,'2019-04-18 23:18:28',0),(15,1,15,1,1,0,0,10.0000,17,0,'d 12001 10.00, c 41408 10.00','2019-04-18 23:18:28',0,'2019-04-18 23:18:28',0),(16,1,16,1,1,0,0,10.0000,18,0,'d 12001 10.00, c 41408 10.00','2019-04-18 23:18:28',0,'2019-04-18 23:18:28',0),(17,1,17,1,1,0,0,10.0000,19,0,'d 12001 10.00, c 41408 10.00','2019-04-18 23:18:28',0,'2019-04-18 23:18:28',0),(18,1,18,1,1,0,0,10.0000,20,0,'d 12001 10.00, c 41408 10.00','2019-04-18 23:18:28',0,'2019-04-18 23:18:28',0),(19,1,19,1,1,0,0,10.0000,21,0,'d 12001 10.00, c 41408 10.00','2019-04-18 23:18:28',0,'2019-04-18 23:18:28',0),(20,1,20,1,1,0,0,870.9700,22,0,'d 12001 870.97, c 41001 870.97','2019-04-18 23:18:28',0,'2019-04-18 23:18:28',0),(21,1,21,1,1,0,0,50.0000,23,0,'d 12001 50.00, c 41407 50.00','2019-04-18 23:18:28',0,'2019-04-18 23:18:28',0),(22,1,22,1,1,0,0,8.7100,24,0,'d 12001 8.71, c 41408 8.71','2019-04-18 23:18:28',0,'2019-04-18 23:18:28',0),(23,1,23,1,1,0,0,10.0000,25,0,'d 12001 10.00, c 41416 10.00','2019-04-18 23:18:28',0,'2019-04-18 23:18:28',0),(24,1,24,2,2,0,0,1000.0000,27,0,'d 12001 1000.00, c 41001 1000.00','2019-04-18 23:18:28',0,'2019-04-18 23:18:28',0),(25,1,25,2,2,0,0,1000.0000,28,0,'d 12001 1000.00, c 41001 1000.00','2019-04-18 23:18:28',0,'2019-04-18 23:18:28',0),(26,1,26,2,2,0,0,1000.0000,29,0,'d 12001 1000.00, c 41001 1000.00','2019-04-18 23:18:28',0,'2019-04-18 23:18:28',0),(27,1,27,2,2,0,0,1000.0000,30,0,'d 12001 1000.00, c 41001 1000.00','2019-04-18 23:18:28',0,'2019-04-18 23:18:28',0),(28,1,28,2,2,0,0,1000.0000,31,0,'d 12001 1000.00, c 41001 1000.00','2019-04-18 23:18:28',0,'2019-04-18 23:18:28',0),(29,1,29,2,2,0,0,1000.0000,32,0,'d 12001 1000.00, c 41001 1000.00','2019-04-18 23:18:28',0,'2019-04-18 23:18:28',0),(30,1,30,2,2,0,0,1000.0000,33,0,'d 12001 1000.00, c 41001 1000.00','2019-04-18 23:18:28',0,'2019-04-18 23:18:28',0),(31,1,31,2,2,0,0,1000.0000,34,0,'d 12001 1000.00, c 41001 1000.00','2019-04-18 23:18:28',0,'2019-04-18 23:18:28',0),(32,1,32,2,2,0,0,1000.0000,35,0,'d 12001 1000.00, c 41001 1000.00','2019-04-18 23:18:28',0,'2019-04-18 23:18:28',0),(33,1,33,2,2,0,0,2000.0000,36,0,'d 12001 2000.00, c 30000 2000.00','2019-04-18 23:18:28',0,'2019-04-18 23:18:28',0),(34,1,34,2,2,0,0,10.0000,38,0,'d 12001 10.00, c 41408 10.00','2019-04-18 23:18:28',0,'2019-04-18 23:18:28',0),(35,1,35,2,2,0,0,10.0000,39,0,'d 12001 10.00, c 41408 10.00','2019-04-18 23:18:28',0,'2019-04-18 23:18:28',0),(36,1,36,2,2,0,0,10.0000,40,0,'d 12001 10.00, c 41408 10.00','2019-04-18 23:18:28',0,'2019-04-18 23:18:28',0),(37,1,37,2,2,0,0,10.0000,41,0,'d 12001 10.00, c 41408 10.00','2019-04-18 23:18:28',0,'2019-04-18 23:18:28',0),(38,1,38,2,2,0,0,10.0000,42,0,'d 12001 10.00, c 41408 10.00','2019-04-18 23:18:28',0,'2019-04-18 23:18:28',0),(39,1,39,2,2,0,0,10.0000,43,0,'d 12001 10.00, c 41408 10.00','2019-04-18 23:18:28',0,'2019-04-18 23:18:28',0),(40,1,40,2,2,0,0,10.0000,44,0,'d 12001 10.00, c 41408 10.00','2019-04-18 23:18:28',0,'2019-04-18 23:18:28',0),(41,1,41,2,2,0,0,10.0000,45,0,'d 12001 10.00, c 41408 10.00','2019-04-18 23:18:28',0,'2019-04-18 23:18:28',0),(42,1,42,2,2,0,0,10.0000,46,0,'d 12001 10.00, c 41408 10.00','2019-04-18 23:18:28',0,'2019-04-18 23:18:28',0),(43,1,43,2,2,0,0,870.9700,47,0,'d 12001 870.97, c 41001 870.97','2019-04-18 23:18:28',0,'2019-04-18 23:18:28',0),(44,1,44,2,2,0,0,50.0000,48,0,'d 12001 50.00, c 41407 50.00','2019-04-18 23:18:28',0,'2019-04-18 23:18:28',0),(45,1,45,2,2,0,0,8.7100,49,0,'d 12001 8.71, c 41408 8.71','2019-04-18 23:18:28',0,'2019-04-18 23:18:28',0),(46,1,46,2,2,0,0,10.0000,50,0,'d 12001 10.00, c 41416 10.00','2019-04-18 23:18:28',0,'2019-04-18 23:18:28',0),(47,1,47,3,3,0,0,1500.0000,52,0,'d 12001 1500.00, c 41001 1500.00','2019-04-18 23:18:28',0,'2019-04-18 23:18:28',0),(48,1,48,3,3,0,0,1500.0000,53,0,'d 12001 1500.00, c 41001 1500.00','2019-04-18 23:18:28',0,'2019-04-18 23:18:28',0),(49,1,49,3,3,0,0,1500.0000,54,0,'d 12001 1500.00, c 41001 1500.00','2019-04-18 23:18:28',0,'2019-04-18 23:18:28',0),(50,1,50,3,3,0,0,1500.0000,55,0,'d 12001 1500.00, c 41001 1500.00','2019-04-18 23:18:28',0,'2019-04-18 23:18:28',0),(51,1,51,3,3,0,0,1500.0000,56,0,'d 12001 1500.00, c 41001 1500.00','2019-04-18 23:18:28',0,'2019-04-18 23:18:28',0),(52,1,52,3,3,0,0,1500.0000,57,0,'d 12001 1500.00, c 41001 1500.00','2019-04-18 23:18:28',0,'2019-04-18 23:18:28',0),(53,1,53,3,3,0,0,1500.0000,58,0,'d 12001 1500.00, c 41001 1500.00','2019-04-18 23:18:28',0,'2019-04-18 23:18:28',0),(54,1,54,3,3,0,0,1500.0000,59,0,'d 12001 1500.00, c 41001 1500.00','2019-04-18 23:18:28',0,'2019-04-18 23:18:28',0),(55,1,55,3,3,0,0,1500.0000,60,0,'d 12001 1500.00, c 41001 1500.00','2019-04-18 23:18:28',0,'2019-04-18 23:18:28',0),(56,1,56,3,3,0,0,3000.0000,61,0,'d 12001 3000.00, c 30000 3000.00','2019-04-18 23:18:28',0,'2019-04-18 23:18:28',0),(57,1,57,3,3,0,0,10.0000,63,0,'d 12001 10.00, c 41408 10.00','2019-04-18 23:18:28',0,'2019-04-18 23:18:28',0),(58,1,58,3,3,0,0,10.0000,64,0,'d 12001 10.00, c 41408 10.00','2019-04-18 23:18:28',0,'2019-04-18 23:18:28',0),(59,1,59,3,3,0,0,10.0000,65,0,'d 12001 10.00, c 41408 10.00','2019-04-18 23:18:28',0,'2019-04-18 23:18:28',0),(60,1,60,3,3,0,0,10.0000,66,0,'d 12001 10.00, c 41408 10.00','2019-04-18 23:18:28',0,'2019-04-18 23:18:28',0),(61,1,61,3,3,0,0,10.0000,67,0,'d 12001 10.00, c 41408 10.00','2019-04-18 23:18:28',0,'2019-04-18 23:18:28',0),(62,1,62,3,3,0,0,10.0000,68,0,'d 12001 10.00, c 41408 10.00','2019-04-18 23:18:28',0,'2019-04-18 23:18:28',0),(63,1,63,3,3,0,0,10.0000,69,0,'d 12001 10.00, c 41408 10.00','2019-04-18 23:18:28',0,'2019-04-18 23:18:28',0),(64,1,64,3,3,0,0,10.0000,70,0,'d 12001 10.00, c 41408 10.00','2019-04-18 23:18:28',0,'2019-04-18 23:18:28',0),(65,1,65,3,3,0,0,10.0000,71,0,'d 12001 10.00, c 41408 10.00','2019-04-18 23:18:28',0,'2019-04-18 23:18:28',0),(66,1,66,3,3,0,0,1306.4500,72,0,'d 12001 1306.45, c 41001 1306.45','2019-04-18 23:18:28',0,'2019-04-18 23:18:28',0),(67,1,67,3,3,0,0,50.0000,73,0,'d 12001 50.00, c 41407 50.00','2019-04-18 23:18:28',0,'2019-04-18 23:18:28',0),(68,1,68,3,3,0,0,8.7100,74,0,'d 12001 8.71, c 41408 8.71','2019-04-18 23:18:28',0,'2019-04-18 23:18:28',0),(69,1,69,3,3,0,0,10.0000,75,0,'d 12001 10.00, c 41416 10.00','2019-04-18 23:18:28',0,'2019-04-18 23:18:28',0),(70,1,70,4,4,0,0,1500.0000,77,0,'d 12001 1500.00, c 41001 1500.00','2019-04-18 23:18:28',0,'2019-04-18 23:18:28',0),(71,1,71,4,4,0,0,1500.0000,78,0,'d 12001 1500.00, c 41001 1500.00','2019-04-18 23:18:28',0,'2019-04-18 23:18:28',0),(72,1,72,4,4,0,0,1500.0000,79,0,'d 12001 1500.00, c 41001 1500.00','2019-04-18 23:18:28',0,'2019-04-18 23:18:28',0),(73,1,73,4,4,0,0,1500.0000,80,0,'d 12001 1500.00, c 41001 1500.00','2019-04-18 23:18:28',0,'2019-04-18 23:18:28',0),(74,1,74,4,4,0,0,1500.0000,81,0,'d 12001 1500.00, c 41001 1500.00','2019-04-18 23:18:28',0,'2019-04-18 23:18:28',0),(75,1,75,4,4,0,0,1500.0000,82,0,'d 12001 1500.00, c 41001 1500.00','2019-04-18 23:18:28',0,'2019-04-18 23:18:28',0),(76,1,76,4,4,0,0,1500.0000,83,0,'d 12001 1500.00, c 41001 1500.00','2019-04-18 23:18:28',0,'2019-04-18 23:18:28',0),(77,1,77,4,4,0,0,1500.0000,84,0,'d 12001 1500.00, c 41001 1500.00','2019-04-18 23:18:28',0,'2019-04-18 23:18:28',0),(78,1,78,4,4,0,0,1500.0000,85,0,'d 12001 1500.00, c 41001 1500.00','2019-04-18 23:18:28',0,'2019-04-18 23:18:28',0),(79,1,79,4,4,0,0,3000.0000,86,0,'d 12001 3000.00, c 30000 3000.00','2019-04-18 23:18:28',0,'2019-04-18 23:18:28',0),(80,1,80,4,4,0,0,1306.4500,87,0,'d 12001 1306.45, c 41001 1306.45','2019-04-18 23:18:28',0,'2019-04-18 23:18:28',0),(81,1,81,4,4,0,0,10.0000,88,0,'d 12001 10.00, c 41416 10.00','2019-04-18 23:18:28',0,'2019-04-18 23:18:28',0),(82,1,82,0,0,1,0,1000.0000,0,0,'d 10999 _, c 12999 _','2019-04-18 23:18:28',0,'2019-04-18 23:18:28',0),(83,1,83,0,0,1,0,1000.0000,0,0,'d 10999 _, c 12999 _','2019-04-18 23:18:28',0,'2019-04-18 23:18:28',0),(84,1,84,0,0,1,0,1000.0000,0,0,'d 10999 _, c 12999 _','2019-04-18 23:18:28',0,'2019-04-18 23:18:28',0),(85,1,85,0,0,1,0,1000.0000,0,0,'d 10999 _, c 12999 _','2019-04-18 23:18:28',0,'2019-04-18 23:18:28',0),(86,1,86,0,0,1,0,1000.0000,0,0,'d 10999 _, c 12999 _','2019-04-18 23:18:28',0,'2019-04-18 23:18:28',0),(87,1,87,0,0,1,0,1000.0000,0,0,'d 10999 _, c 12999 _','2019-04-18 23:18:28',0,'2019-04-18 23:18:28',0),(88,1,88,0,0,1,0,1000.0000,0,0,'d 10999 _, c 12999 _','2019-04-18 23:18:28',0,'2019-04-18 23:18:28',0),(89,1,89,0,0,1,0,1000.0000,0,0,'d 10999 _, c 12999 _','2019-04-18 23:18:28',0,'2019-04-18 23:18:28',0),(90,1,90,0,0,1,0,1000.0000,0,0,'d 10999 _, c 12999 _','2019-04-18 23:18:28',0,'2019-04-18 23:18:28',0),(91,1,91,0,0,1,0,2000.0000,0,0,'d 10999 _, c 12999 _','2019-04-18 23:18:28',0,'2019-04-18 23:18:28',0),(92,1,92,0,0,1,0,10.0000,0,0,'d 10999 _, c 12999 _','2019-04-18 23:18:28',0,'2019-04-18 23:18:28',0),(93,1,93,0,0,1,0,10.0000,0,0,'d 10999 _, c 12999 _','2019-04-18 23:18:28',0,'2019-04-18 23:18:28',0),(94,1,94,0,0,1,0,10.0000,0,0,'d 10999 _, c 12999 _','2019-04-18 23:18:28',0,'2019-04-18 23:18:28',0),(95,1,95,0,0,1,0,10.0000,0,0,'d 10999 _, c 12999 _','2019-04-18 23:18:28',0,'2019-04-18 23:18:28',0),(96,1,96,0,0,1,0,10.0000,0,0,'d 10999 _, c 12999 _','2019-04-18 23:18:28',0,'2019-04-18 23:18:28',0),(97,1,97,0,0,1,0,10.0000,0,0,'d 10999 _, c 12999 _','2019-04-18 23:18:28',0,'2019-04-18 23:18:28',0),(98,1,98,0,0,1,0,10.0000,0,0,'d 10999 _, c 12999 _','2019-04-18 23:18:28',0,'2019-04-18 23:18:28',0),(99,1,99,0,0,1,0,10.0000,0,0,'d 10999 _, c 12999 _','2019-04-18 23:18:28',0,'2019-04-18 23:18:28',0),(100,1,100,0,0,1,0,10.0000,0,0,'d 10999 _, c 12999 _','2019-04-18 23:18:28',0,'2019-04-18 23:18:28',0),(101,1,101,0,0,1,0,870.9700,0,0,'d 10999 _, c 12999 _','2019-04-18 23:18:28',0,'2019-04-18 23:18:28',0),(102,1,102,0,0,1,0,50.0000,0,0,'d 10999 _, c 12999 _','2019-04-18 23:18:28',0,'2019-04-18 23:18:28',0),(103,1,103,0,0,1,0,8.7100,0,0,'d 10999 _, c 12999 _','2019-04-18 23:18:28',0,'2019-04-18 23:18:28',0),(104,1,104,0,0,1,0,10.0000,0,0,'d 10999 _, c 12999 _','2019-04-18 23:18:28',0,'2019-04-18 23:18:28',0),(105,1,105,0,0,2,0,1000.0000,0,0,'d 10999 _, c 12999 _','2019-04-18 23:18:28',0,'2019-04-18 23:18:28',0),(106,1,106,0,0,2,0,1000.0000,0,0,'d 10999 _, c 12999 _','2019-04-18 23:18:28',0,'2019-04-18 23:18:28',0),(107,1,107,0,0,2,0,1000.0000,0,0,'d 10999 _, c 12999 _','2019-04-18 23:18:28',0,'2019-04-18 23:18:28',0),(108,1,108,0,0,2,0,1000.0000,0,0,'d 10999 _, c 12999 _','2019-04-18 23:18:28',0,'2019-04-18 23:18:28',0),(109,1,109,0,0,2,0,1000.0000,0,0,'d 10999 _, c 12999 _','2019-04-18 23:18:28',0,'2019-04-18 23:18:28',0),(110,1,110,0,0,2,0,1000.0000,0,0,'d 10999 _, c 12999 _','2019-04-18 23:18:28',0,'2019-04-18 23:18:28',0),(111,1,111,0,0,2,0,1000.0000,0,0,'d 10999 _, c 12999 _','2019-04-18 23:18:28',0,'2019-04-18 23:18:28',0),(112,1,112,0,0,2,0,1000.0000,0,0,'d 10999 _, c 12999 _','2019-04-18 23:18:28',0,'2019-04-18 23:18:28',0),(113,1,113,0,0,2,0,1000.0000,0,0,'d 10999 _, c 12999 _','2019-04-18 23:18:28',0,'2019-04-18 23:18:28',0),(114,1,114,0,0,2,0,2000.0000,0,0,'d 10999 _, c 12999 _','2019-04-18 23:18:28',0,'2019-04-18 23:18:28',0),(115,1,115,0,0,2,0,10.0000,0,0,'d 10999 _, c 12999 _','2019-04-18 23:18:28',0,'2019-04-18 23:18:28',0),(116,1,116,0,0,2,0,10.0000,0,0,'d 10999 _, c 12999 _','2019-04-18 23:18:28',0,'2019-04-18 23:18:28',0),(117,1,117,0,0,2,0,10.0000,0,0,'d 10999 _, c 12999 _','2019-04-18 23:18:28',0,'2019-04-18 23:18:28',0),(118,1,118,0,0,2,0,10.0000,0,0,'d 10999 _, c 12999 _','2019-04-18 23:18:28',0,'2019-04-18 23:18:28',0),(119,1,119,0,0,2,0,10.0000,0,0,'d 10999 _, c 12999 _','2019-04-18 23:18:28',0,'2019-04-18 23:18:28',0),(120,1,120,0,0,2,0,10.0000,0,0,'d 10999 _, c 12999 _','2019-04-18 23:18:28',0,'2019-04-18 23:18:28',0),(121,1,121,0,0,2,0,10.0000,0,0,'d 10999 _, c 12999 _','2019-04-18 23:18:28',0,'2019-04-18 23:18:28',0),(122,1,122,0,0,2,0,10.0000,0,0,'d 10999 _, c 12999 _','2019-04-18 23:18:28',0,'2019-04-18 23:18:28',0),(123,1,123,0,0,2,0,10.0000,0,0,'d 10999 _, c 12999 _','2019-04-18 23:18:28',0,'2019-04-18 23:18:28',0),(124,1,124,0,0,2,0,870.9700,0,0,'d 10999 _, c 12999 _','2019-04-18 23:18:28',0,'2019-04-18 23:18:28',0),(125,1,125,0,0,2,0,50.0000,0,0,'d 10999 _, c 12999 _','2019-04-18 23:18:28',0,'2019-04-18 23:18:28',0),(126,1,126,0,0,2,0,8.7100,0,0,'d 10999 _, c 12999 _','2019-04-18 23:18:28',0,'2019-04-18 23:18:28',0),(127,1,127,0,0,2,0,10.0000,0,0,'d 10999 _, c 12999 _','2019-04-18 23:18:28',0,'2019-04-18 23:18:28',0),(128,1,128,0,0,3,0,1500.0000,0,0,'d 10999 _, c 12999 _','2019-04-18 23:18:28',0,'2019-04-18 23:18:28',0),(129,1,129,0,0,3,0,1500.0000,0,0,'d 10999 _, c 12999 _','2019-04-18 23:18:28',0,'2019-04-18 23:18:28',0),(130,1,130,0,0,3,0,1500.0000,0,0,'d 10999 _, c 12999 _','2019-04-18 23:18:28',0,'2019-04-18 23:18:28',0),(131,1,131,0,0,3,0,1500.0000,0,0,'d 10999 _, c 12999 _','2019-04-18 23:18:28',0,'2019-04-18 23:18:28',0),(132,1,132,0,0,3,0,1500.0000,0,0,'d 10999 _, c 12999 _','2019-04-18 23:18:28',0,'2019-04-18 23:18:28',0),(133,1,133,0,0,3,0,1500.0000,0,0,'d 10999 _, c 12999 _','2019-04-18 23:18:28',0,'2019-04-18 23:18:28',0),(134,1,134,0,0,3,0,1500.0000,0,0,'d 10999 _, c 12999 _','2019-04-18 23:18:28',0,'2019-04-18 23:18:28',0),(135,1,135,0,0,3,0,1500.0000,0,0,'d 10999 _, c 12999 _','2019-04-18 23:18:28',0,'2019-04-18 23:18:28',0),(136,1,136,0,0,3,0,1500.0000,0,0,'d 10999 _, c 12999 _','2019-04-18 23:18:28',0,'2019-04-18 23:18:28',0),(137,1,137,0,0,3,0,3000.0000,0,0,'d 10999 _, c 12999 _','2019-04-18 23:18:28',0,'2019-04-18 23:18:28',0),(138,1,138,0,0,3,0,10.0000,0,0,'d 10999 _, c 12999 _','2019-04-18 23:18:28',0,'2019-04-18 23:18:28',0),(139,1,139,0,0,3,0,10.0000,0,0,'d 10999 _, c 12999 _','2019-04-18 23:18:28',0,'2019-04-18 23:18:28',0),(140,1,140,0,0,3,0,10.0000,0,0,'d 10999 _, c 12999 _','2019-04-18 23:18:28',0,'2019-04-18 23:18:28',0),(141,1,141,0,0,3,0,10.0000,0,0,'d 10999 _, c 12999 _','2019-04-18 23:18:28',0,'2019-04-18 23:18:28',0),(142,1,142,0,0,3,0,10.0000,0,0,'d 10999 _, c 12999 _','2019-04-18 23:18:28',0,'2019-04-18 23:18:28',0),(143,1,143,0,0,3,0,10.0000,0,0,'d 10999 _, c 12999 _','2019-04-18 23:18:28',0,'2019-04-18 23:18:28',0),(144,1,144,0,0,3,0,10.0000,0,0,'d 10999 _, c 12999 _','2019-04-18 23:18:28',0,'2019-04-18 23:18:28',0),(145,1,145,0,0,3,0,10.0000,0,0,'d 10999 _, c 12999 _','2019-04-18 23:18:28',0,'2019-04-18 23:18:28',0),(146,1,146,0,0,3,0,10.0000,0,0,'d 10999 _, c 12999 _','2019-04-18 23:18:28',0,'2019-04-18 23:18:28',0),(147,1,147,0,0,3,0,1306.4500,0,0,'d 10999 _, c 12999 _','2019-04-18 23:18:28',0,'2019-04-18 23:18:28',0),(148,1,148,0,0,3,0,50.0000,0,0,'d 10999 _, c 12999 _','2019-04-18 23:18:28',0,'2019-04-18 23:18:28',0),(149,1,149,0,0,3,0,8.7100,0,0,'d 10999 _, c 12999 _','2019-04-18 23:18:28',0,'2019-04-18 23:18:28',0),(150,1,150,0,0,3,0,10.0000,0,0,'d 10999 _, c 12999 _','2019-04-18 23:18:28',0,'2019-04-18 23:18:28',0),(151,1,151,0,0,4,0,1500.0000,0,0,'d 10999 _, c 12999 _','2019-04-18 23:18:28',0,'2019-04-18 23:18:28',0),(152,1,152,0,0,4,0,1500.0000,0,0,'d 10999 _, c 12999 _','2019-04-18 23:18:28',0,'2019-04-18 23:18:28',0),(153,1,153,0,0,4,0,1500.0000,0,0,'d 10999 _, c 12999 _','2019-04-18 23:18:28',0,'2019-04-18 23:18:28',0),(154,1,154,0,0,4,0,1500.0000,0,0,'d 10999 _, c 12999 _','2019-04-18 23:18:28',0,'2019-04-18 23:18:28',0),(155,1,155,0,0,4,0,1500.0000,0,0,'d 10999 _, c 12999 _','2019-04-18 23:18:28',0,'2019-04-18 23:18:28',0),(156,1,156,0,0,4,0,1500.0000,0,0,'d 10999 _, c 12999 _','2019-04-18 23:18:28',0,'2019-04-18 23:18:28',0),(157,1,157,0,0,4,0,1500.0000,0,0,'d 10999 _, c 12999 _','2019-04-18 23:18:28',0,'2019-04-18 23:18:28',0),(158,1,158,0,0,4,0,1500.0000,0,0,'d 10999 _, c 12999 _','2019-04-18 23:18:28',0,'2019-04-18 23:18:28',0),(159,1,159,0,0,4,0,1500.0000,0,0,'d 10999 _, c 12999 _','2019-04-18 23:18:28',0,'2019-04-18 23:18:28',0),(160,1,160,0,0,4,0,3000.0000,0,0,'d 10999 _, c 12999 _','2019-04-18 23:18:28',0,'2019-04-18 23:18:28',0),(161,1,161,0,0,4,0,1306.4500,0,0,'d 10999 _, c 12999 _','2019-04-18 23:18:28',0,'2019-04-18 23:18:28',0),(162,1,162,0,0,4,0,10.0000,0,0,'d 10999 _, c 12999 _','2019-04-18 23:18:29',0,'2019-04-18 23:18:29',0),(163,1,163,1,1,1,22,8.7100,11,0,'ASM(11) d 12999 8.71,c 12001 8.71','2019-04-18 23:18:29',0,'2019-04-18 23:18:29',0),(164,1,164,1,1,1,23,10.0000,11,0,'ASM(11) d 12999 10.00,c 12001 10.00','2019-04-18 23:18:29',0,'2019-04-18 23:18:29',0),(165,1,165,1,1,1,21,50.0000,11,0,'ASM(11) d 12999 50.00,c 12001 50.00','2019-04-18 23:18:29',0,'2019-04-18 23:18:29',0),(166,1,166,1,1,1,20,870.9700,11,0,'ASM(11) d 12999 870.97,c 12001 870.97','2019-04-18 23:18:29',0,'2019-04-18 23:18:29',0),(167,1,167,1,1,1,10,1060.3200,11,0,'ASM(11) d 12999 1060.32,c 12001 1060.32','2019-04-18 23:18:29',0,'2019-04-18 23:18:29',0),(168,1,168,1,1,1,10,870.9700,22,0,'ASM(22) d 12999 870.97,c 12001 870.97','2019-04-18 23:18:29',0,'2019-04-18 23:18:29',0),(169,1,169,1,1,1,10,50.0000,23,0,'ASM(23) d 12999 50.00,c 12001 50.00','2019-04-18 23:18:29',0,'2019-04-18 23:18:29',0),(170,1,170,1,1,1,10,8.7100,24,0,'ASM(24) d 12999 8.71,c 12001 8.71','2019-04-18 23:18:29',0,'2019-04-18 23:18:29',0),(171,1,171,1,1,1,10,10.0000,25,0,'ASM(25) d 12999 10.00,c 12001 10.00','2019-04-18 23:18:29',0,'2019-04-18 23:18:29',0),(172,1,172,1,1,1,11,10.0000,2,0,'ASM(2) d 12999 10.00,c 12001 10.00','2019-04-18 23:18:29',0,'2019-04-18 23:18:29',0),(173,1,173,1,1,1,1,990.0000,2,0,'ASM(2) d 12999 990.00,c 12001 990.00','2019-04-18 23:18:29',0,'2019-04-18 23:18:29',0),(174,1,174,1,1,1,1,10.0000,13,0,'ASM(13) d 12999 10.00,c 12001 10.00','2019-04-18 23:18:29',0,'2019-04-18 23:18:29',0),(175,1,175,1,1,1,12,10.0000,3,0,'ASM(3) d 12999 10.00,c 12001 10.00','2019-04-18 23:18:29',0,'2019-04-18 23:18:29',0),(176,1,176,1,1,1,2,990.0000,3,0,'ASM(3) d 12999 990.00,c 12001 990.00','2019-04-18 23:18:29',0,'2019-04-18 23:18:29',0),(177,1,177,1,1,1,2,10.0000,14,0,'ASM(14) d 12999 10.00,c 12001 10.00','2019-04-18 23:18:29',0,'2019-04-18 23:18:29',0),(178,1,178,1,1,1,13,10.0000,4,0,'ASM(4) d 12999 10.00,c 12001 10.00','2019-04-18 23:18:29',0,'2019-04-18 23:18:29',0),(179,1,179,1,1,1,3,990.0000,4,0,'ASM(4) d 12999 990.00,c 12001 990.00','2019-04-18 23:18:29',0,'2019-04-18 23:18:29',0),(180,1,180,1,1,1,3,10.0000,15,0,'ASM(15) d 12999 10.00,c 12001 10.00','2019-04-18 23:18:29',0,'2019-04-18 23:18:29',0),(181,1,181,1,1,1,14,10.0000,5,0,'ASM(5) d 12999 10.00,c 12001 10.00','2019-04-18 23:18:29',0,'2019-04-18 23:18:29',0),(182,1,182,1,1,1,4,990.0000,5,0,'ASM(5) d 12999 990.00,c 12001 990.00','2019-04-18 23:18:29',0,'2019-04-18 23:18:29',0),(183,1,183,1,1,1,4,10.0000,16,0,'ASM(16) d 12999 10.00,c 12001 10.00','2019-04-18 23:18:29',0,'2019-04-18 23:18:29',0),(184,1,184,1,1,1,15,10.0000,6,0,'ASM(6) d 12999 10.00,c 12001 10.00','2019-04-18 23:18:29',0,'2019-04-18 23:18:29',0),(185,1,185,1,1,1,5,990.0000,6,0,'ASM(6) d 12999 990.00,c 12001 990.00','2019-04-18 23:18:29',0,'2019-04-18 23:18:29',0),(186,1,186,1,1,1,5,10.0000,17,0,'ASM(17) d 12999 10.00,c 12001 10.00','2019-04-18 23:18:29',0,'2019-04-18 23:18:29',0),(187,1,187,1,1,1,16,10.0000,7,0,'ASM(7) d 12999 10.00,c 12001 10.00','2019-04-18 23:18:29',0,'2019-04-18 23:18:29',0),(188,1,188,1,1,1,6,990.0000,7,0,'ASM(7) d 12999 990.00,c 12001 990.00','2019-04-18 23:18:29',0,'2019-04-18 23:18:29',0),(189,1,189,1,1,1,6,10.0000,18,0,'ASM(18) d 12999 10.00,c 12001 10.00','2019-04-18 23:18:29',0,'2019-04-18 23:18:29',0),(190,1,190,1,1,1,17,10.0000,8,0,'ASM(8) d 12999 10.00,c 12001 10.00','2019-04-18 23:18:29',0,'2019-04-18 23:18:29',0),(191,1,191,1,1,1,7,990.0000,8,0,'ASM(8) d 12999 990.00,c 12001 990.00','2019-04-18 23:18:29',0,'2019-04-18 23:18:29',0),(192,1,192,1,1,1,7,10.0000,19,0,'ASM(19) d 12999 10.00,c 12001 10.00','2019-04-18 23:18:29',0,'2019-04-18 23:18:29',0),(193,1,193,1,1,1,18,10.0000,9,0,'ASM(9) d 12999 10.00,c 12001 10.00','2019-04-18 23:18:29',0,'2019-04-18 23:18:29',0),(194,1,194,1,1,1,8,990.0000,9,0,'ASM(9) d 12999 990.00,c 12001 990.00','2019-04-18 23:18:29',0,'2019-04-18 23:18:29',0),(195,1,195,1,1,1,8,10.0000,20,0,'ASM(20) d 12999 10.00,c 12001 10.00','2019-04-18 23:18:29',0,'2019-04-18 23:18:29',0),(196,1,196,1,1,1,19,10.0000,10,0,'ASM(10) d 12999 10.00,c 12001 10.00','2019-04-18 23:18:29',0,'2019-04-18 23:18:29',0),(197,1,197,1,1,1,9,990.0000,10,0,'ASM(10) d 12999 990.00,c 12001 990.00','2019-04-18 23:18:29',0,'2019-04-18 23:18:29',0),(198,1,198,1,1,1,9,10.0000,21,0,'ASM(21) d 12999 10.00,c 12001 10.00','2019-04-18 23:18:29',0,'2019-04-18 23:18:29',0),(199,1,199,2,2,2,45,8.7100,36,0,'ASM(36) d 12999 8.71,c 12001 8.71','2019-04-18 23:18:29',0,'2019-04-18 23:18:29',0),(200,1,200,2,2,2,46,10.0000,36,0,'ASM(36) d 12999 10.00,c 12001 10.00','2019-04-18 23:18:29',0,'2019-04-18 23:18:29',0),(201,1,201,2,2,2,44,50.0000,36,0,'ASM(36) d 12999 50.00,c 12001 50.00','2019-04-18 23:18:29',0,'2019-04-18 23:18:29',0),(202,1,202,2,2,2,43,870.9700,36,0,'ASM(36) d 12999 870.97,c 12001 870.97','2019-04-18 23:18:29',0,'2019-04-18 23:18:29',0),(203,1,203,2,2,2,33,1060.3200,36,0,'ASM(36) d 12999 1060.32,c 12001 1060.32','2019-04-18 23:18:29',0,'2019-04-18 23:18:29',0),(204,1,204,2,2,2,33,870.9700,47,0,'ASM(47) d 12999 870.97,c 12001 870.97','2019-04-18 23:18:29',0,'2019-04-18 23:18:29',0),(205,1,205,2,2,2,33,50.0000,48,0,'ASM(48) d 12999 50.00,c 12001 50.00','2019-04-18 23:18:29',0,'2019-04-18 23:18:29',0),(206,1,206,2,2,2,33,8.7100,49,0,'ASM(49) d 12999 8.71,c 12001 8.71','2019-04-18 23:18:29',0,'2019-04-18 23:18:29',0),(207,1,207,2,2,2,33,10.0000,50,0,'ASM(50) d 12999 10.00,c 12001 10.00','2019-04-18 23:18:29',0,'2019-04-18 23:18:29',0),(208,1,208,2,2,2,34,10.0000,27,0,'ASM(27) d 12999 10.00,c 12001 10.00','2019-04-18 23:18:29',0,'2019-04-18 23:18:29',0),(209,1,209,2,2,2,24,990.0000,27,0,'ASM(27) d 12999 990.00,c 12001 990.00','2019-04-18 23:18:29',0,'2019-04-18 23:18:29',0),(210,1,210,2,2,2,24,10.0000,38,0,'ASM(38) d 12999 10.00,c 12001 10.00','2019-04-18 23:18:29',0,'2019-04-18 23:18:29',0),(211,1,211,2,2,2,35,10.0000,28,0,'ASM(28) d 12999 10.00,c 12001 10.00','2019-04-18 23:18:29',0,'2019-04-18 23:18:29',0),(212,1,212,2,2,2,25,990.0000,28,0,'ASM(28) d 12999 990.00,c 12001 990.00','2019-04-18 23:18:29',0,'2019-04-18 23:18:29',0),(213,1,213,2,2,2,25,10.0000,39,0,'ASM(39) d 12999 10.00,c 12001 10.00','2019-04-18 23:18:29',0,'2019-04-18 23:18:29',0),(214,1,214,2,2,2,36,10.0000,29,0,'ASM(29) d 12999 10.00,c 12001 10.00','2019-04-18 23:18:29',0,'2019-04-18 23:18:29',0),(215,1,215,2,2,2,26,990.0000,29,0,'ASM(29) d 12999 990.00,c 12001 990.00','2019-04-18 23:18:29',0,'2019-04-18 23:18:29',0),(216,1,216,2,2,2,26,10.0000,40,0,'ASM(40) d 12999 10.00,c 12001 10.00','2019-04-18 23:18:29',0,'2019-04-18 23:18:29',0),(217,1,217,2,2,2,37,10.0000,30,0,'ASM(30) d 12999 10.00,c 12001 10.00','2019-04-18 23:18:29',0,'2019-04-18 23:18:29',0),(218,1,218,2,2,2,27,990.0000,30,0,'ASM(30) d 12999 990.00,c 12001 990.00','2019-04-18 23:18:29',0,'2019-04-18 23:18:29',0),(219,1,219,2,2,2,27,10.0000,41,0,'ASM(41) d 12999 10.00,c 12001 10.00','2019-04-18 23:18:29',0,'2019-04-18 23:18:29',0),(220,1,220,2,2,2,38,10.0000,31,0,'ASM(31) d 12999 10.00,c 12001 10.00','2019-04-18 23:18:29',0,'2019-04-18 23:18:29',0),(221,1,221,2,2,2,28,990.0000,31,0,'ASM(31) d 12999 990.00,c 12001 990.00','2019-04-18 23:18:29',0,'2019-04-18 23:18:29',0),(222,1,222,2,2,2,28,10.0000,42,0,'ASM(42) d 12999 10.00,c 12001 10.00','2019-04-18 23:18:29',0,'2019-04-18 23:18:29',0),(223,1,223,2,2,2,39,10.0000,32,0,'ASM(32) d 12999 10.00,c 12001 10.00','2019-04-18 23:18:29',0,'2019-04-18 23:18:29',0),(224,1,224,2,2,2,29,990.0000,32,0,'ASM(32) d 12999 990.00,c 12001 990.00','2019-04-18 23:18:29',0,'2019-04-18 23:18:29',0),(225,1,225,2,2,2,29,10.0000,43,0,'ASM(43) d 12999 10.00,c 12001 10.00','2019-04-18 23:18:29',0,'2019-04-18 23:18:29',0),(226,1,226,2,2,2,40,10.0000,33,0,'ASM(33) d 12999 10.00,c 12001 10.00','2019-04-18 23:18:29',0,'2019-04-18 23:18:29',0),(227,1,227,2,2,2,30,990.0000,33,0,'ASM(33) d 12999 990.00,c 12001 990.00','2019-04-18 23:18:29',0,'2019-04-18 23:18:29',0),(228,1,228,2,2,2,30,10.0000,44,0,'ASM(44) d 12999 10.00,c 12001 10.00','2019-04-18 23:18:29',0,'2019-04-18 23:18:29',0),(229,1,229,2,2,2,41,10.0000,34,0,'ASM(34) d 12999 10.00,c 12001 10.00','2019-04-18 23:18:29',0,'2019-04-18 23:18:29',0),(230,1,230,2,2,2,31,990.0000,34,0,'ASM(34) d 12999 990.00,c 12001 990.00','2019-04-18 23:18:29',0,'2019-04-18 23:18:29',0),(231,1,231,2,2,2,31,10.0000,45,0,'ASM(45) d 12999 10.00,c 12001 10.00','2019-04-18 23:18:29',0,'2019-04-18 23:18:29',0),(232,1,232,2,2,2,42,10.0000,35,0,'ASM(35) d 12999 10.00,c 12001 10.00','2019-04-18 23:18:29',0,'2019-04-18 23:18:29',0),(233,1,233,2,2,2,32,990.0000,35,0,'ASM(35) d 12999 990.00,c 12001 990.00','2019-04-18 23:18:29',0,'2019-04-18 23:18:29',0),(234,1,234,2,2,2,32,10.0000,46,0,'ASM(46) d 12999 10.00,c 12001 10.00','2019-04-18 23:18:29',0,'2019-04-18 23:18:29',0),(235,1,235,3,3,3,68,8.7100,61,0,'ASM(61) d 12999 8.71,c 12001 8.71','2019-04-18 23:18:29',0,'2019-04-18 23:18:29',0),(236,1,236,3,3,3,69,10.0000,61,0,'ASM(61) d 12999 10.00,c 12001 10.00','2019-04-18 23:18:29',0,'2019-04-18 23:18:29',0),(237,1,237,3,3,3,67,50.0000,61,0,'ASM(61) d 12999 50.00,c 12001 50.00','2019-04-18 23:18:29',0,'2019-04-18 23:18:29',0),(238,1,238,3,3,3,66,1306.4500,61,0,'ASM(61) d 12999 1306.45,c 12001 1306.45','2019-04-18 23:18:29',0,'2019-04-18 23:18:29',0),(239,1,239,3,3,3,56,1624.8400,61,0,'ASM(61) d 12999 1624.84,c 12001 1624.84','2019-04-18 23:18:29',0,'2019-04-18 23:18:29',0),(240,1,240,3,3,3,56,1306.4500,72,0,'ASM(72) d 12999 1306.45,c 12001 1306.45','2019-04-18 23:18:29',0,'2019-04-18 23:18:29',0),(241,1,241,3,3,3,56,50.0000,73,0,'ASM(73) d 12999 50.00,c 12001 50.00','2019-04-18 23:18:29',0,'2019-04-18 23:18:29',0),(242,1,242,3,3,3,56,8.7100,74,0,'ASM(74) d 12999 8.71,c 12001 8.71','2019-04-18 23:18:29',0,'2019-04-18 23:18:29',0),(243,1,243,3,3,3,56,10.0000,75,0,'ASM(75) d 12999 10.00,c 12001 10.00','2019-04-18 23:18:29',0,'2019-04-18 23:18:29',0),(244,1,244,3,3,3,57,10.0000,52,0,'ASM(52) d 12999 10.00,c 12001 10.00','2019-04-18 23:18:29',0,'2019-04-18 23:18:29',0),(245,1,245,3,3,3,47,1490.0000,52,0,'ASM(52) d 12999 1490.00,c 12001 1490.00','2019-04-18 23:18:29',0,'2019-04-18 23:18:29',0),(246,1,246,3,3,3,47,10.0000,63,0,'ASM(63) d 12999 10.00,c 12001 10.00','2019-04-18 23:18:29',0,'2019-04-18 23:18:29',0),(247,1,247,3,3,3,58,10.0000,53,0,'ASM(53) d 12999 10.00,c 12001 10.00','2019-04-18 23:18:29',0,'2019-04-18 23:18:29',0),(248,1,248,3,3,3,48,1490.0000,53,0,'ASM(53) d 12999 1490.00,c 12001 1490.00','2019-04-18 23:18:29',0,'2019-04-18 23:18:29',0),(249,1,249,3,3,3,48,10.0000,64,0,'ASM(64) d 12999 10.00,c 12001 10.00','2019-04-18 23:18:29',0,'2019-04-18 23:18:29',0),(250,1,250,3,3,3,59,10.0000,54,0,'ASM(54) d 12999 10.00,c 12001 10.00','2019-04-18 23:18:29',0,'2019-04-18 23:18:29',0),(251,1,251,3,3,3,49,1490.0000,54,0,'ASM(54) d 12999 1490.00,c 12001 1490.00','2019-04-18 23:18:29',0,'2019-04-18 23:18:29',0),(252,1,252,3,3,3,49,10.0000,65,0,'ASM(65) d 12999 10.00,c 12001 10.00','2019-04-18 23:18:29',0,'2019-04-18 23:18:29',0),(253,1,253,3,3,3,60,10.0000,55,0,'ASM(55) d 12999 10.00,c 12001 10.00','2019-04-18 23:18:29',0,'2019-04-18 23:18:29',0),(254,1,254,3,3,3,50,1490.0000,55,0,'ASM(55) d 12999 1490.00,c 12001 1490.00','2019-04-18 23:18:29',0,'2019-04-18 23:18:29',0),(255,1,255,3,3,3,50,10.0000,66,0,'ASM(66) d 12999 10.00,c 12001 10.00','2019-04-18 23:18:29',0,'2019-04-18 23:18:29',0),(256,1,256,3,3,3,61,10.0000,56,0,'ASM(56) d 12999 10.00,c 12001 10.00','2019-04-18 23:18:29',0,'2019-04-18 23:18:29',0),(257,1,257,3,3,3,51,1490.0000,56,0,'ASM(56) d 12999 1490.00,c 12001 1490.00','2019-04-18 23:18:29',0,'2019-04-18 23:18:29',0),(258,1,258,3,3,3,51,10.0000,67,0,'ASM(67) d 12999 10.00,c 12001 10.00','2019-04-18 23:18:29',0,'2019-04-18 23:18:29',0),(259,1,259,3,3,3,62,10.0000,57,0,'ASM(57) d 12999 10.00,c 12001 10.00','2019-04-18 23:18:29',0,'2019-04-18 23:18:29',0),(260,1,260,3,3,3,52,1490.0000,57,0,'ASM(57) d 12999 1490.00,c 12001 1490.00','2019-04-18 23:18:29',0,'2019-04-18 23:18:29',0),(261,1,261,3,3,3,52,10.0000,68,0,'ASM(68) d 12999 10.00,c 12001 10.00','2019-04-18 23:18:29',0,'2019-04-18 23:18:29',0),(262,1,262,3,3,3,63,10.0000,58,0,'ASM(58) d 12999 10.00,c 12001 10.00','2019-04-18 23:18:29',0,'2019-04-18 23:18:29',0),(263,1,263,3,3,3,53,1490.0000,58,0,'ASM(58) d 12999 1490.00,c 12001 1490.00','2019-04-18 23:18:29',0,'2019-04-18 23:18:29',0),(264,1,264,3,3,3,53,10.0000,69,0,'ASM(69) d 12999 10.00,c 12001 10.00','2019-04-18 23:18:29',0,'2019-04-18 23:18:29',0),(265,1,265,3,3,3,64,10.0000,59,0,'ASM(59) d 12999 10.00,c 12001 10.00','2019-04-18 23:18:29',0,'2019-04-18 23:18:29',0),(266,1,266,3,3,3,54,1490.0000,59,0,'ASM(59) d 12999 1490.00,c 12001 1490.00','2019-04-18 23:18:29',0,'2019-04-18 23:18:29',0),(267,1,267,3,3,3,54,10.0000,70,0,'ASM(70) d 12999 10.00,c 12001 10.00','2019-04-18 23:18:29',0,'2019-04-18 23:18:29',0),(268,1,268,3,3,3,65,10.0000,60,0,'ASM(60) d 12999 10.00,c 12001 10.00','2019-04-18 23:18:29',0,'2019-04-18 23:18:29',0),(269,1,269,3,3,3,55,1490.0000,60,0,'ASM(60) d 12999 1490.00,c 12001 1490.00','2019-04-18 23:18:29',0,'2019-04-18 23:18:29',0),(270,1,270,3,3,3,55,10.0000,71,0,'ASM(71) d 12999 10.00,c 12001 10.00','2019-04-18 23:18:29',0,'2019-04-18 23:18:29',0),(271,1,271,4,4,4,81,10.0000,86,0,'ASM(86) d 12999 10.00,c 12001 10.00','2019-04-18 23:18:29',0,'2019-04-18 23:18:29',0),(272,1,272,4,4,4,80,1306.4500,86,0,'ASM(86) d 12999 1306.45,c 12001 1306.45','2019-04-18 23:18:29',0,'2019-04-18 23:18:29',0),(273,1,273,4,4,4,79,1683.5500,86,0,'ASM(86) d 12999 1683.55,c 12001 1683.55','2019-04-18 23:18:29',0,'2019-04-18 23:18:29',0),(274,1,274,4,4,4,79,1306.4500,87,0,'ASM(87) d 12999 1306.45,c 12001 1306.45','2019-04-18 23:18:29',0,'2019-04-18 23:18:29',0),(275,1,275,4,4,4,79,10.0000,88,0,'ASM(88) d 12999 10.00,c 12001 10.00','2019-04-18 23:18:29',0,'2019-04-18 23:18:29',0),(276,1,276,4,4,4,70,1500.0000,77,0,'ASM(77) d 12999 1500.00,c 12001 1500.00','2019-04-18 23:18:29',0,'2019-04-18 23:18:29',0),(277,1,277,4,4,4,71,1500.0000,78,0,'ASM(78) d 12999 1500.00,c 12001 1500.00','2019-04-18 23:18:29',0,'2019-04-18 23:18:29',0),(278,1,278,4,4,4,72,1500.0000,79,0,'ASM(79) d 12999 1500.00,c 12001 1500.00','2019-04-18 23:18:29',0,'2019-04-18 23:18:29',0),(279,1,279,4,4,4,73,1500.0000,80,0,'ASM(80) d 12999 1500.00,c 12001 1500.00','2019-04-18 23:18:29',0,'2019-04-18 23:18:29',0),(280,1,280,4,4,4,74,1500.0000,81,0,'ASM(81) d 12999 1500.00,c 12001 1500.00','2019-04-18 23:18:29',0,'2019-04-18 23:18:29',0),(281,1,281,4,4,4,75,1500.0000,82,0,'ASM(82) d 12999 1500.00,c 12001 1500.00','2019-04-18 23:18:29',0,'2019-04-18 23:18:29',0),(282,1,282,4,4,4,76,1500.0000,83,0,'ASM(83) d 12999 1500.00,c 12001 1500.00','2019-04-18 23:18:29',0,'2019-04-18 23:18:29',0),(283,1,283,4,4,4,77,1500.0000,84,0,'ASM(84) d 12999 1500.00,c 12001 1500.00','2019-04-18 23:18:29',0,'2019-04-18 23:18:29',0),(284,1,284,4,4,4,78,1500.0000,85,0,'ASM(85) d 12999 1500.00,c 12001 1500.00','2019-04-18 23:18:29',0,'2019-04-18 23:18:29',0),(285,1,285,0,1,1,20,870.9700,11,0,'d 10105 870.9700, c 10999 870.9700','2019-04-18 23:18:29',0,'2019-04-18 23:18:29',0),(286,1,286,0,1,1,21,50.0000,11,0,'d 10105 50.0000, c 10999 50.0000','2019-04-18 23:18:29',0,'2019-04-18 23:18:29',0),(287,1,287,0,1,1,22,8.7100,11,0,'d 10105 8.7100, c 10999 8.7100','2019-04-18 23:18:29',0,'2019-04-18 23:18:29',0),(288,1,288,0,1,1,23,10.0000,11,0,'d 10105 10.0000, c 10999 10.0000','2019-04-18 23:18:29',0,'2019-04-18 23:18:29',0),(289,1,289,0,2,2,43,870.9700,36,0,'d 10105 870.9700, c 10999 870.9700','2019-04-18 23:18:29',0,'2019-04-18 23:18:29',0),(290,1,290,0,2,2,44,50.0000,36,0,'d 10105 50.0000, c 10999 50.0000','2019-04-18 23:18:29',0,'2019-04-18 23:18:29',0),(291,1,291,0,2,2,45,8.7100,36,0,'d 10105 8.7100, c 10999 8.7100','2019-04-18 23:18:29',0,'2019-04-18 23:18:29',0),(292,1,292,0,2,2,46,10.0000,36,0,'d 10105 10.0000, c 10999 10.0000','2019-04-18 23:18:29',0,'2019-04-18 23:18:29',0),(293,1,293,0,3,3,66,1306.4500,61,0,'d 10105 1306.4500, c 10999 1306.4500','2019-04-18 23:18:29',0,'2019-04-18 23:18:29',0),(294,1,294,0,3,3,67,50.0000,61,0,'d 10105 50.0000, c 10999 50.0000','2019-04-18 23:18:29',0,'2019-04-18 23:18:29',0),(295,1,295,0,3,3,68,8.7100,61,0,'d 10105 8.7100, c 10999 8.7100','2019-04-18 23:18:29',0,'2019-04-18 23:18:29',0),(296,1,296,0,3,3,69,10.0000,61,0,'d 10105 10.0000, c 10999 10.0000','2019-04-18 23:18:29',0,'2019-04-18 23:18:29',0),(297,1,297,0,4,4,80,1306.4500,86,0,'d 10105 1306.4500, c 10999 1306.4500','2019-04-18 23:18:29',0,'2019-04-18 23:18:29',0),(298,1,298,0,4,4,81,10.0000,86,0,'d 10105 10.0000, c 10999 10.0000','2019-04-18 23:18:29',0,'2019-04-18 23:18:29',0),(299,1,299,0,1,1,10,2000.0000,0,0,'d 10104 2000.0000, c 10999 2000.0000','2019-04-18 23:18:29',0,'2019-04-18 23:18:29',0),(300,1,300,0,2,2,33,2000.0000,0,0,'d 10104 2000.0000, c 10999 2000.0000','2019-04-18 23:18:29',0,'2019-04-18 23:18:29',0),(301,1,301,0,3,3,56,3000.0000,0,0,'d 10104 3000.0000, c 10999 3000.0000','2019-04-18 23:18:29',0,'2019-04-18 23:18:29',0),(302,1,302,0,4,4,79,3000.0000,0,0,'d 10104 3000.0000, c 10999 3000.0000','2019-04-18 23:18:29',0,'2019-04-18 23:18:29',0),(303,1,303,0,1,1,1,1000.0000,0,0,'d 10105 1000.0000, c 10999 1000.0000','2019-04-18 23:18:29',0,'2019-04-18 23:18:29',0),(304,1,304,0,1,1,11,10.0000,2,0,'d 10105 10.0000, c 10999 10.0000','2019-04-18 23:18:29',0,'2019-04-18 23:18:29',0),(305,1,305,0,2,2,24,1000.0000,0,0,'d 10105 1000.0000, c 10999 1000.0000','2019-04-18 23:18:29',0,'2019-04-18 23:18:29',0),(306,1,306,0,2,2,34,10.0000,27,0,'d 10105 10.0000, c 10999 10.0000','2019-04-18 23:18:29',0,'2019-04-18 23:18:29',0),(307,1,307,0,3,3,47,1500.0000,0,0,'d 10105 1500.0000, c 10999 1500.0000','2019-04-18 23:18:29',0,'2019-04-18 23:18:29',0),(308,1,308,0,3,3,57,10.0000,52,0,'d 10105 10.0000, c 10999 10.0000','2019-04-18 23:18:29',0,'2019-04-18 23:18:29',0),(309,1,309,0,4,4,70,1500.0000,77,0,'d 10105 1500.0000, c 10999 1500.0000','2019-04-18 23:18:29',0,'2019-04-18 23:18:29',0),(310,1,310,0,1,1,2,1000.0000,0,0,'d 10105 1000.0000, c 10999 1000.0000','2019-04-18 23:18:29',0,'2019-04-18 23:18:29',0),(311,1,311,0,1,1,12,10.0000,3,0,'d 10105 10.0000, c 10999 10.0000','2019-04-18 23:18:29',0,'2019-04-18 23:18:29',0),(312,1,312,0,2,2,25,1000.0000,0,0,'d 10105 1000.0000, c 10999 1000.0000','2019-04-18 23:18:29',0,'2019-04-18 23:18:29',0),(313,1,313,0,2,2,35,10.0000,28,0,'d 10105 10.0000, c 10999 10.0000','2019-04-18 23:18:29',0,'2019-04-18 23:18:29',0),(314,1,314,0,3,3,48,1500.0000,0,0,'d 10105 1500.0000, c 10999 1500.0000','2019-04-18 23:18:29',0,'2019-04-18 23:18:29',0),(315,1,315,0,3,3,58,10.0000,53,0,'d 10105 10.0000, c 10999 10.0000','2019-04-18 23:18:29',0,'2019-04-18 23:18:29',0),(316,1,316,0,4,4,71,1500.0000,78,0,'d 10105 1500.0000, c 10999 1500.0000','2019-04-18 23:18:29',0,'2019-04-18 23:18:29',0),(317,1,317,0,1,1,3,1000.0000,0,0,'d 10105 1000.0000, c 10999 1000.0000','2019-04-18 23:18:29',0,'2019-04-18 23:18:29',0),(318,1,318,0,1,1,13,10.0000,4,0,'d 10105 10.0000, c 10999 10.0000','2019-04-18 23:18:29',0,'2019-04-18 23:18:29',0),(319,1,319,0,2,2,26,1000.0000,0,0,'d 10105 1000.0000, c 10999 1000.0000','2019-04-18 23:18:29',0,'2019-04-18 23:18:29',0),(320,1,320,0,2,2,36,10.0000,29,0,'d 10105 10.0000, c 10999 10.0000','2019-04-18 23:18:29',0,'2019-04-18 23:18:29',0),(321,1,321,0,3,3,49,1500.0000,0,0,'d 10105 1500.0000, c 10999 1500.0000','2019-04-18 23:18:29',0,'2019-04-18 23:18:29',0),(322,1,322,0,3,3,59,10.0000,54,0,'d 10105 10.0000, c 10999 10.0000','2019-04-18 23:18:29',0,'2019-04-18 23:18:29',0),(323,1,323,0,4,4,72,1500.0000,79,0,'d 10105 1500.0000, c 10999 1500.0000','2019-04-18 23:18:29',0,'2019-04-18 23:18:29',0),(324,1,324,0,1,1,4,1000.0000,0,0,'d 10105 1000.0000, c 10999 1000.0000','2019-04-18 23:18:29',0,'2019-04-18 23:18:29',0),(325,1,325,0,1,1,14,10.0000,5,0,'d 10105 10.0000, c 10999 10.0000','2019-04-18 23:18:29',0,'2019-04-18 23:18:29',0),(326,1,326,0,2,2,27,1000.0000,0,0,'d 10105 1000.0000, c 10999 1000.0000','2019-04-18 23:18:29',0,'2019-04-18 23:18:29',0),(327,1,327,0,2,2,37,10.0000,30,0,'d 10105 10.0000, c 10999 10.0000','2019-04-18 23:18:29',0,'2019-04-18 23:18:29',0),(328,1,328,0,3,3,50,1500.0000,0,0,'d 10105 1500.0000, c 10999 1500.0000','2019-04-18 23:18:29',0,'2019-04-18 23:18:29',0),(329,1,329,0,3,3,60,10.0000,55,0,'d 10105 10.0000, c 10999 10.0000','2019-04-18 23:18:29',0,'2019-04-18 23:18:29',0),(330,1,330,0,4,4,73,1500.0000,80,0,'d 10105 1500.0000, c 10999 1500.0000','2019-04-18 23:18:29',0,'2019-04-18 23:18:29',0),(331,1,331,0,1,1,5,1000.0000,0,0,'d 10105 1000.0000, c 10999 1000.0000','2019-04-18 23:18:29',0,'2019-04-18 23:18:29',0),(332,1,332,0,1,1,15,10.0000,6,0,'d 10105 10.0000, c 10999 10.0000','2019-04-18 23:18:29',0,'2019-04-18 23:18:29',0),(333,1,333,0,2,2,28,1000.0000,0,0,'d 10105 1000.0000, c 10999 1000.0000','2019-04-18 23:18:29',0,'2019-04-18 23:18:29',0),(334,1,334,0,2,2,38,10.0000,31,0,'d 10105 10.0000, c 10999 10.0000','2019-04-18 23:18:29',0,'2019-04-18 23:18:29',0),(335,1,335,0,3,3,51,1500.0000,0,0,'d 10105 1500.0000, c 10999 1500.0000','2019-04-18 23:18:29',0,'2019-04-18 23:18:29',0),(336,1,336,0,3,3,61,10.0000,56,0,'d 10105 10.0000, c 10999 10.0000','2019-04-18 23:18:29',0,'2019-04-18 23:18:29',0),(337,1,337,0,4,4,74,1500.0000,81,0,'d 10105 1500.0000, c 10999 1500.0000','2019-04-18 23:18:29',0,'2019-04-18 23:18:29',0),(338,1,338,0,1,1,6,1000.0000,0,0,'d 10105 1000.0000, c 10999 1000.0000','2019-04-18 23:18:29',0,'2019-04-18 23:18:29',0),(339,1,339,0,1,1,16,10.0000,7,0,'d 10105 10.0000, c 10999 10.0000','2019-04-18 23:18:29',0,'2019-04-18 23:18:29',0),(340,1,340,0,2,2,29,1000.0000,0,0,'d 10105 1000.0000, c 10999 1000.0000','2019-04-18 23:18:29',0,'2019-04-18 23:18:29',0),(341,1,341,0,2,2,39,10.0000,32,0,'d 10105 10.0000, c 10999 10.0000','2019-04-18 23:18:29',0,'2019-04-18 23:18:29',0),(342,1,342,0,3,3,52,1500.0000,0,0,'d 10105 1500.0000, c 10999 1500.0000','2019-04-18 23:18:29',0,'2019-04-18 23:18:29',0),(343,1,343,0,3,3,62,10.0000,57,0,'d 10105 10.0000, c 10999 10.0000','2019-04-18 23:18:29',0,'2019-04-18 23:18:29',0),(344,1,344,0,4,4,75,1500.0000,82,0,'d 10105 1500.0000, c 10999 1500.0000','2019-04-18 23:18:29',0,'2019-04-18 23:18:29',0),(345,1,345,0,1,1,7,1000.0000,0,0,'d 10105 1000.0000, c 10999 1000.0000','2019-04-18 23:18:29',0,'2019-04-18 23:18:29',0),(346,1,346,0,1,1,17,10.0000,8,0,'d 10105 10.0000, c 10999 10.0000','2019-04-18 23:18:29',0,'2019-04-18 23:18:29',0),(347,1,347,0,2,2,30,1000.0000,0,0,'d 10105 1000.0000, c 10999 1000.0000','2019-04-18 23:18:29',0,'2019-04-18 23:18:29',0),(348,1,348,0,2,2,40,10.0000,33,0,'d 10105 10.0000, c 10999 10.0000','2019-04-18 23:18:29',0,'2019-04-18 23:18:29',0),(349,1,349,0,3,3,53,1500.0000,0,0,'d 10105 1500.0000, c 10999 1500.0000','2019-04-18 23:18:29',0,'2019-04-18 23:18:29',0),(350,1,350,0,3,3,63,10.0000,58,0,'d 10105 10.0000, c 10999 10.0000','2019-04-18 23:18:29',0,'2019-04-18 23:18:29',0),(351,1,351,0,4,4,76,1500.0000,83,0,'d 10105 1500.0000, c 10999 1500.0000','2019-04-18 23:18:30',0,'2019-04-18 23:18:30',0),(352,1,352,0,1,1,8,1000.0000,0,0,'d 10105 1000.0000, c 10999 1000.0000','2019-04-18 23:18:30',0,'2019-04-18 23:18:30',0),(353,1,353,0,1,1,18,10.0000,9,0,'d 10105 10.0000, c 10999 10.0000','2019-04-18 23:18:30',0,'2019-04-18 23:18:30',0),(354,1,354,0,2,2,31,1000.0000,0,0,'d 10105 1000.0000, c 10999 1000.0000','2019-04-18 23:18:30',0,'2019-04-18 23:18:30',0),(355,1,355,0,2,2,41,10.0000,34,0,'d 10105 10.0000, c 10999 10.0000','2019-04-18 23:18:30',0,'2019-04-18 23:18:30',0),(356,1,356,0,3,3,54,1500.0000,0,0,'d 10105 1500.0000, c 10999 1500.0000','2019-04-18 23:18:30',0,'2019-04-18 23:18:30',0),(357,1,357,0,3,3,64,10.0000,59,0,'d 10105 10.0000, c 10999 10.0000','2019-04-18 23:18:30',0,'2019-04-18 23:18:30',0),(358,1,358,0,4,4,77,1500.0000,84,0,'d 10105 1500.0000, c 10999 1500.0000','2019-04-18 23:18:30',0,'2019-04-18 23:18:30',0),(359,1,359,0,1,1,9,1000.0000,0,0,'d 10105 1000.0000, c 10999 1000.0000','2019-04-18 23:18:30',0,'2019-04-18 23:18:30',0),(360,1,360,0,1,1,19,10.0000,10,0,'d 10105 10.0000, c 10999 10.0000','2019-04-18 23:18:30',0,'2019-04-18 23:18:30',0),(361,1,361,0,2,2,32,1000.0000,0,0,'d 10105 1000.0000, c 10999 1000.0000','2019-04-18 23:18:30',0,'2019-04-18 23:18:30',0),(362,1,362,0,2,2,42,10.0000,35,0,'d 10105 10.0000, c 10999 10.0000','2019-04-18 23:18:30',0,'2019-04-18 23:18:30',0),(363,1,363,0,3,3,55,1500.0000,0,0,'d 10105 1500.0000, c 10999 1500.0000','2019-04-18 23:18:30',0,'2019-04-18 23:18:30',0),(364,1,364,0,3,3,65,10.0000,60,0,'d 10105 10.0000, c 10999 10.0000','2019-04-18 23:18:30',0,'2019-04-18 23:18:30',0),(365,1,365,0,4,4,78,1500.0000,85,0,'d 10105 1500.0000, c 10999 1500.0000','2019-04-18 23:18:30',0,'2019-04-18 23:18:30',0),(366,1,366,23,5,0,0,50.0000,91,0,'d 12001 50.00, c 41407 50.00','2019-04-19 00:05:21',211,'2019-04-19 00:05:21',211),(367,1,367,23,5,0,0,10.0000,93,0,'d 12001 10.00, c 41416 10.00','2019-04-19 00:05:21',211,'2019-04-19 00:05:21',211);
/*!40000 ALTER TABLE `JournalAllocation` ENABLE KEYS */;
UNLOCK TABLES;

--
-- Table structure for table `JournalAudit`
--

DROP TABLE IF EXISTS `JournalAudit`;
/*!40101 SET @saved_cs_client     = @@character_set_client */;
/*!40101 SET character_set_client = utf8 */;
CREATE TABLE `JournalAudit` (
  `JID` bigint(20) NOT NULL DEFAULT '0',
  `BID` bigint(20) NOT NULL DEFAULT '0',
  `UID` mediumint(9) NOT NULL DEFAULT '0',
  `LastModTime` timestamp NOT NULL DEFAULT CURRENT_TIMESTAMP ON UPDATE CURRENT_TIMESTAMP,
  `LastModBy` bigint(20) NOT NULL DEFAULT '0',
  `CreateTS` timestamp NOT NULL DEFAULT CURRENT_TIMESTAMP,
  `CreateBy` bigint(20) NOT NULL DEFAULT '0'
) ENGINE=InnoDB DEFAULT CHARSET=utf8;
/*!40101 SET character_set_client = @saved_cs_client */;

--
-- Dumping data for table `JournalAudit`
--

LOCK TABLES `JournalAudit` WRITE;
/*!40000 ALTER TABLE `JournalAudit` DISABLE KEYS */;
/*!40000 ALTER TABLE `JournalAudit` ENABLE KEYS */;
UNLOCK TABLES;

--
-- Table structure for table `JournalMarker`
--

DROP TABLE IF EXISTS `JournalMarker`;
/*!40101 SET @saved_cs_client     = @@character_set_client */;
/*!40101 SET character_set_client = utf8 */;
CREATE TABLE `JournalMarker` (
  `JMID` bigint(20) NOT NULL AUTO_INCREMENT,
  `BID` bigint(20) NOT NULL DEFAULT '0',
  `State` smallint(6) NOT NULL DEFAULT '0',
  `DtStart` datetime NOT NULL DEFAULT '1970-01-01 00:00:00',
  `DtStop` datetime NOT NULL DEFAULT '1970-01-01 00:00:00',
  `LastModTime` timestamp NOT NULL DEFAULT CURRENT_TIMESTAMP ON UPDATE CURRENT_TIMESTAMP,
  `LastModBy` bigint(20) NOT NULL DEFAULT '0',
  `CreateTS` timestamp NOT NULL DEFAULT CURRENT_TIMESTAMP,
  `CreateBy` bigint(20) NOT NULL DEFAULT '0',
  PRIMARY KEY (`JMID`)
) ENGINE=InnoDB DEFAULT CHARSET=utf8;
/*!40101 SET character_set_client = @saved_cs_client */;

--
-- Dumping data for table `JournalMarker`
--

LOCK TABLES `JournalMarker` WRITE;
/*!40000 ALTER TABLE `JournalMarker` DISABLE KEYS */;
/*!40000 ALTER TABLE `JournalMarker` ENABLE KEYS */;
UNLOCK TABLES;

--
-- Table structure for table `JournalMarkerAudit`
--

DROP TABLE IF EXISTS `JournalMarkerAudit`;
/*!40101 SET @saved_cs_client     = @@character_set_client */;
/*!40101 SET character_set_client = utf8 */;
CREATE TABLE `JournalMarkerAudit` (
  `JMID` bigint(20) NOT NULL DEFAULT '0',
  `BID` bigint(20) NOT NULL DEFAULT '0',
  `UID` mediumint(9) NOT NULL DEFAULT '0',
  `LastModTime` timestamp NOT NULL DEFAULT CURRENT_TIMESTAMP ON UPDATE CURRENT_TIMESTAMP,
  `LastModBy` bigint(20) NOT NULL DEFAULT '0',
  `CreateTS` timestamp NOT NULL DEFAULT CURRENT_TIMESTAMP,
  `CreateBy` bigint(20) NOT NULL DEFAULT '0'
) ENGINE=InnoDB DEFAULT CHARSET=utf8;
/*!40101 SET character_set_client = @saved_cs_client */;

--
-- Dumping data for table `JournalMarkerAudit`
--

LOCK TABLES `JournalMarkerAudit` WRITE;
/*!40000 ALTER TABLE `JournalMarkerAudit` DISABLE KEYS */;
/*!40000 ALTER TABLE `JournalMarkerAudit` ENABLE KEYS */;
UNLOCK TABLES;

--
-- Table structure for table `LeadSource`
--

DROP TABLE IF EXISTS `LeadSource`;
/*!40101 SET @saved_cs_client     = @@character_set_client */;
/*!40101 SET character_set_client = utf8 */;
CREATE TABLE `LeadSource` (
  `LSID` bigint(20) NOT NULL AUTO_INCREMENT,
  `BID` bigint(20) NOT NULL DEFAULT '0',
  `Name` varchar(100) DEFAULT NULL,
  `IndustrySLID` bigint(20) NOT NULL DEFAULT '0',
  `LastModTime` timestamp NOT NULL DEFAULT CURRENT_TIMESTAMP ON UPDATE CURRENT_TIMESTAMP,
  `LastModBy` bigint(20) NOT NULL DEFAULT '0',
  `CreateTS` timestamp NOT NULL DEFAULT CURRENT_TIMESTAMP,
  `CreateBy` bigint(20) NOT NULL DEFAULT '0',
  PRIMARY KEY (`LSID`)
) ENGINE=InnoDB DEFAULT CHARSET=utf8;
/*!40101 SET character_set_client = @saved_cs_client */;

--
-- Dumping data for table `LeadSource`
--

LOCK TABLES `LeadSource` WRITE;
/*!40000 ALTER TABLE `LeadSource` DISABLE KEYS */;
/*!40000 ALTER TABLE `LeadSource` ENABLE KEYS */;
UNLOCK TABLES;

--
-- Table structure for table `LedgerAudit`
--

DROP TABLE IF EXISTS `LedgerAudit`;
/*!40101 SET @saved_cs_client     = @@character_set_client */;
/*!40101 SET character_set_client = utf8 */;
CREATE TABLE `LedgerAudit` (
  `LEID` bigint(20) NOT NULL DEFAULT '0',
  `BID` bigint(20) NOT NULL DEFAULT '0',
  `UID` mediumint(9) NOT NULL DEFAULT '0',
  `LastModTime` timestamp NOT NULL DEFAULT CURRENT_TIMESTAMP ON UPDATE CURRENT_TIMESTAMP,
  `LastModBy` bigint(20) NOT NULL DEFAULT '0',
  `CreateTS` timestamp NOT NULL DEFAULT CURRENT_TIMESTAMP,
  `CreateBy` bigint(20) NOT NULL DEFAULT '0'
) ENGINE=InnoDB DEFAULT CHARSET=utf8;
/*!40101 SET character_set_client = @saved_cs_client */;

--
-- Dumping data for table `LedgerAudit`
--

LOCK TABLES `LedgerAudit` WRITE;
/*!40000 ALTER TABLE `LedgerAudit` DISABLE KEYS */;
/*!40000 ALTER TABLE `LedgerAudit` ENABLE KEYS */;
UNLOCK TABLES;

--
-- Table structure for table `LedgerEntry`
--

DROP TABLE IF EXISTS `LedgerEntry`;
/*!40101 SET @saved_cs_client     = @@character_set_client */;
/*!40101 SET character_set_client = utf8 */;
CREATE TABLE `LedgerEntry` (
  `LEID` bigint(20) NOT NULL AUTO_INCREMENT,
  `BID` bigint(20) NOT NULL DEFAULT '0',
  `JID` bigint(20) NOT NULL DEFAULT '0',
  `JAID` bigint(20) NOT NULL DEFAULT '0',
  `LID` bigint(20) NOT NULL DEFAULT '0',
  `RAID` bigint(20) NOT NULL DEFAULT '0',
  `RID` bigint(20) NOT NULL DEFAULT '0',
  `TCID` bigint(20) NOT NULL DEFAULT '0',
  `Dt` datetime NOT NULL DEFAULT '1970-01-01 00:00:00',
  `Amount` decimal(19,4) NOT NULL DEFAULT '0.0000',
  `Comment` varchar(256) NOT NULL DEFAULT '',
  `LastModTime` timestamp NOT NULL DEFAULT CURRENT_TIMESTAMP ON UPDATE CURRENT_TIMESTAMP,
  `LastModBy` bigint(20) NOT NULL DEFAULT '0',
  `CreateTS` timestamp NOT NULL DEFAULT CURRENT_TIMESTAMP,
  `CreateBy` bigint(20) NOT NULL DEFAULT '0',
  PRIMARY KEY (`LEID`)
) ENGINE=InnoDB AUTO_INCREMENT=735 DEFAULT CHARSET=utf8;
/*!40101 SET character_set_client = @saved_cs_client */;

--
-- Dumping data for table `LedgerEntry`
--

LOCK TABLES `LedgerEntry` WRITE;
/*!40000 ALTER TABLE `LedgerEntry` DISABLE KEYS */;
INSERT INTO `LedgerEntry` VALUES (1,1,1,1,9,1,1,0,'2018-08-01 00:00:00',1000.0000,'','2019-04-18 23:18:28',0,'2019-04-18 23:18:28',0),(2,1,1,1,18,1,1,0,'2018-08-01 00:00:00',-1000.0000,'','2019-04-18 23:18:28',0,'2019-04-18 23:18:28',0),(3,1,2,2,9,1,1,0,'2018-09-01 00:00:00',1000.0000,'','2019-04-18 23:18:28',0,'2019-04-18 23:18:28',0),(4,1,2,2,18,1,1,0,'2018-09-01 00:00:00',-1000.0000,'','2019-04-18 23:18:28',0,'2019-04-18 23:18:28',0),(5,1,3,3,9,1,1,0,'2018-10-01 00:00:00',1000.0000,'','2019-04-18 23:18:28',0,'2019-04-18 23:18:28',0),(6,1,3,3,18,1,1,0,'2018-10-01 00:00:00',-1000.0000,'','2019-04-18 23:18:28',0,'2019-04-18 23:18:28',0),(7,1,4,4,9,1,1,0,'2018-11-01 00:00:00',1000.0000,'','2019-04-18 23:18:28',0,'2019-04-18 23:18:28',0),(8,1,4,4,18,1,1,0,'2018-11-01 00:00:00',-1000.0000,'','2019-04-18 23:18:28',0,'2019-04-18 23:18:28',0),(9,1,5,5,9,1,1,0,'2018-12-01 00:00:00',1000.0000,'','2019-04-18 23:18:28',0,'2019-04-18 23:18:28',0),(10,1,5,5,18,1,1,0,'2018-12-01 00:00:00',-1000.0000,'','2019-04-18 23:18:28',0,'2019-04-18 23:18:28',0),(11,1,6,6,9,1,1,0,'2019-01-01 00:00:00',1000.0000,'','2019-04-18 23:18:28',0,'2019-04-18 23:18:28',0),(12,1,6,6,18,1,1,0,'2019-01-01 00:00:00',-1000.0000,'','2019-04-18 23:18:28',0,'2019-04-18 23:18:28',0),(13,1,7,7,9,1,1,0,'2019-02-01 00:00:00',1000.0000,'','2019-04-18 23:18:28',0,'2019-04-18 23:18:28',0),(14,1,7,7,18,1,1,0,'2019-02-01 00:00:00',-1000.0000,'','2019-04-18 23:18:28',0,'2019-04-18 23:18:28',0),(15,1,8,8,9,1,1,0,'2019-03-01 00:00:00',1000.0000,'','2019-04-18 23:18:28',0,'2019-04-18 23:18:28',0),(16,1,8,8,18,1,1,0,'2019-03-01 00:00:00',-1000.0000,'','2019-04-18 23:18:28',0,'2019-04-18 23:18:28',0),(17,1,9,9,9,1,1,0,'2019-04-01 00:00:00',1000.0000,'','2019-04-18 23:18:28',0,'2019-04-18 23:18:28',0),(18,1,9,9,18,1,1,0,'2019-04-01 00:00:00',-1000.0000,'','2019-04-18 23:18:28',0,'2019-04-18 23:18:28',0),(19,1,10,10,9,1,1,0,'2018-07-05 00:00:00',2000.0000,'','2019-04-18 23:18:28',0,'2019-04-18 23:18:28',0),(20,1,10,10,11,1,1,0,'2018-07-05 00:00:00',-2000.0000,'','2019-04-18 23:18:28',0,'2019-04-18 23:18:28',0),(21,1,11,11,9,1,1,0,'2018-08-01 00:00:00',10.0000,'','2019-04-18 23:18:28',0,'2019-04-18 23:18:28',0),(22,1,11,11,53,1,1,0,'2018-08-01 00:00:00',-10.0000,'','2019-04-18 23:18:28',0,'2019-04-18 23:18:28',0),(23,1,12,12,9,1,1,0,'2018-09-01 00:00:00',10.0000,'','2019-04-18 23:18:28',0,'2019-04-18 23:18:28',0),(24,1,12,12,53,1,1,0,'2018-09-01 00:00:00',-10.0000,'','2019-04-18 23:18:28',0,'2019-04-18 23:18:28',0),(25,1,13,13,9,1,1,0,'2018-10-01 00:00:00',10.0000,'','2019-04-18 23:18:28',0,'2019-04-18 23:18:28',0),(26,1,13,13,53,1,1,0,'2018-10-01 00:00:00',-10.0000,'','2019-04-18 23:18:28',0,'2019-04-18 23:18:28',0),(27,1,14,14,9,1,1,0,'2018-11-01 00:00:00',10.0000,'','2019-04-18 23:18:28',0,'2019-04-18 23:18:28',0),(28,1,14,14,53,1,1,0,'2018-11-01 00:00:00',-10.0000,'','2019-04-18 23:18:28',0,'2019-04-18 23:18:28',0),(29,1,15,15,9,1,1,0,'2018-12-01 00:00:00',10.0000,'','2019-04-18 23:18:28',0,'2019-04-18 23:18:28',0),(30,1,15,15,53,1,1,0,'2018-12-01 00:00:00',-10.0000,'','2019-04-18 23:18:28',0,'2019-04-18 23:18:28',0),(31,1,16,16,9,1,1,0,'2019-01-01 00:00:00',10.0000,'','2019-04-18 23:18:28',0,'2019-04-18 23:18:28',0),(32,1,16,16,53,1,1,0,'2019-01-01 00:00:00',-10.0000,'','2019-04-18 23:18:28',0,'2019-04-18 23:18:28',0),(33,1,17,17,9,1,1,0,'2019-02-01 00:00:00',10.0000,'','2019-04-18 23:18:28',0,'2019-04-18 23:18:28',0),(34,1,17,17,53,1,1,0,'2019-02-01 00:00:00',-10.0000,'','2019-04-18 23:18:28',0,'2019-04-18 23:18:28',0),(35,1,18,18,9,1,1,0,'2019-03-01 00:00:00',10.0000,'','2019-04-18 23:18:28',0,'2019-04-18 23:18:28',0),(36,1,18,18,53,1,1,0,'2019-03-01 00:00:00',-10.0000,'','2019-04-18 23:18:28',0,'2019-04-18 23:18:28',0),(37,1,19,19,9,1,1,0,'2019-04-01 00:00:00',10.0000,'','2019-04-18 23:18:28',0,'2019-04-18 23:18:28',0),(38,1,19,19,53,1,1,0,'2019-04-01 00:00:00',-10.0000,'','2019-04-18 23:18:28',0,'2019-04-18 23:18:28',0),(39,1,20,20,9,1,1,0,'2018-07-05 00:00:00',870.9700,'','2019-04-18 23:18:28',0,'2019-04-18 23:18:28',0),(40,1,20,20,18,1,1,0,'2018-07-05 00:00:00',-870.9700,'','2019-04-18 23:18:28',0,'2019-04-18 23:18:28',0),(41,1,21,21,9,1,1,0,'2018-07-05 00:00:00',50.0000,'','2019-04-18 23:18:28',0,'2019-04-18 23:18:28',0),(42,1,21,21,52,1,1,0,'2018-07-05 00:00:00',-50.0000,'','2019-04-18 23:18:28',0,'2019-04-18 23:18:28',0),(43,1,22,22,9,1,1,0,'2018-07-05 00:00:00',8.7100,'','2019-04-18 23:18:28',0,'2019-04-18 23:18:28',0),(44,1,22,22,53,1,1,0,'2018-07-05 00:00:00',-8.7100,'','2019-04-18 23:18:28',0,'2019-04-18 23:18:28',0),(45,1,23,23,9,1,1,0,'2018-07-05 00:00:00',10.0000,'','2019-04-18 23:18:28',0,'2019-04-18 23:18:28',0),(46,1,23,23,75,1,1,0,'2018-07-05 00:00:00',-10.0000,'','2019-04-18 23:18:28',0,'2019-04-18 23:18:28',0),(47,1,24,24,9,2,2,0,'2018-08-01 00:00:00',1000.0000,'','2019-04-18 23:18:28',0,'2019-04-18 23:18:28',0),(48,1,24,24,18,2,2,0,'2018-08-01 00:00:00',-1000.0000,'','2019-04-18 23:18:28',0,'2019-04-18 23:18:28',0),(49,1,25,25,9,2,2,0,'2018-09-01 00:00:00',1000.0000,'','2019-04-18 23:18:28',0,'2019-04-18 23:18:28',0),(50,1,25,25,18,2,2,0,'2018-09-01 00:00:00',-1000.0000,'','2019-04-18 23:18:28',0,'2019-04-18 23:18:28',0),(51,1,26,26,9,2,2,0,'2018-10-01 00:00:00',1000.0000,'','2019-04-18 23:18:28',0,'2019-04-18 23:18:28',0),(52,1,26,26,18,2,2,0,'2018-10-01 00:00:00',-1000.0000,'','2019-04-18 23:18:28',0,'2019-04-18 23:18:28',0),(53,1,27,27,9,2,2,0,'2018-11-01 00:00:00',1000.0000,'','2019-04-18 23:18:28',0,'2019-04-18 23:18:28',0),(54,1,27,27,18,2,2,0,'2018-11-01 00:00:00',-1000.0000,'','2019-04-18 23:18:28',0,'2019-04-18 23:18:28',0),(55,1,28,28,9,2,2,0,'2018-12-01 00:00:00',1000.0000,'','2019-04-18 23:18:28',0,'2019-04-18 23:18:28',0),(56,1,28,28,18,2,2,0,'2018-12-01 00:00:00',-1000.0000,'','2019-04-18 23:18:28',0,'2019-04-18 23:18:28',0),(57,1,29,29,9,2,2,0,'2019-01-01 00:00:00',1000.0000,'','2019-04-18 23:18:28',0,'2019-04-18 23:18:28',0),(58,1,29,29,18,2,2,0,'2019-01-01 00:00:00',-1000.0000,'','2019-04-18 23:18:28',0,'2019-04-18 23:18:28',0),(59,1,30,30,9,2,2,0,'2019-02-01 00:00:00',1000.0000,'','2019-04-18 23:18:28',0,'2019-04-18 23:18:28',0),(60,1,30,30,18,2,2,0,'2019-02-01 00:00:00',-1000.0000,'','2019-04-18 23:18:28',0,'2019-04-18 23:18:28',0),(61,1,31,31,9,2,2,0,'2019-03-01 00:00:00',1000.0000,'','2019-04-18 23:18:28',0,'2019-04-18 23:18:28',0),(62,1,31,31,18,2,2,0,'2019-03-01 00:00:00',-1000.0000,'','2019-04-18 23:18:28',0,'2019-04-18 23:18:28',0),(63,1,32,32,9,2,2,0,'2019-04-01 00:00:00',1000.0000,'','2019-04-18 23:18:28',0,'2019-04-18 23:18:28',0),(64,1,32,32,18,2,2,0,'2019-04-01 00:00:00',-1000.0000,'','2019-04-18 23:18:28',0,'2019-04-18 23:18:28',0),(65,1,33,33,9,2,2,0,'2018-07-05 00:00:00',2000.0000,'','2019-04-18 23:18:28',0,'2019-04-18 23:18:28',0),(66,1,33,33,11,2,2,0,'2018-07-05 00:00:00',-2000.0000,'','2019-04-18 23:18:28',0,'2019-04-18 23:18:28',0),(67,1,34,34,9,2,2,0,'2018-08-01 00:00:00',10.0000,'','2019-04-18 23:18:28',0,'2019-04-18 23:18:28',0),(68,1,34,34,53,2,2,0,'2018-08-01 00:00:00',-10.0000,'','2019-04-18 23:18:28',0,'2019-04-18 23:18:28',0),(69,1,35,35,9,2,2,0,'2018-09-01 00:00:00',10.0000,'','2019-04-18 23:18:28',0,'2019-04-18 23:18:28',0),(70,1,35,35,53,2,2,0,'2018-09-01 00:00:00',-10.0000,'','2019-04-18 23:18:28',0,'2019-04-18 23:18:28',0),(71,1,36,36,9,2,2,0,'2018-10-01 00:00:00',10.0000,'','2019-04-18 23:18:28',0,'2019-04-18 23:18:28',0),(72,1,36,36,53,2,2,0,'2018-10-01 00:00:00',-10.0000,'','2019-04-18 23:18:28',0,'2019-04-18 23:18:28',0),(73,1,37,37,9,2,2,0,'2018-11-01 00:00:00',10.0000,'','2019-04-18 23:18:28',0,'2019-04-18 23:18:28',0),(74,1,37,37,53,2,2,0,'2018-11-01 00:00:00',-10.0000,'','2019-04-18 23:18:28',0,'2019-04-18 23:18:28',0),(75,1,38,38,9,2,2,0,'2018-12-01 00:00:00',10.0000,'','2019-04-18 23:18:28',0,'2019-04-18 23:18:28',0),(76,1,38,38,53,2,2,0,'2018-12-01 00:00:00',-10.0000,'','2019-04-18 23:18:28',0,'2019-04-18 23:18:28',0),(77,1,39,39,9,2,2,0,'2019-01-01 00:00:00',10.0000,'','2019-04-18 23:18:28',0,'2019-04-18 23:18:28',0),(78,1,39,39,53,2,2,0,'2019-01-01 00:00:00',-10.0000,'','2019-04-18 23:18:28',0,'2019-04-18 23:18:28',0),(79,1,40,40,9,2,2,0,'2019-02-01 00:00:00',10.0000,'','2019-04-18 23:18:28',0,'2019-04-18 23:18:28',0),(80,1,40,40,53,2,2,0,'2019-02-01 00:00:00',-10.0000,'','2019-04-18 23:18:28',0,'2019-04-18 23:18:28',0),(81,1,41,41,9,2,2,0,'2019-03-01 00:00:00',10.0000,'','2019-04-18 23:18:28',0,'2019-04-18 23:18:28',0),(82,1,41,41,53,2,2,0,'2019-03-01 00:00:00',-10.0000,'','2019-04-18 23:18:28',0,'2019-04-18 23:18:28',0),(83,1,42,42,9,2,2,0,'2019-04-01 00:00:00',10.0000,'','2019-04-18 23:18:28',0,'2019-04-18 23:18:28',0),(84,1,42,42,53,2,2,0,'2019-04-01 00:00:00',-10.0000,'','2019-04-18 23:18:28',0,'2019-04-18 23:18:28',0),(85,1,43,43,9,2,2,0,'2018-07-05 00:00:00',870.9700,'','2019-04-18 23:18:28',0,'2019-04-18 23:18:28',0),(86,1,43,43,18,2,2,0,'2018-07-05 00:00:00',-870.9700,'','2019-04-18 23:18:28',0,'2019-04-18 23:18:28',0),(87,1,44,44,9,2,2,0,'2018-07-05 00:00:00',50.0000,'','2019-04-18 23:18:28',0,'2019-04-18 23:18:28',0),(88,1,44,44,52,2,2,0,'2018-07-05 00:00:00',-50.0000,'','2019-04-18 23:18:28',0,'2019-04-18 23:18:28',0),(89,1,45,45,9,2,2,0,'2018-07-05 00:00:00',8.7100,'','2019-04-18 23:18:28',0,'2019-04-18 23:18:28',0),(90,1,45,45,53,2,2,0,'2018-07-05 00:00:00',-8.7100,'','2019-04-18 23:18:28',0,'2019-04-18 23:18:28',0),(91,1,46,46,9,2,2,0,'2018-07-05 00:00:00',10.0000,'','2019-04-18 23:18:28',0,'2019-04-18 23:18:28',0),(92,1,46,46,75,2,2,0,'2018-07-05 00:00:00',-10.0000,'','2019-04-18 23:18:28',0,'2019-04-18 23:18:28',0),(93,1,47,47,9,3,3,0,'2018-08-01 00:00:00',1500.0000,'','2019-04-18 23:18:28',0,'2019-04-18 23:18:28',0),(94,1,47,47,18,3,3,0,'2018-08-01 00:00:00',-1500.0000,'','2019-04-18 23:18:28',0,'2019-04-18 23:18:28',0),(95,1,48,48,9,3,3,0,'2018-09-01 00:00:00',1500.0000,'','2019-04-18 23:18:28',0,'2019-04-18 23:18:28',0),(96,1,48,48,18,3,3,0,'2018-09-01 00:00:00',-1500.0000,'','2019-04-18 23:18:28',0,'2019-04-18 23:18:28',0),(97,1,49,49,9,3,3,0,'2018-10-01 00:00:00',1500.0000,'','2019-04-18 23:18:28',0,'2019-04-18 23:18:28',0),(98,1,49,49,18,3,3,0,'2018-10-01 00:00:00',-1500.0000,'','2019-04-18 23:18:28',0,'2019-04-18 23:18:28',0),(99,1,50,50,9,3,3,0,'2018-11-01 00:00:00',1500.0000,'','2019-04-18 23:18:28',0,'2019-04-18 23:18:28',0),(100,1,50,50,18,3,3,0,'2018-11-01 00:00:00',-1500.0000,'','2019-04-18 23:18:28',0,'2019-04-18 23:18:28',0),(101,1,51,51,9,3,3,0,'2018-12-01 00:00:00',1500.0000,'','2019-04-18 23:18:28',0,'2019-04-18 23:18:28',0),(102,1,51,51,18,3,3,0,'2018-12-01 00:00:00',-1500.0000,'','2019-04-18 23:18:28',0,'2019-04-18 23:18:28',0),(103,1,52,52,9,3,3,0,'2019-01-01 00:00:00',1500.0000,'','2019-04-18 23:18:28',0,'2019-04-18 23:18:28',0),(104,1,52,52,18,3,3,0,'2019-01-01 00:00:00',-1500.0000,'','2019-04-18 23:18:28',0,'2019-04-18 23:18:28',0),(105,1,53,53,9,3,3,0,'2019-02-01 00:00:00',1500.0000,'','2019-04-18 23:18:28',0,'2019-04-18 23:18:28',0),(106,1,53,53,18,3,3,0,'2019-02-01 00:00:00',-1500.0000,'','2019-04-18 23:18:28',0,'2019-04-18 23:18:28',0),(107,1,54,54,9,3,3,0,'2019-03-01 00:00:00',1500.0000,'','2019-04-18 23:18:28',0,'2019-04-18 23:18:28',0),(108,1,54,54,18,3,3,0,'2019-03-01 00:00:00',-1500.0000,'','2019-04-18 23:18:28',0,'2019-04-18 23:18:28',0),(109,1,55,55,9,3,3,0,'2019-04-01 00:00:00',1500.0000,'','2019-04-18 23:18:28',0,'2019-04-18 23:18:28',0),(110,1,55,55,18,3,3,0,'2019-04-01 00:00:00',-1500.0000,'','2019-04-18 23:18:28',0,'2019-04-18 23:18:28',0),(111,1,56,56,9,3,3,0,'2018-07-05 00:00:00',3000.0000,'','2019-04-18 23:18:28',0,'2019-04-18 23:18:28',0),(112,1,56,56,11,3,3,0,'2018-07-05 00:00:00',-3000.0000,'','2019-04-18 23:18:28',0,'2019-04-18 23:18:28',0),(113,1,57,57,9,3,3,0,'2018-08-01 00:00:00',10.0000,'','2019-04-18 23:18:28',0,'2019-04-18 23:18:28',0),(114,1,57,57,53,3,3,0,'2018-08-01 00:00:00',-10.0000,'','2019-04-18 23:18:28',0,'2019-04-18 23:18:28',0),(115,1,58,58,9,3,3,0,'2018-09-01 00:00:00',10.0000,'','2019-04-18 23:18:28',0,'2019-04-18 23:18:28',0),(116,1,58,58,53,3,3,0,'2018-09-01 00:00:00',-10.0000,'','2019-04-18 23:18:28',0,'2019-04-18 23:18:28',0),(117,1,59,59,9,3,3,0,'2018-10-01 00:00:00',10.0000,'','2019-04-18 23:18:28',0,'2019-04-18 23:18:28',0),(118,1,59,59,53,3,3,0,'2018-10-01 00:00:00',-10.0000,'','2019-04-18 23:18:28',0,'2019-04-18 23:18:28',0),(119,1,60,60,9,3,3,0,'2018-11-01 00:00:00',10.0000,'','2019-04-18 23:18:28',0,'2019-04-18 23:18:28',0),(120,1,60,60,53,3,3,0,'2018-11-01 00:00:00',-10.0000,'','2019-04-18 23:18:28',0,'2019-04-18 23:18:28',0),(121,1,61,61,9,3,3,0,'2018-12-01 00:00:00',10.0000,'','2019-04-18 23:18:28',0,'2019-04-18 23:18:28',0),(122,1,61,61,53,3,3,0,'2018-12-01 00:00:00',-10.0000,'','2019-04-18 23:18:28',0,'2019-04-18 23:18:28',0),(123,1,62,62,9,3,3,0,'2019-01-01 00:00:00',10.0000,'','2019-04-18 23:18:28',0,'2019-04-18 23:18:28',0),(124,1,62,62,53,3,3,0,'2019-01-01 00:00:00',-10.0000,'','2019-04-18 23:18:28',0,'2019-04-18 23:18:28',0),(125,1,63,63,9,3,3,0,'2019-02-01 00:00:00',10.0000,'','2019-04-18 23:18:28',0,'2019-04-18 23:18:28',0),(126,1,63,63,53,3,3,0,'2019-02-01 00:00:00',-10.0000,'','2019-04-18 23:18:28',0,'2019-04-18 23:18:28',0),(127,1,64,64,9,3,3,0,'2019-03-01 00:00:00',10.0000,'','2019-04-18 23:18:28',0,'2019-04-18 23:18:28',0),(128,1,64,64,53,3,3,0,'2019-03-01 00:00:00',-10.0000,'','2019-04-18 23:18:28',0,'2019-04-18 23:18:28',0),(129,1,65,65,9,3,3,0,'2019-04-01 00:00:00',10.0000,'','2019-04-18 23:18:28',0,'2019-04-18 23:18:28',0),(130,1,65,65,53,3,3,0,'2019-04-01 00:00:00',-10.0000,'','2019-04-18 23:18:28',0,'2019-04-18 23:18:28',0),(131,1,66,66,9,3,3,0,'2018-07-05 00:00:00',1306.4500,'','2019-04-18 23:18:28',0,'2019-04-18 23:18:28',0),(132,1,66,66,18,3,3,0,'2018-07-05 00:00:00',-1306.4500,'','2019-04-18 23:18:28',0,'2019-04-18 23:18:28',0),(133,1,67,67,9,3,3,0,'2018-07-05 00:00:00',50.0000,'','2019-04-18 23:18:28',0,'2019-04-18 23:18:28',0),(134,1,67,67,52,3,3,0,'2018-07-05 00:00:00',-50.0000,'','2019-04-18 23:18:28',0,'2019-04-18 23:18:28',0),(135,1,68,68,9,3,3,0,'2018-07-05 00:00:00',8.7100,'','2019-04-18 23:18:28',0,'2019-04-18 23:18:28',0),(136,1,68,68,53,3,3,0,'2018-07-05 00:00:00',-8.7100,'','2019-04-18 23:18:28',0,'2019-04-18 23:18:28',0),(137,1,69,69,9,3,3,0,'2018-07-05 00:00:00',10.0000,'','2019-04-18 23:18:28',0,'2019-04-18 23:18:28',0),(138,1,69,69,75,3,3,0,'2018-07-05 00:00:00',-10.0000,'','2019-04-18 23:18:28',0,'2019-04-18 23:18:28',0),(139,1,70,70,9,4,4,0,'2018-08-01 00:00:00',1500.0000,'','2019-04-18 23:18:28',0,'2019-04-18 23:18:28',0),(140,1,70,70,18,4,4,0,'2018-08-01 00:00:00',-1500.0000,'','2019-04-18 23:18:28',0,'2019-04-18 23:18:28',0),(141,1,71,71,9,4,4,0,'2018-09-01 00:00:00',1500.0000,'','2019-04-18 23:18:28',0,'2019-04-18 23:18:28',0),(142,1,71,71,18,4,4,0,'2018-09-01 00:00:00',-1500.0000,'','2019-04-18 23:18:28',0,'2019-04-18 23:18:28',0),(143,1,72,72,9,4,4,0,'2018-10-01 00:00:00',1500.0000,'','2019-04-18 23:18:28',0,'2019-04-18 23:18:28',0),(144,1,72,72,18,4,4,0,'2018-10-01 00:00:00',-1500.0000,'','2019-04-18 23:18:28',0,'2019-04-18 23:18:28',0),(145,1,73,73,9,4,4,0,'2018-11-01 00:00:00',1500.0000,'','2019-04-18 23:18:28',0,'2019-04-18 23:18:28',0),(146,1,73,73,18,4,4,0,'2018-11-01 00:00:00',-1500.0000,'','2019-04-18 23:18:28',0,'2019-04-18 23:18:28',0),(147,1,74,74,9,4,4,0,'2018-12-01 00:00:00',1500.0000,'','2019-04-18 23:18:28',0,'2019-04-18 23:18:28',0),(148,1,74,74,18,4,4,0,'2018-12-01 00:00:00',-1500.0000,'','2019-04-18 23:18:28',0,'2019-04-18 23:18:28',0),(149,1,75,75,9,4,4,0,'2019-01-01 00:00:00',1500.0000,'','2019-04-18 23:18:28',0,'2019-04-18 23:18:28',0),(150,1,75,75,18,4,4,0,'2019-01-01 00:00:00',-1500.0000,'','2019-04-18 23:18:28',0,'2019-04-18 23:18:28',0),(151,1,76,76,9,4,4,0,'2019-02-01 00:00:00',1500.0000,'','2019-04-18 23:18:28',0,'2019-04-18 23:18:28',0),(152,1,76,76,18,4,4,0,'2019-02-01 00:00:00',-1500.0000,'','2019-04-18 23:18:28',0,'2019-04-18 23:18:28',0),(153,1,77,77,9,4,4,0,'2019-03-01 00:00:00',1500.0000,'','2019-04-18 23:18:28',0,'2019-04-18 23:18:28',0),(154,1,77,77,18,4,4,0,'2019-03-01 00:00:00',-1500.0000,'','2019-04-18 23:18:28',0,'2019-04-18 23:18:28',0),(155,1,78,78,9,4,4,0,'2019-04-01 00:00:00',1500.0000,'','2019-04-18 23:18:28',0,'2019-04-18 23:18:28',0),(156,1,78,78,18,4,4,0,'2019-04-01 00:00:00',-1500.0000,'','2019-04-18 23:18:28',0,'2019-04-18 23:18:28',0),(157,1,79,79,9,4,4,0,'2018-07-05 00:00:00',3000.0000,'','2019-04-18 23:18:28',0,'2019-04-18 23:18:28',0),(158,1,79,79,11,4,4,0,'2018-07-05 00:00:00',-3000.0000,'','2019-04-18 23:18:28',0,'2019-04-18 23:18:28',0),(159,1,80,80,9,4,4,0,'2018-07-05 00:00:00',1306.4500,'','2019-04-18 23:18:28',0,'2019-04-18 23:18:28',0),(160,1,80,80,18,4,4,0,'2018-07-05 00:00:00',-1306.4500,'','2019-04-18 23:18:28',0,'2019-04-18 23:18:28',0),(161,1,81,81,9,4,4,0,'2018-07-05 00:00:00',10.0000,'','2019-04-18 23:18:28',0,'2019-04-18 23:18:28',0),(162,1,81,81,75,4,4,0,'2018-07-05 00:00:00',-10.0000,'','2019-04-18 23:18:28',0,'2019-04-18 23:18:28',0),(163,1,82,82,6,0,0,1,'2018-08-01 00:00:00',1000.0000,'','2019-04-18 23:18:28',0,'2019-04-18 23:18:28',0),(164,1,82,82,10,0,0,1,'2018-08-01 00:00:00',-1000.0000,'','2019-04-18 23:18:28',0,'2019-04-18 23:18:28',0),(165,1,83,83,6,0,0,1,'2018-09-01 00:00:00',1000.0000,'','2019-04-18 23:18:28',0,'2019-04-18 23:18:28',0),(166,1,83,83,10,0,0,1,'2018-09-01 00:00:00',-1000.0000,'','2019-04-18 23:18:28',0,'2019-04-18 23:18:28',0),(167,1,84,84,6,0,0,1,'2018-10-01 00:00:00',1000.0000,'','2019-04-18 23:18:28',0,'2019-04-18 23:18:28',0),(168,1,84,84,10,0,0,1,'2018-10-01 00:00:00',-1000.0000,'','2019-04-18 23:18:28',0,'2019-04-18 23:18:28',0),(169,1,85,85,6,0,0,1,'2018-11-01 00:00:00',1000.0000,'','2019-04-18 23:18:28',0,'2019-04-18 23:18:28',0),(170,1,85,85,10,0,0,1,'2018-11-01 00:00:00',-1000.0000,'','2019-04-18 23:18:28',0,'2019-04-18 23:18:28',0),(171,1,86,86,6,0,0,1,'2018-12-01 00:00:00',1000.0000,'','2019-04-18 23:18:28',0,'2019-04-18 23:18:28',0),(172,1,86,86,10,0,0,1,'2018-12-01 00:00:00',-1000.0000,'','2019-04-18 23:18:28',0,'2019-04-18 23:18:28',0),(173,1,87,87,6,0,0,1,'2019-01-01 00:00:00',1000.0000,'','2019-04-18 23:18:28',0,'2019-04-18 23:18:28',0),(174,1,87,87,10,0,0,1,'2019-01-01 00:00:00',-1000.0000,'','2019-04-18 23:18:28',0,'2019-04-18 23:18:28',0),(175,1,88,88,6,0,0,1,'2019-02-01 00:00:00',1000.0000,'','2019-04-18 23:18:28',0,'2019-04-18 23:18:28',0),(176,1,88,88,10,0,0,1,'2019-02-01 00:00:00',-1000.0000,'','2019-04-18 23:18:28',0,'2019-04-18 23:18:28',0),(177,1,89,89,6,0,0,1,'2019-03-01 00:00:00',1000.0000,'','2019-04-18 23:18:28',0,'2019-04-18 23:18:28',0),(178,1,89,89,10,0,0,1,'2019-03-01 00:00:00',-1000.0000,'','2019-04-18 23:18:28',0,'2019-04-18 23:18:28',0),(179,1,90,90,6,0,0,1,'2019-04-01 00:00:00',1000.0000,'','2019-04-18 23:18:28',0,'2019-04-18 23:18:28',0),(180,1,90,90,10,0,0,1,'2019-04-01 00:00:00',-1000.0000,'','2019-04-18 23:18:28',0,'2019-04-18 23:18:28',0),(181,1,91,91,6,0,0,1,'2018-07-05 00:00:00',2000.0000,'','2019-04-18 23:18:28',0,'2019-04-18 23:18:28',0),(182,1,91,91,10,0,0,1,'2018-07-05 00:00:00',-2000.0000,'','2019-04-18 23:18:28',0,'2019-04-18 23:18:28',0),(183,1,92,92,6,0,0,1,'2018-08-01 00:00:00',10.0000,'','2019-04-18 23:18:28',0,'2019-04-18 23:18:28',0),(184,1,92,92,10,0,0,1,'2018-08-01 00:00:00',-10.0000,'','2019-04-18 23:18:28',0,'2019-04-18 23:18:28',0),(185,1,93,93,6,0,0,1,'2018-09-01 00:00:00',10.0000,'','2019-04-18 23:18:28',0,'2019-04-18 23:18:28',0),(186,1,93,93,10,0,0,1,'2018-09-01 00:00:00',-10.0000,'','2019-04-18 23:18:28',0,'2019-04-18 23:18:28',0),(187,1,94,94,6,0,0,1,'2018-10-01 00:00:00',10.0000,'','2019-04-18 23:18:28',0,'2019-04-18 23:18:28',0),(188,1,94,94,10,0,0,1,'2018-10-01 00:00:00',-10.0000,'','2019-04-18 23:18:28',0,'2019-04-18 23:18:28',0),(189,1,95,95,6,0,0,1,'2018-11-01 00:00:00',10.0000,'','2019-04-18 23:18:28',0,'2019-04-18 23:18:28',0),(190,1,95,95,10,0,0,1,'2018-11-01 00:00:00',-10.0000,'','2019-04-18 23:18:28',0,'2019-04-18 23:18:28',0),(191,1,96,96,6,0,0,1,'2018-12-01 00:00:00',10.0000,'','2019-04-18 23:18:28',0,'2019-04-18 23:18:28',0),(192,1,96,96,10,0,0,1,'2018-12-01 00:00:00',-10.0000,'','2019-04-18 23:18:28',0,'2019-04-18 23:18:28',0),(193,1,97,97,6,0,0,1,'2019-01-01 00:00:00',10.0000,'','2019-04-18 23:18:28',0,'2019-04-18 23:18:28',0),(194,1,97,97,10,0,0,1,'2019-01-01 00:00:00',-10.0000,'','2019-04-18 23:18:28',0,'2019-04-18 23:18:28',0),(195,1,98,98,6,0,0,1,'2019-02-01 00:00:00',10.0000,'','2019-04-18 23:18:28',0,'2019-04-18 23:18:28',0),(196,1,98,98,10,0,0,1,'2019-02-01 00:00:00',-10.0000,'','2019-04-18 23:18:28',0,'2019-04-18 23:18:28',0),(197,1,99,99,6,0,0,1,'2019-03-01 00:00:00',10.0000,'','2019-04-18 23:18:28',0,'2019-04-18 23:18:28',0),(198,1,99,99,10,0,0,1,'2019-03-01 00:00:00',-10.0000,'','2019-04-18 23:18:28',0,'2019-04-18 23:18:28',0),(199,1,100,100,6,0,0,1,'2019-04-01 00:00:00',10.0000,'','2019-04-18 23:18:28',0,'2019-04-18 23:18:28',0),(200,1,100,100,10,0,0,1,'2019-04-01 00:00:00',-10.0000,'','2019-04-18 23:18:28',0,'2019-04-18 23:18:28',0),(201,1,101,101,6,0,0,1,'2018-07-05 00:00:00',870.9700,'','2019-04-18 23:18:28',0,'2019-04-18 23:18:28',0),(202,1,101,101,10,0,0,1,'2018-07-05 00:00:00',-870.9700,'','2019-04-18 23:18:28',0,'2019-04-18 23:18:28',0),(203,1,102,102,6,0,0,1,'2018-07-05 00:00:00',50.0000,'','2019-04-18 23:18:28',0,'2019-04-18 23:18:28',0),(204,1,102,102,10,0,0,1,'2018-07-05 00:00:00',-50.0000,'','2019-04-18 23:18:28',0,'2019-04-18 23:18:28',0),(205,1,103,103,6,0,0,1,'2018-07-05 00:00:00',8.7100,'','2019-04-18 23:18:28',0,'2019-04-18 23:18:28',0),(206,1,103,103,10,0,0,1,'2018-07-05 00:00:00',-8.7100,'','2019-04-18 23:18:28',0,'2019-04-18 23:18:28',0),(207,1,104,104,6,0,0,1,'2018-07-05 00:00:00',10.0000,'','2019-04-18 23:18:28',0,'2019-04-18 23:18:28',0),(208,1,104,104,10,0,0,1,'2018-07-05 00:00:00',-10.0000,'','2019-04-18 23:18:28',0,'2019-04-18 23:18:28',0),(209,1,105,105,6,0,0,2,'2018-08-01 00:00:00',1000.0000,'','2019-04-18 23:18:28',0,'2019-04-18 23:18:28',0),(210,1,105,105,10,0,0,2,'2018-08-01 00:00:00',-1000.0000,'','2019-04-18 23:18:28',0,'2019-04-18 23:18:28',0),(211,1,106,106,6,0,0,2,'2018-09-01 00:00:00',1000.0000,'','2019-04-18 23:18:28',0,'2019-04-18 23:18:28',0),(212,1,106,106,10,0,0,2,'2018-09-01 00:00:00',-1000.0000,'','2019-04-18 23:18:28',0,'2019-04-18 23:18:28',0),(213,1,107,107,6,0,0,2,'2018-10-01 00:00:00',1000.0000,'','2019-04-18 23:18:28',0,'2019-04-18 23:18:28',0),(214,1,107,107,10,0,0,2,'2018-10-01 00:00:00',-1000.0000,'','2019-04-18 23:18:28',0,'2019-04-18 23:18:28',0),(215,1,108,108,6,0,0,2,'2018-11-01 00:00:00',1000.0000,'','2019-04-18 23:18:28',0,'2019-04-18 23:18:28',0),(216,1,108,108,10,0,0,2,'2018-11-01 00:00:00',-1000.0000,'','2019-04-18 23:18:28',0,'2019-04-18 23:18:28',0),(217,1,109,109,6,0,0,2,'2018-12-01 00:00:00',1000.0000,'','2019-04-18 23:18:28',0,'2019-04-18 23:18:28',0),(218,1,109,109,10,0,0,2,'2018-12-01 00:00:00',-1000.0000,'','2019-04-18 23:18:28',0,'2019-04-18 23:18:28',0),(219,1,110,110,6,0,0,2,'2019-01-01 00:00:00',1000.0000,'','2019-04-18 23:18:28',0,'2019-04-18 23:18:28',0),(220,1,110,110,10,0,0,2,'2019-01-01 00:00:00',-1000.0000,'','2019-04-18 23:18:28',0,'2019-04-18 23:18:28',0),(221,1,111,111,6,0,0,2,'2019-02-01 00:00:00',1000.0000,'','2019-04-18 23:18:28',0,'2019-04-18 23:18:28',0),(222,1,111,111,10,0,0,2,'2019-02-01 00:00:00',-1000.0000,'','2019-04-18 23:18:28',0,'2019-04-18 23:18:28',0),(223,1,112,112,6,0,0,2,'2019-03-01 00:00:00',1000.0000,'','2019-04-18 23:18:28',0,'2019-04-18 23:18:28',0),(224,1,112,112,10,0,0,2,'2019-03-01 00:00:00',-1000.0000,'','2019-04-18 23:18:28',0,'2019-04-18 23:18:28',0),(225,1,113,113,6,0,0,2,'2019-04-01 00:00:00',1000.0000,'','2019-04-18 23:18:28',0,'2019-04-18 23:18:28',0),(226,1,113,113,10,0,0,2,'2019-04-01 00:00:00',-1000.0000,'','2019-04-18 23:18:28',0,'2019-04-18 23:18:28',0),(227,1,114,114,6,0,0,2,'2018-07-05 00:00:00',2000.0000,'','2019-04-18 23:18:28',0,'2019-04-18 23:18:28',0),(228,1,114,114,10,0,0,2,'2018-07-05 00:00:00',-2000.0000,'','2019-04-18 23:18:28',0,'2019-04-18 23:18:28',0),(229,1,115,115,6,0,0,2,'2018-08-01 00:00:00',10.0000,'','2019-04-18 23:18:28',0,'2019-04-18 23:18:28',0),(230,1,115,115,10,0,0,2,'2018-08-01 00:00:00',-10.0000,'','2019-04-18 23:18:28',0,'2019-04-18 23:18:28',0),(231,1,116,116,6,0,0,2,'2018-09-01 00:00:00',10.0000,'','2019-04-18 23:18:28',0,'2019-04-18 23:18:28',0),(232,1,116,116,10,0,0,2,'2018-09-01 00:00:00',-10.0000,'','2019-04-18 23:18:28',0,'2019-04-18 23:18:28',0),(233,1,117,117,6,0,0,2,'2018-10-01 00:00:00',10.0000,'','2019-04-18 23:18:28',0,'2019-04-18 23:18:28',0),(234,1,117,117,10,0,0,2,'2018-10-01 00:00:00',-10.0000,'','2019-04-18 23:18:28',0,'2019-04-18 23:18:28',0),(235,1,118,118,6,0,0,2,'2018-11-01 00:00:00',10.0000,'','2019-04-18 23:18:28',0,'2019-04-18 23:18:28',0),(236,1,118,118,10,0,0,2,'2018-11-01 00:00:00',-10.0000,'','2019-04-18 23:18:28',0,'2019-04-18 23:18:28',0),(237,1,119,119,6,0,0,2,'2018-12-01 00:00:00',10.0000,'','2019-04-18 23:18:28',0,'2019-04-18 23:18:28',0),(238,1,119,119,10,0,0,2,'2018-12-01 00:00:00',-10.0000,'','2019-04-18 23:18:28',0,'2019-04-18 23:18:28',0),(239,1,120,120,6,0,0,2,'2019-01-01 00:00:00',10.0000,'','2019-04-18 23:18:28',0,'2019-04-18 23:18:28',0),(240,1,120,120,10,0,0,2,'2019-01-01 00:00:00',-10.0000,'','2019-04-18 23:18:28',0,'2019-04-18 23:18:28',0),(241,1,121,121,6,0,0,2,'2019-02-01 00:00:00',10.0000,'','2019-04-18 23:18:28',0,'2019-04-18 23:18:28',0),(242,1,121,121,10,0,0,2,'2019-02-01 00:00:00',-10.0000,'','2019-04-18 23:18:28',0,'2019-04-18 23:18:28',0),(243,1,122,122,6,0,0,2,'2019-03-01 00:00:00',10.0000,'','2019-04-18 23:18:28',0,'2019-04-18 23:18:28',0),(244,1,122,122,10,0,0,2,'2019-03-01 00:00:00',-10.0000,'','2019-04-18 23:18:28',0,'2019-04-18 23:18:28',0),(245,1,123,123,6,0,0,2,'2019-04-01 00:00:00',10.0000,'','2019-04-18 23:18:28',0,'2019-04-18 23:18:28',0),(246,1,123,123,10,0,0,2,'2019-04-01 00:00:00',-10.0000,'','2019-04-18 23:18:28',0,'2019-04-18 23:18:28',0),(247,1,124,124,6,0,0,2,'2018-07-05 00:00:00',870.9700,'','2019-04-18 23:18:28',0,'2019-04-18 23:18:28',0),(248,1,124,124,10,0,0,2,'2018-07-05 00:00:00',-870.9700,'','2019-04-18 23:18:28',0,'2019-04-18 23:18:28',0),(249,1,125,125,6,0,0,2,'2018-07-05 00:00:00',50.0000,'','2019-04-18 23:18:28',0,'2019-04-18 23:18:28',0),(250,1,125,125,10,0,0,2,'2018-07-05 00:00:00',-50.0000,'','2019-04-18 23:18:28',0,'2019-04-18 23:18:28',0),(251,1,126,126,6,0,0,2,'2018-07-05 00:00:00',8.7100,'','2019-04-18 23:18:28',0,'2019-04-18 23:18:28',0),(252,1,126,126,10,0,0,2,'2018-07-05 00:00:00',-8.7100,'','2019-04-18 23:18:28',0,'2019-04-18 23:18:28',0),(253,1,127,127,6,0,0,2,'2018-07-05 00:00:00',10.0000,'','2019-04-18 23:18:28',0,'2019-04-18 23:18:28',0),(254,1,127,127,10,0,0,2,'2018-07-05 00:00:00',-10.0000,'','2019-04-18 23:18:28',0,'2019-04-18 23:18:28',0),(255,1,128,128,6,0,0,3,'2018-08-01 00:00:00',1500.0000,'','2019-04-18 23:18:28',0,'2019-04-18 23:18:28',0),(256,1,128,128,10,0,0,3,'2018-08-01 00:00:00',-1500.0000,'','2019-04-18 23:18:28',0,'2019-04-18 23:18:28',0),(257,1,129,129,6,0,0,3,'2018-09-01 00:00:00',1500.0000,'','2019-04-18 23:18:28',0,'2019-04-18 23:18:28',0),(258,1,129,129,10,0,0,3,'2018-09-01 00:00:00',-1500.0000,'','2019-04-18 23:18:28',0,'2019-04-18 23:18:28',0),(259,1,130,130,6,0,0,3,'2018-10-01 00:00:00',1500.0000,'','2019-04-18 23:18:28',0,'2019-04-18 23:18:28',0),(260,1,130,130,10,0,0,3,'2018-10-01 00:00:00',-1500.0000,'','2019-04-18 23:18:28',0,'2019-04-18 23:18:28',0),(261,1,131,131,6,0,0,3,'2018-11-01 00:00:00',1500.0000,'','2019-04-18 23:18:28',0,'2019-04-18 23:18:28',0),(262,1,131,131,10,0,0,3,'2018-11-01 00:00:00',-1500.0000,'','2019-04-18 23:18:28',0,'2019-04-18 23:18:28',0),(263,1,132,132,6,0,0,3,'2018-12-01 00:00:00',1500.0000,'','2019-04-18 23:18:28',0,'2019-04-18 23:18:28',0),(264,1,132,132,10,0,0,3,'2018-12-01 00:00:00',-1500.0000,'','2019-04-18 23:18:28',0,'2019-04-18 23:18:28',0),(265,1,133,133,6,0,0,3,'2019-01-01 00:00:00',1500.0000,'','2019-04-18 23:18:28',0,'2019-04-18 23:18:28',0),(266,1,133,133,10,0,0,3,'2019-01-01 00:00:00',-1500.0000,'','2019-04-18 23:18:28',0,'2019-04-18 23:18:28',0),(267,1,134,134,6,0,0,3,'2019-02-01 00:00:00',1500.0000,'','2019-04-18 23:18:28',0,'2019-04-18 23:18:28',0),(268,1,134,134,10,0,0,3,'2019-02-01 00:00:00',-1500.0000,'','2019-04-18 23:18:28',0,'2019-04-18 23:18:28',0),(269,1,135,135,6,0,0,3,'2019-03-01 00:00:00',1500.0000,'','2019-04-18 23:18:28',0,'2019-04-18 23:18:28',0),(270,1,135,135,10,0,0,3,'2019-03-01 00:00:00',-1500.0000,'','2019-04-18 23:18:28',0,'2019-04-18 23:18:28',0),(271,1,136,136,6,0,0,3,'2019-04-01 00:00:00',1500.0000,'','2019-04-18 23:18:28',0,'2019-04-18 23:18:28',0),(272,1,136,136,10,0,0,3,'2019-04-01 00:00:00',-1500.0000,'','2019-04-18 23:18:28',0,'2019-04-18 23:18:28',0),(273,1,137,137,6,0,0,3,'2018-07-05 00:00:00',3000.0000,'','2019-04-18 23:18:28',0,'2019-04-18 23:18:28',0),(274,1,137,137,10,0,0,3,'2018-07-05 00:00:00',-3000.0000,'','2019-04-18 23:18:28',0,'2019-04-18 23:18:28',0),(275,1,138,138,6,0,0,3,'2018-08-01 00:00:00',10.0000,'','2019-04-18 23:18:28',0,'2019-04-18 23:18:28',0),(276,1,138,138,10,0,0,3,'2018-08-01 00:00:00',-10.0000,'','2019-04-18 23:18:28',0,'2019-04-18 23:18:28',0),(277,1,139,139,6,0,0,3,'2018-09-01 00:00:00',10.0000,'','2019-04-18 23:18:28',0,'2019-04-18 23:18:28',0),(278,1,139,139,10,0,0,3,'2018-09-01 00:00:00',-10.0000,'','2019-04-18 23:18:28',0,'2019-04-18 23:18:28',0),(279,1,140,140,6,0,0,3,'2018-10-01 00:00:00',10.0000,'','2019-04-18 23:18:28',0,'2019-04-18 23:18:28',0),(280,1,140,140,10,0,0,3,'2018-10-01 00:00:00',-10.0000,'','2019-04-18 23:18:28',0,'2019-04-18 23:18:28',0),(281,1,141,141,6,0,0,3,'2018-11-01 00:00:00',10.0000,'','2019-04-18 23:18:28',0,'2019-04-18 23:18:28',0),(282,1,141,141,10,0,0,3,'2018-11-01 00:00:00',-10.0000,'','2019-04-18 23:18:28',0,'2019-04-18 23:18:28',0),(283,1,142,142,6,0,0,3,'2018-12-01 00:00:00',10.0000,'','2019-04-18 23:18:28',0,'2019-04-18 23:18:28',0),(284,1,142,142,10,0,0,3,'2018-12-01 00:00:00',-10.0000,'','2019-04-18 23:18:28',0,'2019-04-18 23:18:28',0),(285,1,143,143,6,0,0,3,'2019-01-01 00:00:00',10.0000,'','2019-04-18 23:18:28',0,'2019-04-18 23:18:28',0),(286,1,143,143,10,0,0,3,'2019-01-01 00:00:00',-10.0000,'','2019-04-18 23:18:28',0,'2019-04-18 23:18:28',0),(287,1,144,144,6,0,0,3,'2019-02-01 00:00:00',10.0000,'','2019-04-18 23:18:28',0,'2019-04-18 23:18:28',0),(288,1,144,144,10,0,0,3,'2019-02-01 00:00:00',-10.0000,'','2019-04-18 23:18:28',0,'2019-04-18 23:18:28',0),(289,1,145,145,6,0,0,3,'2019-03-01 00:00:00',10.0000,'','2019-04-18 23:18:28',0,'2019-04-18 23:18:28',0),(290,1,145,145,10,0,0,3,'2019-03-01 00:00:00',-10.0000,'','2019-04-18 23:18:28',0,'2019-04-18 23:18:28',0),(291,1,146,146,6,0,0,3,'2019-04-01 00:00:00',10.0000,'','2019-04-18 23:18:28',0,'2019-04-18 23:18:28',0),(292,1,146,146,10,0,0,3,'2019-04-01 00:00:00',-10.0000,'','2019-04-18 23:18:28',0,'2019-04-18 23:18:28',0),(293,1,147,147,6,0,0,3,'2018-07-05 00:00:00',1306.4500,'','2019-04-18 23:18:28',0,'2019-04-18 23:18:28',0),(294,1,147,147,10,0,0,3,'2018-07-05 00:00:00',-1306.4500,'','2019-04-18 23:18:28',0,'2019-04-18 23:18:28',0),(295,1,148,148,6,0,0,3,'2018-07-05 00:00:00',50.0000,'','2019-04-18 23:18:28',0,'2019-04-18 23:18:28',0),(296,1,148,148,10,0,0,3,'2018-07-05 00:00:00',-50.0000,'','2019-04-18 23:18:28',0,'2019-04-18 23:18:28',0),(297,1,149,149,6,0,0,3,'2018-07-05 00:00:00',8.7100,'','2019-04-18 23:18:28',0,'2019-04-18 23:18:28',0),(298,1,149,149,10,0,0,3,'2018-07-05 00:00:00',-8.7100,'','2019-04-18 23:18:28',0,'2019-04-18 23:18:28',0),(299,1,150,150,6,0,0,3,'2018-07-05 00:00:00',10.0000,'','2019-04-18 23:18:28',0,'2019-04-18 23:18:28',0),(300,1,150,150,10,0,0,3,'2018-07-05 00:00:00',-10.0000,'','2019-04-18 23:18:28',0,'2019-04-18 23:18:28',0),(301,1,151,151,6,0,0,4,'2018-08-01 00:00:00',1500.0000,'','2019-04-18 23:18:28',0,'2019-04-18 23:18:28',0),(302,1,151,151,10,0,0,4,'2018-08-01 00:00:00',-1500.0000,'','2019-04-18 23:18:28',0,'2019-04-18 23:18:28',0),(303,1,152,152,6,0,0,4,'2018-09-01 00:00:00',1500.0000,'','2019-04-18 23:18:28',0,'2019-04-18 23:18:28',0),(304,1,152,152,10,0,0,4,'2018-09-01 00:00:00',-1500.0000,'','2019-04-18 23:18:28',0,'2019-04-18 23:18:28',0),(305,1,153,153,6,0,0,4,'2018-10-01 00:00:00',1500.0000,'','2019-04-18 23:18:28',0,'2019-04-18 23:18:28',0),(306,1,153,153,10,0,0,4,'2018-10-01 00:00:00',-1500.0000,'','2019-04-18 23:18:28',0,'2019-04-18 23:18:28',0),(307,1,154,154,6,0,0,4,'2018-11-01 00:00:00',1500.0000,'','2019-04-18 23:18:28',0,'2019-04-18 23:18:28',0),(308,1,154,154,10,0,0,4,'2018-11-01 00:00:00',-1500.0000,'','2019-04-18 23:18:28',0,'2019-04-18 23:18:28',0),(309,1,155,155,6,0,0,4,'2018-12-01 00:00:00',1500.0000,'','2019-04-18 23:18:28',0,'2019-04-18 23:18:28',0),(310,1,155,155,10,0,0,4,'2018-12-01 00:00:00',-1500.0000,'','2019-04-18 23:18:28',0,'2019-04-18 23:18:28',0),(311,1,156,156,6,0,0,4,'2019-01-01 00:00:00',1500.0000,'','2019-04-18 23:18:28',0,'2019-04-18 23:18:28',0),(312,1,156,156,10,0,0,4,'2019-01-01 00:00:00',-1500.0000,'','2019-04-18 23:18:28',0,'2019-04-18 23:18:28',0),(313,1,157,157,6,0,0,4,'2019-02-01 00:00:00',1500.0000,'','2019-04-18 23:18:28',0,'2019-04-18 23:18:28',0),(314,1,157,157,10,0,0,4,'2019-02-01 00:00:00',-1500.0000,'','2019-04-18 23:18:28',0,'2019-04-18 23:18:28',0),(315,1,158,158,6,0,0,4,'2019-03-01 00:00:00',1500.0000,'','2019-04-18 23:18:28',0,'2019-04-18 23:18:28',0),(316,1,158,158,10,0,0,4,'2019-03-01 00:00:00',-1500.0000,'','2019-04-18 23:18:28',0,'2019-04-18 23:18:28',0),(317,1,159,159,6,0,0,4,'2019-04-01 00:00:00',1500.0000,'','2019-04-18 23:18:28',0,'2019-04-18 23:18:28',0),(318,1,159,159,10,0,0,4,'2019-04-01 00:00:00',-1500.0000,'','2019-04-18 23:18:28',0,'2019-04-18 23:18:28',0),(319,1,160,160,6,0,0,4,'2018-07-05 00:00:00',3000.0000,'','2019-04-18 23:18:28',0,'2019-04-18 23:18:28',0),(320,1,160,160,10,0,0,4,'2018-07-05 00:00:00',-3000.0000,'','2019-04-18 23:18:28',0,'2019-04-18 23:18:28',0),(321,1,161,161,6,0,0,4,'2018-07-05 00:00:00',1306.4500,'','2019-04-18 23:18:29',0,'2019-04-18 23:18:29',0),(322,1,161,161,10,0,0,4,'2018-07-05 00:00:00',-1306.4500,'','2019-04-18 23:18:29',0,'2019-04-18 23:18:29',0),(323,1,162,162,6,0,0,4,'2018-07-05 00:00:00',10.0000,'','2019-04-18 23:18:29',0,'2019-04-18 23:18:29',0),(324,1,162,162,10,0,0,4,'2018-07-05 00:00:00',-10.0000,'','2019-04-18 23:18:29',0,'2019-04-18 23:18:29',0),(325,1,163,163,10,1,1,1,'2018-07-05 00:00:00',8.7100,'','2019-04-18 23:18:29',0,'2019-04-18 23:18:29',0),(326,1,163,163,9,1,1,1,'2018-07-05 00:00:00',-8.7100,'','2019-04-18 23:18:29',0,'2019-04-18 23:18:29',0),(327,1,164,164,10,1,1,1,'2018-07-05 00:00:00',10.0000,'','2019-04-18 23:18:29',0,'2019-04-18 23:18:29',0),(328,1,164,164,9,1,1,1,'2018-07-05 00:00:00',-10.0000,'','2019-04-18 23:18:29',0,'2019-04-18 23:18:29',0),(329,1,165,165,10,1,1,1,'2018-07-05 00:00:00',50.0000,'','2019-04-18 23:18:29',0,'2019-04-18 23:18:29',0),(330,1,165,165,9,1,1,1,'2018-07-05 00:00:00',-50.0000,'','2019-04-18 23:18:29',0,'2019-04-18 23:18:29',0),(331,1,166,166,10,1,1,1,'2018-07-05 00:00:00',870.9700,'','2019-04-18 23:18:29',0,'2019-04-18 23:18:29',0),(332,1,166,166,9,1,1,1,'2018-07-05 00:00:00',-870.9700,'','2019-04-18 23:18:29',0,'2019-04-18 23:18:29',0),(333,1,167,167,10,1,1,1,'2018-07-05 00:00:00',1060.3200,'','2019-04-18 23:18:29',0,'2019-04-18 23:18:29',0),(334,1,167,167,9,1,1,1,'2018-07-05 00:00:00',-1060.3200,'','2019-04-18 23:18:29',0,'2019-04-18 23:18:29',0),(335,1,168,168,10,1,1,1,'2018-07-05 00:00:00',870.9700,'','2019-04-18 23:18:29',0,'2019-04-18 23:18:29',0),(336,1,168,168,9,1,1,1,'2018-07-05 00:00:00',-870.9700,'','2019-04-18 23:18:29',0,'2019-04-18 23:18:29',0),(337,1,169,169,10,1,1,1,'2018-07-05 00:00:00',50.0000,'','2019-04-18 23:18:29',0,'2019-04-18 23:18:29',0),(338,1,169,169,9,1,1,1,'2018-07-05 00:00:00',-50.0000,'','2019-04-18 23:18:29',0,'2019-04-18 23:18:29',0),(339,1,170,170,10,1,1,1,'2018-07-05 00:00:00',8.7100,'','2019-04-18 23:18:29',0,'2019-04-18 23:18:29',0),(340,1,170,170,9,1,1,1,'2018-07-05 00:00:00',-8.7100,'','2019-04-18 23:18:29',0,'2019-04-18 23:18:29',0),(341,1,171,171,10,1,1,1,'2018-07-05 00:00:00',10.0000,'','2019-04-18 23:18:29',0,'2019-04-18 23:18:29',0),(342,1,171,171,9,1,1,1,'2018-07-05 00:00:00',-10.0000,'','2019-04-18 23:18:29',0,'2019-04-18 23:18:29',0),(343,1,172,172,10,1,1,1,'2018-08-01 00:00:00',10.0000,'','2019-04-18 23:18:29',0,'2019-04-18 23:18:29',0),(344,1,172,172,9,1,1,1,'2018-08-01 00:00:00',-10.0000,'','2019-04-18 23:18:29',0,'2019-04-18 23:18:29',0),(345,1,173,173,10,1,1,1,'2018-08-01 00:00:00',990.0000,'','2019-04-18 23:18:29',0,'2019-04-18 23:18:29',0),(346,1,173,173,9,1,1,1,'2018-08-01 00:00:00',-990.0000,'','2019-04-18 23:18:29',0,'2019-04-18 23:18:29',0),(347,1,174,174,10,1,1,1,'2018-08-01 00:00:00',10.0000,'','2019-04-18 23:18:29',0,'2019-04-18 23:18:29',0),(348,1,174,174,9,1,1,1,'2018-08-01 00:00:00',-10.0000,'','2019-04-18 23:18:29',0,'2019-04-18 23:18:29',0),(349,1,175,175,10,1,1,1,'2018-09-01 00:00:00',10.0000,'','2019-04-18 23:18:29',0,'2019-04-18 23:18:29',0),(350,1,175,175,9,1,1,1,'2018-09-01 00:00:00',-10.0000,'','2019-04-18 23:18:29',0,'2019-04-18 23:18:29',0),(351,1,176,176,10,1,1,1,'2018-09-01 00:00:00',990.0000,'','2019-04-18 23:18:29',0,'2019-04-18 23:18:29',0),(352,1,176,176,9,1,1,1,'2018-09-01 00:00:00',-990.0000,'','2019-04-18 23:18:29',0,'2019-04-18 23:18:29',0),(353,1,177,177,10,1,1,1,'2018-09-01 00:00:00',10.0000,'','2019-04-18 23:18:29',0,'2019-04-18 23:18:29',0),(354,1,177,177,9,1,1,1,'2018-09-01 00:00:00',-10.0000,'','2019-04-18 23:18:29',0,'2019-04-18 23:18:29',0),(355,1,178,178,10,1,1,1,'2018-10-01 00:00:00',10.0000,'','2019-04-18 23:18:29',0,'2019-04-18 23:18:29',0),(356,1,178,178,9,1,1,1,'2018-10-01 00:00:00',-10.0000,'','2019-04-18 23:18:29',0,'2019-04-18 23:18:29',0),(357,1,179,179,10,1,1,1,'2018-10-01 00:00:00',990.0000,'','2019-04-18 23:18:29',0,'2019-04-18 23:18:29',0),(358,1,179,179,9,1,1,1,'2018-10-01 00:00:00',-990.0000,'','2019-04-18 23:18:29',0,'2019-04-18 23:18:29',0),(359,1,180,180,10,1,1,1,'2018-10-01 00:00:00',10.0000,'','2019-04-18 23:18:29',0,'2019-04-18 23:18:29',0),(360,1,180,180,9,1,1,1,'2018-10-01 00:00:00',-10.0000,'','2019-04-18 23:18:29',0,'2019-04-18 23:18:29',0),(361,1,181,181,10,1,1,1,'2018-11-01 00:00:00',10.0000,'','2019-04-18 23:18:29',0,'2019-04-18 23:18:29',0),(362,1,181,181,9,1,1,1,'2018-11-01 00:00:00',-10.0000,'','2019-04-18 23:18:29',0,'2019-04-18 23:18:29',0),(363,1,182,182,10,1,1,1,'2018-11-01 00:00:00',990.0000,'','2019-04-18 23:18:29',0,'2019-04-18 23:18:29',0),(364,1,182,182,9,1,1,1,'2018-11-01 00:00:00',-990.0000,'','2019-04-18 23:18:29',0,'2019-04-18 23:18:29',0),(365,1,183,183,10,1,1,1,'2018-11-01 00:00:00',10.0000,'','2019-04-18 23:18:29',0,'2019-04-18 23:18:29',0),(366,1,183,183,9,1,1,1,'2018-11-01 00:00:00',-10.0000,'','2019-04-18 23:18:29',0,'2019-04-18 23:18:29',0),(367,1,184,184,10,1,1,1,'2018-12-01 00:00:00',10.0000,'','2019-04-18 23:18:29',0,'2019-04-18 23:18:29',0),(368,1,184,184,9,1,1,1,'2018-12-01 00:00:00',-10.0000,'','2019-04-18 23:18:29',0,'2019-04-18 23:18:29',0),(369,1,185,185,10,1,1,1,'2018-12-01 00:00:00',990.0000,'','2019-04-18 23:18:29',0,'2019-04-18 23:18:29',0),(370,1,185,185,9,1,1,1,'2018-12-01 00:00:00',-990.0000,'','2019-04-18 23:18:29',0,'2019-04-18 23:18:29',0),(371,1,186,186,10,1,1,1,'2018-12-01 00:00:00',10.0000,'','2019-04-18 23:18:29',0,'2019-04-18 23:18:29',0),(372,1,186,186,9,1,1,1,'2018-12-01 00:00:00',-10.0000,'','2019-04-18 23:18:29',0,'2019-04-18 23:18:29',0),(373,1,187,187,10,1,1,1,'2019-01-01 00:00:00',10.0000,'','2019-04-18 23:18:29',0,'2019-04-18 23:18:29',0),(374,1,187,187,9,1,1,1,'2019-01-01 00:00:00',-10.0000,'','2019-04-18 23:18:29',0,'2019-04-18 23:18:29',0),(375,1,188,188,10,1,1,1,'2019-01-01 00:00:00',990.0000,'','2019-04-18 23:18:29',0,'2019-04-18 23:18:29',0),(376,1,188,188,9,1,1,1,'2019-01-01 00:00:00',-990.0000,'','2019-04-18 23:18:29',0,'2019-04-18 23:18:29',0),(377,1,189,189,10,1,1,1,'2019-01-01 00:00:00',10.0000,'','2019-04-18 23:18:29',0,'2019-04-18 23:18:29',0),(378,1,189,189,9,1,1,1,'2019-01-01 00:00:00',-10.0000,'','2019-04-18 23:18:29',0,'2019-04-18 23:18:29',0),(379,1,190,190,10,1,1,1,'2019-02-01 00:00:00',10.0000,'','2019-04-18 23:18:29',0,'2019-04-18 23:18:29',0),(380,1,190,190,9,1,1,1,'2019-02-01 00:00:00',-10.0000,'','2019-04-18 23:18:29',0,'2019-04-18 23:18:29',0),(381,1,191,191,10,1,1,1,'2019-02-01 00:00:00',990.0000,'','2019-04-18 23:18:29',0,'2019-04-18 23:18:29',0),(382,1,191,191,9,1,1,1,'2019-02-01 00:00:00',-990.0000,'','2019-04-18 23:18:29',0,'2019-04-18 23:18:29',0),(383,1,192,192,10,1,1,1,'2019-02-01 00:00:00',10.0000,'','2019-04-18 23:18:29',0,'2019-04-18 23:18:29',0),(384,1,192,192,9,1,1,1,'2019-02-01 00:00:00',-10.0000,'','2019-04-18 23:18:29',0,'2019-04-18 23:18:29',0),(385,1,193,193,10,1,1,1,'2019-03-01 00:00:00',10.0000,'','2019-04-18 23:18:29',0,'2019-04-18 23:18:29',0),(386,1,193,193,9,1,1,1,'2019-03-01 00:00:00',-10.0000,'','2019-04-18 23:18:29',0,'2019-04-18 23:18:29',0),(387,1,194,194,10,1,1,1,'2019-03-01 00:00:00',990.0000,'','2019-04-18 23:18:29',0,'2019-04-18 23:18:29',0),(388,1,194,194,9,1,1,1,'2019-03-01 00:00:00',-990.0000,'','2019-04-18 23:18:29',0,'2019-04-18 23:18:29',0),(389,1,195,195,10,1,1,1,'2019-03-01 00:00:00',10.0000,'','2019-04-18 23:18:29',0,'2019-04-18 23:18:29',0),(390,1,195,195,9,1,1,1,'2019-03-01 00:00:00',-10.0000,'','2019-04-18 23:18:29',0,'2019-04-18 23:18:29',0),(391,1,196,196,10,1,1,1,'2019-04-01 00:00:00',10.0000,'','2019-04-18 23:18:29',0,'2019-04-18 23:18:29',0),(392,1,196,196,9,1,1,1,'2019-04-01 00:00:00',-10.0000,'','2019-04-18 23:18:29',0,'2019-04-18 23:18:29',0),(393,1,197,197,10,1,1,1,'2019-04-01 00:00:00',990.0000,'','2019-04-18 23:18:29',0,'2019-04-18 23:18:29',0),(394,1,197,197,9,1,1,1,'2019-04-01 00:00:00',-990.0000,'','2019-04-18 23:18:29',0,'2019-04-18 23:18:29',0),(395,1,198,198,10,1,1,1,'2019-04-01 00:00:00',10.0000,'','2019-04-18 23:18:29',0,'2019-04-18 23:18:29',0),(396,1,198,198,9,1,1,1,'2019-04-01 00:00:00',-10.0000,'','2019-04-18 23:18:29',0,'2019-04-18 23:18:29',0),(397,1,199,199,10,2,2,2,'2018-07-05 00:00:00',8.7100,'','2019-04-18 23:18:29',0,'2019-04-18 23:18:29',0),(398,1,199,199,9,2,2,2,'2018-07-05 00:00:00',-8.7100,'','2019-04-18 23:18:29',0,'2019-04-18 23:18:29',0),(399,1,200,200,10,2,2,2,'2018-07-05 00:00:00',10.0000,'','2019-04-18 23:18:29',0,'2019-04-18 23:18:29',0),(400,1,200,200,9,2,2,2,'2018-07-05 00:00:00',-10.0000,'','2019-04-18 23:18:29',0,'2019-04-18 23:18:29',0),(401,1,201,201,10,2,2,2,'2018-07-05 00:00:00',50.0000,'','2019-04-18 23:18:29',0,'2019-04-18 23:18:29',0),(402,1,201,201,9,2,2,2,'2018-07-05 00:00:00',-50.0000,'','2019-04-18 23:18:29',0,'2019-04-18 23:18:29',0),(403,1,202,202,10,2,2,2,'2018-07-05 00:00:00',870.9700,'','2019-04-18 23:18:29',0,'2019-04-18 23:18:29',0),(404,1,202,202,9,2,2,2,'2018-07-05 00:00:00',-870.9700,'','2019-04-18 23:18:29',0,'2019-04-18 23:18:29',0),(405,1,203,203,10,2,2,2,'2018-07-05 00:00:00',1060.3200,'','2019-04-18 23:18:29',0,'2019-04-18 23:18:29',0),(406,1,203,203,9,2,2,2,'2018-07-05 00:00:00',-1060.3200,'','2019-04-18 23:18:29',0,'2019-04-18 23:18:29',0),(407,1,204,204,10,2,2,2,'2018-07-05 00:00:00',870.9700,'','2019-04-18 23:18:29',0,'2019-04-18 23:18:29',0),(408,1,204,204,9,2,2,2,'2018-07-05 00:00:00',-870.9700,'','2019-04-18 23:18:29',0,'2019-04-18 23:18:29',0),(409,1,205,205,10,2,2,2,'2018-07-05 00:00:00',50.0000,'','2019-04-18 23:18:29',0,'2019-04-18 23:18:29',0),(410,1,205,205,9,2,2,2,'2018-07-05 00:00:00',-50.0000,'','2019-04-18 23:18:29',0,'2019-04-18 23:18:29',0),(411,1,206,206,10,2,2,2,'2018-07-05 00:00:00',8.7100,'','2019-04-18 23:18:29',0,'2019-04-18 23:18:29',0),(412,1,206,206,9,2,2,2,'2018-07-05 00:00:00',-8.7100,'','2019-04-18 23:18:29',0,'2019-04-18 23:18:29',0),(413,1,207,207,10,2,2,2,'2018-07-05 00:00:00',10.0000,'','2019-04-18 23:18:29',0,'2019-04-18 23:18:29',0),(414,1,207,207,9,2,2,2,'2018-07-05 00:00:00',-10.0000,'','2019-04-18 23:18:29',0,'2019-04-18 23:18:29',0),(415,1,208,208,10,2,2,2,'2018-08-01 00:00:00',10.0000,'','2019-04-18 23:18:29',0,'2019-04-18 23:18:29',0),(416,1,208,208,9,2,2,2,'2018-08-01 00:00:00',-10.0000,'','2019-04-18 23:18:29',0,'2019-04-18 23:18:29',0),(417,1,209,209,10,2,2,2,'2018-08-01 00:00:00',990.0000,'','2019-04-18 23:18:29',0,'2019-04-18 23:18:29',0),(418,1,209,209,9,2,2,2,'2018-08-01 00:00:00',-990.0000,'','2019-04-18 23:18:29',0,'2019-04-18 23:18:29',0),(419,1,210,210,10,2,2,2,'2018-08-01 00:00:00',10.0000,'','2019-04-18 23:18:29',0,'2019-04-18 23:18:29',0),(420,1,210,210,9,2,2,2,'2018-08-01 00:00:00',-10.0000,'','2019-04-18 23:18:29',0,'2019-04-18 23:18:29',0),(421,1,211,211,10,2,2,2,'2018-09-01 00:00:00',10.0000,'','2019-04-18 23:18:29',0,'2019-04-18 23:18:29',0),(422,1,211,211,9,2,2,2,'2018-09-01 00:00:00',-10.0000,'','2019-04-18 23:18:29',0,'2019-04-18 23:18:29',0),(423,1,212,212,10,2,2,2,'2018-09-01 00:00:00',990.0000,'','2019-04-18 23:18:29',0,'2019-04-18 23:18:29',0),(424,1,212,212,9,2,2,2,'2018-09-01 00:00:00',-990.0000,'','2019-04-18 23:18:29',0,'2019-04-18 23:18:29',0),(425,1,213,213,10,2,2,2,'2018-09-01 00:00:00',10.0000,'','2019-04-18 23:18:29',0,'2019-04-18 23:18:29',0),(426,1,213,213,9,2,2,2,'2018-09-01 00:00:00',-10.0000,'','2019-04-18 23:18:29',0,'2019-04-18 23:18:29',0),(427,1,214,214,10,2,2,2,'2018-10-01 00:00:00',10.0000,'','2019-04-18 23:18:29',0,'2019-04-18 23:18:29',0),(428,1,214,214,9,2,2,2,'2018-10-01 00:00:00',-10.0000,'','2019-04-18 23:18:29',0,'2019-04-18 23:18:29',0),(429,1,215,215,10,2,2,2,'2018-10-01 00:00:00',990.0000,'','2019-04-18 23:18:29',0,'2019-04-18 23:18:29',0),(430,1,215,215,9,2,2,2,'2018-10-01 00:00:00',-990.0000,'','2019-04-18 23:18:29',0,'2019-04-18 23:18:29',0),(431,1,216,216,10,2,2,2,'2018-10-01 00:00:00',10.0000,'','2019-04-18 23:18:29',0,'2019-04-18 23:18:29',0),(432,1,216,216,9,2,2,2,'2018-10-01 00:00:00',-10.0000,'','2019-04-18 23:18:29',0,'2019-04-18 23:18:29',0),(433,1,217,217,10,2,2,2,'2018-11-01 00:00:00',10.0000,'','2019-04-18 23:18:29',0,'2019-04-18 23:18:29',0),(434,1,217,217,9,2,2,2,'2018-11-01 00:00:00',-10.0000,'','2019-04-18 23:18:29',0,'2019-04-18 23:18:29',0),(435,1,218,218,10,2,2,2,'2018-11-01 00:00:00',990.0000,'','2019-04-18 23:18:29',0,'2019-04-18 23:18:29',0),(436,1,218,218,9,2,2,2,'2018-11-01 00:00:00',-990.0000,'','2019-04-18 23:18:29',0,'2019-04-18 23:18:29',0),(437,1,219,219,10,2,2,2,'2018-11-01 00:00:00',10.0000,'','2019-04-18 23:18:29',0,'2019-04-18 23:18:29',0),(438,1,219,219,9,2,2,2,'2018-11-01 00:00:00',-10.0000,'','2019-04-18 23:18:29',0,'2019-04-18 23:18:29',0),(439,1,220,220,10,2,2,2,'2018-12-01 00:00:00',10.0000,'','2019-04-18 23:18:29',0,'2019-04-18 23:18:29',0),(440,1,220,220,9,2,2,2,'2018-12-01 00:00:00',-10.0000,'','2019-04-18 23:18:29',0,'2019-04-18 23:18:29',0),(441,1,221,221,10,2,2,2,'2018-12-01 00:00:00',990.0000,'','2019-04-18 23:18:29',0,'2019-04-18 23:18:29',0),(442,1,221,221,9,2,2,2,'2018-12-01 00:00:00',-990.0000,'','2019-04-18 23:18:29',0,'2019-04-18 23:18:29',0),(443,1,222,222,10,2,2,2,'2018-12-01 00:00:00',10.0000,'','2019-04-18 23:18:29',0,'2019-04-18 23:18:29',0),(444,1,222,222,9,2,2,2,'2018-12-01 00:00:00',-10.0000,'','2019-04-18 23:18:29',0,'2019-04-18 23:18:29',0),(445,1,223,223,10,2,2,2,'2019-01-01 00:00:00',10.0000,'','2019-04-18 23:18:29',0,'2019-04-18 23:18:29',0),(446,1,223,223,9,2,2,2,'2019-01-01 00:00:00',-10.0000,'','2019-04-18 23:18:29',0,'2019-04-18 23:18:29',0),(447,1,224,224,10,2,2,2,'2019-01-01 00:00:00',990.0000,'','2019-04-18 23:18:29',0,'2019-04-18 23:18:29',0),(448,1,224,224,9,2,2,2,'2019-01-01 00:00:00',-990.0000,'','2019-04-18 23:18:29',0,'2019-04-18 23:18:29',0),(449,1,225,225,10,2,2,2,'2019-01-01 00:00:00',10.0000,'','2019-04-18 23:18:29',0,'2019-04-18 23:18:29',0),(450,1,225,225,9,2,2,2,'2019-01-01 00:00:00',-10.0000,'','2019-04-18 23:18:29',0,'2019-04-18 23:18:29',0),(451,1,226,226,10,2,2,2,'2019-02-01 00:00:00',10.0000,'','2019-04-18 23:18:29',0,'2019-04-18 23:18:29',0),(452,1,226,226,9,2,2,2,'2019-02-01 00:00:00',-10.0000,'','2019-04-18 23:18:29',0,'2019-04-18 23:18:29',0),(453,1,227,227,10,2,2,2,'2019-02-01 00:00:00',990.0000,'','2019-04-18 23:18:29',0,'2019-04-18 23:18:29',0),(454,1,227,227,9,2,2,2,'2019-02-01 00:00:00',-990.0000,'','2019-04-18 23:18:29',0,'2019-04-18 23:18:29',0),(455,1,228,228,10,2,2,2,'2019-02-01 00:00:00',10.0000,'','2019-04-18 23:18:29',0,'2019-04-18 23:18:29',0),(456,1,228,228,9,2,2,2,'2019-02-01 00:00:00',-10.0000,'','2019-04-18 23:18:29',0,'2019-04-18 23:18:29',0),(457,1,229,229,10,2,2,2,'2019-03-01 00:00:00',10.0000,'','2019-04-18 23:18:29',0,'2019-04-18 23:18:29',0),(458,1,229,229,9,2,2,2,'2019-03-01 00:00:00',-10.0000,'','2019-04-18 23:18:29',0,'2019-04-18 23:18:29',0),(459,1,230,230,10,2,2,2,'2019-03-01 00:00:00',990.0000,'','2019-04-18 23:18:29',0,'2019-04-18 23:18:29',0),(460,1,230,230,9,2,2,2,'2019-03-01 00:00:00',-990.0000,'','2019-04-18 23:18:29',0,'2019-04-18 23:18:29',0),(461,1,231,231,10,2,2,2,'2019-03-01 00:00:00',10.0000,'','2019-04-18 23:18:29',0,'2019-04-18 23:18:29',0),(462,1,231,231,9,2,2,2,'2019-03-01 00:00:00',-10.0000,'','2019-04-18 23:18:29',0,'2019-04-18 23:18:29',0),(463,1,232,232,10,2,2,2,'2019-04-01 00:00:00',10.0000,'','2019-04-18 23:18:29',0,'2019-04-18 23:18:29',0),(464,1,232,232,9,2,2,2,'2019-04-01 00:00:00',-10.0000,'','2019-04-18 23:18:29',0,'2019-04-18 23:18:29',0),(465,1,233,233,10,2,2,2,'2019-04-01 00:00:00',990.0000,'','2019-04-18 23:18:29',0,'2019-04-18 23:18:29',0),(466,1,233,233,9,2,2,2,'2019-04-01 00:00:00',-990.0000,'','2019-04-18 23:18:29',0,'2019-04-18 23:18:29',0),(467,1,234,234,10,2,2,2,'2019-04-01 00:00:00',10.0000,'','2019-04-18 23:18:29',0,'2019-04-18 23:18:29',0),(468,1,234,234,9,2,2,2,'2019-04-01 00:00:00',-10.0000,'','2019-04-18 23:18:29',0,'2019-04-18 23:18:29',0),(469,1,235,235,10,3,3,3,'2018-07-05 00:00:00',8.7100,'','2019-04-18 23:18:29',0,'2019-04-18 23:18:29',0),(470,1,235,235,9,3,3,3,'2018-07-05 00:00:00',-8.7100,'','2019-04-18 23:18:29',0,'2019-04-18 23:18:29',0),(471,1,236,236,10,3,3,3,'2018-07-05 00:00:00',10.0000,'','2019-04-18 23:18:29',0,'2019-04-18 23:18:29',0),(472,1,236,236,9,3,3,3,'2018-07-05 00:00:00',-10.0000,'','2019-04-18 23:18:29',0,'2019-04-18 23:18:29',0),(473,1,237,237,10,3,3,3,'2018-07-05 00:00:00',50.0000,'','2019-04-18 23:18:29',0,'2019-04-18 23:18:29',0),(474,1,237,237,9,3,3,3,'2018-07-05 00:00:00',-50.0000,'','2019-04-18 23:18:29',0,'2019-04-18 23:18:29',0),(475,1,238,238,10,3,3,3,'2018-07-05 00:00:00',1306.4500,'','2019-04-18 23:18:29',0,'2019-04-18 23:18:29',0),(476,1,238,238,9,3,3,3,'2018-07-05 00:00:00',-1306.4500,'','2019-04-18 23:18:29',0,'2019-04-18 23:18:29',0),(477,1,239,239,10,3,3,3,'2018-07-05 00:00:00',1624.8400,'','2019-04-18 23:18:29',0,'2019-04-18 23:18:29',0),(478,1,239,239,9,3,3,3,'2018-07-05 00:00:00',-1624.8400,'','2019-04-18 23:18:29',0,'2019-04-18 23:18:29',0),(479,1,240,240,10,3,3,3,'2018-07-05 00:00:00',1306.4500,'','2019-04-18 23:18:29',0,'2019-04-18 23:18:29',0),(480,1,240,240,9,3,3,3,'2018-07-05 00:00:00',-1306.4500,'','2019-04-18 23:18:29',0,'2019-04-18 23:18:29',0),(481,1,241,241,10,3,3,3,'2018-07-05 00:00:00',50.0000,'','2019-04-18 23:18:29',0,'2019-04-18 23:18:29',0),(482,1,241,241,9,3,3,3,'2018-07-05 00:00:00',-50.0000,'','2019-04-18 23:18:29',0,'2019-04-18 23:18:29',0),(483,1,242,242,10,3,3,3,'2018-07-05 00:00:00',8.7100,'','2019-04-18 23:18:29',0,'2019-04-18 23:18:29',0),(484,1,242,242,9,3,3,3,'2018-07-05 00:00:00',-8.7100,'','2019-04-18 23:18:29',0,'2019-04-18 23:18:29',0),(485,1,243,243,10,3,3,3,'2018-07-05 00:00:00',10.0000,'','2019-04-18 23:18:29',0,'2019-04-18 23:18:29',0),(486,1,243,243,9,3,3,3,'2018-07-05 00:00:00',-10.0000,'','2019-04-18 23:18:29',0,'2019-04-18 23:18:29',0),(487,1,244,244,10,3,3,3,'2018-08-01 00:00:00',10.0000,'','2019-04-18 23:18:29',0,'2019-04-18 23:18:29',0),(488,1,244,244,9,3,3,3,'2018-08-01 00:00:00',-10.0000,'','2019-04-18 23:18:29',0,'2019-04-18 23:18:29',0),(489,1,245,245,10,3,3,3,'2018-08-01 00:00:00',1490.0000,'','2019-04-18 23:18:29',0,'2019-04-18 23:18:29',0),(490,1,245,245,9,3,3,3,'2018-08-01 00:00:00',-1490.0000,'','2019-04-18 23:18:29',0,'2019-04-18 23:18:29',0),(491,1,246,246,10,3,3,3,'2018-08-01 00:00:00',10.0000,'','2019-04-18 23:18:29',0,'2019-04-18 23:18:29',0),(492,1,246,246,9,3,3,3,'2018-08-01 00:00:00',-10.0000,'','2019-04-18 23:18:29',0,'2019-04-18 23:18:29',0),(493,1,247,247,10,3,3,3,'2018-09-01 00:00:00',10.0000,'','2019-04-18 23:18:29',0,'2019-04-18 23:18:29',0),(494,1,247,247,9,3,3,3,'2018-09-01 00:00:00',-10.0000,'','2019-04-18 23:18:29',0,'2019-04-18 23:18:29',0),(495,1,248,248,10,3,3,3,'2018-09-01 00:00:00',1490.0000,'','2019-04-18 23:18:29',0,'2019-04-18 23:18:29',0),(496,1,248,248,9,3,3,3,'2018-09-01 00:00:00',-1490.0000,'','2019-04-18 23:18:29',0,'2019-04-18 23:18:29',0),(497,1,249,249,10,3,3,3,'2018-09-01 00:00:00',10.0000,'','2019-04-18 23:18:29',0,'2019-04-18 23:18:29',0),(498,1,249,249,9,3,3,3,'2018-09-01 00:00:00',-10.0000,'','2019-04-18 23:18:29',0,'2019-04-18 23:18:29',0),(499,1,250,250,10,3,3,3,'2018-10-01 00:00:00',10.0000,'','2019-04-18 23:18:29',0,'2019-04-18 23:18:29',0),(500,1,250,250,9,3,3,3,'2018-10-01 00:00:00',-10.0000,'','2019-04-18 23:18:29',0,'2019-04-18 23:18:29',0),(501,1,251,251,10,3,3,3,'2018-10-01 00:00:00',1490.0000,'','2019-04-18 23:18:29',0,'2019-04-18 23:18:29',0),(502,1,251,251,9,3,3,3,'2018-10-01 00:00:00',-1490.0000,'','2019-04-18 23:18:29',0,'2019-04-18 23:18:29',0),(503,1,252,252,10,3,3,3,'2018-10-01 00:00:00',10.0000,'','2019-04-18 23:18:29',0,'2019-04-18 23:18:29',0),(504,1,252,252,9,3,3,3,'2018-10-01 00:00:00',-10.0000,'','2019-04-18 23:18:29',0,'2019-04-18 23:18:29',0),(505,1,253,253,10,3,3,3,'2018-11-01 00:00:00',10.0000,'','2019-04-18 23:18:29',0,'2019-04-18 23:18:29',0),(506,1,253,253,9,3,3,3,'2018-11-01 00:00:00',-10.0000,'','2019-04-18 23:18:29',0,'2019-04-18 23:18:29',0),(507,1,254,254,10,3,3,3,'2018-11-01 00:00:00',1490.0000,'','2019-04-18 23:18:29',0,'2019-04-18 23:18:29',0),(508,1,254,254,9,3,3,3,'2018-11-01 00:00:00',-1490.0000,'','2019-04-18 23:18:29',0,'2019-04-18 23:18:29',0),(509,1,255,255,10,3,3,3,'2018-11-01 00:00:00',10.0000,'','2019-04-18 23:18:29',0,'2019-04-18 23:18:29',0),(510,1,255,255,9,3,3,3,'2018-11-01 00:00:00',-10.0000,'','2019-04-18 23:18:29',0,'2019-04-18 23:18:29',0),(511,1,256,256,10,3,3,3,'2018-12-01 00:00:00',10.0000,'','2019-04-18 23:18:29',0,'2019-04-18 23:18:29',0),(512,1,256,256,9,3,3,3,'2018-12-01 00:00:00',-10.0000,'','2019-04-18 23:18:29',0,'2019-04-18 23:18:29',0),(513,1,257,257,10,3,3,3,'2018-12-01 00:00:00',1490.0000,'','2019-04-18 23:18:29',0,'2019-04-18 23:18:29',0),(514,1,257,257,9,3,3,3,'2018-12-01 00:00:00',-1490.0000,'','2019-04-18 23:18:29',0,'2019-04-18 23:18:29',0),(515,1,258,258,10,3,3,3,'2018-12-01 00:00:00',10.0000,'','2019-04-18 23:18:29',0,'2019-04-18 23:18:29',0),(516,1,258,258,9,3,3,3,'2018-12-01 00:00:00',-10.0000,'','2019-04-18 23:18:29',0,'2019-04-18 23:18:29',0),(517,1,259,259,10,3,3,3,'2019-01-01 00:00:00',10.0000,'','2019-04-18 23:18:29',0,'2019-04-18 23:18:29',0),(518,1,259,259,9,3,3,3,'2019-01-01 00:00:00',-10.0000,'','2019-04-18 23:18:29',0,'2019-04-18 23:18:29',0),(519,1,260,260,10,3,3,3,'2019-01-01 00:00:00',1490.0000,'','2019-04-18 23:18:29',0,'2019-04-18 23:18:29',0),(520,1,260,260,9,3,3,3,'2019-01-01 00:00:00',-1490.0000,'','2019-04-18 23:18:29',0,'2019-04-18 23:18:29',0),(521,1,261,261,10,3,3,3,'2019-01-01 00:00:00',10.0000,'','2019-04-18 23:18:29',0,'2019-04-18 23:18:29',0),(522,1,261,261,9,3,3,3,'2019-01-01 00:00:00',-10.0000,'','2019-04-18 23:18:29',0,'2019-04-18 23:18:29',0),(523,1,262,262,10,3,3,3,'2019-02-01 00:00:00',10.0000,'','2019-04-18 23:18:29',0,'2019-04-18 23:18:29',0),(524,1,262,262,9,3,3,3,'2019-02-01 00:00:00',-10.0000,'','2019-04-18 23:18:29',0,'2019-04-18 23:18:29',0),(525,1,263,263,10,3,3,3,'2019-02-01 00:00:00',1490.0000,'','2019-04-18 23:18:29',0,'2019-04-18 23:18:29',0),(526,1,263,263,9,3,3,3,'2019-02-01 00:00:00',-1490.0000,'','2019-04-18 23:18:29',0,'2019-04-18 23:18:29',0),(527,1,264,264,10,3,3,3,'2019-02-01 00:00:00',10.0000,'','2019-04-18 23:18:29',0,'2019-04-18 23:18:29',0),(528,1,264,264,9,3,3,3,'2019-02-01 00:00:00',-10.0000,'','2019-04-18 23:18:29',0,'2019-04-18 23:18:29',0),(529,1,265,265,10,3,3,3,'2019-03-01 00:00:00',10.0000,'','2019-04-18 23:18:29',0,'2019-04-18 23:18:29',0),(530,1,265,265,9,3,3,3,'2019-03-01 00:00:00',-10.0000,'','2019-04-18 23:18:29',0,'2019-04-18 23:18:29',0),(531,1,266,266,10,3,3,3,'2019-03-01 00:00:00',1490.0000,'','2019-04-18 23:18:29',0,'2019-04-18 23:18:29',0),(532,1,266,266,9,3,3,3,'2019-03-01 00:00:00',-1490.0000,'','2019-04-18 23:18:29',0,'2019-04-18 23:18:29',0),(533,1,267,267,10,3,3,3,'2019-03-01 00:00:00',10.0000,'','2019-04-18 23:18:29',0,'2019-04-18 23:18:29',0),(534,1,267,267,9,3,3,3,'2019-03-01 00:00:00',-10.0000,'','2019-04-18 23:18:29',0,'2019-04-18 23:18:29',0),(535,1,268,268,10,3,3,3,'2019-04-01 00:00:00',10.0000,'','2019-04-18 23:18:29',0,'2019-04-18 23:18:29',0),(536,1,268,268,9,3,3,3,'2019-04-01 00:00:00',-10.0000,'','2019-04-18 23:18:29',0,'2019-04-18 23:18:29',0),(537,1,269,269,10,3,3,3,'2019-04-01 00:00:00',1490.0000,'','2019-04-18 23:18:29',0,'2019-04-18 23:18:29',0),(538,1,269,269,9,3,3,3,'2019-04-01 00:00:00',-1490.0000,'','2019-04-18 23:18:29',0,'2019-04-18 23:18:29',0),(539,1,270,270,10,3,3,3,'2019-04-01 00:00:00',10.0000,'','2019-04-18 23:18:29',0,'2019-04-18 23:18:29',0),(540,1,270,270,9,3,3,3,'2019-04-01 00:00:00',-10.0000,'','2019-04-18 23:18:29',0,'2019-04-18 23:18:29',0),(541,1,271,271,10,4,4,4,'2018-07-05 00:00:00',10.0000,'','2019-04-18 23:18:29',0,'2019-04-18 23:18:29',0),(542,1,271,271,9,4,4,4,'2018-07-05 00:00:00',-10.0000,'','2019-04-18 23:18:29',0,'2019-04-18 23:18:29',0),(543,1,272,272,10,4,4,4,'2018-07-05 00:00:00',1306.4500,'','2019-04-18 23:18:29',0,'2019-04-18 23:18:29',0),(544,1,272,272,9,4,4,4,'2018-07-05 00:00:00',-1306.4500,'','2019-04-18 23:18:29',0,'2019-04-18 23:18:29',0),(545,1,273,273,10,4,4,4,'2018-07-05 00:00:00',1683.5500,'','2019-04-18 23:18:29',0,'2019-04-18 23:18:29',0),(546,1,273,273,9,4,4,4,'2018-07-05 00:00:00',-1683.5500,'','2019-04-18 23:18:29',0,'2019-04-18 23:18:29',0),(547,1,274,274,10,4,4,4,'2018-07-05 00:00:00',1306.4500,'','2019-04-18 23:18:29',0,'2019-04-18 23:18:29',0),(548,1,274,274,9,4,4,4,'2018-07-05 00:00:00',-1306.4500,'','2019-04-18 23:18:29',0,'2019-04-18 23:18:29',0),(549,1,275,275,10,4,4,4,'2018-07-05 00:00:00',10.0000,'','2019-04-18 23:18:29',0,'2019-04-18 23:18:29',0),(550,1,275,275,9,4,4,4,'2018-07-05 00:00:00',-10.0000,'','2019-04-18 23:18:29',0,'2019-04-18 23:18:29',0),(551,1,276,276,10,4,4,4,'2018-08-01 00:00:00',1500.0000,'','2019-04-18 23:18:29',0,'2019-04-18 23:18:29',0),(552,1,276,276,9,4,4,4,'2018-08-01 00:00:00',-1500.0000,'','2019-04-18 23:18:29',0,'2019-04-18 23:18:29',0),(553,1,277,277,10,4,4,4,'2018-09-01 00:00:00',1500.0000,'','2019-04-18 23:18:29',0,'2019-04-18 23:18:29',0),(554,1,277,277,9,4,4,4,'2018-09-01 00:00:00',-1500.0000,'','2019-04-18 23:18:29',0,'2019-04-18 23:18:29',0),(555,1,278,278,10,4,4,4,'2018-10-01 00:00:00',1500.0000,'','2019-04-18 23:18:29',0,'2019-04-18 23:18:29',0),(556,1,278,278,9,4,4,4,'2018-10-01 00:00:00',-1500.0000,'','2019-04-18 23:18:29',0,'2019-04-18 23:18:29',0),(557,1,279,279,10,4,4,4,'2018-11-01 00:00:00',1500.0000,'','2019-04-18 23:18:29',0,'2019-04-18 23:18:29',0),(558,1,279,279,9,4,4,4,'2018-11-01 00:00:00',-1500.0000,'','2019-04-18 23:18:29',0,'2019-04-18 23:18:29',0),(559,1,280,280,10,4,4,4,'2018-12-01 00:00:00',1500.0000,'','2019-04-18 23:18:29',0,'2019-04-18 23:18:29',0),(560,1,280,280,9,4,4,4,'2018-12-01 00:00:00',-1500.0000,'','2019-04-18 23:18:29',0,'2019-04-18 23:18:29',0),(561,1,281,281,10,4,4,4,'2019-01-01 00:00:00',1500.0000,'','2019-04-18 23:18:29',0,'2019-04-18 23:18:29',0),(562,1,281,281,9,4,4,4,'2019-01-01 00:00:00',-1500.0000,'','2019-04-18 23:18:29',0,'2019-04-18 23:18:29',0),(563,1,282,282,10,4,4,4,'2019-02-01 00:00:00',1500.0000,'','2019-04-18 23:18:29',0,'2019-04-18 23:18:29',0),(564,1,282,282,9,4,4,4,'2019-02-01 00:00:00',-1500.0000,'','2019-04-18 23:18:29',0,'2019-04-18 23:18:29',0),(565,1,283,283,10,4,4,4,'2019-03-01 00:00:00',1500.0000,'','2019-04-18 23:18:29',0,'2019-04-18 23:18:29',0),(566,1,283,283,9,4,4,4,'2019-03-01 00:00:00',-1500.0000,'','2019-04-18 23:18:29',0,'2019-04-18 23:18:29',0),(567,1,284,284,10,4,4,4,'2019-04-01 00:00:00',1500.0000,'','2019-04-18 23:18:29',0,'2019-04-18 23:18:29',0),(568,1,284,284,9,4,4,4,'2019-04-01 00:00:00',-1500.0000,'','2019-04-18 23:18:29',0,'2019-04-18 23:18:29',0),(569,1,285,285,4,1,0,1,'2018-07-05 00:00:00',870.9700,'','2019-04-18 23:18:29',0,'2019-04-18 23:18:29',0),(570,1,285,285,6,1,0,1,'2018-07-05 00:00:00',-870.9700,'','2019-04-18 23:18:29',0,'2019-04-18 23:18:29',0),(571,1,286,286,4,1,0,1,'2018-07-05 00:00:00',50.0000,'','2019-04-18 23:18:29',0,'2019-04-18 23:18:29',0),(572,1,286,286,6,1,0,1,'2018-07-05 00:00:00',-50.0000,'','2019-04-18 23:18:29',0,'2019-04-18 23:18:29',0),(573,1,287,287,4,1,0,1,'2018-07-05 00:00:00',8.7100,'','2019-04-18 23:18:29',0,'2019-04-18 23:18:29',0),(574,1,287,287,6,1,0,1,'2018-07-05 00:00:00',-8.7100,'','2019-04-18 23:18:29',0,'2019-04-18 23:18:29',0),(575,1,288,288,4,1,0,1,'2018-07-05 00:00:00',10.0000,'','2019-04-18 23:18:29',0,'2019-04-18 23:18:29',0),(576,1,288,288,6,1,0,1,'2018-07-05 00:00:00',-10.0000,'','2019-04-18 23:18:29',0,'2019-04-18 23:18:29',0),(577,1,289,289,4,2,0,2,'2018-07-05 00:00:00',870.9700,'','2019-04-18 23:18:29',0,'2019-04-18 23:18:29',0),(578,1,289,289,6,2,0,2,'2018-07-05 00:00:00',-870.9700,'','2019-04-18 23:18:29',0,'2019-04-18 23:18:29',0),(579,1,290,290,4,2,0,2,'2018-07-05 00:00:00',50.0000,'','2019-04-18 23:18:29',0,'2019-04-18 23:18:29',0),(580,1,290,290,6,2,0,2,'2018-07-05 00:00:00',-50.0000,'','2019-04-18 23:18:29',0,'2019-04-18 23:18:29',0),(581,1,291,291,4,2,0,2,'2018-07-05 00:00:00',8.7100,'','2019-04-18 23:18:29',0,'2019-04-18 23:18:29',0),(582,1,291,291,6,2,0,2,'2018-07-05 00:00:00',-8.7100,'','2019-04-18 23:18:29',0,'2019-04-18 23:18:29',0),(583,1,292,292,4,2,0,2,'2018-07-05 00:00:00',10.0000,'','2019-04-18 23:18:29',0,'2019-04-18 23:18:29',0),(584,1,292,292,6,2,0,2,'2018-07-05 00:00:00',-10.0000,'','2019-04-18 23:18:29',0,'2019-04-18 23:18:29',0),(585,1,293,293,4,3,0,3,'2018-07-05 00:00:00',1306.4500,'','2019-04-18 23:18:29',0,'2019-04-18 23:18:29',0),(586,1,293,293,6,3,0,3,'2018-07-05 00:00:00',-1306.4500,'','2019-04-18 23:18:29',0,'2019-04-18 23:18:29',0),(587,1,294,294,4,3,0,3,'2018-07-05 00:00:00',50.0000,'','2019-04-18 23:18:29',0,'2019-04-18 23:18:29',0),(588,1,294,294,6,3,0,3,'2018-07-05 00:00:00',-50.0000,'','2019-04-18 23:18:29',0,'2019-04-18 23:18:29',0),(589,1,295,295,4,3,0,3,'2018-07-05 00:00:00',8.7100,'','2019-04-18 23:18:29',0,'2019-04-18 23:18:29',0),(590,1,295,295,6,3,0,3,'2018-07-05 00:00:00',-8.7100,'','2019-04-18 23:18:29',0,'2019-04-18 23:18:29',0),(591,1,296,296,4,3,0,3,'2018-07-05 00:00:00',10.0000,'','2019-04-18 23:18:29',0,'2019-04-18 23:18:29',0),(592,1,296,296,6,3,0,3,'2018-07-05 00:00:00',-10.0000,'','2019-04-18 23:18:29',0,'2019-04-18 23:18:29',0),(593,1,297,297,4,4,0,4,'2018-07-05 00:00:00',1306.4500,'','2019-04-18 23:18:29',0,'2019-04-18 23:18:29',0),(594,1,297,297,6,4,0,4,'2018-07-05 00:00:00',-1306.4500,'','2019-04-18 23:18:29',0,'2019-04-18 23:18:29',0),(595,1,298,298,4,4,0,4,'2018-07-05 00:00:00',10.0000,'','2019-04-18 23:18:29',0,'2019-04-18 23:18:29',0),(596,1,298,298,6,4,0,4,'2018-07-05 00:00:00',-10.0000,'','2019-04-18 23:18:29',0,'2019-04-18 23:18:29',0),(597,1,299,299,3,1,0,1,'2018-07-05 00:00:00',2000.0000,'','2019-04-18 23:18:29',0,'2019-04-18 23:18:29',0),(598,1,299,299,6,1,0,1,'2018-07-05 00:00:00',-2000.0000,'','2019-04-18 23:18:29',0,'2019-04-18 23:18:29',0),(599,1,300,300,3,2,0,2,'2018-07-05 00:00:00',2000.0000,'','2019-04-18 23:18:29',0,'2019-04-18 23:18:29',0),(600,1,300,300,6,2,0,2,'2018-07-05 00:00:00',-2000.0000,'','2019-04-18 23:18:29',0,'2019-04-18 23:18:29',0),(601,1,301,301,3,3,0,3,'2018-07-05 00:00:00',3000.0000,'','2019-04-18 23:18:29',0,'2019-04-18 23:18:29',0),(602,1,301,301,6,3,0,3,'2018-07-05 00:00:00',-3000.0000,'','2019-04-18 23:18:29',0,'2019-04-18 23:18:29',0),(603,1,302,302,3,4,0,4,'2018-07-05 00:00:00',3000.0000,'','2019-04-18 23:18:29',0,'2019-04-18 23:18:29',0),(604,1,302,302,6,4,0,4,'2018-07-05 00:00:00',-3000.0000,'','2019-04-18 23:18:29',0,'2019-04-18 23:18:29',0),(605,1,303,303,4,1,0,1,'2018-08-01 00:00:00',1000.0000,'','2019-04-18 23:18:29',0,'2019-04-18 23:18:29',0),(606,1,303,303,6,1,0,1,'2018-08-01 00:00:00',-1000.0000,'','2019-04-18 23:18:29',0,'2019-04-18 23:18:29',0),(607,1,304,304,4,1,0,1,'2018-08-01 00:00:00',10.0000,'','2019-04-18 23:18:29',0,'2019-04-18 23:18:29',0),(608,1,304,304,6,1,0,1,'2018-08-01 00:00:00',-10.0000,'','2019-04-18 23:18:29',0,'2019-04-18 23:18:29',0),(609,1,305,305,4,2,0,2,'2018-08-01 00:00:00',1000.0000,'','2019-04-18 23:18:29',0,'2019-04-18 23:18:29',0),(610,1,305,305,6,2,0,2,'2018-08-01 00:00:00',-1000.0000,'','2019-04-18 23:18:29',0,'2019-04-18 23:18:29',0),(611,1,306,306,4,2,0,2,'2018-08-01 00:00:00',10.0000,'','2019-04-18 23:18:29',0,'2019-04-18 23:18:29',0),(612,1,306,306,6,2,0,2,'2018-08-01 00:00:00',-10.0000,'','2019-04-18 23:18:29',0,'2019-04-18 23:18:29',0),(613,1,307,307,4,3,0,3,'2018-08-01 00:00:00',1500.0000,'','2019-04-18 23:18:29',0,'2019-04-18 23:18:29',0),(614,1,307,307,6,3,0,3,'2018-08-01 00:00:00',-1500.0000,'','2019-04-18 23:18:29',0,'2019-04-18 23:18:29',0),(615,1,308,308,4,3,0,3,'2018-08-01 00:00:00',10.0000,'','2019-04-18 23:18:29',0,'2019-04-18 23:18:29',0),(616,1,308,308,6,3,0,3,'2018-08-01 00:00:00',-10.0000,'','2019-04-18 23:18:29',0,'2019-04-18 23:18:29',0),(617,1,309,309,4,4,0,4,'2018-08-01 00:00:00',1500.0000,'','2019-04-18 23:18:29',0,'2019-04-18 23:18:29',0),(618,1,309,309,6,4,0,4,'2018-08-01 00:00:00',-1500.0000,'','2019-04-18 23:18:29',0,'2019-04-18 23:18:29',0),(619,1,310,310,4,1,0,1,'2018-09-01 00:00:00',1000.0000,'','2019-04-18 23:18:29',0,'2019-04-18 23:18:29',0),(620,1,310,310,6,1,0,1,'2018-09-01 00:00:00',-1000.0000,'','2019-04-18 23:18:29',0,'2019-04-18 23:18:29',0),(621,1,311,311,4,1,0,1,'2018-09-01 00:00:00',10.0000,'','2019-04-18 23:18:29',0,'2019-04-18 23:18:29',0),(622,1,311,311,6,1,0,1,'2018-09-01 00:00:00',-10.0000,'','2019-04-18 23:18:29',0,'2019-04-18 23:18:29',0),(623,1,312,312,4,2,0,2,'2018-09-01 00:00:00',1000.0000,'','2019-04-18 23:18:29',0,'2019-04-18 23:18:29',0),(624,1,312,312,6,2,0,2,'2018-09-01 00:00:00',-1000.0000,'','2019-04-18 23:18:29',0,'2019-04-18 23:18:29',0),(625,1,313,313,4,2,0,2,'2018-09-01 00:00:00',10.0000,'','2019-04-18 23:18:29',0,'2019-04-18 23:18:29',0),(626,1,313,313,6,2,0,2,'2018-09-01 00:00:00',-10.0000,'','2019-04-18 23:18:29',0,'2019-04-18 23:18:29',0),(627,1,314,314,4,3,0,3,'2018-09-01 00:00:00',1500.0000,'','2019-04-18 23:18:29',0,'2019-04-18 23:18:29',0),(628,1,314,314,6,3,0,3,'2018-09-01 00:00:00',-1500.0000,'','2019-04-18 23:18:29',0,'2019-04-18 23:18:29',0),(629,1,315,315,4,3,0,3,'2018-09-01 00:00:00',10.0000,'','2019-04-18 23:18:29',0,'2019-04-18 23:18:29',0),(630,1,315,315,6,3,0,3,'2018-09-01 00:00:00',-10.0000,'','2019-04-18 23:18:29',0,'2019-04-18 23:18:29',0),(631,1,316,316,4,4,0,4,'2018-09-01 00:00:00',1500.0000,'','2019-04-18 23:18:29',0,'2019-04-18 23:18:29',0),(632,1,316,316,6,4,0,4,'2018-09-01 00:00:00',-1500.0000,'','2019-04-18 23:18:29',0,'2019-04-18 23:18:29',0),(633,1,317,317,4,1,0,1,'2018-10-01 00:00:00',1000.0000,'','2019-04-18 23:18:29',0,'2019-04-18 23:18:29',0),(634,1,317,317,6,1,0,1,'2018-10-01 00:00:00',-1000.0000,'','2019-04-18 23:18:29',0,'2019-04-18 23:18:29',0),(635,1,318,318,4,1,0,1,'2018-10-01 00:00:00',10.0000,'','2019-04-18 23:18:29',0,'2019-04-18 23:18:29',0),(636,1,318,318,6,1,0,1,'2018-10-01 00:00:00',-10.0000,'','2019-04-18 23:18:29',0,'2019-04-18 23:18:29',0),(637,1,319,319,4,2,0,2,'2018-10-01 00:00:00',1000.0000,'','2019-04-18 23:18:29',0,'2019-04-18 23:18:29',0),(638,1,319,319,6,2,0,2,'2018-10-01 00:00:00',-1000.0000,'','2019-04-18 23:18:29',0,'2019-04-18 23:18:29',0),(639,1,320,320,4,2,0,2,'2018-10-01 00:00:00',10.0000,'','2019-04-18 23:18:29',0,'2019-04-18 23:18:29',0),(640,1,320,320,6,2,0,2,'2018-10-01 00:00:00',-10.0000,'','2019-04-18 23:18:29',0,'2019-04-18 23:18:29',0),(641,1,321,321,4,3,0,3,'2018-10-01 00:00:00',1500.0000,'','2019-04-18 23:18:29',0,'2019-04-18 23:18:29',0),(642,1,321,321,6,3,0,3,'2018-10-01 00:00:00',-1500.0000,'','2019-04-18 23:18:29',0,'2019-04-18 23:18:29',0),(643,1,322,322,4,3,0,3,'2018-10-01 00:00:00',10.0000,'','2019-04-18 23:18:29',0,'2019-04-18 23:18:29',0),(644,1,322,322,6,3,0,3,'2018-10-01 00:00:00',-10.0000,'','2019-04-18 23:18:29',0,'2019-04-18 23:18:29',0),(645,1,323,323,4,4,0,4,'2018-10-01 00:00:00',1500.0000,'','2019-04-18 23:18:29',0,'2019-04-18 23:18:29',0),(646,1,323,323,6,4,0,4,'2018-10-01 00:00:00',-1500.0000,'','2019-04-18 23:18:29',0,'2019-04-18 23:18:29',0),(647,1,324,324,4,1,0,1,'2018-11-01 00:00:00',1000.0000,'','2019-04-18 23:18:29',0,'2019-04-18 23:18:29',0),(648,1,324,324,6,1,0,1,'2018-11-01 00:00:00',-1000.0000,'','2019-04-18 23:18:29',0,'2019-04-18 23:18:29',0),(649,1,325,325,4,1,0,1,'2018-11-01 00:00:00',10.0000,'','2019-04-18 23:18:29',0,'2019-04-18 23:18:29',0),(650,1,325,325,6,1,0,1,'2018-11-01 00:00:00',-10.0000,'','2019-04-18 23:18:29',0,'2019-04-18 23:18:29',0),(651,1,326,326,4,2,0,2,'2018-11-01 00:00:00',1000.0000,'','2019-04-18 23:18:29',0,'2019-04-18 23:18:29',0),(652,1,326,326,6,2,0,2,'2018-11-01 00:00:00',-1000.0000,'','2019-04-18 23:18:29',0,'2019-04-18 23:18:29',0),(653,1,327,327,4,2,0,2,'2018-11-01 00:00:00',10.0000,'','2019-04-18 23:18:29',0,'2019-04-18 23:18:29',0),(654,1,327,327,6,2,0,2,'2018-11-01 00:00:00',-10.0000,'','2019-04-18 23:18:29',0,'2019-04-18 23:18:29',0),(655,1,328,328,4,3,0,3,'2018-11-01 00:00:00',1500.0000,'','2019-04-18 23:18:29',0,'2019-04-18 23:18:29',0),(656,1,328,328,6,3,0,3,'2018-11-01 00:00:00',-1500.0000,'','2019-04-18 23:18:29',0,'2019-04-18 23:18:29',0),(657,1,329,329,4,3,0,3,'2018-11-01 00:00:00',10.0000,'','2019-04-18 23:18:29',0,'2019-04-18 23:18:29',0),(658,1,329,329,6,3,0,3,'2018-11-01 00:00:00',-10.0000,'','2019-04-18 23:18:29',0,'2019-04-18 23:18:29',0),(659,1,330,330,4,4,0,4,'2018-11-01 00:00:00',1500.0000,'','2019-04-18 23:18:29',0,'2019-04-18 23:18:29',0),(660,1,330,330,6,4,0,4,'2018-11-01 00:00:00',-1500.0000,'','2019-04-18 23:18:29',0,'2019-04-18 23:18:29',0),(661,1,331,331,4,1,0,1,'2018-12-01 00:00:00',1000.0000,'','2019-04-18 23:18:29',0,'2019-04-18 23:18:29',0),(662,1,331,331,6,1,0,1,'2018-12-01 00:00:00',-1000.0000,'','2019-04-18 23:18:29',0,'2019-04-18 23:18:29',0),(663,1,332,332,4,1,0,1,'2018-12-01 00:00:00',10.0000,'','2019-04-18 23:18:29',0,'2019-04-18 23:18:29',0),(664,1,332,332,6,1,0,1,'2018-12-01 00:00:00',-10.0000,'','2019-04-18 23:18:29',0,'2019-04-18 23:18:29',0),(665,1,333,333,4,2,0,2,'2018-12-01 00:00:00',1000.0000,'','2019-04-18 23:18:29',0,'2019-04-18 23:18:29',0),(666,1,333,333,6,2,0,2,'2018-12-01 00:00:00',-1000.0000,'','2019-04-18 23:18:29',0,'2019-04-18 23:18:29',0),(667,1,334,334,4,2,0,2,'2018-12-01 00:00:00',10.0000,'','2019-04-18 23:18:29',0,'2019-04-18 23:18:29',0),(668,1,334,334,6,2,0,2,'2018-12-01 00:00:00',-10.0000,'','2019-04-18 23:18:29',0,'2019-04-18 23:18:29',0),(669,1,335,335,4,3,0,3,'2018-12-01 00:00:00',1500.0000,'','2019-04-18 23:18:29',0,'2019-04-18 23:18:29',0),(670,1,335,335,6,3,0,3,'2018-12-01 00:00:00',-1500.0000,'','2019-04-18 23:18:29',0,'2019-04-18 23:18:29',0),(671,1,336,336,4,3,0,3,'2018-12-01 00:00:00',10.0000,'','2019-04-18 23:18:29',0,'2019-04-18 23:18:29',0),(672,1,336,336,6,3,0,3,'2018-12-01 00:00:00',-10.0000,'','2019-04-18 23:18:29',0,'2019-04-18 23:18:29',0),(673,1,337,337,4,4,0,4,'2018-12-01 00:00:00',1500.0000,'','2019-04-18 23:18:29',0,'2019-04-18 23:18:29',0),(674,1,337,337,6,4,0,4,'2018-12-01 00:00:00',-1500.0000,'','2019-04-18 23:18:29',0,'2019-04-18 23:18:29',0),(675,1,338,338,4,1,0,1,'2019-01-01 00:00:00',1000.0000,'','2019-04-18 23:18:29',0,'2019-04-18 23:18:29',0),(676,1,338,338,6,1,0,1,'2019-01-01 00:00:00',-1000.0000,'','2019-04-18 23:18:29',0,'2019-04-18 23:18:29',0),(677,1,339,339,4,1,0,1,'2019-01-01 00:00:00',10.0000,'','2019-04-18 23:18:29',0,'2019-04-18 23:18:29',0),(678,1,339,339,6,1,0,1,'2019-01-01 00:00:00',-10.0000,'','2019-04-18 23:18:29',0,'2019-04-18 23:18:29',0),(679,1,340,340,4,2,0,2,'2019-01-01 00:00:00',1000.0000,'','2019-04-18 23:18:29',0,'2019-04-18 23:18:29',0),(680,1,340,340,6,2,0,2,'2019-01-01 00:00:00',-1000.0000,'','2019-04-18 23:18:29',0,'2019-04-18 23:18:29',0),(681,1,341,341,4,2,0,2,'2019-01-01 00:00:00',10.0000,'','2019-04-18 23:18:29',0,'2019-04-18 23:18:29',0),(682,1,341,341,6,2,0,2,'2019-01-01 00:00:00',-10.0000,'','2019-04-18 23:18:29',0,'2019-04-18 23:18:29',0),(683,1,342,342,4,3,0,3,'2019-01-01 00:00:00',1500.0000,'','2019-04-18 23:18:29',0,'2019-04-18 23:18:29',0),(684,1,342,342,6,3,0,3,'2019-01-01 00:00:00',-1500.0000,'','2019-04-18 23:18:29',0,'2019-04-18 23:18:29',0),(685,1,343,343,4,3,0,3,'2019-01-01 00:00:00',10.0000,'','2019-04-18 23:18:29',0,'2019-04-18 23:18:29',0),(686,1,343,343,6,3,0,3,'2019-01-01 00:00:00',-10.0000,'','2019-04-18 23:18:29',0,'2019-04-18 23:18:29',0),(687,1,344,344,4,4,0,4,'2019-01-01 00:00:00',1500.0000,'','2019-04-18 23:18:29',0,'2019-04-18 23:18:29',0),(688,1,344,344,6,4,0,4,'2019-01-01 00:00:00',-1500.0000,'','2019-04-18 23:18:29',0,'2019-04-18 23:18:29',0),(689,1,345,345,4,1,0,1,'2019-02-01 00:00:00',1000.0000,'','2019-04-18 23:18:29',0,'2019-04-18 23:18:29',0),(690,1,345,345,6,1,0,1,'2019-02-01 00:00:00',-1000.0000,'','2019-04-18 23:18:29',0,'2019-04-18 23:18:29',0),(691,1,346,346,4,1,0,1,'2019-02-01 00:00:00',10.0000,'','2019-04-18 23:18:29',0,'2019-04-18 23:18:29',0),(692,1,346,346,6,1,0,1,'2019-02-01 00:00:00',-10.0000,'','2019-04-18 23:18:29',0,'2019-04-18 23:18:29',0),(693,1,347,347,4,2,0,2,'2019-02-01 00:00:00',1000.0000,'','2019-04-18 23:18:29',0,'2019-04-18 23:18:29',0),(694,1,347,347,6,2,0,2,'2019-02-01 00:00:00',-1000.0000,'','2019-04-18 23:18:29',0,'2019-04-18 23:18:29',0),(695,1,348,348,4,2,0,2,'2019-02-01 00:00:00',10.0000,'','2019-04-18 23:18:29',0,'2019-04-18 23:18:29',0),(696,1,348,348,6,2,0,2,'2019-02-01 00:00:00',-10.0000,'','2019-04-18 23:18:29',0,'2019-04-18 23:18:29',0),(697,1,349,349,4,3,0,3,'2019-02-01 00:00:00',1500.0000,'','2019-04-18 23:18:29',0,'2019-04-18 23:18:29',0),(698,1,349,349,6,3,0,3,'2019-02-01 00:00:00',-1500.0000,'','2019-04-18 23:18:29',0,'2019-04-18 23:18:29',0),(699,1,350,350,4,3,0,3,'2019-02-01 00:00:00',10.0000,'','2019-04-18 23:18:29',0,'2019-04-18 23:18:29',0),(700,1,350,350,6,3,0,3,'2019-02-01 00:00:00',-10.0000,'','2019-04-18 23:18:29',0,'2019-04-18 23:18:29',0),(701,1,351,351,4,4,0,4,'2019-02-01 00:00:00',1500.0000,'','2019-04-18 23:18:30',0,'2019-04-18 23:18:30',0),(702,1,351,351,6,4,0,4,'2019-02-01 00:00:00',-1500.0000,'','2019-04-18 23:18:30',0,'2019-04-18 23:18:30',0),(703,1,352,352,4,1,0,1,'2019-03-01 00:00:00',1000.0000,'','2019-04-18 23:18:30',0,'2019-04-18 23:18:30',0),(704,1,352,352,6,1,0,1,'2019-03-01 00:00:00',-1000.0000,'','2019-04-18 23:18:30',0,'2019-04-18 23:18:30',0),(705,1,353,353,4,1,0,1,'2019-03-01 00:00:00',10.0000,'','2019-04-18 23:18:30',0,'2019-04-18 23:18:30',0),(706,1,353,353,6,1,0,1,'2019-03-01 00:00:00',-10.0000,'','2019-04-18 23:18:30',0,'2019-04-18 23:18:30',0),(707,1,354,354,4,2,0,2,'2019-03-01 00:00:00',1000.0000,'','2019-04-18 23:18:30',0,'2019-04-18 23:18:30',0),(708,1,354,354,6,2,0,2,'2019-03-01 00:00:00',-1000.0000,'','2019-04-18 23:18:30',0,'2019-04-18 23:18:30',0),(709,1,355,355,4,2,0,2,'2019-03-01 00:00:00',10.0000,'','2019-04-18 23:18:30',0,'2019-04-18 23:18:30',0),(710,1,355,355,6,2,0,2,'2019-03-01 00:00:00',-10.0000,'','2019-04-18 23:18:30',0,'2019-04-18 23:18:30',0),(711,1,356,356,4,3,0,3,'2019-03-01 00:00:00',1500.0000,'','2019-04-18 23:18:30',0,'2019-04-18 23:18:30',0),(712,1,356,356,6,3,0,3,'2019-03-01 00:00:00',-1500.0000,'','2019-04-18 23:18:30',0,'2019-04-18 23:18:30',0),(713,1,357,357,4,3,0,3,'2019-03-01 00:00:00',10.0000,'','2019-04-18 23:18:30',0,'2019-04-18 23:18:30',0),(714,1,357,357,6,3,0,3,'2019-03-01 00:00:00',-10.0000,'','2019-04-18 23:18:30',0,'2019-04-18 23:18:30',0),(715,1,358,358,4,4,0,4,'2019-03-01 00:00:00',1500.0000,'','2019-04-18 23:18:30',0,'2019-04-18 23:18:30',0),(716,1,358,358,6,4,0,4,'2019-03-01 00:00:00',-1500.0000,'','2019-04-18 23:18:30',0,'2019-04-18 23:18:30',0),(717,1,359,359,4,1,0,1,'2019-04-01 00:00:00',1000.0000,'','2019-04-18 23:18:30',0,'2019-04-18 23:18:30',0),(718,1,359,359,6,1,0,1,'2019-04-01 00:00:00',-1000.0000,'','2019-04-18 23:18:30',0,'2019-04-18 23:18:30',0),(719,1,360,360,4,1,0,1,'2019-04-01 00:00:00',10.0000,'','2019-04-18 23:18:30',0,'2019-04-18 23:18:30',0),(720,1,360,360,6,1,0,1,'2019-04-01 00:00:00',-10.0000,'','2019-04-18 23:18:30',0,'2019-04-18 23:18:30',0),(721,1,361,361,4,2,0,2,'2019-04-01 00:00:00',1000.0000,'','2019-04-18 23:18:30',0,'2019-04-18 23:18:30',0),(722,1,361,361,6,2,0,2,'2019-04-01 00:00:00',-1000.0000,'','2019-04-18 23:18:30',0,'2019-04-18 23:18:30',0),(723,1,362,362,4,2,0,2,'2019-04-01 00:00:00',10.0000,'','2019-04-18 23:18:30',0,'2019-04-18 23:18:30',0),(724,1,362,362,6,2,0,2,'2019-04-01 00:00:00',-10.0000,'','2019-04-18 23:18:30',0,'2019-04-18 23:18:30',0),(725,1,363,363,4,3,0,3,'2019-04-01 00:00:00',1500.0000,'','2019-04-18 23:18:30',0,'2019-04-18 23:18:30',0),(726,1,363,363,6,3,0,3,'2019-04-01 00:00:00',-1500.0000,'','2019-04-18 23:18:30',0,'2019-04-18 23:18:30',0),(727,1,364,364,4,3,0,3,'2019-04-01 00:00:00',10.0000,'','2019-04-18 23:18:30',0,'2019-04-18 23:18:30',0),(728,1,364,364,6,3,0,3,'2019-04-01 00:00:00',-10.0000,'','2019-04-18 23:18:30',0,'2019-04-18 23:18:30',0),(729,1,365,365,4,4,0,4,'2019-04-01 00:00:00',1500.0000,'','2019-04-18 23:18:30',0,'2019-04-18 23:18:30',0),(730,1,365,365,6,4,0,4,'2019-04-01 00:00:00',-1500.0000,'','2019-04-18 23:18:30',0,'2019-04-18 23:18:30',0),(731,1,366,366,9,5,23,0,'2020-04-01 00:00:00',50.0000,'','2019-04-19 00:05:21',211,'2019-04-19 00:05:21',211),(732,1,366,366,52,5,23,0,'2020-04-01 00:00:00',-50.0000,'','2019-04-19 00:05:21',211,'2019-04-19 00:05:21',211),(733,1,367,367,9,5,23,0,'2020-04-01 00:00:00',10.0000,'','2019-04-19 00:05:21',211,'2019-04-19 00:05:21',211),(734,1,367,367,75,5,23,0,'2020-04-01 00:00:00',-10.0000,'','2019-04-19 00:05:21',211,'2019-04-19 00:05:21',211);
/*!40000 ALTER TABLE `LedgerEntry` ENABLE KEYS */;
UNLOCK TABLES;

--
-- Table structure for table `LedgerMarker`
--

DROP TABLE IF EXISTS `LedgerMarker`;
/*!40101 SET @saved_cs_client     = @@character_set_client */;
/*!40101 SET character_set_client = utf8 */;
CREATE TABLE `LedgerMarker` (
  `LMID` bigint(20) NOT NULL AUTO_INCREMENT,
  `LID` bigint(20) NOT NULL DEFAULT '0',
  `BID` bigint(20) NOT NULL DEFAULT '0',
  `RAID` bigint(20) NOT NULL DEFAULT '0',
  `RID` bigint(20) NOT NULL DEFAULT '0',
  `TCID` bigint(20) NOT NULL DEFAULT '0',
  `Dt` datetime NOT NULL DEFAULT '1970-01-01 00:00:00',
  `Balance` decimal(19,4) NOT NULL DEFAULT '0.0000',
  `State` smallint(6) NOT NULL DEFAULT '0',
  `LastModTime` timestamp NOT NULL DEFAULT CURRENT_TIMESTAMP ON UPDATE CURRENT_TIMESTAMP,
  `LastModBy` bigint(20) NOT NULL DEFAULT '0',
  `CreateTS` timestamp NOT NULL DEFAULT CURRENT_TIMESTAMP,
  `CreateBy` bigint(20) NOT NULL DEFAULT '0',
  PRIMARY KEY (`LMID`)
) ENGINE=InnoDB AUTO_INCREMENT=85 DEFAULT CHARSET=utf8;
/*!40101 SET character_set_client = @saved_cs_client */;

--
-- Dumping data for table `LedgerMarker`
--

LOCK TABLES `LedgerMarker` WRITE;
/*!40000 ALTER TABLE `LedgerMarker` DISABLE KEYS */;
INSERT INTO `LedgerMarker` VALUES (1,1,1,0,0,0,'1970-01-01 00:00:00',0.0000,3,'2017-11-10 23:24:22',0,'2017-11-10 23:24:22',0),(2,2,1,0,0,0,'1970-01-01 00:00:00',0.0000,3,'2017-11-10 23:24:22',0,'2017-11-10 23:24:22',0),(3,3,1,0,0,0,'1970-01-01 00:00:00',0.0000,3,'2017-11-10 23:24:22',0,'2017-11-10 23:24:22',0),(4,4,1,0,0,0,'1970-01-01 00:00:00',0.0000,3,'2017-11-10 23:24:22',0,'2017-11-10 23:24:22',0),(5,5,1,0,0,0,'1970-01-01 00:00:00',0.0000,3,'2017-11-10 23:24:22',0,'2017-11-10 23:24:22',0),(6,6,1,0,0,0,'1970-01-01 00:00:00',0.0000,3,'2017-11-10 23:24:22',0,'2017-11-10 23:24:22',0),(7,7,1,0,0,0,'1970-01-01 00:00:00',0.0000,3,'2017-11-10 23:24:22',0,'2017-11-10 23:24:22',0),(8,8,1,0,0,0,'1970-01-01 00:00:00',0.0000,3,'2017-11-10 23:24:22',0,'2017-11-10 23:24:22',0),(9,9,1,0,0,0,'1970-01-01 00:00:00',0.0000,3,'2017-11-10 23:24:22',0,'2017-11-10 23:24:22',0),(10,10,1,0,0,0,'1970-01-01 00:00:00',0.0000,3,'2017-11-10 23:24:22',0,'2017-11-10 23:24:22',0),(11,11,1,0,0,0,'1970-01-01 00:00:00',0.0000,3,'2017-11-10 23:24:22',0,'2017-11-10 23:24:22',0),(12,12,1,0,0,0,'1970-01-01 00:00:00',0.0000,3,'2017-11-10 23:24:22',0,'2017-11-10 23:24:22',0),(13,13,1,0,0,0,'1970-01-01 00:00:00',0.0000,3,'2017-11-10 23:24:22',0,'2017-11-10 23:24:22',0),(14,14,1,0,0,0,'1970-01-01 00:00:00',0.0000,3,'2017-11-10 23:24:22',0,'2017-11-10 23:24:22',0),(15,15,1,0,0,0,'1970-01-01 00:00:00',0.0000,3,'2017-11-10 23:24:22',0,'2017-11-10 23:24:22',0),(16,16,1,0,0,0,'1970-01-01 00:00:00',0.0000,3,'2017-11-10 23:24:22',0,'2017-11-10 23:24:22',0),(17,17,1,0,0,0,'1970-01-01 00:00:00',0.0000,3,'2017-11-10 23:24:22',0,'2017-11-10 23:24:22',0),(18,18,1,0,0,0,'1970-01-01 00:00:00',0.0000,3,'2017-11-10 23:24:22',0,'2017-11-10 23:24:22',0),(19,19,1,0,0,0,'1970-01-01 00:00:00',0.0000,3,'2017-11-10 23:24:22',0,'2017-11-10 23:24:22',0),(20,20,1,0,0,0,'1970-01-01 00:00:00',0.0000,3,'2017-11-10 23:24:22',0,'2017-11-10 23:24:22',0),(21,21,1,0,0,0,'1970-01-01 00:00:00',0.0000,3,'2017-11-10 23:24:22',0,'2017-11-10 23:24:22',0),(22,22,1,0,0,0,'1970-01-01 00:00:00',0.0000,3,'2017-11-10 23:24:22',0,'2017-11-10 23:24:22',0),(23,23,1,0,0,0,'1970-01-01 00:00:00',0.0000,3,'2017-11-10 23:24:22',0,'2017-11-10 23:24:22',0),(24,24,1,0,0,0,'1970-01-01 00:00:00',0.0000,3,'2017-11-10 23:24:22',0,'2017-11-10 23:24:22',0),(25,25,1,0,0,0,'1970-01-01 00:00:00',0.0000,3,'2017-11-10 23:24:22',0,'2017-11-10 23:24:22',0),(26,26,1,0,0,0,'1970-01-01 00:00:00',0.0000,3,'2017-11-10 23:24:22',0,'2017-11-10 23:24:22',0),(27,27,1,0,0,0,'1970-01-01 00:00:00',0.0000,3,'2017-11-10 23:24:22',0,'2017-11-10 23:24:22',0),(28,28,1,0,0,0,'1970-01-01 00:00:00',0.0000,3,'2017-11-10 23:24:22',0,'2017-11-10 23:24:22',0),(29,29,1,0,0,0,'1970-01-01 00:00:00',0.0000,3,'2017-11-10 23:24:22',0,'2017-11-10 23:24:22',0),(30,30,1,0,0,0,'1970-01-01 00:00:00',0.0000,3,'2017-11-10 23:24:22',0,'2017-11-10 23:24:22',0),(31,31,1,0,0,0,'1970-01-01 00:00:00',0.0000,3,'2017-11-10 23:24:22',0,'2017-11-10 23:24:22',0),(32,32,1,0,0,0,'1970-01-01 00:00:00',0.0000,3,'2017-11-10 23:24:22',0,'2017-11-10 23:24:22',0),(33,33,1,0,0,0,'1970-01-01 00:00:00',0.0000,3,'2017-11-10 23:24:22',0,'2017-11-10 23:24:22',0),(34,34,1,0,0,0,'1970-01-01 00:00:00',0.0000,3,'2017-11-10 23:24:22',0,'2017-11-10 23:24:22',0),(35,35,1,0,0,0,'1970-01-01 00:00:00',0.0000,3,'2017-11-10 23:24:22',0,'2017-11-10 23:24:22',0),(36,36,1,0,0,0,'1970-01-01 00:00:00',0.0000,3,'2017-11-10 23:24:22',0,'2017-11-10 23:24:22',0),(37,37,1,0,0,0,'1970-01-01 00:00:00',0.0000,3,'2017-11-10 23:24:22',0,'2017-11-10 23:24:22',0),(38,38,1,0,0,0,'1970-01-01 00:00:00',0.0000,3,'2017-11-10 23:24:22',0,'2017-11-10 23:24:22',0),(39,39,1,0,0,0,'1970-01-01 00:00:00',0.0000,3,'2017-11-10 23:24:22',0,'2017-11-10 23:24:22',0),(40,40,1,0,0,0,'1970-01-01 00:00:00',0.0000,3,'2017-11-10 23:24:22',0,'2017-11-10 23:24:22',0),(41,41,1,0,0,0,'1970-01-01 00:00:00',0.0000,3,'2017-11-10 23:24:22',0,'2017-11-10 23:24:22',0),(42,42,1,0,0,0,'1970-01-01 00:00:00',0.0000,3,'2017-11-10 23:24:22',0,'2017-11-10 23:24:22',0),(43,43,1,0,0,0,'1970-01-01 00:00:00',0.0000,3,'2017-11-10 23:24:22',0,'2017-11-10 23:24:22',0),(44,44,1,0,0,0,'1970-01-01 00:00:00',0.0000,3,'2017-11-10 23:24:22',0,'2017-11-10 23:24:22',0),(45,45,1,0,0,0,'1970-01-01 00:00:00',0.0000,3,'2017-11-10 23:24:22',0,'2017-11-10 23:24:22',0),(46,46,1,0,0,0,'1970-01-01 00:00:00',0.0000,3,'2017-11-10 23:24:22',0,'2017-11-10 23:24:22',0),(47,47,1,0,0,0,'1970-01-01 00:00:00',0.0000,3,'2017-11-10 23:24:22',0,'2017-11-10 23:24:22',0),(48,48,1,0,0,0,'1970-01-01 00:00:00',0.0000,3,'2017-11-10 23:24:22',0,'2017-11-10 23:24:22',0),(49,49,1,0,0,0,'1970-01-01 00:00:00',0.0000,3,'2017-11-10 23:24:22',0,'2017-11-10 23:24:22',0),(50,50,1,0,0,0,'1970-01-01 00:00:00',0.0000,3,'2017-11-10 23:24:22',0,'2017-11-10 23:24:22',0),(51,51,1,0,0,0,'1970-01-01 00:00:00',0.0000,3,'2017-11-10 23:24:22',0,'2017-11-10 23:24:22',0),(52,52,1,0,0,0,'1970-01-01 00:00:00',0.0000,3,'2017-11-10 23:24:22',0,'2017-11-10 23:24:22',0),(53,53,1,0,0,0,'1970-01-01 00:00:00',0.0000,3,'2017-11-10 23:24:22',0,'2017-11-10 23:24:22',0),(54,54,1,0,0,0,'1970-01-01 00:00:00',0.0000,3,'2017-11-10 23:24:22',0,'2017-11-10 23:24:22',0),(55,55,1,0,0,0,'1970-01-01 00:00:00',0.0000,3,'2017-11-10 23:24:22',0,'2017-11-10 23:24:22',0),(56,56,1,0,0,0,'1970-01-01 00:00:00',0.0000,3,'2017-11-10 23:24:22',0,'2017-11-10 23:24:22',0),(57,57,1,0,0,0,'1970-01-01 00:00:00',0.0000,3,'2017-11-10 23:24:22',0,'2017-11-10 23:24:22',0),(58,58,1,0,0,0,'1970-01-01 00:00:00',0.0000,3,'2017-11-10 23:24:22',0,'2017-11-10 23:24:22',0),(59,59,1,0,0,0,'1970-01-01 00:00:00',0.0000,3,'2017-11-10 23:24:22',0,'2017-11-10 23:24:22',0),(60,60,1,0,0,0,'1970-01-01 00:00:00',0.0000,3,'2017-11-10 23:24:22',0,'2017-11-10 23:24:22',0),(61,61,1,0,0,0,'1970-01-01 00:00:00',0.0000,3,'2017-11-10 23:24:22',0,'2017-11-10 23:24:22',0),(62,62,1,0,0,0,'1970-01-01 00:00:00',0.0000,3,'2017-11-10 23:24:22',0,'2017-11-10 23:24:22',0),(63,63,1,0,0,0,'1970-01-01 00:00:00',0.0000,3,'2017-11-10 23:24:22',0,'2017-11-10 23:24:22',0),(64,64,1,0,0,0,'1970-01-01 00:00:00',0.0000,3,'2017-11-10 23:24:22',0,'2017-11-10 23:24:22',0),(65,65,1,0,0,0,'1970-01-01 00:00:00',0.0000,3,'2017-11-10 23:24:22',0,'2017-11-10 23:24:22',0),(66,66,1,0,0,0,'1970-01-01 00:00:00',0.0000,3,'2017-11-10 23:24:22',0,'2017-11-10 23:24:22',0),(67,67,1,0,0,0,'1970-01-01 00:00:00',0.0000,3,'2017-11-10 23:24:22',0,'2017-11-10 23:24:22',0),(68,68,1,0,0,0,'1970-01-01 00:00:00',0.0000,3,'2017-11-10 23:24:22',0,'2017-11-10 23:24:22',0),(69,69,1,0,0,0,'1970-01-01 00:00:00',0.0000,3,'2017-11-10 23:24:22',0,'2017-11-10 23:24:22',0),(70,70,1,0,0,0,'1970-01-01 00:00:00',0.0000,3,'2017-11-10 23:24:22',0,'2017-11-10 23:24:22',0),(71,71,1,0,0,0,'1970-01-01 00:00:00',0.0000,3,'2017-11-10 23:24:22',0,'2017-11-10 23:24:22',0),(72,72,1,0,0,0,'1970-01-01 00:00:00',0.0000,3,'2017-11-10 23:24:22',0,'2017-11-10 23:24:22',0),(73,73,1,0,0,0,'1970-01-01 00:00:00',0.0000,3,'2017-11-10 23:24:22',0,'2017-11-10 23:24:22',0),(74,74,1,0,0,0,'1970-01-01 00:00:00',0.0000,3,'2017-11-10 23:24:22',0,'2017-11-10 23:24:22',0),(75,75,1,0,0,0,'1970-01-01 00:00:00',0.0000,3,'2018-07-03 02:45:37',211,'2018-07-03 02:45:37',211),(76,0,1,1,0,0,'2018-06-21 00:00:00',0.0000,3,'2019-04-18 23:18:27',0,'2019-04-18 23:18:27',0),(77,0,1,1,1,0,'2018-06-21 00:00:00',0.0000,3,'2019-04-18 23:18:27',0,'2019-04-18 23:18:27',0),(78,0,1,2,0,0,'2018-06-21 00:00:00',0.0000,3,'2019-04-18 23:18:28',0,'2019-04-18 23:18:28',0),(79,0,1,2,2,0,'2018-06-21 00:00:00',0.0000,3,'2019-04-18 23:18:28',0,'2019-04-18 23:18:28',0),(80,0,1,3,0,0,'2018-06-21 00:00:00',0.0000,3,'2019-04-18 23:18:28',0,'2019-04-18 23:18:28',0),(81,0,1,3,3,0,'2018-06-21 00:00:00',0.0000,3,'2019-04-18 23:18:28',0,'2019-04-18 23:18:28',0),(82,0,1,4,0,0,'2018-06-21 00:00:00',0.0000,3,'2019-04-18 23:18:28',0,'2019-04-18 23:18:28',0),(83,0,1,4,4,0,'2018-06-21 00:00:00',0.0000,3,'2019-04-18 23:18:28',0,'2019-04-18 23:18:28',0),(84,0,1,5,0,0,'2020-04-01 00:00:00',0.0000,3,'2019-04-19 00:05:21',211,'2019-04-19 00:05:21',211);
/*!40000 ALTER TABLE `LedgerMarker` ENABLE KEYS */;
UNLOCK TABLES;

--
-- Table structure for table `LedgerMarkerAudit`
--

DROP TABLE IF EXISTS `LedgerMarkerAudit`;
/*!40101 SET @saved_cs_client     = @@character_set_client */;
/*!40101 SET character_set_client = utf8 */;
CREATE TABLE `LedgerMarkerAudit` (
  `LMID` bigint(20) NOT NULL DEFAULT '0',
  `BID` bigint(20) NOT NULL DEFAULT '0',
  `UID` mediumint(9) NOT NULL DEFAULT '0',
  `LastModTime` timestamp NOT NULL DEFAULT CURRENT_TIMESTAMP ON UPDATE CURRENT_TIMESTAMP,
  `LastModBy` bigint(20) NOT NULL DEFAULT '0',
  `CreateTS` timestamp NOT NULL DEFAULT CURRENT_TIMESTAMP,
  `CreateBy` bigint(20) NOT NULL DEFAULT '0'
) ENGINE=InnoDB DEFAULT CHARSET=utf8;
/*!40101 SET character_set_client = @saved_cs_client */;

--
-- Dumping data for table `LedgerMarkerAudit`
--

LOCK TABLES `LedgerMarkerAudit` WRITE;
/*!40000 ALTER TABLE `LedgerMarkerAudit` DISABLE KEYS */;
/*!40000 ALTER TABLE `LedgerMarkerAudit` ENABLE KEYS */;
UNLOCK TABLES;

--
-- Table structure for table `MRHistory`
--

DROP TABLE IF EXISTS `MRHistory`;
/*!40101 SET @saved_cs_client     = @@character_set_client */;
/*!40101 SET character_set_client = utf8 */;
CREATE TABLE `MRHistory` (
  `MRHID` bigint(20) NOT NULL AUTO_INCREMENT,
  `MRStatus` smallint(6) NOT NULL DEFAULT '0',
  `DtMRStart` timestamp NOT NULL DEFAULT CURRENT_TIMESTAMP,
  `DtMRStop` timestamp NOT NULL DEFAULT CURRENT_TIMESTAMP,
  `LastModTime` timestamp NOT NULL DEFAULT CURRENT_TIMESTAMP ON UPDATE CURRENT_TIMESTAMP,
  `LastModBy` bigint(20) NOT NULL DEFAULT '0',
  `CreateTS` timestamp NOT NULL DEFAULT CURRENT_TIMESTAMP,
  `CreateBy` bigint(20) NOT NULL DEFAULT '0',
  PRIMARY KEY (`MRHID`)
) ENGINE=InnoDB DEFAULT CHARSET=utf8;
/*!40101 SET character_set_client = @saved_cs_client */;

--
-- Dumping data for table `MRHistory`
--

LOCK TABLES `MRHistory` WRITE;
/*!40000 ALTER TABLE `MRHistory` DISABLE KEYS */;
/*!40000 ALTER TABLE `MRHistory` ENABLE KEYS */;
UNLOCK TABLES;

--
-- Table structure for table `NoteList`
--

DROP TABLE IF EXISTS `NoteList`;
/*!40101 SET @saved_cs_client     = @@character_set_client */;
/*!40101 SET character_set_client = utf8 */;
CREATE TABLE `NoteList` (
  `NLID` bigint(20) NOT NULL AUTO_INCREMENT,
  `BID` bigint(20) NOT NULL DEFAULT '0',
  `LastModTime` timestamp NOT NULL DEFAULT CURRENT_TIMESTAMP ON UPDATE CURRENT_TIMESTAMP,
  `LastModBy` bigint(20) NOT NULL DEFAULT '0',
  `CreateTS` timestamp NOT NULL DEFAULT CURRENT_TIMESTAMP,
  `CreateBy` bigint(20) NOT NULL DEFAULT '0',
  PRIMARY KEY (`NLID`)
) ENGINE=InnoDB DEFAULT CHARSET=utf8;
/*!40101 SET character_set_client = @saved_cs_client */;

--
-- Dumping data for table `NoteList`
--

LOCK TABLES `NoteList` WRITE;
/*!40000 ALTER TABLE `NoteList` DISABLE KEYS */;
/*!40000 ALTER TABLE `NoteList` ENABLE KEYS */;
UNLOCK TABLES;

--
-- Table structure for table `NoteType`
--

DROP TABLE IF EXISTS `NoteType`;
/*!40101 SET @saved_cs_client     = @@character_set_client */;
/*!40101 SET character_set_client = utf8 */;
CREATE TABLE `NoteType` (
  `NTID` bigint(20) NOT NULL AUTO_INCREMENT,
  `BID` bigint(20) NOT NULL DEFAULT '0',
  `Name` varchar(128) NOT NULL DEFAULT '',
  `LastModTime` timestamp NOT NULL DEFAULT CURRENT_TIMESTAMP ON UPDATE CURRENT_TIMESTAMP,
  `LastModBy` bigint(20) NOT NULL DEFAULT '0',
  `CreateTS` timestamp NOT NULL DEFAULT CURRENT_TIMESTAMP,
  `CreateBy` bigint(20) NOT NULL DEFAULT '0',
  PRIMARY KEY (`NTID`)
) ENGINE=InnoDB DEFAULT CHARSET=utf8;
/*!40101 SET character_set_client = @saved_cs_client */;

--
-- Dumping data for table `NoteType`
--

LOCK TABLES `NoteType` WRITE;
/*!40000 ALTER TABLE `NoteType` DISABLE KEYS */;
/*!40000 ALTER TABLE `NoteType` ENABLE KEYS */;
UNLOCK TABLES;

--
-- Table structure for table `Notes`
--

DROP TABLE IF EXISTS `Notes`;
/*!40101 SET @saved_cs_client     = @@character_set_client */;
/*!40101 SET character_set_client = utf8 */;
CREATE TABLE `Notes` (
  `NID` bigint(20) NOT NULL AUTO_INCREMENT,
  `BID` bigint(20) NOT NULL DEFAULT '0',
  `NLID` bigint(20) NOT NULL DEFAULT '0',
  `PNID` bigint(20) NOT NULL DEFAULT '0',
  `NTID` bigint(20) NOT NULL DEFAULT '0',
  `RID` bigint(20) NOT NULL DEFAULT '0',
  `RAID` bigint(20) NOT NULL DEFAULT '0',
  `TCID` bigint(20) NOT NULL DEFAULT '0',
  `Comment` varchar(1024) NOT NULL DEFAULT '',
  `LastModTime` timestamp NOT NULL DEFAULT CURRENT_TIMESTAMP ON UPDATE CURRENT_TIMESTAMP,
  `LastModBy` bigint(20) NOT NULL DEFAULT '0',
  `CreateTS` timestamp NOT NULL DEFAULT CURRENT_TIMESTAMP,
  `CreateBy` bigint(20) NOT NULL DEFAULT '0',
  PRIMARY KEY (`NID`)
) ENGINE=InnoDB DEFAULT CHARSET=utf8;
/*!40101 SET character_set_client = @saved_cs_client */;

--
-- Dumping data for table `Notes`
--

LOCK TABLES `Notes` WRITE;
/*!40000 ALTER TABLE `Notes` DISABLE KEYS */;
/*!40000 ALTER TABLE `Notes` ENABLE KEYS */;
UNLOCK TABLES;

--
-- Table structure for table `OtherDeliverables`
--

DROP TABLE IF EXISTS `OtherDeliverables`;
/*!40101 SET @saved_cs_client     = @@character_set_client */;
/*!40101 SET character_set_client = utf8 */;
CREATE TABLE `OtherDeliverables` (
  `ODID` bigint(20) NOT NULL AUTO_INCREMENT,
  `BID` bigint(20) NOT NULL DEFAULT '0',
  `Name` varchar(256) DEFAULT NULL,
  `Active` tinyint(1) NOT NULL DEFAULT '0',
  `LastModTime` timestamp NOT NULL DEFAULT CURRENT_TIMESTAMP ON UPDATE CURRENT_TIMESTAMP,
  `LastModBy` bigint(20) NOT NULL DEFAULT '0',
  `CreateTS` timestamp NOT NULL DEFAULT CURRENT_TIMESTAMP,
  `CreateBy` bigint(20) NOT NULL DEFAULT '0',
  PRIMARY KEY (`ODID`)
) ENGINE=InnoDB DEFAULT CHARSET=utf8;
/*!40101 SET character_set_client = @saved_cs_client */;

--
-- Dumping data for table `OtherDeliverables`
--

LOCK TABLES `OtherDeliverables` WRITE;
/*!40000 ALTER TABLE `OtherDeliverables` DISABLE KEYS */;
/*!40000 ALTER TABLE `OtherDeliverables` ENABLE KEYS */;
UNLOCK TABLES;

--
-- Table structure for table `PaymentType`
--

DROP TABLE IF EXISTS `PaymentType`;
/*!40101 SET @saved_cs_client     = @@character_set_client */;
/*!40101 SET character_set_client = utf8 */;
CREATE TABLE `PaymentType` (
  `PMTID` mediumint(9) NOT NULL AUTO_INCREMENT,
  `BID` bigint(20) NOT NULL,
  `Name` varchar(100) NOT NULL DEFAULT '',
  `Description` varchar(256) NOT NULL DEFAULT '',
  `CreateTS` timestamp NOT NULL DEFAULT CURRENT_TIMESTAMP,
  `CreateBy` bigint(20) NOT NULL DEFAULT '0',
  `LastModTime` timestamp NOT NULL DEFAULT CURRENT_TIMESTAMP ON UPDATE CURRENT_TIMESTAMP,
  `LastModBy` bigint(20) NOT NULL DEFAULT '0',
  PRIMARY KEY (`PMTID`)
) ENGINE=InnoDB AUTO_INCREMENT=6 DEFAULT CHARSET=utf8;
/*!40101 SET character_set_client = @saved_cs_client */;

--
-- Dumping data for table `PaymentType`
--

LOCK TABLES `PaymentType` WRITE;
/*!40000 ALTER TABLE `PaymentType` DISABLE KEYS */;
INSERT INTO `PaymentType` VALUES (1,1,'Cash','Cash','2017-11-10 23:24:23',0,'2017-11-10 23:24:23',0),(2,1,'Check','Personal check from payor','2017-11-10 23:24:23',0,'2017-11-10 23:24:23',0),(3,1,'VISA','Credit card charge','2017-11-10 23:24:23',0,'2017-11-10 23:24:23',0),(4,1,'AMEX','American Express credit card','2017-11-10 23:24:23',0,'2017-11-10 23:24:23',0),(5,1,'ACH','','2017-11-10 23:24:23',0,'2017-11-10 23:24:23',0);
/*!40000 ALTER TABLE `PaymentType` ENABLE KEYS */;
UNLOCK TABLES;

--
-- Table structure for table `Payor`
--

DROP TABLE IF EXISTS `Payor`;
/*!40101 SET @saved_cs_client     = @@character_set_client */;
/*!40101 SET character_set_client = utf8 */;
CREATE TABLE `Payor` (
  `TCID` bigint(20) NOT NULL,
  `BID` bigint(20) NOT NULL DEFAULT '0',
  `TaxpayorID` char(128) NOT NULL DEFAULT '',
  `CreditLimit` decimal(19,4) NOT NULL DEFAULT '0.0000',
  `EligibleFuturePayor` tinyint(1) NOT NULL DEFAULT '1',
  `FLAGS` bigint(20) NOT NULL DEFAULT '0',
  `DriversLicense` char(128) NOT NULL DEFAULT '',
  `GrossIncome` decimal(19,4) NOT NULL DEFAULT '0.0000',
  `LastModTime` timestamp NOT NULL DEFAULT CURRENT_TIMESTAMP ON UPDATE CURRENT_TIMESTAMP,
  `LastModBy` bigint(20) NOT NULL DEFAULT '0',
  `CreateTS` timestamp NOT NULL DEFAULT CURRENT_TIMESTAMP,
  `CreateBy` bigint(20) NOT NULL DEFAULT '0',
  PRIMARY KEY (`TCID`)
) ENGINE=InnoDB DEFAULT CHARSET=utf8;
/*!40101 SET character_set_client = @saved_cs_client */;

--
-- Dumping data for table `Payor`
--

LOCK TABLES `Payor` WRITE;
/*!40000 ALTER TABLE `Payor` DISABLE KEYS */;
INSERT INTO `Payor` VALUES (1,1,'ba83e39657e25300d19b0c831a46670ac8d35a0e3f33ca3b84c4f8c974b8c20dee0872f7',27328.0000,1,0,'fd95d8a6541d0c43322223561dc35ad4e51d0baa8ca607a5e0f0eba0bd665b4a7edcac1c',114580.0000,'2019-04-18 23:18:27',0,'2019-04-18 23:18:27',0),(2,1,'4496cb199269a8710689fa9412794cc39c5562b248e91d21554ebcec55f8c368d92bb300',7013.0000,1,0,'9319bd2e7d26efd911641b0f5d6092390e0dfb55020b68e1a872b9db53783110e53d220a',32636.0000,'2019-04-18 23:18:27',0,'2019-04-18 23:18:27',0),(3,1,'f26617202b2d98a41c1c2d2f115fe559fbff317290b9ef05d738bb4b143bd3aad73ee9aa',25544.0000,1,0,'90d5c1b1efdbb7da334055573648e093d6902ea0663d287274d14790d5b3a5c400b33363',121876.0000,'2019-04-18 23:18:27',0,'2019-04-18 23:18:27',0),(4,1,'aad301c1c48164f8889a16cf661e1f8f3080e38688bc621b47af71cd771fd622b0308bf6',13456.0000,1,0,'577e96e2d0f2b63672b5f99f9c6b2e20d96dc63ab8c29dfaa7976a7aeae9e05c132369ff',147496.0000,'2019-04-18 23:18:27',0,'2019-04-18 23:18:27',0);
/*!40000 ALTER TABLE `Payor` ENABLE KEYS */;
UNLOCK TABLES;

--
-- Table structure for table `Pets`
--

DROP TABLE IF EXISTS `Pets`;
/*!40101 SET @saved_cs_client     = @@character_set_client */;
/*!40101 SET character_set_client = utf8 */;
CREATE TABLE `Pets` (
  `PETID` bigint(20) NOT NULL AUTO_INCREMENT,
  `BID` bigint(20) NOT NULL DEFAULT '0',
  `RAID` bigint(20) NOT NULL DEFAULT '0',
  `TCID` bigint(20) NOT NULL DEFAULT '0',
  `Type` varchar(100) NOT NULL DEFAULT '',
  `Breed` varchar(100) NOT NULL DEFAULT '',
  `Color` varchar(100) NOT NULL DEFAULT '',
  `Weight` decimal(19,4) NOT NULL DEFAULT '0.0000',
  `Name` varchar(100) NOT NULL DEFAULT '',
  `DtStart` date NOT NULL DEFAULT '1970-01-01',
  `DtStop` date NOT NULL DEFAULT '1970-01-01',
  `LastModTime` timestamp NOT NULL DEFAULT CURRENT_TIMESTAMP ON UPDATE CURRENT_TIMESTAMP,
  `LastModBy` bigint(20) NOT NULL DEFAULT '0',
  `CreateTS` timestamp NOT NULL DEFAULT CURRENT_TIMESTAMP,
  `CreateBy` bigint(20) NOT NULL DEFAULT '0',
  PRIMARY KEY (`PETID`)
) ENGINE=InnoDB AUTO_INCREMENT=4 DEFAULT CHARSET=utf8;
/*!40101 SET character_set_client = @saved_cs_client */;

--
-- Dumping data for table `Pets`
--

LOCK TABLES `Pets` WRITE;
/*!40000 ALTER TABLE `Pets` DISABLE KEYS */;
INSERT INTO `Pets` VALUES (1,1,5,1,'cat','Oriental Shorthair','Tabbie',21.0000,'Precious ','2018-07-05','2019-07-01','2019-04-19 00:05:21',211,'2019-04-18 23:18:27',0),(2,1,2,2,'dog','Miniature Schnauzer','Grey',18.0000,'Rex','2018-07-05','2019-07-01','2019-04-18 23:18:28',0,'2019-04-18 23:18:27',0),(3,1,3,3,'cat','Ukrainian Levkoy','Tuxedo',24.0000,'Frankie ','2018-07-05','2019-07-01','2019-04-18 23:18:28',0,'2019-04-18 23:18:27',0);
/*!40000 ALTER TABLE `Pets` ENABLE KEYS */;
UNLOCK TABLES;

--
-- Table structure for table `Prospect`
--

DROP TABLE IF EXISTS `Prospect`;
/*!40101 SET @saved_cs_client     = @@character_set_client */;
/*!40101 SET character_set_client = utf8 */;
CREATE TABLE `Prospect` (
  `TCID` bigint(20) NOT NULL,
  `BID` bigint(20) NOT NULL DEFAULT '0',
  `CompanyAddress` varchar(100) NOT NULL DEFAULT '',
  `CompanyCity` varchar(100) NOT NULL DEFAULT '',
  `CompanyState` varchar(100) NOT NULL DEFAULT '',
  `CompanyPostalCode` varchar(100) NOT NULL DEFAULT '',
  `CompanyEmail` varchar(100) NOT NULL DEFAULT '',
  `CompanyPhone` varchar(100) NOT NULL DEFAULT '',
  `Occupation` varchar(100) NOT NULL DEFAULT '',
  `FLAGS` bigint(20) NOT NULL DEFAULT '0',
  `EvictedDes` varchar(2048) NOT NULL DEFAULT '',
  `ConvictedDes` varchar(2048) NOT NULL DEFAULT '',
  `BankruptcyDes` varchar(2048) NOT NULL DEFAULT '',
  `OtherPreferences` varchar(1024) NOT NULL DEFAULT '',
  `SpecialNeeds` varchar(1024) NOT NULL DEFAULT '',
  `FollowUpDate` date NOT NULL DEFAULT '1970-01-01',
  `CurrentAddress` varchar(200) NOT NULL DEFAULT '',
  `CurrentLandLordName` varchar(100) NOT NULL DEFAULT '',
  `CurrentLandLordPhoneNo` varchar(20) NOT NULL DEFAULT '',
  `CurrentReasonForMoving` bigint(20) NOT NULL DEFAULT '0',
  `CurrentLengthOfResidency` varchar(100) NOT NULL DEFAULT '',
  `PriorAddress` varchar(200) NOT NULL DEFAULT '',
  `PriorLandLordName` varchar(100) NOT NULL DEFAULT '',
  `PriorLandLordPhoneNo` varchar(20) NOT NULL DEFAULT '',
  `PriorReasonForMoving` bigint(20) NOT NULL DEFAULT '0',
  `PriorLengthOfResidency` varchar(100) NOT NULL DEFAULT '',
  `CommissionableThirdParty` text NOT NULL,
  `ThirdPartySource` varchar(100) NOT NULL DEFAULT '',
  `LastModTime` timestamp NOT NULL DEFAULT CURRENT_TIMESTAMP ON UPDATE CURRENT_TIMESTAMP,
  `LastModBy` bigint(20) NOT NULL DEFAULT '0',
  `CreateTS` timestamp NOT NULL DEFAULT CURRENT_TIMESTAMP,
  `CreateBy` bigint(20) NOT NULL DEFAULT '0',
  PRIMARY KEY (`TCID`)
) ENGINE=InnoDB DEFAULT CHARSET=utf8;
/*!40101 SET character_set_client = @saved_cs_client */;

--
-- Dumping data for table `Prospect`
--

LOCK TABLES `Prospect` WRITE;
/*!40000 ALTER TABLE `Prospect` DISABLE KEYS */;
INSERT INTO `Prospect` VALUES (1,1,'17160 Eighth','Waterbury','OH','84059','DellComputerCorporationWaterbury650@bdiddy.com','(327) 156-4128','shop cashier (shop cashier/checkout operator)',0,'','','','','','0000-00-00','56858 Ninth, Monterey, NE 02081','Eustolia Hester','(834) 143-3815',95,'4 years 6 months','11029 9th, Brownsville, PA 41318','Cherie Schneider','(181) 845-5914',121,'1 years 11 months','','Raeann Randolph','2019-04-19 00:05:21',211,'2019-04-18 23:18:27',0),(2,1,'15968 Walnut','Sacramento','AL','03300','SovereignBancorpIncS4191@abiz.com','(673) 655-0335','beekeeper',0,'','','','','','0000-00-00','76956 Kukui, Port St. Lucie, FL 10694','Keeley Kent','(936) 886-0873',86,'6 years 11 months','26018 New Jersey, Garden Grove, OK 78511','Johnson Ruiz','(974) 377-0703',122,'7 years 5 months','','Rochell Cox','2019-04-18 23:18:27',0,'2019-04-18 23:18:27',0),(3,1,'56757 Park','Glendale','MS','33274','SGlendale1607@comcast.net','(358) 523-3980','metal grinder',0,'','','','','','0000-00-00','86214 5th, Savannah, RI 11211','Lea Spears','(797) 668-6138',128,'4 years 4 months','70636 Hampton, Stamford, NV 31445','Pasquale Noel','(169) 226-0450',111,'5 months','','Colton Nixon','2019-04-18 23:18:27',0,'2019-04-18 23:18:27',0),(4,1,'81988 Birch','Allentown','NH','65466','NationalCommerceFinancialCorporationAllentown201@aol.com','(694) 163-2047','general labourer - rubber and plastic manufacture (worker in rubber and plastic production)',0,'','','','','','0000-00-00','92698 County Line, Akron, ID 11528','Victoria Rowe','(327) 460-2437',127,'9 years 4 months','42613 First, Port St. Lucie, OH 86258','Gertie Henderson','(156) 954-1555',107,'6 years 5 months','','Lucille Kent','2019-04-18 23:18:27',0,'2019-04-18 23:18:27',0);
/*!40000 ALTER TABLE `Prospect` ENABLE KEYS */;
UNLOCK TABLES;

--
-- Table structure for table `RatePlan`
--

DROP TABLE IF EXISTS `RatePlan`;
/*!40101 SET @saved_cs_client     = @@character_set_client */;
/*!40101 SET character_set_client = utf8 */;
CREATE TABLE `RatePlan` (
  `RPID` bigint(20) NOT NULL AUTO_INCREMENT,
  `BID` bigint(20) NOT NULL DEFAULT '0',
  `Name` varchar(100) NOT NULL DEFAULT '',
  `LastModTime` timestamp NOT NULL DEFAULT CURRENT_TIMESTAMP ON UPDATE CURRENT_TIMESTAMP,
  `LastModBy` bigint(20) NOT NULL DEFAULT '0',
  `CreateTS` timestamp NOT NULL DEFAULT CURRENT_TIMESTAMP,
  `CreateBy` bigint(20) NOT NULL DEFAULT '0',
  PRIMARY KEY (`RPID`)
) ENGINE=InnoDB DEFAULT CHARSET=utf8;
/*!40101 SET character_set_client = @saved_cs_client */;

--
-- Dumping data for table `RatePlan`
--

LOCK TABLES `RatePlan` WRITE;
/*!40000 ALTER TABLE `RatePlan` DISABLE KEYS */;
/*!40000 ALTER TABLE `RatePlan` ENABLE KEYS */;
UNLOCK TABLES;

--
-- Table structure for table `RatePlanOD`
--

DROP TABLE IF EXISTS `RatePlanOD`;
/*!40101 SET @saved_cs_client     = @@character_set_client */;
/*!40101 SET character_set_client = utf8 */;
CREATE TABLE `RatePlanOD` (
  `RPRID` bigint(20) NOT NULL DEFAULT '0',
  `BID` bigint(20) NOT NULL DEFAULT '0',
  `ODID` bigint(20) NOT NULL DEFAULT '0',
  `LastModTime` timestamp NOT NULL DEFAULT CURRENT_TIMESTAMP ON UPDATE CURRENT_TIMESTAMP,
  `LastModBy` bigint(20) NOT NULL DEFAULT '0',
  `CreateTS` timestamp NOT NULL DEFAULT CURRENT_TIMESTAMP,
  `CreateBy` bigint(20) NOT NULL DEFAULT '0'
) ENGINE=InnoDB DEFAULT CHARSET=utf8;
/*!40101 SET character_set_client = @saved_cs_client */;

--
-- Dumping data for table `RatePlanOD`
--

LOCK TABLES `RatePlanOD` WRITE;
/*!40000 ALTER TABLE `RatePlanOD` DISABLE KEYS */;
/*!40000 ALTER TABLE `RatePlanOD` ENABLE KEYS */;
UNLOCK TABLES;

--
-- Table structure for table `RatePlanRef`
--

DROP TABLE IF EXISTS `RatePlanRef`;
/*!40101 SET @saved_cs_client     = @@character_set_client */;
/*!40101 SET character_set_client = utf8 */;
CREATE TABLE `RatePlanRef` (
  `RPRID` bigint(20) NOT NULL AUTO_INCREMENT,
  `BID` bigint(20) NOT NULL DEFAULT '0',
  `RPID` bigint(20) NOT NULL DEFAULT '0',
  `DtStart` date DEFAULT '1970-01-01',
  `DtStop` date DEFAULT '1970-01-01',
  `FeeAppliesAge` smallint(6) NOT NULL DEFAULT '0',
  `MaxNoFeeUsers` smallint(6) NOT NULL DEFAULT '0',
  `AdditionalUserFee` decimal(19,4) NOT NULL DEFAULT '0.0000',
  `PromoCode` varchar(100) DEFAULT NULL,
  `CancellationFee` decimal(19,4) NOT NULL DEFAULT '0.0000',
  `FLAGS` bigint(20) NOT NULL DEFAULT '0',
  `LastModTime` timestamp NOT NULL DEFAULT CURRENT_TIMESTAMP ON UPDATE CURRENT_TIMESTAMP,
  `LastModBy` bigint(20) NOT NULL DEFAULT '0',
  `CreateTS` timestamp NOT NULL DEFAULT CURRENT_TIMESTAMP,
  `CreateBy` bigint(20) NOT NULL DEFAULT '0',
  PRIMARY KEY (`RPRID`)
) ENGINE=InnoDB DEFAULT CHARSET=utf8;
/*!40101 SET character_set_client = @saved_cs_client */;

--
-- Dumping data for table `RatePlanRef`
--

LOCK TABLES `RatePlanRef` WRITE;
/*!40000 ALTER TABLE `RatePlanRef` DISABLE KEYS */;
/*!40000 ALTER TABLE `RatePlanRef` ENABLE KEYS */;
UNLOCK TABLES;

--
-- Table structure for table `RatePlanRefRTRate`
--

DROP TABLE IF EXISTS `RatePlanRefRTRate`;
/*!40101 SET @saved_cs_client     = @@character_set_client */;
/*!40101 SET character_set_client = utf8 */;
CREATE TABLE `RatePlanRefRTRate` (
  `RPRID` bigint(20) NOT NULL DEFAULT '0',
  `BID` bigint(20) NOT NULL DEFAULT '0',
  `RTID` bigint(20) NOT NULL DEFAULT '0',
  `FLAGS` bigint(20) NOT NULL DEFAULT '0',
  `Val` decimal(19,4) NOT NULL DEFAULT '0.0000',
  `LastModTime` timestamp NOT NULL DEFAULT CURRENT_TIMESTAMP ON UPDATE CURRENT_TIMESTAMP,
  `LastModBy` bigint(20) NOT NULL DEFAULT '0',
  `CreateTS` timestamp NOT NULL DEFAULT CURRENT_TIMESTAMP,
  `CreateBy` bigint(20) NOT NULL DEFAULT '0',
  `RPRRTRateID` bigint(20) NOT NULL AUTO_INCREMENT,
  PRIMARY KEY (`RPRRTRateID`)
) ENGINE=InnoDB DEFAULT CHARSET=utf8;
/*!40101 SET character_set_client = @saved_cs_client */;

--
-- Dumping data for table `RatePlanRefRTRate`
--

LOCK TABLES `RatePlanRefRTRate` WRITE;
/*!40000 ALTER TABLE `RatePlanRefRTRate` DISABLE KEYS */;
/*!40000 ALTER TABLE `RatePlanRefRTRate` ENABLE KEYS */;
UNLOCK TABLES;

--
-- Table structure for table `RatePlanRefSPRate`
--

DROP TABLE IF EXISTS `RatePlanRefSPRate`;
/*!40101 SET @saved_cs_client     = @@character_set_client */;
/*!40101 SET character_set_client = utf8 */;
CREATE TABLE `RatePlanRefSPRate` (
  `RPRID` bigint(20) NOT NULL DEFAULT '0',
  `BID` bigint(20) NOT NULL DEFAULT '0',
  `RTID` bigint(20) NOT NULL DEFAULT '0',
  `RSPID` bigint(20) NOT NULL DEFAULT '0',
  `FLAGS` bigint(20) NOT NULL DEFAULT '0',
  `Val` decimal(19,4) NOT NULL DEFAULT '0.0000',
  `LastModTime` timestamp NOT NULL DEFAULT CURRENT_TIMESTAMP ON UPDATE CURRENT_TIMESTAMP,
  `LastModBy` bigint(20) NOT NULL DEFAULT '0',
  `CreateTS` timestamp NOT NULL DEFAULT CURRENT_TIMESTAMP,
  `CreateBy` bigint(20) NOT NULL DEFAULT '0',
  `RPRSPRateID` bigint(20) NOT NULL AUTO_INCREMENT,
  PRIMARY KEY (`RPRSPRateID`)
) ENGINE=InnoDB DEFAULT CHARSET=utf8;
/*!40101 SET character_set_client = @saved_cs_client */;

--
-- Dumping data for table `RatePlanRefSPRate`
--

LOCK TABLES `RatePlanRefSPRate` WRITE;
/*!40000 ALTER TABLE `RatePlanRefSPRate` DISABLE KEYS */;
/*!40000 ALTER TABLE `RatePlanRefSPRate` ENABLE KEYS */;
UNLOCK TABLES;

--
-- Table structure for table `Receipt`
--

DROP TABLE IF EXISTS `Receipt`;
/*!40101 SET @saved_cs_client     = @@character_set_client */;
/*!40101 SET character_set_client = utf8 */;
CREATE TABLE `Receipt` (
  `RCPTID` bigint(20) NOT NULL AUTO_INCREMENT,
  `PRCPTID` bigint(20) NOT NULL DEFAULT '0',
  `BID` bigint(20) NOT NULL DEFAULT '0',
  `TCID` bigint(20) NOT NULL DEFAULT '0',
  `PMTID` bigint(20) NOT NULL DEFAULT '0',
  `DEPID` bigint(20) NOT NULL DEFAULT '0',
  `DID` bigint(20) NOT NULL DEFAULT '0',
  `RAID` bigint(20) NOT NULL DEFAULT '0',
  `Dt` datetime NOT NULL DEFAULT '1970-01-01 00:00:00',
  `DocNo` varchar(50) NOT NULL DEFAULT '',
  `Amount` decimal(19,4) NOT NULL DEFAULT '0.0000',
  `AcctRuleReceive` varchar(215) NOT NULL DEFAULT '',
  `ARID` bigint(20) NOT NULL DEFAULT '0',
  `AcctRuleApply` varchar(4096) NOT NULL DEFAULT '',
  `FLAGS` bigint(20) NOT NULL DEFAULT '0',
  `Comment` varchar(256) NOT NULL DEFAULT '',
  `OtherPayorName` varchar(128) NOT NULL DEFAULT '',
  `LastModTime` timestamp NOT NULL DEFAULT CURRENT_TIMESTAMP ON UPDATE CURRENT_TIMESTAMP,
  `LastModBy` bigint(20) NOT NULL DEFAULT '0',
  `CreateTS` timestamp NOT NULL DEFAULT CURRENT_TIMESTAMP,
  `CreateBy` bigint(20) NOT NULL DEFAULT '0',
  PRIMARY KEY (`RCPTID`)
) ENGINE=InnoDB AUTO_INCREMENT=82 DEFAULT CHARSET=utf8;
/*!40101 SET character_set_client = @saved_cs_client */;

--
-- Dumping data for table `Receipt`
--

LOCK TABLES `Receipt` WRITE;
/*!40000 ALTER TABLE `Receipt` DISABLE KEYS */;
INSERT INTO `Receipt` VALUES (1,0,1,1,2,1,3,1,'2018-08-01 00:00:00','786623',1000.0000,'',25,'ASM(2) d 12999 990.00,c 12001 990.00,ASM(13) d 12999 10.00,c 12001 10.00',2,'payment for ASM-2','','2019-04-18 23:18:29',0,'2019-04-18 23:18:28',0),(2,0,1,1,2,1,4,1,'2018-09-01 00:00:00','988459',1000.0000,'',25,'ASM(3) d 12999 990.00,c 12001 990.00,ASM(14) d 12999 10.00,c 12001 10.00',2,'payment for ASM-3','','2019-04-18 23:18:29',0,'2019-04-18 23:18:28',0),(3,0,1,1,2,1,5,1,'2018-10-01 00:00:00','641803',1000.0000,'',25,'ASM(4) d 12999 990.00,c 12001 990.00,ASM(15) d 12999 10.00,c 12001 10.00',2,'payment for ASM-4','','2019-04-18 23:18:29',0,'2019-04-18 23:18:28',0),(4,0,1,1,2,1,6,1,'2018-11-01 00:00:00','361739',1000.0000,'',25,'ASM(5) d 12999 990.00,c 12001 990.00,ASM(16) d 12999 10.00,c 12001 10.00',2,'payment for ASM-5','','2019-04-18 23:18:29',0,'2019-04-18 23:18:28',0),(5,0,1,1,2,1,7,1,'2018-12-01 00:00:00','761883',1000.0000,'',25,'ASM(6) d 12999 990.00,c 12001 990.00,ASM(17) d 12999 10.00,c 12001 10.00',2,'payment for ASM-6','','2019-04-18 23:18:29',0,'2019-04-18 23:18:28',0),(6,0,1,1,2,1,8,1,'2019-01-01 00:00:00','38907',1000.0000,'',25,'ASM(7) d 12999 990.00,c 12001 990.00,ASM(18) d 12999 10.00,c 12001 10.00',2,'payment for ASM-7','','2019-04-18 23:18:29',0,'2019-04-18 23:18:28',0),(7,0,1,1,2,1,9,1,'2019-02-01 00:00:00','658932',1000.0000,'',25,'ASM(8) d 12999 990.00,c 12001 990.00,ASM(19) d 12999 10.00,c 12001 10.00',2,'payment for ASM-8','','2019-04-18 23:18:29',0,'2019-04-18 23:18:28',0),(8,0,1,1,2,1,10,1,'2019-03-01 00:00:00','387780',1000.0000,'',25,'ASM(9) d 12999 990.00,c 12001 990.00,ASM(20) d 12999 10.00,c 12001 10.00',2,'payment for ASM-9','','2019-04-18 23:18:30',0,'2019-04-18 23:18:28',0),(9,0,1,1,2,1,11,1,'2019-04-01 00:00:00','383115',1000.0000,'',25,'ASM(10) d 12999 990.00,c 12001 990.00,ASM(21) d 12999 10.00,c 12001 10.00',2,'payment for ASM-10','','2019-04-18 23:18:30',0,'2019-04-18 23:18:28',0),(10,0,1,1,2,2,2,1,'2018-07-05 00:00:00','742716',2000.0000,'',25,'ASM(11) d 12999 1060.32,c 12001 1060.32,ASM(22) d 12999 870.97,c 12001 870.97,ASM(23) d 12999 50.00,c 12001 50.00,ASM(24) d 12999 8.71,c 12001 8.71,ASM(25) d 12999 10.00,c 12001 10.00',2,'payment for ASM-11','','2019-04-18 23:18:29',0,'2019-04-18 23:18:28',0),(11,0,1,1,2,1,3,1,'2018-08-01 00:00:00','50020',10.0000,'',25,'ASM(2) d 12999 10.00,c 12001 10.00',2,'payment for ASM-13','','2019-04-18 23:18:29',0,'2019-04-18 23:18:28',0),(12,0,1,1,2,1,4,1,'2018-09-01 00:00:00','623071',10.0000,'',25,'ASM(3) d 12999 10.00,c 12001 10.00',2,'payment for ASM-14','','2019-04-18 23:18:29',0,'2019-04-18 23:18:28',0),(13,0,1,1,2,1,5,1,'2018-10-01 00:00:00','134652',10.0000,'',25,'ASM(4) d 12999 10.00,c 12001 10.00',2,'payment for ASM-15','','2019-04-18 23:18:29',0,'2019-04-18 23:18:28',0),(14,0,1,1,2,1,6,1,'2018-11-01 00:00:00','281907',10.0000,'',25,'ASM(5) d 12999 10.00,c 12001 10.00',2,'payment for ASM-16','','2019-04-18 23:18:29',0,'2019-04-18 23:18:28',0),(15,0,1,1,2,1,7,1,'2018-12-01 00:00:00','772719',10.0000,'',25,'ASM(6) d 12999 10.00,c 12001 10.00',2,'payment for ASM-17','','2019-04-18 23:18:29',0,'2019-04-18 23:18:28',0),(16,0,1,1,2,1,8,1,'2019-01-01 00:00:00','659062',10.0000,'',25,'ASM(7) d 12999 10.00,c 12001 10.00',2,'payment for ASM-18','','2019-04-18 23:18:29',0,'2019-04-18 23:18:28',0),(17,0,1,1,2,1,9,1,'2019-02-01 00:00:00','663110',10.0000,'',25,'ASM(8) d 12999 10.00,c 12001 10.00',2,'payment for ASM-19','','2019-04-18 23:18:29',0,'2019-04-18 23:18:28',0),(18,0,1,1,2,1,10,1,'2019-03-01 00:00:00','961397',10.0000,'',25,'ASM(9) d 12999 10.00,c 12001 10.00',2,'payment for ASM-20','','2019-04-18 23:18:30',0,'2019-04-18 23:18:28',0),(19,0,1,1,2,1,11,1,'2019-04-01 00:00:00','813105',10.0000,'',25,'ASM(10) d 12999 10.00,c 12001 10.00',2,'payment for ASM-21','','2019-04-18 23:18:30',0,'2019-04-18 23:18:28',0),(20,0,1,1,2,1,1,1,'2018-07-05 00:00:00','569721',870.9700,'',25,'ASM(11) d 12999 870.97,c 12001 870.97',2,'payment for ASM-22','','2019-04-18 23:18:29',0,'2019-04-18 23:18:28',0),(21,0,1,1,2,1,1,1,'2018-07-05 00:00:00','585917',50.0000,'',25,'ASM(11) d 12999 50.00,c 12001 50.00',2,'payment for ASM-23','','2019-04-18 23:18:29',0,'2019-04-18 23:18:28',0),(22,0,1,1,2,1,1,1,'2018-07-05 00:00:00','764712',8.7100,'',25,'ASM(11) d 12999 8.71,c 12001 8.71',2,'payment for ASM-24','','2019-04-18 23:18:29',0,'2019-04-18 23:18:28',0),(23,0,1,1,2,1,1,1,'2018-07-05 00:00:00','264449',10.0000,'',25,'ASM(11) d 12999 10.00,c 12001 10.00',2,'payment for ASM-25','','2019-04-18 23:18:29',0,'2019-04-18 23:18:28',0),(24,0,1,2,2,1,3,2,'2018-08-01 00:00:00','989579',1000.0000,'',25,'ASM(27) d 12999 990.00,c 12001 990.00,ASM(38) d 12999 10.00,c 12001 10.00',2,'payment for ASM-27','','2019-04-18 23:18:29',0,'2019-04-18 23:18:28',0),(25,0,1,2,2,1,4,2,'2018-09-01 00:00:00','156333',1000.0000,'',25,'ASM(28) d 12999 990.00,c 12001 990.00,ASM(39) d 12999 10.00,c 12001 10.00',2,'payment for ASM-28','','2019-04-18 23:18:29',0,'2019-04-18 23:18:28',0),(26,0,1,2,2,1,5,2,'2018-10-01 00:00:00','879825',1000.0000,'',25,'ASM(29) d 12999 990.00,c 12001 990.00,ASM(40) d 12999 10.00,c 12001 10.00',2,'payment for ASM-29','','2019-04-18 23:18:29',0,'2019-04-18 23:18:28',0),(27,0,1,2,2,1,6,2,'2018-11-01 00:00:00','312746',1000.0000,'',25,'ASM(30) d 12999 990.00,c 12001 990.00,ASM(41) d 12999 10.00,c 12001 10.00',2,'payment for ASM-30','','2019-04-18 23:18:29',0,'2019-04-18 23:18:28',0),(28,0,1,2,2,1,7,2,'2018-12-01 00:00:00','343734',1000.0000,'',25,'ASM(31) d 12999 990.00,c 12001 990.00,ASM(42) d 12999 10.00,c 12001 10.00',2,'payment for ASM-31','','2019-04-18 23:18:29',0,'2019-04-18 23:18:28',0),(29,0,1,2,2,1,8,2,'2019-01-01 00:00:00','771718',1000.0000,'',25,'ASM(32) d 12999 990.00,c 12001 990.00,ASM(43) d 12999 10.00,c 12001 10.00',2,'payment for ASM-32','','2019-04-18 23:18:29',0,'2019-04-18 23:18:28',0),(30,0,1,2,2,1,9,2,'2019-02-01 00:00:00','377901',1000.0000,'',25,'ASM(33) d 12999 990.00,c 12001 990.00,ASM(44) d 12999 10.00,c 12001 10.00',2,'payment for ASM-33','','2019-04-18 23:18:29',0,'2019-04-18 23:18:28',0),(31,0,1,2,2,1,10,2,'2019-03-01 00:00:00','65704',1000.0000,'',25,'ASM(34) d 12999 990.00,c 12001 990.00,ASM(45) d 12999 10.00,c 12001 10.00',2,'payment for ASM-34','','2019-04-18 23:18:30',0,'2019-04-18 23:18:28',0),(32,0,1,2,2,1,11,2,'2019-04-01 00:00:00','87610',1000.0000,'',25,'ASM(35) d 12999 990.00,c 12001 990.00,ASM(46) d 12999 10.00,c 12001 10.00',2,'payment for ASM-35','','2019-04-18 23:18:30',0,'2019-04-18 23:18:28',0),(33,0,1,2,2,2,2,2,'2018-07-05 00:00:00','975024',2000.0000,'',25,'ASM(36) d 12999 1060.32,c 12001 1060.32,ASM(47) d 12999 870.97,c 12001 870.97,ASM(48) d 12999 50.00,c 12001 50.00,ASM(49) d 12999 8.71,c 12001 8.71,ASM(50) d 12999 10.00,c 12001 10.00',2,'payment for ASM-36','','2019-04-18 23:18:29',0,'2019-04-18 23:18:28',0),(34,0,1,2,2,1,3,2,'2018-08-01 00:00:00','624717',10.0000,'',25,'ASM(27) d 12999 10.00,c 12001 10.00',2,'payment for ASM-38','','2019-04-18 23:18:29',0,'2019-04-18 23:18:28',0),(35,0,1,2,2,1,4,2,'2018-09-01 00:00:00','802269',10.0000,'',25,'ASM(28) d 12999 10.00,c 12001 10.00',2,'payment for ASM-39','','2019-04-18 23:18:29',0,'2019-04-18 23:18:28',0),(36,0,1,2,2,1,5,2,'2018-10-01 00:00:00','729479',10.0000,'',25,'ASM(29) d 12999 10.00,c 12001 10.00',2,'payment for ASM-40','','2019-04-18 23:18:29',0,'2019-04-18 23:18:28',0),(37,0,1,2,2,1,6,2,'2018-11-01 00:00:00','286269',10.0000,'',25,'ASM(30) d 12999 10.00,c 12001 10.00',2,'payment for ASM-41','','2019-04-18 23:18:29',0,'2019-04-18 23:18:28',0),(38,0,1,2,2,1,7,2,'2018-12-01 00:00:00','331750',10.0000,'',25,'ASM(31) d 12999 10.00,c 12001 10.00',2,'payment for ASM-42','','2019-04-18 23:18:29',0,'2019-04-18 23:18:28',0),(39,0,1,2,2,1,8,2,'2019-01-01 00:00:00','119657',10.0000,'',25,'ASM(32) d 12999 10.00,c 12001 10.00',2,'payment for ASM-43','','2019-04-18 23:18:29',0,'2019-04-18 23:18:28',0),(40,0,1,2,2,1,9,2,'2019-02-01 00:00:00','895923',10.0000,'',25,'ASM(33) d 12999 10.00,c 12001 10.00',2,'payment for ASM-44','','2019-04-18 23:18:29',0,'2019-04-18 23:18:28',0),(41,0,1,2,2,1,10,2,'2019-03-01 00:00:00','642512',10.0000,'',25,'ASM(34) d 12999 10.00,c 12001 10.00',2,'payment for ASM-45','','2019-04-18 23:18:30',0,'2019-04-18 23:18:28',0),(42,0,1,2,2,1,11,2,'2019-04-01 00:00:00','113702',10.0000,'',25,'ASM(35) d 12999 10.00,c 12001 10.00',2,'payment for ASM-46','','2019-04-18 23:18:30',0,'2019-04-18 23:18:28',0),(43,0,1,2,2,1,1,2,'2018-07-05 00:00:00','334655',870.9700,'',25,'ASM(36) d 12999 870.97,c 12001 870.97',2,'payment for ASM-47','','2019-04-18 23:18:29',0,'2019-04-18 23:18:28',0),(44,0,1,2,2,1,1,2,'2018-07-05 00:00:00','907257',50.0000,'',25,'ASM(36) d 12999 50.00,c 12001 50.00',2,'payment for ASM-48','','2019-04-18 23:18:29',0,'2019-04-18 23:18:28',0),(45,0,1,2,2,1,1,2,'2018-07-05 00:00:00','831643',8.7100,'',25,'ASM(36) d 12999 8.71,c 12001 8.71',2,'payment for ASM-49','','2019-04-18 23:18:29',0,'2019-04-18 23:18:28',0),(46,0,1,2,2,1,1,2,'2018-07-05 00:00:00','797301',10.0000,'',25,'ASM(36) d 12999 10.00,c 12001 10.00',2,'payment for ASM-50','','2019-04-18 23:18:29',0,'2019-04-18 23:18:28',0),(47,0,1,3,2,1,3,3,'2018-08-01 00:00:00','819019',1500.0000,'',25,'ASM(52) d 12999 1490.00,c 12001 1490.00,ASM(63) d 12999 10.00,c 12001 10.00',2,'payment for ASM-52','','2019-04-18 23:18:29',0,'2019-04-18 23:18:28',0),(48,0,1,3,2,1,4,3,'2018-09-01 00:00:00','233018',1500.0000,'',25,'ASM(53) d 12999 1490.00,c 12001 1490.00,ASM(64) d 12999 10.00,c 12001 10.00',2,'payment for ASM-53','','2019-04-18 23:18:29',0,'2019-04-18 23:18:28',0),(49,0,1,3,2,1,5,3,'2018-10-01 00:00:00','498694',1500.0000,'',25,'ASM(54) d 12999 1490.00,c 12001 1490.00,ASM(65) d 12999 10.00,c 12001 10.00',2,'payment for ASM-54','','2019-04-18 23:18:29',0,'2019-04-18 23:18:28',0),(50,0,1,3,2,1,6,3,'2018-11-01 00:00:00','140041',1500.0000,'',25,'ASM(55) d 12999 1490.00,c 12001 1490.00,ASM(66) d 12999 10.00,c 12001 10.00',2,'payment for ASM-55','','2019-04-18 23:18:29',0,'2019-04-18 23:18:28',0),(51,0,1,3,2,1,7,3,'2018-12-01 00:00:00','862788',1500.0000,'',25,'ASM(56) d 12999 1490.00,c 12001 1490.00,ASM(67) d 12999 10.00,c 12001 10.00',2,'payment for ASM-56','','2019-04-18 23:18:29',0,'2019-04-18 23:18:28',0),(52,0,1,3,2,1,8,3,'2019-01-01 00:00:00','919021',1500.0000,'',25,'ASM(57) d 12999 1490.00,c 12001 1490.00,ASM(68) d 12999 10.00,c 12001 10.00',2,'payment for ASM-57','','2019-04-18 23:18:29',0,'2019-04-18 23:18:28',0),(53,0,1,3,2,1,9,3,'2019-02-01 00:00:00','62911',1500.0000,'',25,'ASM(58) d 12999 1490.00,c 12001 1490.00,ASM(69) d 12999 10.00,c 12001 10.00',2,'payment for ASM-58','','2019-04-18 23:18:29',0,'2019-04-18 23:18:28',0),(54,0,1,3,2,1,10,3,'2019-03-01 00:00:00','458280',1500.0000,'',25,'ASM(59) d 12999 1490.00,c 12001 1490.00,ASM(70) d 12999 10.00,c 12001 10.00',2,'payment for ASM-59','','2019-04-18 23:18:30',0,'2019-04-18 23:18:28',0),(55,0,1,3,2,1,11,3,'2019-04-01 00:00:00','424343',1500.0000,'',25,'ASM(60) d 12999 1490.00,c 12001 1490.00,ASM(71) d 12999 10.00,c 12001 10.00',2,'payment for ASM-60','','2019-04-18 23:18:30',0,'2019-04-18 23:18:28',0),(56,0,1,3,2,2,2,3,'2018-07-05 00:00:00','8055',3000.0000,'',25,'ASM(61) d 12999 1624.84,c 12001 1624.84,ASM(72) d 12999 1306.45,c 12001 1306.45,ASM(73) d 12999 50.00,c 12001 50.00,ASM(74) d 12999 8.71,c 12001 8.71,ASM(75) d 12999 10.00,c 12001 10.00',2,'payment for ASM-61','','2019-04-18 23:18:29',0,'2019-04-18 23:18:28',0),(57,0,1,3,2,1,3,3,'2018-08-01 00:00:00','692041',10.0000,'',25,'ASM(52) d 12999 10.00,c 12001 10.00',2,'payment for ASM-63','','2019-04-18 23:18:29',0,'2019-04-18 23:18:28',0),(58,0,1,3,2,1,4,3,'2018-09-01 00:00:00','812453',10.0000,'',25,'ASM(53) d 12999 10.00,c 12001 10.00',2,'payment for ASM-64','','2019-04-18 23:18:29',0,'2019-04-18 23:18:28',0),(59,0,1,3,2,1,5,3,'2018-10-01 00:00:00','18631',10.0000,'',25,'ASM(54) d 12999 10.00,c 12001 10.00',2,'payment for ASM-65','','2019-04-18 23:18:29',0,'2019-04-18 23:18:28',0),(60,0,1,3,2,1,6,3,'2018-11-01 00:00:00','858217',10.0000,'',25,'ASM(55) d 12999 10.00,c 12001 10.00',2,'payment for ASM-66','','2019-04-18 23:18:29',0,'2019-04-18 23:18:28',0),(61,0,1,3,2,1,7,3,'2018-12-01 00:00:00','443631',10.0000,'',25,'ASM(56) d 12999 10.00,c 12001 10.00',2,'payment for ASM-67','','2019-04-18 23:18:29',0,'2019-04-18 23:18:28',0),(62,0,1,3,2,1,8,3,'2019-01-01 00:00:00','138218',10.0000,'',25,'ASM(57) d 12999 10.00,c 12001 10.00',2,'payment for ASM-68','','2019-04-18 23:18:29',0,'2019-04-18 23:18:28',0),(63,0,1,3,2,1,9,3,'2019-02-01 00:00:00','546632',10.0000,'',25,'ASM(58) d 12999 10.00,c 12001 10.00',2,'payment for ASM-69','','2019-04-18 23:18:29',0,'2019-04-18 23:18:28',0),(64,0,1,3,2,1,10,3,'2019-03-01 00:00:00','317514',10.0000,'',25,'ASM(59) d 12999 10.00,c 12001 10.00',2,'payment for ASM-70','','2019-04-18 23:18:30',0,'2019-04-18 23:18:28',0),(65,0,1,3,2,1,11,3,'2019-04-01 00:00:00','74904',10.0000,'',25,'ASM(60) d 12999 10.00,c 12001 10.00',2,'payment for ASM-71','','2019-04-18 23:18:30',0,'2019-04-18 23:18:28',0),(66,0,1,3,2,1,1,3,'2018-07-05 00:00:00','679180',1306.4500,'',25,'ASM(61) d 12999 1306.45,c 12001 1306.45',2,'payment for ASM-72','','2019-04-18 23:18:29',0,'2019-04-18 23:18:28',0),(67,0,1,3,2,1,1,3,'2018-07-05 00:00:00','488500',50.0000,'',25,'ASM(61) d 12999 50.00,c 12001 50.00',2,'payment for ASM-73','','2019-04-18 23:18:29',0,'2019-04-18 23:18:28',0),(68,0,1,3,2,1,1,3,'2018-07-05 00:00:00','450071',8.7100,'',25,'ASM(61) d 12999 8.71,c 12001 8.71',2,'payment for ASM-74','','2019-04-18 23:18:29',0,'2019-04-18 23:18:28',0),(69,0,1,3,2,1,1,3,'2018-07-05 00:00:00','803385',10.0000,'',25,'ASM(61) d 12999 10.00,c 12001 10.00',2,'payment for ASM-75','','2019-04-18 23:18:29',0,'2019-04-18 23:18:28',0),(70,0,1,4,2,1,3,4,'2018-08-01 00:00:00','56823',1500.0000,'',25,'ASM(77) d 12999 1500.00,c 12001 1500.00',2,'payment for ASM-77','','2019-04-18 23:18:29',0,'2019-04-18 23:18:28',0),(71,0,1,4,2,1,4,4,'2018-09-01 00:00:00','702441',1500.0000,'',25,'ASM(78) d 12999 1500.00,c 12001 1500.00',2,'payment for ASM-78','','2019-04-18 23:18:29',0,'2019-04-18 23:18:28',0),(72,0,1,4,2,1,5,4,'2018-10-01 00:00:00','778805',1500.0000,'',25,'ASM(79) d 12999 1500.00,c 12001 1500.00',2,'payment for ASM-79','','2019-04-18 23:18:29',0,'2019-04-18 23:18:28',0),(73,0,1,4,2,1,6,4,'2018-11-01 00:00:00','569258',1500.0000,'',25,'ASM(80) d 12999 1500.00,c 12001 1500.00',2,'payment for ASM-80','','2019-04-18 23:18:29',0,'2019-04-18 23:18:28',0),(74,0,1,4,2,1,7,4,'2018-12-01 00:00:00','104765',1500.0000,'',25,'ASM(81) d 12999 1500.00,c 12001 1500.00',2,'payment for ASM-81','','2019-04-18 23:18:29',0,'2019-04-18 23:18:28',0),(75,0,1,4,2,1,8,4,'2019-01-01 00:00:00','495868',1500.0000,'',25,'ASM(82) d 12999 1500.00,c 12001 1500.00',2,'payment for ASM-82','','2019-04-18 23:18:29',0,'2019-04-18 23:18:28',0),(76,0,1,4,2,1,9,4,'2019-02-01 00:00:00','763083',1500.0000,'',25,'ASM(83) d 12999 1500.00,c 12001 1500.00',2,'payment for ASM-83','','2019-04-18 23:18:29',0,'2019-04-18 23:18:28',0),(77,0,1,4,2,1,10,4,'2019-03-01 00:00:00','163850',1500.0000,'',25,'ASM(84) d 12999 1500.00,c 12001 1500.00',2,'payment for ASM-84','','2019-04-18 23:18:30',0,'2019-04-18 23:18:28',0),(78,0,1,4,2,1,11,4,'2019-04-01 00:00:00','721379',1500.0000,'',25,'ASM(85) d 12999 1500.00,c 12001 1500.00',2,'payment for ASM-85','','2019-04-18 23:18:30',0,'2019-04-18 23:18:28',0),(79,0,1,4,2,2,2,4,'2018-07-05 00:00:00','966812',3000.0000,'',25,'ASM(86) d 12999 1683.55,c 12001 1683.55,ASM(87) d 12999 1306.45,c 12001 1306.45,ASM(88) d 12999 10.00,c 12001 10.00',2,'payment for ASM-86','','2019-04-18 23:18:29',0,'2019-04-18 23:18:28',0),(80,0,1,4,2,1,1,4,'2018-07-05 00:00:00','50113',1306.4500,'',25,'ASM(86) d 12999 1306.45,c 12001 1306.45',2,'payment for ASM-87','','2019-04-18 23:18:29',0,'2019-04-18 23:18:28',0),(81,0,1,4,2,1,1,4,'2018-07-05 00:00:00','440571',10.0000,'',25,'ASM(86) d 12999 10.00,c 12001 10.00',2,'payment for ASM-88','','2019-04-18 23:18:29',0,'2019-04-18 23:18:29',0);
/*!40000 ALTER TABLE `Receipt` ENABLE KEYS */;
UNLOCK TABLES;

--
-- Table structure for table `ReceiptAllocation`
--

DROP TABLE IF EXISTS `ReceiptAllocation`;
/*!40101 SET @saved_cs_client     = @@character_set_client */;
/*!40101 SET character_set_client = utf8 */;
CREATE TABLE `ReceiptAllocation` (
  `RCPAID` bigint(20) NOT NULL AUTO_INCREMENT,
  `RCPTID` bigint(20) NOT NULL DEFAULT '0',
  `BID` bigint(20) NOT NULL DEFAULT '0',
  `RAID` bigint(20) NOT NULL DEFAULT '0',
  `Dt` datetime NOT NULL DEFAULT '1970-01-01 00:00:00',
  `Amount` decimal(19,4) NOT NULL DEFAULT '0.0000',
  `ASMID` bigint(20) NOT NULL DEFAULT '0',
  `FLAGS` bigint(20) NOT NULL DEFAULT '0',
  `AcctRule` varchar(150) NOT NULL DEFAULT '',
  `LastModTime` timestamp NOT NULL DEFAULT CURRENT_TIMESTAMP ON UPDATE CURRENT_TIMESTAMP,
  `LastModBy` bigint(20) NOT NULL DEFAULT '0',
  `CreateTS` timestamp NOT NULL DEFAULT CURRENT_TIMESTAMP,
  `CreateBy` bigint(20) NOT NULL DEFAULT '0',
  PRIMARY KEY (`RCPAID`)
) ENGINE=InnoDB AUTO_INCREMENT=285 DEFAULT CHARSET=utf8;
/*!40101 SET character_set_client = @saved_cs_client */;

--
-- Dumping data for table `ReceiptAllocation`
--

LOCK TABLES `ReceiptAllocation` WRITE;
/*!40000 ALTER TABLE `ReceiptAllocation` DISABLE KEYS */;
INSERT INTO `ReceiptAllocation` VALUES (1,1,1,1,'2018-08-01 00:00:00',1000.0000,0,0,'d 10999 _, c 12999 _','2019-04-18 23:18:28',0,'2019-04-18 23:18:28',0),(2,2,1,1,'2018-09-01 00:00:00',1000.0000,0,0,'d 10999 _, c 12999 _','2019-04-18 23:18:28',0,'2019-04-18 23:18:28',0),(3,3,1,1,'2018-10-01 00:00:00',1000.0000,0,0,'d 10999 _, c 12999 _','2019-04-18 23:18:28',0,'2019-04-18 23:18:28',0),(4,4,1,1,'2018-11-01 00:00:00',1000.0000,0,0,'d 10999 _, c 12999 _','2019-04-18 23:18:28',0,'2019-04-18 23:18:28',0),(5,5,1,1,'2018-12-01 00:00:00',1000.0000,0,0,'d 10999 _, c 12999 _','2019-04-18 23:18:28',0,'2019-04-18 23:18:28',0),(6,6,1,1,'2019-01-01 00:00:00',1000.0000,0,0,'d 10999 _, c 12999 _','2019-04-18 23:18:28',0,'2019-04-18 23:18:28',0),(7,7,1,1,'2019-02-01 00:00:00',1000.0000,0,0,'d 10999 _, c 12999 _','2019-04-18 23:18:28',0,'2019-04-18 23:18:28',0),(8,8,1,1,'2019-03-01 00:00:00',1000.0000,0,0,'d 10999 _, c 12999 _','2019-04-18 23:18:28',0,'2019-04-18 23:18:28',0),(9,9,1,1,'2019-04-01 00:00:00',1000.0000,0,0,'d 10999 _, c 12999 _','2019-04-18 23:18:28',0,'2019-04-18 23:18:28',0),(10,10,1,1,'2018-07-05 00:00:00',2000.0000,0,0,'d 10999 _, c 12999 _','2019-04-18 23:18:28',0,'2019-04-18 23:18:28',0),(11,11,1,1,'2018-08-01 00:00:00',10.0000,0,0,'d 10999 _, c 12999 _','2019-04-18 23:18:28',0,'2019-04-18 23:18:28',0),(12,12,1,1,'2018-09-01 00:00:00',10.0000,0,0,'d 10999 _, c 12999 _','2019-04-18 23:18:28',0,'2019-04-18 23:18:28',0),(13,13,1,1,'2018-10-01 00:00:00',10.0000,0,0,'d 10999 _, c 12999 _','2019-04-18 23:18:28',0,'2019-04-18 23:18:28',0),(14,14,1,1,'2018-11-01 00:00:00',10.0000,0,0,'d 10999 _, c 12999 _','2019-04-18 23:18:28',0,'2019-04-18 23:18:28',0),(15,15,1,1,'2018-12-01 00:00:00',10.0000,0,0,'d 10999 _, c 12999 _','2019-04-18 23:18:28',0,'2019-04-18 23:18:28',0),(16,16,1,1,'2019-01-01 00:00:00',10.0000,0,0,'d 10999 _, c 12999 _','2019-04-18 23:18:28',0,'2019-04-18 23:18:28',0),(17,17,1,1,'2019-02-01 00:00:00',10.0000,0,0,'d 10999 _, c 12999 _','2019-04-18 23:18:28',0,'2019-04-18 23:18:28',0),(18,18,1,1,'2019-03-01 00:00:00',10.0000,0,0,'d 10999 _, c 12999 _','2019-04-18 23:18:28',0,'2019-04-18 23:18:28',0),(19,19,1,1,'2019-04-01 00:00:00',10.0000,0,0,'d 10999 _, c 12999 _','2019-04-18 23:18:28',0,'2019-04-18 23:18:28',0),(20,20,1,1,'2018-07-05 00:00:00',870.9700,0,0,'d 10999 _, c 12999 _','2019-04-18 23:18:28',0,'2019-04-18 23:18:28',0),(21,21,1,1,'2018-07-05 00:00:00',50.0000,0,0,'d 10999 _, c 12999 _','2019-04-18 23:18:28',0,'2019-04-18 23:18:28',0),(22,22,1,1,'2018-07-05 00:00:00',8.7100,0,0,'d 10999 _, c 12999 _','2019-04-18 23:18:28',0,'2019-04-18 23:18:28',0),(23,23,1,1,'2018-07-05 00:00:00',10.0000,0,0,'d 10999 _, c 12999 _','2019-04-18 23:18:28',0,'2019-04-18 23:18:28',0),(24,24,1,2,'2018-08-01 00:00:00',1000.0000,0,0,'d 10999 _, c 12999 _','2019-04-18 23:18:28',0,'2019-04-18 23:18:28',0),(25,25,1,2,'2018-09-01 00:00:00',1000.0000,0,0,'d 10999 _, c 12999 _','2019-04-18 23:18:28',0,'2019-04-18 23:18:28',0),(26,26,1,2,'2018-10-01 00:00:00',1000.0000,0,0,'d 10999 _, c 12999 _','2019-04-18 23:18:28',0,'2019-04-18 23:18:28',0),(27,27,1,2,'2018-11-01 00:00:00',1000.0000,0,0,'d 10999 _, c 12999 _','2019-04-18 23:18:28',0,'2019-04-18 23:18:28',0),(28,28,1,2,'2018-12-01 00:00:00',1000.0000,0,0,'d 10999 _, c 12999 _','2019-04-18 23:18:28',0,'2019-04-18 23:18:28',0),(29,29,1,2,'2019-01-01 00:00:00',1000.0000,0,0,'d 10999 _, c 12999 _','2019-04-18 23:18:28',0,'2019-04-18 23:18:28',0),(30,30,1,2,'2019-02-01 00:00:00',1000.0000,0,0,'d 10999 _, c 12999 _','2019-04-18 23:18:28',0,'2019-04-18 23:18:28',0),(31,31,1,2,'2019-03-01 00:00:00',1000.0000,0,0,'d 10999 _, c 12999 _','2019-04-18 23:18:28',0,'2019-04-18 23:18:28',0),(32,32,1,2,'2019-04-01 00:00:00',1000.0000,0,0,'d 10999 _, c 12999 _','2019-04-18 23:18:28',0,'2019-04-18 23:18:28',0),(33,33,1,2,'2018-07-05 00:00:00',2000.0000,0,0,'d 10999 _, c 12999 _','2019-04-18 23:18:28',0,'2019-04-18 23:18:28',0),(34,34,1,2,'2018-08-01 00:00:00',10.0000,0,0,'d 10999 _, c 12999 _','2019-04-18 23:18:28',0,'2019-04-18 23:18:28',0),(35,35,1,2,'2018-09-01 00:00:00',10.0000,0,0,'d 10999 _, c 12999 _','2019-04-18 23:18:28',0,'2019-04-18 23:18:28',0),(36,36,1,2,'2018-10-01 00:00:00',10.0000,0,0,'d 10999 _, c 12999 _','2019-04-18 23:18:28',0,'2019-04-18 23:18:28',0),(37,37,1,2,'2018-11-01 00:00:00',10.0000,0,0,'d 10999 _, c 12999 _','2019-04-18 23:18:28',0,'2019-04-18 23:18:28',0),(38,38,1,2,'2018-12-01 00:00:00',10.0000,0,0,'d 10999 _, c 12999 _','2019-04-18 23:18:28',0,'2019-04-18 23:18:28',0),(39,39,1,2,'2019-01-01 00:00:00',10.0000,0,0,'d 10999 _, c 12999 _','2019-04-18 23:18:28',0,'2019-04-18 23:18:28',0),(40,40,1,2,'2019-02-01 00:00:00',10.0000,0,0,'d 10999 _, c 12999 _','2019-04-18 23:18:28',0,'2019-04-18 23:18:28',0),(41,41,1,2,'2019-03-01 00:00:00',10.0000,0,0,'d 10999 _, c 12999 _','2019-04-18 23:18:28',0,'2019-04-18 23:18:28',0),(42,42,1,2,'2019-04-01 00:00:00',10.0000,0,0,'d 10999 _, c 12999 _','2019-04-18 23:18:28',0,'2019-04-18 23:18:28',0),(43,43,1,2,'2018-07-05 00:00:00',870.9700,0,0,'d 10999 _, c 12999 _','2019-04-18 23:18:28',0,'2019-04-18 23:18:28',0),(44,44,1,2,'2018-07-05 00:00:00',50.0000,0,0,'d 10999 _, c 12999 _','2019-04-18 23:18:28',0,'2019-04-18 23:18:28',0),(45,45,1,2,'2018-07-05 00:00:00',8.7100,0,0,'d 10999 _, c 12999 _','2019-04-18 23:18:28',0,'2019-04-18 23:18:28',0),(46,46,1,2,'2018-07-05 00:00:00',10.0000,0,0,'d 10999 _, c 12999 _','2019-04-18 23:18:28',0,'2019-04-18 23:18:28',0),(47,47,1,3,'2018-08-01 00:00:00',1500.0000,0,0,'d 10999 _, c 12999 _','2019-04-18 23:18:28',0,'2019-04-18 23:18:28',0),(48,48,1,3,'2018-09-01 00:00:00',1500.0000,0,0,'d 10999 _, c 12999 _','2019-04-18 23:18:28',0,'2019-04-18 23:18:28',0),(49,49,1,3,'2018-10-01 00:00:00',1500.0000,0,0,'d 10999 _, c 12999 _','2019-04-18 23:18:28',0,'2019-04-18 23:18:28',0),(50,50,1,3,'2018-11-01 00:00:00',1500.0000,0,0,'d 10999 _, c 12999 _','2019-04-18 23:18:28',0,'2019-04-18 23:18:28',0),(51,51,1,3,'2018-12-01 00:00:00',1500.0000,0,0,'d 10999 _, c 12999 _','2019-04-18 23:18:28',0,'2019-04-18 23:18:28',0),(52,52,1,3,'2019-01-01 00:00:00',1500.0000,0,0,'d 10999 _, c 12999 _','2019-04-18 23:18:28',0,'2019-04-18 23:18:28',0),(53,53,1,3,'2019-02-01 00:00:00',1500.0000,0,0,'d 10999 _, c 12999 _','2019-04-18 23:18:28',0,'2019-04-18 23:18:28',0),(54,54,1,3,'2019-03-01 00:00:00',1500.0000,0,0,'d 10999 _, c 12999 _','2019-04-18 23:18:28',0,'2019-04-18 23:18:28',0),(55,55,1,3,'2019-04-01 00:00:00',1500.0000,0,0,'d 10999 _, c 12999 _','2019-04-18 23:18:28',0,'2019-04-18 23:18:28',0),(56,56,1,3,'2018-07-05 00:00:00',3000.0000,0,0,'d 10999 _, c 12999 _','2019-04-18 23:18:28',0,'2019-04-18 23:18:28',0),(57,57,1,3,'2018-08-01 00:00:00',10.0000,0,0,'d 10999 _, c 12999 _','2019-04-18 23:18:28',0,'2019-04-18 23:18:28',0),(58,58,1,3,'2018-09-01 00:00:00',10.0000,0,0,'d 10999 _, c 12999 _','2019-04-18 23:18:28',0,'2019-04-18 23:18:28',0),(59,59,1,3,'2018-10-01 00:00:00',10.0000,0,0,'d 10999 _, c 12999 _','2019-04-18 23:18:28',0,'2019-04-18 23:18:28',0),(60,60,1,3,'2018-11-01 00:00:00',10.0000,0,0,'d 10999 _, c 12999 _','2019-04-18 23:18:28',0,'2019-04-18 23:18:28',0),(61,61,1,3,'2018-12-01 00:00:00',10.0000,0,0,'d 10999 _, c 12999 _','2019-04-18 23:18:28',0,'2019-04-18 23:18:28',0),(62,62,1,3,'2019-01-01 00:00:00',10.0000,0,0,'d 10999 _, c 12999 _','2019-04-18 23:18:28',0,'2019-04-18 23:18:28',0),(63,63,1,3,'2019-02-01 00:00:00',10.0000,0,0,'d 10999 _, c 12999 _','2019-04-18 23:18:28',0,'2019-04-18 23:18:28',0),(64,64,1,3,'2019-03-01 00:00:00',10.0000,0,0,'d 10999 _, c 12999 _','2019-04-18 23:18:28',0,'2019-04-18 23:18:28',0),(65,65,1,3,'2019-04-01 00:00:00',10.0000,0,0,'d 10999 _, c 12999 _','2019-04-18 23:18:28',0,'2019-04-18 23:18:28',0),(66,66,1,3,'2018-07-05 00:00:00',1306.4500,0,0,'d 10999 _, c 12999 _','2019-04-18 23:18:28',0,'2019-04-18 23:18:28',0),(67,67,1,3,'2018-07-05 00:00:00',50.0000,0,0,'d 10999 _, c 12999 _','2019-04-18 23:18:28',0,'2019-04-18 23:18:28',0),(68,68,1,3,'2018-07-05 00:00:00',8.7100,0,0,'d 10999 _, c 12999 _','2019-04-18 23:18:28',0,'2019-04-18 23:18:28',0),(69,69,1,3,'2018-07-05 00:00:00',10.0000,0,0,'d 10999 _, c 12999 _','2019-04-18 23:18:28',0,'2019-04-18 23:18:28',0),(70,70,1,4,'2018-08-01 00:00:00',1500.0000,0,0,'d 10999 _, c 12999 _','2019-04-18 23:18:28',0,'2019-04-18 23:18:28',0),(71,71,1,4,'2018-09-01 00:00:00',1500.0000,0,0,'d 10999 _, c 12999 _','2019-04-18 23:18:28',0,'2019-04-18 23:18:28',0),(72,72,1,4,'2018-10-01 00:00:00',1500.0000,0,0,'d 10999 _, c 12999 _','2019-04-18 23:18:28',0,'2019-04-18 23:18:28',0),(73,73,1,4,'2018-11-01 00:00:00',1500.0000,0,0,'d 10999 _, c 12999 _','2019-04-18 23:18:28',0,'2019-04-18 23:18:28',0),(74,74,1,4,'2018-12-01 00:00:00',1500.0000,0,0,'d 10999 _, c 12999 _','2019-04-18 23:18:28',0,'2019-04-18 23:18:28',0),(75,75,1,4,'2019-01-01 00:00:00',1500.0000,0,0,'d 10999 _, c 12999 _','2019-04-18 23:18:28',0,'2019-04-18 23:18:28',0),(76,76,1,4,'2019-02-01 00:00:00',1500.0000,0,0,'d 10999 _, c 12999 _','2019-04-18 23:18:28',0,'2019-04-18 23:18:28',0),(77,77,1,4,'2019-03-01 00:00:00',1500.0000,0,0,'d 10999 _, c 12999 _','2019-04-18 23:18:28',0,'2019-04-18 23:18:28',0),(78,78,1,4,'2019-04-01 00:00:00',1500.0000,0,0,'d 10999 _, c 12999 _','2019-04-18 23:18:28',0,'2019-04-18 23:18:28',0),(79,79,1,4,'2018-07-05 00:00:00',3000.0000,0,0,'d 10999 _, c 12999 _','2019-04-18 23:18:28',0,'2019-04-18 23:18:28',0),(80,80,1,4,'2018-07-05 00:00:00',1306.4500,0,0,'d 10999 _, c 12999 _','2019-04-18 23:18:28',0,'2019-04-18 23:18:28',0),(81,81,1,4,'2018-07-05 00:00:00',10.0000,0,0,'d 10999 _, c 12999 _','2019-04-18 23:18:29',0,'2019-04-18 23:18:29',0),(82,22,1,1,'2018-07-05 00:00:00',8.7100,11,0,'ASM(11) d 12999 8.71,c 12001 8.71','2019-04-18 23:18:29',0,'2019-04-18 23:18:29',0),(83,23,1,1,'2018-07-05 00:00:00',10.0000,11,0,'ASM(11) d 12999 10.00,c 12001 10.00','2019-04-18 23:18:29',0,'2019-04-18 23:18:29',0),(84,21,1,1,'2018-07-05 00:00:00',50.0000,11,0,'ASM(11) d 12999 50.00,c 12001 50.00','2019-04-18 23:18:29',0,'2019-04-18 23:18:29',0),(85,20,1,1,'2018-07-05 00:00:00',870.9700,11,0,'ASM(11) d 12999 870.97,c 12001 870.97','2019-04-18 23:18:29',0,'2019-04-18 23:18:29',0),(86,10,1,1,'2018-07-05 00:00:00',1060.3200,11,0,'ASM(11) d 12999 1060.32,c 12001 1060.32','2019-04-18 23:18:29',0,'2019-04-18 23:18:29',0),(87,10,1,1,'2018-07-05 00:00:00',870.9700,22,0,'ASM(22) d 12999 870.97,c 12001 870.97','2019-04-18 23:18:29',0,'2019-04-18 23:18:29',0),(88,10,1,1,'2018-07-05 00:00:00',50.0000,23,0,'ASM(23) d 12999 50.00,c 12001 50.00','2019-04-18 23:18:29',0,'2019-04-18 23:18:29',0),(89,10,1,1,'2018-07-05 00:00:00',8.7100,24,0,'ASM(24) d 12999 8.71,c 12001 8.71','2019-04-18 23:18:29',0,'2019-04-18 23:18:29',0),(90,10,1,1,'2018-07-05 00:00:00',10.0000,25,0,'ASM(25) d 12999 10.00,c 12001 10.00','2019-04-18 23:18:29',0,'2019-04-18 23:18:29',0),(91,11,1,1,'2018-08-01 00:00:00',10.0000,2,0,'ASM(2) d 12999 10.00,c 12001 10.00','2019-04-18 23:18:29',0,'2019-04-18 23:18:29',0),(92,1,1,1,'2018-08-01 00:00:00',990.0000,2,0,'ASM(2) d 12999 990.00,c 12001 990.00','2019-04-18 23:18:29',0,'2019-04-18 23:18:29',0),(93,1,1,1,'2018-08-01 00:00:00',10.0000,13,0,'ASM(13) d 12999 10.00,c 12001 10.00','2019-04-18 23:18:29',0,'2019-04-18 23:18:29',0),(94,12,1,1,'2018-09-01 00:00:00',10.0000,3,0,'ASM(3) d 12999 10.00,c 12001 10.00','2019-04-18 23:18:29',0,'2019-04-18 23:18:29',0),(95,2,1,1,'2018-09-01 00:00:00',990.0000,3,0,'ASM(3) d 12999 990.00,c 12001 990.00','2019-04-18 23:18:29',0,'2019-04-18 23:18:29',0),(96,2,1,1,'2018-09-01 00:00:00',10.0000,14,0,'ASM(14) d 12999 10.00,c 12001 10.00','2019-04-18 23:18:29',0,'2019-04-18 23:18:29',0),(97,13,1,1,'2018-10-01 00:00:00',10.0000,4,0,'ASM(4) d 12999 10.00,c 12001 10.00','2019-04-18 23:18:29',0,'2019-04-18 23:18:29',0),(98,3,1,1,'2018-10-01 00:00:00',990.0000,4,0,'ASM(4) d 12999 990.00,c 12001 990.00','2019-04-18 23:18:29',0,'2019-04-18 23:18:29',0),(99,3,1,1,'2018-10-01 00:00:00',10.0000,15,0,'ASM(15) d 12999 10.00,c 12001 10.00','2019-04-18 23:18:29',0,'2019-04-18 23:18:29',0),(100,14,1,1,'2018-11-01 00:00:00',10.0000,5,0,'ASM(5) d 12999 10.00,c 12001 10.00','2019-04-18 23:18:29',0,'2019-04-18 23:18:29',0),(101,4,1,1,'2018-11-01 00:00:00',990.0000,5,0,'ASM(5) d 12999 990.00,c 12001 990.00','2019-04-18 23:18:29',0,'2019-04-18 23:18:29',0),(102,4,1,1,'2018-11-01 00:00:00',10.0000,16,0,'ASM(16) d 12999 10.00,c 12001 10.00','2019-04-18 23:18:29',0,'2019-04-18 23:18:29',0),(103,15,1,1,'2018-12-01 00:00:00',10.0000,6,0,'ASM(6) d 12999 10.00,c 12001 10.00','2019-04-18 23:18:29',0,'2019-04-18 23:18:29',0),(104,5,1,1,'2018-12-01 00:00:00',990.0000,6,0,'ASM(6) d 12999 990.00,c 12001 990.00','2019-04-18 23:18:29',0,'2019-04-18 23:18:29',0),(105,5,1,1,'2018-12-01 00:00:00',10.0000,17,0,'ASM(17) d 12999 10.00,c 12001 10.00','2019-04-18 23:18:29',0,'2019-04-18 23:18:29',0),(106,16,1,1,'2019-01-01 00:00:00',10.0000,7,0,'ASM(7) d 12999 10.00,c 12001 10.00','2019-04-18 23:18:29',0,'2019-04-18 23:18:29',0),(107,6,1,1,'2019-01-01 00:00:00',990.0000,7,0,'ASM(7) d 12999 990.00,c 12001 990.00','2019-04-18 23:18:29',0,'2019-04-18 23:18:29',0),(108,6,1,1,'2019-01-01 00:00:00',10.0000,18,0,'ASM(18) d 12999 10.00,c 12001 10.00','2019-04-18 23:18:29',0,'2019-04-18 23:18:29',0),(109,17,1,1,'2019-02-01 00:00:00',10.0000,8,0,'ASM(8) d 12999 10.00,c 12001 10.00','2019-04-18 23:18:29',0,'2019-04-18 23:18:29',0),(110,7,1,1,'2019-02-01 00:00:00',990.0000,8,0,'ASM(8) d 12999 990.00,c 12001 990.00','2019-04-18 23:18:29',0,'2019-04-18 23:18:29',0),(111,7,1,1,'2019-02-01 00:00:00',10.0000,19,0,'ASM(19) d 12999 10.00,c 12001 10.00','2019-04-18 23:18:29',0,'2019-04-18 23:18:29',0),(112,18,1,1,'2019-03-01 00:00:00',10.0000,9,0,'ASM(9) d 12999 10.00,c 12001 10.00','2019-04-18 23:18:29',0,'2019-04-18 23:18:29',0),(113,8,1,1,'2019-03-01 00:00:00',990.0000,9,0,'ASM(9) d 12999 990.00,c 12001 990.00','2019-04-18 23:18:29',0,'2019-04-18 23:18:29',0),(114,8,1,1,'2019-03-01 00:00:00',10.0000,20,0,'ASM(20) d 12999 10.00,c 12001 10.00','2019-04-18 23:18:29',0,'2019-04-18 23:18:29',0),(115,19,1,1,'2019-04-01 00:00:00',10.0000,10,0,'ASM(10) d 12999 10.00,c 12001 10.00','2019-04-18 23:18:29',0,'2019-04-18 23:18:29',0),(116,9,1,1,'2019-04-01 00:00:00',990.0000,10,0,'ASM(10) d 12999 990.00,c 12001 990.00','2019-04-18 23:18:29',0,'2019-04-18 23:18:29',0),(117,9,1,1,'2019-04-01 00:00:00',10.0000,21,0,'ASM(21) d 12999 10.00,c 12001 10.00','2019-04-18 23:18:29',0,'2019-04-18 23:18:29',0),(118,45,1,2,'2018-07-05 00:00:00',8.7100,36,0,'ASM(36) d 12999 8.71,c 12001 8.71','2019-04-18 23:18:29',0,'2019-04-18 23:18:29',0),(119,46,1,2,'2018-07-05 00:00:00',10.0000,36,0,'ASM(36) d 12999 10.00,c 12001 10.00','2019-04-18 23:18:29',0,'2019-04-18 23:18:29',0),(120,44,1,2,'2018-07-05 00:00:00',50.0000,36,0,'ASM(36) d 12999 50.00,c 12001 50.00','2019-04-18 23:18:29',0,'2019-04-18 23:18:29',0),(121,43,1,2,'2018-07-05 00:00:00',870.9700,36,0,'ASM(36) d 12999 870.97,c 12001 870.97','2019-04-18 23:18:29',0,'2019-04-18 23:18:29',0),(122,33,1,2,'2018-07-05 00:00:00',1060.3200,36,0,'ASM(36) d 12999 1060.32,c 12001 1060.32','2019-04-18 23:18:29',0,'2019-04-18 23:18:29',0),(123,33,1,2,'2018-07-05 00:00:00',870.9700,47,0,'ASM(47) d 12999 870.97,c 12001 870.97','2019-04-18 23:18:29',0,'2019-04-18 23:18:29',0),(124,33,1,2,'2018-07-05 00:00:00',50.0000,48,0,'ASM(48) d 12999 50.00,c 12001 50.00','2019-04-18 23:18:29',0,'2019-04-18 23:18:29',0),(125,33,1,2,'2018-07-05 00:00:00',8.7100,49,0,'ASM(49) d 12999 8.71,c 12001 8.71','2019-04-18 23:18:29',0,'2019-04-18 23:18:29',0),(126,33,1,2,'2018-07-05 00:00:00',10.0000,50,0,'ASM(50) d 12999 10.00,c 12001 10.00','2019-04-18 23:18:29',0,'2019-04-18 23:18:29',0),(127,34,1,2,'2018-08-01 00:00:00',10.0000,27,0,'ASM(27) d 12999 10.00,c 12001 10.00','2019-04-18 23:18:29',0,'2019-04-18 23:18:29',0),(128,24,1,2,'2018-08-01 00:00:00',990.0000,27,0,'ASM(27) d 12999 990.00,c 12001 990.00','2019-04-18 23:18:29',0,'2019-04-18 23:18:29',0),(129,24,1,2,'2018-08-01 00:00:00',10.0000,38,0,'ASM(38) d 12999 10.00,c 12001 10.00','2019-04-18 23:18:29',0,'2019-04-18 23:18:29',0),(130,35,1,2,'2018-09-01 00:00:00',10.0000,28,0,'ASM(28) d 12999 10.00,c 12001 10.00','2019-04-18 23:18:29',0,'2019-04-18 23:18:29',0),(131,25,1,2,'2018-09-01 00:00:00',990.0000,28,0,'ASM(28) d 12999 990.00,c 12001 990.00','2019-04-18 23:18:29',0,'2019-04-18 23:18:29',0),(132,25,1,2,'2018-09-01 00:00:00',10.0000,39,0,'ASM(39) d 12999 10.00,c 12001 10.00','2019-04-18 23:18:29',0,'2019-04-18 23:18:29',0),(133,36,1,2,'2018-10-01 00:00:00',10.0000,29,0,'ASM(29) d 12999 10.00,c 12001 10.00','2019-04-18 23:18:29',0,'2019-04-18 23:18:29',0),(134,26,1,2,'2018-10-01 00:00:00',990.0000,29,0,'ASM(29) d 12999 990.00,c 12001 990.00','2019-04-18 23:18:29',0,'2019-04-18 23:18:29',0),(135,26,1,2,'2018-10-01 00:00:00',10.0000,40,0,'ASM(40) d 12999 10.00,c 12001 10.00','2019-04-18 23:18:29',0,'2019-04-18 23:18:29',0),(136,37,1,2,'2018-11-01 00:00:00',10.0000,30,0,'ASM(30) d 12999 10.00,c 12001 10.00','2019-04-18 23:18:29',0,'2019-04-18 23:18:29',0),(137,27,1,2,'2018-11-01 00:00:00',990.0000,30,0,'ASM(30) d 12999 990.00,c 12001 990.00','2019-04-18 23:18:29',0,'2019-04-18 23:18:29',0),(138,27,1,2,'2018-11-01 00:00:00',10.0000,41,0,'ASM(41) d 12999 10.00,c 12001 10.00','2019-04-18 23:18:29',0,'2019-04-18 23:18:29',0),(139,38,1,2,'2018-12-01 00:00:00',10.0000,31,0,'ASM(31) d 12999 10.00,c 12001 10.00','2019-04-18 23:18:29',0,'2019-04-18 23:18:29',0),(140,28,1,2,'2018-12-01 00:00:00',990.0000,31,0,'ASM(31) d 12999 990.00,c 12001 990.00','2019-04-18 23:18:29',0,'2019-04-18 23:18:29',0),(141,28,1,2,'2018-12-01 00:00:00',10.0000,42,0,'ASM(42) d 12999 10.00,c 12001 10.00','2019-04-18 23:18:29',0,'2019-04-18 23:18:29',0),(142,39,1,2,'2019-01-01 00:00:00',10.0000,32,0,'ASM(32) d 12999 10.00,c 12001 10.00','2019-04-18 23:18:29',0,'2019-04-18 23:18:29',0),(143,29,1,2,'2019-01-01 00:00:00',990.0000,32,0,'ASM(32) d 12999 990.00,c 12001 990.00','2019-04-18 23:18:29',0,'2019-04-18 23:18:29',0),(144,29,1,2,'2019-01-01 00:00:00',10.0000,43,0,'ASM(43) d 12999 10.00,c 12001 10.00','2019-04-18 23:18:29',0,'2019-04-18 23:18:29',0),(145,40,1,2,'2019-02-01 00:00:00',10.0000,33,0,'ASM(33) d 12999 10.00,c 12001 10.00','2019-04-18 23:18:29',0,'2019-04-18 23:18:29',0),(146,30,1,2,'2019-02-01 00:00:00',990.0000,33,0,'ASM(33) d 12999 990.00,c 12001 990.00','2019-04-18 23:18:29',0,'2019-04-18 23:18:29',0),(147,30,1,2,'2019-02-01 00:00:00',10.0000,44,0,'ASM(44) d 12999 10.00,c 12001 10.00','2019-04-18 23:18:29',0,'2019-04-18 23:18:29',0),(148,41,1,2,'2019-03-01 00:00:00',10.0000,34,0,'ASM(34) d 12999 10.00,c 12001 10.00','2019-04-18 23:18:29',0,'2019-04-18 23:18:29',0),(149,31,1,2,'2019-03-01 00:00:00',990.0000,34,0,'ASM(34) d 12999 990.00,c 12001 990.00','2019-04-18 23:18:29',0,'2019-04-18 23:18:29',0),(150,31,1,2,'2019-03-01 00:00:00',10.0000,45,0,'ASM(45) d 12999 10.00,c 12001 10.00','2019-04-18 23:18:29',0,'2019-04-18 23:18:29',0),(151,42,1,2,'2019-04-01 00:00:00',10.0000,35,0,'ASM(35) d 12999 10.00,c 12001 10.00','2019-04-18 23:18:29',0,'2019-04-18 23:18:29',0),(152,32,1,2,'2019-04-01 00:00:00',990.0000,35,0,'ASM(35) d 12999 990.00,c 12001 990.00','2019-04-18 23:18:29',0,'2019-04-18 23:18:29',0),(153,32,1,2,'2019-04-01 00:00:00',10.0000,46,0,'ASM(46) d 12999 10.00,c 12001 10.00','2019-04-18 23:18:29',0,'2019-04-18 23:18:29',0),(154,68,1,3,'2018-07-05 00:00:00',8.7100,61,0,'ASM(61) d 12999 8.71,c 12001 8.71','2019-04-18 23:18:29',0,'2019-04-18 23:18:29',0),(155,69,1,3,'2018-07-05 00:00:00',10.0000,61,0,'ASM(61) d 12999 10.00,c 12001 10.00','2019-04-18 23:18:29',0,'2019-04-18 23:18:29',0),(156,67,1,3,'2018-07-05 00:00:00',50.0000,61,0,'ASM(61) d 12999 50.00,c 12001 50.00','2019-04-18 23:18:29',0,'2019-04-18 23:18:29',0),(157,66,1,3,'2018-07-05 00:00:00',1306.4500,61,0,'ASM(61) d 12999 1306.45,c 12001 1306.45','2019-04-18 23:18:29',0,'2019-04-18 23:18:29',0),(158,56,1,3,'2018-07-05 00:00:00',1624.8400,61,0,'ASM(61) d 12999 1624.84,c 12001 1624.84','2019-04-18 23:18:29',0,'2019-04-18 23:18:29',0),(159,56,1,3,'2018-07-05 00:00:00',1306.4500,72,0,'ASM(72) d 12999 1306.45,c 12001 1306.45','2019-04-18 23:18:29',0,'2019-04-18 23:18:29',0),(160,56,1,3,'2018-07-05 00:00:00',50.0000,73,0,'ASM(73) d 12999 50.00,c 12001 50.00','2019-04-18 23:18:29',0,'2019-04-18 23:18:29',0),(161,56,1,3,'2018-07-05 00:00:00',8.7100,74,0,'ASM(74) d 12999 8.71,c 12001 8.71','2019-04-18 23:18:29',0,'2019-04-18 23:18:29',0),(162,56,1,3,'2018-07-05 00:00:00',10.0000,75,0,'ASM(75) d 12999 10.00,c 12001 10.00','2019-04-18 23:18:29',0,'2019-04-18 23:18:29',0),(163,57,1,3,'2018-08-01 00:00:00',10.0000,52,0,'ASM(52) d 12999 10.00,c 12001 10.00','2019-04-18 23:18:29',0,'2019-04-18 23:18:29',0),(164,47,1,3,'2018-08-01 00:00:00',1490.0000,52,0,'ASM(52) d 12999 1490.00,c 12001 1490.00','2019-04-18 23:18:29',0,'2019-04-18 23:18:29',0),(165,47,1,3,'2018-08-01 00:00:00',10.0000,63,0,'ASM(63) d 12999 10.00,c 12001 10.00','2019-04-18 23:18:29',0,'2019-04-18 23:18:29',0),(166,58,1,3,'2018-09-01 00:00:00',10.0000,53,0,'ASM(53) d 12999 10.00,c 12001 10.00','2019-04-18 23:18:29',0,'2019-04-18 23:18:29',0),(167,48,1,3,'2018-09-01 00:00:00',1490.0000,53,0,'ASM(53) d 12999 1490.00,c 12001 1490.00','2019-04-18 23:18:29',0,'2019-04-18 23:18:29',0),(168,48,1,3,'2018-09-01 00:00:00',10.0000,64,0,'ASM(64) d 12999 10.00,c 12001 10.00','2019-04-18 23:18:29',0,'2019-04-18 23:18:29',0),(169,59,1,3,'2018-10-01 00:00:00',10.0000,54,0,'ASM(54) d 12999 10.00,c 12001 10.00','2019-04-18 23:18:29',0,'2019-04-18 23:18:29',0),(170,49,1,3,'2018-10-01 00:00:00',1490.0000,54,0,'ASM(54) d 12999 1490.00,c 12001 1490.00','2019-04-18 23:18:29',0,'2019-04-18 23:18:29',0),(171,49,1,3,'2018-10-01 00:00:00',10.0000,65,0,'ASM(65) d 12999 10.00,c 12001 10.00','2019-04-18 23:18:29',0,'2019-04-18 23:18:29',0),(172,60,1,3,'2018-11-01 00:00:00',10.0000,55,0,'ASM(55) d 12999 10.00,c 12001 10.00','2019-04-18 23:18:29',0,'2019-04-18 23:18:29',0),(173,50,1,3,'2018-11-01 00:00:00',1490.0000,55,0,'ASM(55) d 12999 1490.00,c 12001 1490.00','2019-04-18 23:18:29',0,'2019-04-18 23:18:29',0),(174,50,1,3,'2018-11-01 00:00:00',10.0000,66,0,'ASM(66) d 12999 10.00,c 12001 10.00','2019-04-18 23:18:29',0,'2019-04-18 23:18:29',0),(175,61,1,3,'2018-12-01 00:00:00',10.0000,56,0,'ASM(56) d 12999 10.00,c 12001 10.00','2019-04-18 23:18:29',0,'2019-04-18 23:18:29',0),(176,51,1,3,'2018-12-01 00:00:00',1490.0000,56,0,'ASM(56) d 12999 1490.00,c 12001 1490.00','2019-04-18 23:18:29',0,'2019-04-18 23:18:29',0),(177,51,1,3,'2018-12-01 00:00:00',10.0000,67,0,'ASM(67) d 12999 10.00,c 12001 10.00','2019-04-18 23:18:29',0,'2019-04-18 23:18:29',0),(178,62,1,3,'2019-01-01 00:00:00',10.0000,57,0,'ASM(57) d 12999 10.00,c 12001 10.00','2019-04-18 23:18:29',0,'2019-04-18 23:18:29',0),(179,52,1,3,'2019-01-01 00:00:00',1490.0000,57,0,'ASM(57) d 12999 1490.00,c 12001 1490.00','2019-04-18 23:18:29',0,'2019-04-18 23:18:29',0),(180,52,1,3,'2019-01-01 00:00:00',10.0000,68,0,'ASM(68) d 12999 10.00,c 12001 10.00','2019-04-18 23:18:29',0,'2019-04-18 23:18:29',0),(181,63,1,3,'2019-02-01 00:00:00',10.0000,58,0,'ASM(58) d 12999 10.00,c 12001 10.00','2019-04-18 23:18:29',0,'2019-04-18 23:18:29',0),(182,53,1,3,'2019-02-01 00:00:00',1490.0000,58,0,'ASM(58) d 12999 1490.00,c 12001 1490.00','2019-04-18 23:18:29',0,'2019-04-18 23:18:29',0),(183,53,1,3,'2019-02-01 00:00:00',10.0000,69,0,'ASM(69) d 12999 10.00,c 12001 10.00','2019-04-18 23:18:29',0,'2019-04-18 23:18:29',0),(184,64,1,3,'2019-03-01 00:00:00',10.0000,59,0,'ASM(59) d 12999 10.00,c 12001 10.00','2019-04-18 23:18:29',0,'2019-04-18 23:18:29',0),(185,54,1,3,'2019-03-01 00:00:00',1490.0000,59,0,'ASM(59) d 12999 1490.00,c 12001 1490.00','2019-04-18 23:18:29',0,'2019-04-18 23:18:29',0),(186,54,1,3,'2019-03-01 00:00:00',10.0000,70,0,'ASM(70) d 12999 10.00,c 12001 10.00','2019-04-18 23:18:29',0,'2019-04-18 23:18:29',0),(187,65,1,3,'2019-04-01 00:00:00',10.0000,60,0,'ASM(60) d 12999 10.00,c 12001 10.00','2019-04-18 23:18:29',0,'2019-04-18 23:18:29',0),(188,55,1,3,'2019-04-01 00:00:00',1490.0000,60,0,'ASM(60) d 12999 1490.00,c 12001 1490.00','2019-04-18 23:18:29',0,'2019-04-18 23:18:29',0),(189,55,1,3,'2019-04-01 00:00:00',10.0000,71,0,'ASM(71) d 12999 10.00,c 12001 10.00','2019-04-18 23:18:29',0,'2019-04-18 23:18:29',0),(190,81,1,4,'2018-07-05 00:00:00',10.0000,86,0,'ASM(86) d 12999 10.00,c 12001 10.00','2019-04-18 23:18:29',0,'2019-04-18 23:18:29',0),(191,80,1,4,'2018-07-05 00:00:00',1306.4500,86,0,'ASM(86) d 12999 1306.45,c 12001 1306.45','2019-04-18 23:18:29',0,'2019-04-18 23:18:29',0),(192,79,1,4,'2018-07-05 00:00:00',1683.5500,86,0,'ASM(86) d 12999 1683.55,c 12001 1683.55','2019-04-18 23:18:29',0,'2019-04-18 23:18:29',0),(193,79,1,4,'2018-07-05 00:00:00',1306.4500,87,0,'ASM(87) d 12999 1306.45,c 12001 1306.45','2019-04-18 23:18:29',0,'2019-04-18 23:18:29',0),(194,79,1,4,'2018-07-05 00:00:00',10.0000,88,0,'ASM(88) d 12999 10.00,c 12001 10.00','2019-04-18 23:18:29',0,'2019-04-18 23:18:29',0),(195,70,1,4,'2018-08-01 00:00:00',1500.0000,77,0,'ASM(77) d 12999 1500.00,c 12001 1500.00','2019-04-18 23:18:29',0,'2019-04-18 23:18:29',0),(196,71,1,4,'2018-09-01 00:00:00',1500.0000,78,0,'ASM(78) d 12999 1500.00,c 12001 1500.00','2019-04-18 23:18:29',0,'2019-04-18 23:18:29',0),(197,72,1,4,'2018-10-01 00:00:00',1500.0000,79,0,'ASM(79) d 12999 1500.00,c 12001 1500.00','2019-04-18 23:18:29',0,'2019-04-18 23:18:29',0),(198,73,1,4,'2018-11-01 00:00:00',1500.0000,80,0,'ASM(80) d 12999 1500.00,c 12001 1500.00','2019-04-18 23:18:29',0,'2019-04-18 23:18:29',0),(199,74,1,4,'2018-12-01 00:00:00',1500.0000,81,0,'ASM(81) d 12999 1500.00,c 12001 1500.00','2019-04-18 23:18:29',0,'2019-04-18 23:18:29',0),(200,75,1,4,'2019-01-01 00:00:00',1500.0000,82,0,'ASM(82) d 12999 1500.00,c 12001 1500.00','2019-04-18 23:18:29',0,'2019-04-18 23:18:29',0),(201,76,1,4,'2019-02-01 00:00:00',1500.0000,83,0,'ASM(83) d 12999 1500.00,c 12001 1500.00','2019-04-18 23:18:29',0,'2019-04-18 23:18:29',0),(202,77,1,4,'2019-03-01 00:00:00',1500.0000,84,0,'ASM(84) d 12999 1500.00,c 12001 1500.00','2019-04-18 23:18:29',0,'2019-04-18 23:18:29',0),(203,78,1,4,'2019-04-01 00:00:00',1500.0000,85,0,'ASM(85) d 12999 1500.00,c 12001 1500.00','2019-04-18 23:18:29',0,'2019-04-18 23:18:29',0),(204,20,1,1,'2018-07-05 00:00:00',870.9700,0,0,'d 10105 _, c 10999 _','2019-04-18 23:18:29',0,'2019-04-18 23:18:29',0),(205,21,1,1,'2018-07-05 00:00:00',50.0000,0,0,'d 10105 _, c 10999 _','2019-04-18 23:18:29',0,'2019-04-18 23:18:29',0),(206,22,1,1,'2018-07-05 00:00:00',8.7100,0,0,'d 10105 _, c 10999 _','2019-04-18 23:18:29',0,'2019-04-18 23:18:29',0),(207,23,1,1,'2018-07-05 00:00:00',10.0000,0,0,'d 10105 _, c 10999 _','2019-04-18 23:18:29',0,'2019-04-18 23:18:29',0),(208,43,1,2,'2018-07-05 00:00:00',870.9700,0,0,'d 10105 _, c 10999 _','2019-04-18 23:18:29',0,'2019-04-18 23:18:29',0),(209,44,1,2,'2018-07-05 00:00:00',50.0000,0,0,'d 10105 _, c 10999 _','2019-04-18 23:18:29',0,'2019-04-18 23:18:29',0),(210,45,1,2,'2018-07-05 00:00:00',8.7100,0,0,'d 10105 _, c 10999 _','2019-04-18 23:18:29',0,'2019-04-18 23:18:29',0),(211,46,1,2,'2018-07-05 00:00:00',10.0000,0,0,'d 10105 _, c 10999 _','2019-04-18 23:18:29',0,'2019-04-18 23:18:29',0),(212,66,1,3,'2018-07-05 00:00:00',1306.4500,0,0,'d 10105 _, c 10999 _','2019-04-18 23:18:29',0,'2019-04-18 23:18:29',0),(213,67,1,3,'2018-07-05 00:00:00',50.0000,0,0,'d 10105 _, c 10999 _','2019-04-18 23:18:29',0,'2019-04-18 23:18:29',0),(214,68,1,3,'2018-07-05 00:00:00',8.7100,0,0,'d 10105 _, c 10999 _','2019-04-18 23:18:29',0,'2019-04-18 23:18:29',0),(215,69,1,3,'2018-07-05 00:00:00',10.0000,0,0,'d 10105 _, c 10999 _','2019-04-18 23:18:29',0,'2019-04-18 23:18:29',0),(216,80,1,4,'2018-07-05 00:00:00',1306.4500,0,0,'d 10105 _, c 10999 _','2019-04-18 23:18:29',0,'2019-04-18 23:18:29',0),(217,81,1,4,'2018-07-05 00:00:00',10.0000,0,0,'d 10105 _, c 10999 _','2019-04-18 23:18:29',0,'2019-04-18 23:18:29',0),(218,10,1,1,'2018-07-05 00:00:00',2000.0000,0,0,'d 10104 _, c 10999 _','2019-04-18 23:18:29',0,'2019-04-18 23:18:29',0),(219,33,1,2,'2018-07-05 00:00:00',2000.0000,0,0,'d 10104 _, c 10999 _','2019-04-18 23:18:29',0,'2019-04-18 23:18:29',0),(220,56,1,3,'2018-07-05 00:00:00',3000.0000,0,0,'d 10104 _, c 10999 _','2019-04-18 23:18:29',0,'2019-04-18 23:18:29',0),(221,79,1,4,'2018-07-05 00:00:00',3000.0000,0,0,'d 10104 _, c 10999 _','2019-04-18 23:18:29',0,'2019-04-18 23:18:29',0),(222,1,1,1,'2018-08-01 00:00:00',1000.0000,0,0,'d 10105 _, c 10999 _','2019-04-18 23:18:29',0,'2019-04-18 23:18:29',0),(223,11,1,1,'2018-08-01 00:00:00',10.0000,0,0,'d 10105 _, c 10999 _','2019-04-18 23:18:29',0,'2019-04-18 23:18:29',0),(224,24,1,2,'2018-08-01 00:00:00',1000.0000,0,0,'d 10105 _, c 10999 _','2019-04-18 23:18:29',0,'2019-04-18 23:18:29',0),(225,34,1,2,'2018-08-01 00:00:00',10.0000,0,0,'d 10105 _, c 10999 _','2019-04-18 23:18:29',0,'2019-04-18 23:18:29',0),(226,47,1,3,'2018-08-01 00:00:00',1500.0000,0,0,'d 10105 _, c 10999 _','2019-04-18 23:18:29',0,'2019-04-18 23:18:29',0),(227,57,1,3,'2018-08-01 00:00:00',10.0000,0,0,'d 10105 _, c 10999 _','2019-04-18 23:18:29',0,'2019-04-18 23:18:29',0),(228,70,1,4,'2018-08-01 00:00:00',1500.0000,0,0,'d 10105 _, c 10999 _','2019-04-18 23:18:29',0,'2019-04-18 23:18:29',0),(229,2,1,1,'2018-09-01 00:00:00',1000.0000,0,0,'d 10105 _, c 10999 _','2019-04-18 23:18:29',0,'2019-04-18 23:18:29',0),(230,12,1,1,'2018-09-01 00:00:00',10.0000,0,0,'d 10105 _, c 10999 _','2019-04-18 23:18:29',0,'2019-04-18 23:18:29',0),(231,25,1,2,'2018-09-01 00:00:00',1000.0000,0,0,'d 10105 _, c 10999 _','2019-04-18 23:18:29',0,'2019-04-18 23:18:29',0),(232,35,1,2,'2018-09-01 00:00:00',10.0000,0,0,'d 10105 _, c 10999 _','2019-04-18 23:18:29',0,'2019-04-18 23:18:29',0),(233,48,1,3,'2018-09-01 00:00:00',1500.0000,0,0,'d 10105 _, c 10999 _','2019-04-18 23:18:29',0,'2019-04-18 23:18:29',0),(234,58,1,3,'2018-09-01 00:00:00',10.0000,0,0,'d 10105 _, c 10999 _','2019-04-18 23:18:29',0,'2019-04-18 23:18:29',0),(235,71,1,4,'2018-09-01 00:00:00',1500.0000,0,0,'d 10105 _, c 10999 _','2019-04-18 23:18:29',0,'2019-04-18 23:18:29',0),(236,3,1,1,'2018-10-01 00:00:00',1000.0000,0,0,'d 10105 _, c 10999 _','2019-04-18 23:18:29',0,'2019-04-18 23:18:29',0),(237,13,1,1,'2018-10-01 00:00:00',10.0000,0,0,'d 10105 _, c 10999 _','2019-04-18 23:18:29',0,'2019-04-18 23:18:29',0),(238,26,1,2,'2018-10-01 00:00:00',1000.0000,0,0,'d 10105 _, c 10999 _','2019-04-18 23:18:29',0,'2019-04-18 23:18:29',0),(239,36,1,2,'2018-10-01 00:00:00',10.0000,0,0,'d 10105 _, c 10999 _','2019-04-18 23:18:29',0,'2019-04-18 23:18:29',0),(240,49,1,3,'2018-10-01 00:00:00',1500.0000,0,0,'d 10105 _, c 10999 _','2019-04-18 23:18:29',0,'2019-04-18 23:18:29',0),(241,59,1,3,'2018-10-01 00:00:00',10.0000,0,0,'d 10105 _, c 10999 _','2019-04-18 23:18:29',0,'2019-04-18 23:18:29',0),(242,72,1,4,'2018-10-01 00:00:00',1500.0000,0,0,'d 10105 _, c 10999 _','2019-04-18 23:18:29',0,'2019-04-18 23:18:29',0),(243,4,1,1,'2018-11-01 00:00:00',1000.0000,0,0,'d 10105 _, c 10999 _','2019-04-18 23:18:29',0,'2019-04-18 23:18:29',0),(244,14,1,1,'2018-11-01 00:00:00',10.0000,0,0,'d 10105 _, c 10999 _','2019-04-18 23:18:29',0,'2019-04-18 23:18:29',0),(245,27,1,2,'2018-11-01 00:00:00',1000.0000,0,0,'d 10105 _, c 10999 _','2019-04-18 23:18:29',0,'2019-04-18 23:18:29',0),(246,37,1,2,'2018-11-01 00:00:00',10.0000,0,0,'d 10105 _, c 10999 _','2019-04-18 23:18:29',0,'2019-04-18 23:18:29',0),(247,50,1,3,'2018-11-01 00:00:00',1500.0000,0,0,'d 10105 _, c 10999 _','2019-04-18 23:18:29',0,'2019-04-18 23:18:29',0),(248,60,1,3,'2018-11-01 00:00:00',10.0000,0,0,'d 10105 _, c 10999 _','2019-04-18 23:18:29',0,'2019-04-18 23:18:29',0),(249,73,1,4,'2018-11-01 00:00:00',1500.0000,0,0,'d 10105 _, c 10999 _','2019-04-18 23:18:29',0,'2019-04-18 23:18:29',0),(250,5,1,1,'2018-12-01 00:00:00',1000.0000,0,0,'d 10105 _, c 10999 _','2019-04-18 23:18:29',0,'2019-04-18 23:18:29',0),(251,15,1,1,'2018-12-01 00:00:00',10.0000,0,0,'d 10105 _, c 10999 _','2019-04-18 23:18:29',0,'2019-04-18 23:18:29',0),(252,28,1,2,'2018-12-01 00:00:00',1000.0000,0,0,'d 10105 _, c 10999 _','2019-04-18 23:18:29',0,'2019-04-18 23:18:29',0),(253,38,1,2,'2018-12-01 00:00:00',10.0000,0,0,'d 10105 _, c 10999 _','2019-04-18 23:18:29',0,'2019-04-18 23:18:29',0),(254,51,1,3,'2018-12-01 00:00:00',1500.0000,0,0,'d 10105 _, c 10999 _','2019-04-18 23:18:29',0,'2019-04-18 23:18:29',0),(255,61,1,3,'2018-12-01 00:00:00',10.0000,0,0,'d 10105 _, c 10999 _','2019-04-18 23:18:29',0,'2019-04-18 23:18:29',0),(256,74,1,4,'2018-12-01 00:00:00',1500.0000,0,0,'d 10105 _, c 10999 _','2019-04-18 23:18:29',0,'2019-04-18 23:18:29',0),(257,6,1,1,'2019-01-01 00:00:00',1000.0000,0,0,'d 10105 _, c 10999 _','2019-04-18 23:18:29',0,'2019-04-18 23:18:29',0),(258,16,1,1,'2019-01-01 00:00:00',10.0000,0,0,'d 10105 _, c 10999 _','2019-04-18 23:18:29',0,'2019-04-18 23:18:29',0),(259,29,1,2,'2019-01-01 00:00:00',1000.0000,0,0,'d 10105 _, c 10999 _','2019-04-18 23:18:29',0,'2019-04-18 23:18:29',0),(260,39,1,2,'2019-01-01 00:00:00',10.0000,0,0,'d 10105 _, c 10999 _','2019-04-18 23:18:29',0,'2019-04-18 23:18:29',0),(261,52,1,3,'2019-01-01 00:00:00',1500.0000,0,0,'d 10105 _, c 10999 _','2019-04-18 23:18:29',0,'2019-04-18 23:18:29',0),(262,62,1,3,'2019-01-01 00:00:00',10.0000,0,0,'d 10105 _, c 10999 _','2019-04-18 23:18:29',0,'2019-04-18 23:18:29',0),(263,75,1,4,'2019-01-01 00:00:00',1500.0000,0,0,'d 10105 _, c 10999 _','2019-04-18 23:18:29',0,'2019-04-18 23:18:29',0),(264,7,1,1,'2019-02-01 00:00:00',1000.0000,0,0,'d 10105 _, c 10999 _','2019-04-18 23:18:29',0,'2019-04-18 23:18:29',0),(265,17,1,1,'2019-02-01 00:00:00',10.0000,0,0,'d 10105 _, c 10999 _','2019-04-18 23:18:29',0,'2019-04-18 23:18:29',0),(266,30,1,2,'2019-02-01 00:00:00',1000.0000,0,0,'d 10105 _, c 10999 _','2019-04-18 23:18:29',0,'2019-04-18 23:18:29',0),(267,40,1,2,'2019-02-01 00:00:00',10.0000,0,0,'d 10105 _, c 10999 _','2019-04-18 23:18:29',0,'2019-04-18 23:18:29',0),(268,53,1,3,'2019-02-01 00:00:00',1500.0000,0,0,'d 10105 _, c 10999 _','2019-04-18 23:18:29',0,'2019-04-18 23:18:29',0),(269,63,1,3,'2019-02-01 00:00:00',10.0000,0,0,'d 10105 _, c 10999 _','2019-04-18 23:18:29',0,'2019-04-18 23:18:29',0),(270,76,1,4,'2019-02-01 00:00:00',1500.0000,0,0,'d 10105 _, c 10999 _','2019-04-18 23:18:30',0,'2019-04-18 23:18:30',0),(271,8,1,1,'2019-03-01 00:00:00',1000.0000,0,0,'d 10105 _, c 10999 _','2019-04-18 23:18:30',0,'2019-04-18 23:18:30',0),(272,18,1,1,'2019-03-01 00:00:00',10.0000,0,0,'d 10105 _, c 10999 _','2019-04-18 23:18:30',0,'2019-04-18 23:18:30',0),(273,31,1,2,'2019-03-01 00:00:00',1000.0000,0,0,'d 10105 _, c 10999 _','2019-04-18 23:18:30',0,'2019-04-18 23:18:30',0),(274,41,1,2,'2019-03-01 00:00:00',10.0000,0,0,'d 10105 _, c 10999 _','2019-04-18 23:18:30',0,'2019-04-18 23:18:30',0),(275,54,1,3,'2019-03-01 00:00:00',1500.0000,0,0,'d 10105 _, c 10999 _','2019-04-18 23:18:30',0,'2019-04-18 23:18:30',0),(276,64,1,3,'2019-03-01 00:00:00',10.0000,0,0,'d 10105 _, c 10999 _','2019-04-18 23:18:30',0,'2019-04-18 23:18:30',0),(277,77,1,4,'2019-03-01 00:00:00',1500.0000,0,0,'d 10105 _, c 10999 _','2019-04-18 23:18:30',0,'2019-04-18 23:18:30',0),(278,9,1,1,'2019-04-01 00:00:00',1000.0000,0,0,'d 10105 _, c 10999 _','2019-04-18 23:18:30',0,'2019-04-18 23:18:30',0),(279,19,1,1,'2019-04-01 00:00:00',10.0000,0,0,'d 10105 _, c 10999 _','2019-04-18 23:18:30',0,'2019-04-18 23:18:30',0),(280,32,1,2,'2019-04-01 00:00:00',1000.0000,0,0,'d 10105 _, c 10999 _','2019-04-18 23:18:30',0,'2019-04-18 23:18:30',0),(281,42,1,2,'2019-04-01 00:00:00',10.0000,0,0,'d 10105 _, c 10999 _','2019-04-18 23:18:30',0,'2019-04-18 23:18:30',0),(282,55,1,3,'2019-04-01 00:00:00',1500.0000,0,0,'d 10105 _, c 10999 _','2019-04-18 23:18:30',0,'2019-04-18 23:18:30',0),(283,65,1,3,'2019-04-01 00:00:00',10.0000,0,0,'d 10105 _, c 10999 _','2019-04-18 23:18:30',0,'2019-04-18 23:18:30',0),(284,78,1,4,'2019-04-01 00:00:00',1500.0000,0,0,'d 10105 _, c 10999 _','2019-04-18 23:18:30',0,'2019-04-18 23:18:30',0);
/*!40000 ALTER TABLE `ReceiptAllocation` ENABLE KEYS */;
UNLOCK TABLES;

--
-- Table structure for table `Rentable`
--

DROP TABLE IF EXISTS `Rentable`;
/*!40101 SET @saved_cs_client     = @@character_set_client */;
/*!40101 SET character_set_client = utf8 */;
CREATE TABLE `Rentable` (
  `RID` bigint(20) NOT NULL AUTO_INCREMENT,
  `BID` bigint(20) NOT NULL DEFAULT '0',
  `PRID` bigint(20) NOT NULL DEFAULT '0',
  `RentableName` varchar(100) NOT NULL DEFAULT '',
  `AssignmentTime` smallint(6) NOT NULL DEFAULT '0',
  `MRStatus` smallint(6) NOT NULL DEFAULT '0',
  `DtMRStart` timestamp NOT NULL DEFAULT CURRENT_TIMESTAMP,
  `LastModTime` timestamp NOT NULL DEFAULT CURRENT_TIMESTAMP ON UPDATE CURRENT_TIMESTAMP,
  `LastModBy` bigint(20) NOT NULL DEFAULT '0',
  `CreateTS` timestamp NOT NULL DEFAULT CURRENT_TIMESTAMP,
  `CreateBy` bigint(20) NOT NULL DEFAULT '0',
  `Comment` varchar(2048) NOT NULL DEFAULT '',
  PRIMARY KEY (`RID`)
) ENGINE=InnoDB AUTO_INCREMENT=24 DEFAULT CHARSET=utf8;
/*!40101 SET character_set_client = @saved_cs_client */;

--
-- Dumping data for table `Rentable`
--

LOCK TABLES `Rentable` WRITE;
/*!40000 ALTER TABLE `Rentable` DISABLE KEYS */;
INSERT INTO `Rentable` VALUES (1,1,0,'Rentable001',0,0,'0000-00-00 00:00:00','2019-04-18 23:18:27',0,'2019-04-18 23:18:27',0,''),(2,1,0,'Rentable002',0,0,'0000-00-00 00:00:00','2019-04-18 23:18:27',0,'2019-04-18 23:18:27',0,''),(3,1,0,'Rentable003',0,0,'0000-00-00 00:00:00','2019-04-18 23:18:27',0,'2019-04-18 23:18:27',0,''),(4,1,0,'Rentable004',0,0,'0000-00-00 00:00:00','2019-04-18 23:18:27',0,'2019-04-18 23:18:27',0,''),(5,1,0,'Rentable005',0,0,'0000-00-00 00:00:00','2019-04-18 23:18:27',0,'2019-04-18 23:18:27',0,''),(6,1,0,'Rentable006',0,0,'0000-00-00 00:00:00','2019-04-18 23:18:27',0,'2019-04-18 23:18:27',0,''),(7,1,0,'Rentable007',0,0,'0000-00-00 00:00:00','2019-04-18 23:18:27',0,'2019-04-18 23:18:27',0,''),(8,1,0,'Rentable008',0,0,'0000-00-00 00:00:00','2019-04-18 23:18:27',0,'2019-04-18 23:18:27',0,''),(9,1,0,'Rentable009',0,0,'0000-00-00 00:00:00','2019-04-18 23:18:27',0,'2019-04-18 23:18:27',0,''),(10,1,0,'Rentable010',0,0,'0000-00-00 00:00:00','2019-04-18 23:18:27',0,'2019-04-18 23:18:27',0,''),(11,1,0,'Rentable011',0,0,'0000-00-00 00:00:00','2019-04-18 23:18:27',0,'2019-04-18 23:18:27',0,''),(12,1,0,'Rentable012',0,0,'0000-00-00 00:00:00','2019-04-18 23:18:27',0,'2019-04-18 23:18:27',0,''),(13,1,0,'Rentable013',0,0,'0000-00-00 00:00:00','2019-04-18 23:18:27',0,'2019-04-18 23:18:27',0,''),(14,1,0,'Rentable014',0,0,'0000-00-00 00:00:00','2019-04-18 23:18:27',0,'2019-04-18 23:18:27',0,''),(15,1,0,'CP001',0,0,'0000-00-00 00:00:00','2019-04-18 23:18:27',0,'2019-04-18 23:18:27',0,''),(16,1,0,'CP002',0,0,'0000-00-00 00:00:00','2019-04-18 23:18:27',0,'2019-04-18 23:18:27',0,''),(17,1,0,'CP003',0,0,'0000-00-00 00:00:00','2019-04-18 23:18:27',0,'2019-04-18 23:18:27',0,''),(18,1,0,'CP004',0,0,'0000-00-00 00:00:00','2019-04-18 23:18:27',0,'2019-04-18 23:18:27',0,''),(19,1,0,'CP005',0,0,'0000-00-00 00:00:00','2019-04-18 23:18:27',0,'2019-04-18 23:18:27',0,''),(20,1,0,'CP006',0,0,'0000-00-00 00:00:00','2019-04-18 23:18:27',0,'2019-04-18 23:18:27',0,''),(21,1,0,'CP007',0,0,'0000-00-00 00:00:00','2019-04-18 23:18:27',0,'2019-04-18 23:18:27',0,''),(22,1,0,'CP008',0,0,'0000-00-00 00:00:00','2019-04-18 23:18:27',0,'2019-04-18 23:18:27',0,''),(23,1,0,'405 63rd Street',1,0,'0000-00-00 00:00:00','2019-04-19 00:00:43',211,'2019-04-19 00:00:43',211,'');
/*!40000 ALTER TABLE `Rentable` ENABLE KEYS */;
UNLOCK TABLES;

--
-- Table structure for table `RentableLeaseStatus`
--

DROP TABLE IF EXISTS `RentableLeaseStatus`;
/*!40101 SET @saved_cs_client     = @@character_set_client */;
/*!40101 SET character_set_client = utf8 */;
CREATE TABLE `RentableLeaseStatus` (
  `RLID` bigint(20) NOT NULL AUTO_INCREMENT,
  `RID` bigint(20) NOT NULL DEFAULT '0',
  `BID` bigint(20) NOT NULL DEFAULT '0',
  `LeaseStatus` smallint(6) NOT NULL DEFAULT '0',
  `DtStart` datetime NOT NULL DEFAULT '1970-01-01 00:00:00',
  `DtStop` datetime NOT NULL DEFAULT '1970-01-01 00:00:00',
  `Comment` varchar(2048) NOT NULL DEFAULT '',
  `FirstName` varchar(50) NOT NULL DEFAULT '',
  `LastName` varchar(50) NOT NULL DEFAULT '',
  `Email` varchar(100) NOT NULL DEFAULT '',
  `Phone` varchar(100) NOT NULL DEFAULT '',
  `Address` varchar(100) NOT NULL DEFAULT '',
  `Address2` varchar(100) NOT NULL DEFAULT '',
  `City` varchar(100) NOT NULL DEFAULT '',
  `State` char(25) NOT NULL DEFAULT '',
  `PostalCode` varchar(100) NOT NULL DEFAULT '',
  `Country` varchar(100) NOT NULL DEFAULT '',
  `CCName` varchar(100) NOT NULL DEFAULT '',
  `CCType` varchar(100) NOT NULL DEFAULT '',
  `CCNumber` varchar(100) NOT NULL DEFAULT '',
  `CCExpMonth` varchar(100) NOT NULL DEFAULT '',
  `CCExpYear` varchar(100) NOT NULL DEFAULT '',
  `ConfirmationCode` varchar(20) NOT NULL DEFAULT '',
  `FLAGS` bigint(20) NOT NULL DEFAULT '0',
  `LastModTime` timestamp NOT NULL DEFAULT CURRENT_TIMESTAMP ON UPDATE CURRENT_TIMESTAMP,
  `LastModBy` bigint(20) NOT NULL DEFAULT '0',
  `CreateTS` timestamp NOT NULL DEFAULT CURRENT_TIMESTAMP,
  `CreateBy` bigint(20) NOT NULL DEFAULT '0',
  PRIMARY KEY (`RLID`)
) ENGINE=InnoDB AUTO_INCREMENT=557 DEFAULT CHARSET=utf8;
/*!40101 SET character_set_client = @saved_cs_client */;

--
-- Dumping data for table `RentableLeaseStatus`
--

LOCK TABLES `RentableLeaseStatus` WRITE;
/*!40000 ALTER TABLE `RentableLeaseStatus` DISABLE KEYS */;
INSERT INTO `RentableLeaseStatus` VALUES (1,1,1,0,'2018-01-01 00:00:00','2018-07-05 00:00:00','','','','','','','','','','','','','','','','','',0,'2019-04-18 23:18:27',0,'2019-04-18 23:18:27',0),(2,2,1,0,'2018-01-01 00:00:00','2018-07-05 00:00:00','','','','','','','','','','','','','','','','','',0,'2019-04-18 23:18:28',0,'2019-04-18 23:18:27',0),(3,3,1,0,'2018-01-01 00:00:00','2018-07-05 00:00:00','','','','','','','','','','','','','','','','','',0,'2019-04-18 23:18:28',0,'2019-04-18 23:18:27',0),(4,4,1,0,'2018-01-01 00:00:00','2018-07-05 00:00:00','','','','','','','','','','','','','','','','','',0,'2019-04-18 23:18:28',0,'2019-04-18 23:18:27',0),(5,5,1,0,'2018-01-01 00:00:00','9999-12-31 00:00:00','','','','','','','','','','','','','','','','','',0,'2019-04-18 23:18:27',0,'2019-04-18 23:18:27',0),(6,6,1,0,'2018-01-01 00:00:00','9999-12-31 00:00:00','','','','','','','','','','','','','','','','','',0,'2019-04-18 23:18:27',0,'2019-04-18 23:18:27',0),(7,7,1,0,'2018-01-01 00:00:00','9999-12-31 00:00:00','','','','','','','','','','','','','','','','','',0,'2019-04-18 23:18:27',0,'2019-04-18 23:18:27',0),(8,8,1,0,'2018-01-01 00:00:00','9999-12-31 00:00:00','','','','','','','','','','','','','','','','','',0,'2019-04-18 23:18:27',0,'2019-04-18 23:18:27',0),(9,9,1,0,'2018-01-01 00:00:00','2018-07-11 00:00:00','','','','','','','','','','','','','','','','','',0,'2019-04-18 23:18:30',0,'2019-04-18 23:18:27',0),(10,10,1,0,'2018-01-01 00:00:00','2018-07-18 00:00:00','','','','','','','','','','','','','','','','','',0,'2019-04-18 23:18:30',0,'2019-04-18 23:18:27',0),(11,11,1,0,'2018-01-01 00:00:00','2018-07-08 00:00:00','','','','','','','','','','','','','','','','','',0,'2019-04-18 23:18:30',0,'2019-04-18 23:18:27',0),(12,12,1,0,'2018-01-01 00:00:00','2018-07-06 00:00:00','','','','','','','','','','','','','','','','','',0,'2019-04-18 23:18:30',0,'2019-04-18 23:18:27',0),(13,13,1,0,'2018-01-01 00:00:00','2018-07-07 00:00:00','','','','','','','','','','','','','','','','','',0,'2019-04-18 23:18:31',0,'2019-04-18 23:18:27',0),(14,14,1,0,'2018-01-01 00:00:00','2018-07-10 00:00:00','','','','','','','','','','','','','','','','','',0,'2019-04-18 23:18:31',0,'2019-04-18 23:18:27',0),(15,15,1,0,'2018-01-01 00:00:00','9999-12-31 00:00:00','','','','','','','','','','','','','','','','','JUN9N6FZXNN947JU29VC',0,'2019-04-18 23:18:27',0,'2019-04-18 23:18:27',0),(16,16,1,0,'2018-01-01 00:00:00','9999-12-31 00:00:00','','','','','','','','','','','','','','','','','JUN9N6G09UBFJZEXNHD8',0,'2019-04-18 23:18:27',0,'2019-04-18 23:18:27',0),(17,17,1,0,'2018-01-01 00:00:00','9999-12-31 00:00:00','','','','','','','','','','','','','','','','','JUN9N6G1P2DO5WBTT1AK',0,'2019-04-18 23:18:27',0,'2019-04-18 23:18:27',0),(18,18,1,0,'2018-01-01 00:00:00','9999-12-31 00:00:00','','','','','','','','','','','','','','','','','JUN9N6G20JWY2MQJDLJM',0,'2019-04-18 23:18:27',0,'2019-04-18 23:18:27',0),(19,19,1,0,'2018-01-01 00:00:00','9999-12-31 00:00:00','','','','','','','','','','','','','','','','','JUN9N6G3TKM0T80Q58JE',0,'2019-04-18 23:18:27',0,'2019-04-18 23:18:27',0),(20,20,1,0,'2018-01-01 00:00:00','9999-12-31 00:00:00','','','','','','','','','','','','','','','','','JUN9N6G44TN5EUK0MP7Q',0,'2019-04-18 23:18:27',0,'2019-04-18 23:18:27',0),(21,21,1,0,'2018-01-01 00:00:00','9999-12-31 00:00:00','','','','','','','','','','','','','','','','','JUN9N6G5P2MCP0IDPWLA',0,'2019-04-18 23:18:27',0,'2019-04-18 23:18:27',0),(22,22,1,0,'2018-01-01 00:00:00','9999-12-31 00:00:00','','','','','','','','','','','','','','','','','JUN9N6G6PHHJH89SX7NW',0,'2019-04-18 23:18:27',0,'2019-04-18 23:18:27',0),(24,1,1,1,'2018-07-05 00:00:00','2019-07-01 00:00:00','','','','','','','','','','','','','','','','','',0,'2019-04-18 23:18:27',0,'2019-04-18 23:18:27',0),(25,1,1,2,'2019-07-01 00:00:00','9999-12-31 00:00:00','','','','','','','','','','','','','','','','','',0,'2019-04-18 23:18:27',0,'2019-04-18 23:18:27',0),(27,2,1,1,'2018-07-05 00:00:00','2019-07-01 00:00:00','','','','','','','','','','','','','','','','','',0,'2019-04-18 23:18:28',0,'2019-04-18 23:18:28',0),(28,2,1,2,'2019-07-01 00:00:00','9999-12-31 00:00:00','','','','','','','','','','','','','','','','','',0,'2019-04-18 23:18:28',0,'2019-04-18 23:18:28',0),(30,3,1,1,'2018-07-05 00:00:00','2019-07-01 00:00:00','','','','','','','','','','','','','','','','','',0,'2019-04-18 23:18:28',0,'2019-04-18 23:18:28',0),(31,3,1,2,'2019-07-01 00:00:00','9999-12-31 00:00:00','','','','','','','','','','','','','','','','','',0,'2019-04-18 23:18:28',0,'2019-04-18 23:18:28',0),(33,4,1,1,'2018-07-05 00:00:00','2019-07-01 00:00:00','','','','','','','','','','','','','','','','','',0,'2019-04-18 23:18:28',0,'2019-04-18 23:18:28',0),(34,4,1,2,'2019-07-01 00:00:00','9999-12-31 00:00:00','','','','','','','','','','','','','','','','','',0,'2019-04-18 23:18:28',0,'2019-04-18 23:18:28',0),(35,9,1,0,'2019-01-02 00:00:00','2019-01-04 00:00:00','','','','','','','','','','','','','','','','','',0,'2019-04-18 23:18:30',0,'2019-04-18 23:18:30',0),(36,9,1,2,'2018-12-29 00:00:00','2018-12-30 00:00:00','','Augustine','Obrien','AugustineObrien387@gmail.com','(445) 849-7600','15769 Eighth','','Beaumont','PA','88582','USA','','','','','','JUN9N877RA26S5ZU2HZW',0,'2019-04-18 23:18:30',0,'2019-04-18 23:18:30',0),(37,9,1,0,'2019-04-12 00:00:00','2019-04-25 00:00:00','','','','','','','','','','','','','','','','','',0,'2019-04-18 23:18:30',0,'2019-04-18 23:18:30',0),(38,9,1,2,'2019-04-05 00:00:00','2019-04-12 00:00:00','','Georgeann','Taylor','GTaylor4142@yahoo.com','(103) 593-5973','8232 Willow','','Racine','WI','05384','USA','','','','','','JUN9N87B35GA3VBR09S0',0,'2019-04-18 23:18:30',0,'2019-04-18 23:18:30',0),(39,9,1,0,'2018-11-12 00:00:00','2018-11-16 00:00:00','','','','','','','','','','','','','','','','','',0,'2019-04-18 23:18:30',0,'2019-04-18 23:18:30',0),(40,9,1,2,'2018-11-07 00:00:00','2018-11-12 00:00:00','','Glenda','Dunn','GDunn2823@aol.com','(314) 845-7629','6925 Smith','','Fort Smith','ND','11297','USA','','','','','','JUN9N87E6WCE88BLDAS4',0,'2019-04-18 23:18:30',0,'2019-04-18 23:18:30',0),(41,9,1,0,'2018-10-09 00:00:00','2018-10-12 00:00:00','','','','','','','','','','','','','','','','','',0,'2019-04-18 23:18:30',0,'2019-04-18 23:18:30',0),(42,9,1,2,'2018-10-04 00:00:00','2018-10-09 00:00:00','','Chauncey','Riggs','ChaunceyR2342@comcast.net','(282) 512-8823','6142 Cottonwood','','Birmingham','ME','59267','USA','','','','','','JUN9N881DCK7W60ZDKN7',0,'2019-04-18 23:18:30',0,'2019-04-18 23:18:30',0),(43,9,1,0,'2019-04-28 00:00:00','2019-05-02 00:00:00','','','','','','','','','','','','','','','','','',0,'2019-04-18 23:18:30',0,'2019-04-18 23:18:30',0),(44,9,1,2,'2019-04-25 00:00:00','2019-04-28 00:00:00','','Jeniffer','Allison','JenifferA480@aol.com','(887) 581-6144','9773 New Jersey','','Norwalk','NM','86137','USA','','','','','','JUN9N88M0A5UEYCMIKFF',0,'2019-04-18 23:18:30',0,'2019-04-18 23:18:30',0),(45,9,1,0,'2018-09-02 00:00:00','2018-09-04 00:00:00','','','','','','','','','','','','','','','','','',0,'2019-04-18 23:18:30',0,'2019-04-18 23:18:30',0),(46,9,1,2,'2018-08-29 00:00:00','2018-09-02 00:00:00','','Pasquale','Colon','PColon2558@comcast.net','(163) 413-1393','30751 South Carolina','','Reading','ND','69271','USA','','','','','','JUN9N88PKM03BO9DFKO8',0,'2019-04-18 23:18:30',0,'2019-04-18 23:18:30',0),(47,9,1,0,'2019-05-28 00:00:00','2019-06-01 00:00:00','','','','','','','','','','','','','','','','','',0,'2019-04-18 23:18:30',0,'2019-04-18 23:18:30',0),(48,9,1,2,'2019-05-22 00:00:00','2019-05-28 00:00:00','','Dione','Contreras','DioneC2231@hotmail.com','(777) 158-5757','99596 Laurel','','Mesquite','FL','15894','USA','','','','','','JUN9N88RH55Z3M00Y9KT',0,'2019-04-18 23:18:30',0,'2019-04-18 23:18:30',0),(49,9,1,0,'2019-04-04 00:00:00','2019-04-05 00:00:00','','','','','','','','','','','','','','','','','',0,'2019-04-18 23:18:30',0,'2019-04-18 23:18:30',0),(50,9,1,2,'2019-03-28 00:00:00','2019-04-04 00:00:00','','Tyrone','Monroe','TyroneM8644@hotmail.com','(874) 412-4127','6417 Wilson','','McHenry','WY','97726','USA','','','','','','JUN9N88URGZ7DP8ZEZAU',0,'2019-04-18 23:18:30',0,'2019-04-18 23:18:30',0),(51,9,1,0,'2018-09-17 00:00:00','2018-09-22 00:00:00','','','','','','','','','','','','','','','','','',0,'2019-04-18 23:18:30',0,'2019-04-18 23:18:30',0),(52,9,1,2,'2018-09-15 00:00:00','2018-09-17 00:00:00','','Tina','Preston','TinaPreston576@bdiddy.com','(144) 813-8286','75190 8th','','Joliet','KS','45802','USA','','','','','','JUN9N88X312YFMKTIBPO',0,'2019-04-18 23:18:30',0,'2019-04-18 23:18:30',0),(53,9,1,0,'2018-12-16 00:00:00','2018-12-20 00:00:00','','','','','','','','','','','','','','','','','',0,'2019-04-18 23:18:30',0,'2019-04-18 23:18:30',0),(54,9,1,2,'2018-12-15 00:00:00','2018-12-16 00:00:00','','Lorene','Lane','LoreneLane342@bdiddy.com','(101) 278-1795','49189 Willow','','Amarillo','KS','03981','USA','','','','','','JUN9N890I89YAPO8A8PI',0,'2019-04-18 23:18:30',0,'2019-04-18 23:18:30',0),(55,9,1,0,'2019-01-30 00:00:00','2019-02-01 00:00:00','','','','','','','','','','','','','','','','','',0,'2019-04-18 23:18:30',0,'2019-04-18 23:18:30',0),(56,9,1,2,'2019-01-29 00:00:00','2019-01-30 00:00:00','','Elvis','Chavez','EChavez5430@gmail.com','(812) 492-4275','47541 Oak','','Saint Louis','WI','12079','USA','','','','','','JUN9N893HPGZA168OQJZ',0,'2019-04-18 23:18:30',0,'2019-04-18 23:18:30',0),(57,9,1,0,'2018-10-23 00:00:00','2018-11-01 00:00:00','','','','','','','','','','','','','','','','','',0,'2019-04-18 23:18:30',0,'2019-04-18 23:18:30',0),(58,9,1,2,'2018-10-18 00:00:00','2018-10-23 00:00:00','','Dwight','Bowen','DwightBowen344@abiz.com','(422) 438-7683','16743 S 400','','Lafayette','VT','12066','USA','','','','','','JUN9N8964IYC8CV63C5D',0,'2019-04-18 23:18:30',0,'2019-04-18 23:18:30',0),(59,9,1,0,'2019-01-25 00:00:00','2019-01-29 00:00:00','','','','','','','','','','','','','','','','','',0,'2019-04-18 23:18:30',0,'2019-04-18 23:18:30',0),(60,9,1,2,'2019-01-23 00:00:00','2019-01-25 00:00:00','','Ailene','Olson','AileneO6901@abiz.com','(548) 661-2545','11605 Birch','','Lafayette','CT','21270','USA','','','','','','JUN9N898ZUN7DJMPYEZU',0,'2019-04-18 23:18:30',0,'2019-04-18 23:18:30',0),(61,9,1,0,'2018-11-22 00:00:00','2018-11-27 00:00:00','','','','','','','','','','','','','','','','','',0,'2019-04-18 23:18:30',0,'2019-04-18 23:18:30',0),(62,9,1,2,'2018-11-16 00:00:00','2018-11-22 00:00:00','','Avril','Knowles','AvrilKnowles580@gmail.com','(156) 458-1929','57582 Aloha','','Clarksville','IA','30493','USA','','','','','','JUN9N89BXNWTWPHKUK73',0,'2019-04-18 23:18:30',0,'2019-04-18 23:18:30',0),(63,9,1,0,'2019-01-17 00:00:00','2019-01-23 00:00:00','','','','','','','','','','','','','','','','','',0,'2019-04-18 23:18:30',0,'2019-04-18 23:18:30',0),(64,9,1,2,'2019-01-15 00:00:00','2019-01-17 00:00:00','','Lorina','Beasley','LBeasley7122@comcast.net','(268) 617-1277','5520 10th','','Elizabeth','WI','23086','USA','','','','','','JUN9N89EB1KBRPXBFJLW',0,'2019-04-18 23:18:30',0,'2019-04-18 23:18:30',0),(65,9,1,0,'2018-08-14 00:00:00','2018-08-16 00:00:00','','','','','','','','','','','','','','','','','',0,'2019-04-18 23:18:30',0,'2019-04-18 23:18:30',0),(66,9,1,2,'2018-08-03 00:00:00','2018-08-08 00:00:00','','Marielle','Watson','MarielleW2107@abiz.com','(570) 629-9536','82838 Lake','','Santa Maria','VT','49819','USA','','','','','','JUN9N89HRKMD99F3LTD7',0,'2019-04-18 23:18:30',0,'2019-04-18 23:18:30',0),(67,9,1,0,'2018-07-31 00:00:00','2018-08-01 00:00:00','','','','','','','','','','','','','','','','','',0,'2019-04-18 23:18:30',0,'2019-04-18 23:18:30',0),(68,9,1,2,'2018-07-24 00:00:00','2018-07-31 00:00:00','','Keshia','Robinson','KRobinson5488@yahoo.com','(738) 782-8714','62858 Sunset','','Fort Smith','CA','98981','USA','','','','','','JUN9N89KJJAY6ZJN5UF5',0,'2019-04-18 23:18:30',0,'2019-04-18 23:18:30',0),(69,9,1,0,'2019-06-04 00:00:00','2019-07-01 00:00:00','','','','','','','','','','','','','','','','','',0,'2019-04-18 23:18:30',0,'2019-04-18 23:18:30',0),(70,9,1,2,'2019-06-01 00:00:00','2019-06-04 00:00:00','','Raquel','Roman','RRoman168@aol.com','(165) 248-3412','75060 New York','','Port St. Lucie','AK','06052','USA','','','','','','JUN9N89MRG2V2KQG2W4T',0,'2019-04-18 23:18:30',0,'2019-04-18 23:18:30',0),(71,9,1,0,'2019-05-09 00:00:00','2019-05-22 00:00:00','','','','','','','','','','','','','','','','','',0,'2019-04-18 23:18:30',0,'2019-04-18 23:18:30',0),(72,9,1,2,'2019-05-07 00:00:00','2019-05-09 00:00:00','','Kit','Shaffer','KShaffer1139@hotmail.com','(634) 224-8744','59283 Aloha','','Murrieta','CA','17175','USA','','','','','','JUN9N89PUSZLFMUAXTD8',0,'2019-04-18 23:18:30',0,'2019-04-18 23:18:30',0),(73,9,1,2,'2018-12-30 00:00:00','2019-01-02 00:00:00','','Dorene','Williamson','DoreneW4980@hotmail.com','(720) 950-8664','12237 Maple','','Garden Grove','CT','44885','USA','','','','','','JUN9N89SZHW5BCHVXHM4',0,'2019-04-18 23:18:30',0,'2019-04-18 23:18:30',0),(74,9,1,0,'2018-09-29 00:00:00','2018-09-30 00:00:00','','','','','','','','','','','','','','','','','',0,'2019-04-18 23:18:30',0,'2019-04-18 23:18:30',0),(75,9,1,2,'2018-09-27 00:00:00','2018-09-29 00:00:00','','Myra','Mcbride','MyraMcbride412@gmail.com','(477) 431-6379','32502 Center','','Waterloo','ND','45710','USA','','','','','','JUN9N89VJ8X3IE71VTZ3',0,'2019-04-18 23:18:30',0,'2019-04-18 23:18:30',0),(76,9,1,0,'2019-02-15 00:00:00','2019-02-22 00:00:00','','','','','','','','','','','','','','','','','',0,'2019-04-18 23:18:30',0,'2019-04-18 23:18:30',0),(77,9,1,2,'2019-02-14 00:00:00','2019-02-15 00:00:00','','Myrtie','Underwood','MyrtieU7479@aol.com','(350) 516-2756','19979 Broadway','','Lakewood','UT','51387','USA','','','','','','JUN9N89YZTRGUFPL5X7M',0,'2019-04-18 23:18:30',0,'2019-04-18 23:18:30',0),(78,9,1,0,'2018-09-24 00:00:00','2018-09-27 00:00:00','','','','','','','','','','','','','','','','','',0,'2019-04-18 23:18:30',0,'2019-04-18 23:18:30',0),(79,9,1,2,'2018-09-22 00:00:00','2018-09-24 00:00:00','','Fleta','Duffy','FDuffy2814@aol.com','(905) 661-6072','64408 Lehua','','Cape Coral','AL','73749','USA','','','','','','JUN9N8A1PMRUG4P7SN77',0,'2019-04-18 23:18:30',0,'2019-04-18 23:18:30',0),(80,9,1,0,'2019-01-07 00:00:00','2019-01-15 00:00:00','','','','','','','','','','','','','','','','','',0,'2019-04-18 23:18:30',0,'2019-04-18 23:18:30',0),(81,9,1,2,'2019-01-04 00:00:00','2019-01-07 00:00:00','','Ammie','Anderson','AmmieA6167@abiz.com','(133) 325-5751','11442 Broadway','','Huntington','MD','01528','USA','','','','','','JUN9N8A4T4UEFA50ZPZ2',0,'2019-04-18 23:18:30',0,'2019-04-18 23:18:30',0),(82,9,1,0,'2019-05-05 00:00:00','2019-05-07 00:00:00','','','','','','','','','','','','','','','','','',0,'2019-04-18 23:18:30',0,'2019-04-18 23:18:30',0),(83,9,1,2,'2019-05-02 00:00:00','2019-05-05 00:00:00','','Clelia','Riley','CleliaR6960@hotmail.com','(347) 605-2073','300 Williams','','Warren','PA','92818','USA','','','','','','JUN9N8A7PIYQ64KVVFKA',0,'2019-04-18 23:18:30',0,'2019-04-18 23:18:30',0),(85,9,1,2,'2019-02-01 00:00:00','2019-02-03 00:00:00','','Tarsha','Acevedo','TarshaAcevedo91@gmail.com','(520) 220-6058','65969 Juniper','','Anchorage','VA','04384','USA','','','','','','JUN9N8A9VUT5LDJ5SFZI',0,'2019-04-18 23:18:30',0,'2019-04-18 23:18:30',0),(86,9,1,0,'2018-12-08 00:00:00','2018-12-09 00:00:00','','','','','','','','','','','','','','','','','',0,'2019-04-18 23:18:30',0,'2019-04-18 23:18:30',0),(87,9,1,2,'2018-12-03 00:00:00','2018-12-08 00:00:00','','Albina','Zimmerman','AlbinaZ3290@abiz.com','(115) 438-4792','27527 Maple','','Hickory','MD','57903','USA','','','','','','JUN9N8AC379UTT335WV7',0,'2019-04-18 23:18:30',0,'2019-04-18 23:18:30',0),(88,9,1,0,'2018-09-11 00:00:00','2018-09-15 00:00:00','','','','','','','','','','','','','','','','','',0,'2019-04-18 23:18:30',0,'2019-04-18 23:18:30',0),(89,9,1,2,'2018-09-04 00:00:00','2018-09-07 00:00:00','','Tonia','Kane','ToniaKane863@hotmail.com','(982) 944-6403','69309 Williams','','Fremont','OK','51224','USA','','','','','','JUN9N8AFEDXJJYDRH32T',0,'2019-04-18 23:18:30',0,'2019-04-18 23:18:30',0),(90,9,1,2,'2018-08-08 00:00:00','2018-08-14 00:00:00','','Edmund','Joseph','EJoseph7942@aol.com','(485) 596-7084','44426 Cottonwood','','Fort Collins','FL','64547','USA','','','','','','JUN9N8AIRJ8UIDB6N3EF',0,'2019-04-18 23:18:30',0,'2019-04-18 23:18:30',0),(91,9,1,2,'2019-02-03 00:00:00','2019-02-07 00:00:00','','Charleen','Ryan','CharleenR3863@gmail.com','(702) 352-3142','1164 3rd','','Charleston','RI','93612','USA','','','','','','JUN9N8AMA879XN6YUN8C',0,'2019-04-18 23:18:30',0,'2019-04-18 23:18:30',0),(92,9,1,2,'2019-02-07 00:00:00','2019-02-14 00:00:00','','Samara','Baxter','SamaraB3711@bdiddy.com','(660) 150-5697','14540 Narragansett','','Murfreesboro','NV','21532','USA','','','','','','JUN9N8APLTO88WRKDDCJ',0,'2019-04-18 23:18:30',0,'2019-04-18 23:18:30',0),(93,9,1,0,'2019-03-20 00:00:00','2019-03-23 00:00:00','','','','','','','','','','','','','','','','','',0,'2019-04-18 23:18:30',0,'2019-04-18 23:18:30',0),(94,9,1,2,'2019-03-15 00:00:00','2019-03-20 00:00:00','','Chin','Joseph','ChinJoseph454@hotmail.com','(681) 877-1224','88649 Hill','','Orlando','AK','03616','USA','','','','','','JUN9N8ASTS9AWYOK39A2',0,'2019-04-18 23:18:30',0,'2019-04-18 23:18:30',0),(95,9,1,0,'2019-03-11 00:00:00','2019-03-15 00:00:00','','','','','','','','','','','','','','','','','',0,'2019-04-18 23:18:30',0,'2019-04-18 23:18:30',0),(96,9,1,2,'2019-03-06 00:00:00','2019-03-11 00:00:00','','Adaline','Rivera','AdalineR3369@abiz.com','(897) 421-8219','95727 Pine','','Grand Prairie','IL','77839','USA','','','','','','JUN9N8AV3OM8MWO7PDWJ',0,'2019-04-18 23:18:30',0,'2019-04-18 23:18:30',0),(97,9,1,0,'2019-07-04 00:00:00','9999-12-31 00:00:00','','','','','','','','','','','','','','','','','',0,'2019-04-18 23:18:30',0,'2019-04-18 23:18:30',0),(98,9,1,2,'2019-07-01 00:00:00','2019-07-04 00:00:00','','Ross','Mann','RossMann683@comcast.net','(155) 169-1163','32269 Hampton','','South Bend','WV','90540','USA','','','','','','JUN9N8AYUY4NFPR6W9CO',0,'2019-04-18 23:18:30',0,'2019-04-18 23:18:30',0),(99,9,1,0,'2018-08-27 00:00:00','2018-08-29 00:00:00','','','','','','','','','','','','','','','','','',0,'2019-04-18 23:18:30',0,'2019-04-18 23:18:30',0),(100,9,1,2,'2018-08-24 00:00:00','2018-08-27 00:00:00','','Melony','Hoffman','MHoffman938@gmail.com','(652) 467-4392','1054 N 400','','Harrisburg','PA','25786','USA','','','','','','JUN9N8B1310VS1B2SO4S',0,'2019-04-18 23:18:30',0,'2019-04-18 23:18:30',0),(101,9,1,0,'2018-07-16 00:00:00','2018-07-24 00:00:00','','','','','','','','','','','','','','','','','',0,'2019-04-18 23:18:30',0,'2019-04-18 23:18:30',0),(102,9,1,2,'2018-07-11 00:00:00','2018-07-16 00:00:00','','Jone','Weeks','JWeeks1406@bdiddy.com','(434) 906-0200','66982 West','','Las Cruces','IN','47051','USA','','','','','','JUN9N8B4P7HNJHXO8ZC2',0,'2019-04-18 23:18:30',0,'2019-04-18 23:18:30',0),(103,9,1,0,'2018-12-27 00:00:00','2018-12-29 00:00:00','','','','','','','','','','','','','','','','','',0,'2019-04-18 23:18:30',0,'2019-04-18 23:18:30',0),(104,9,1,2,'2018-12-20 00:00:00','2018-12-27 00:00:00','','Dante','Gonzales','DGonzales8274@gmail.com','(872) 284-3375','18475 Pecan','','Bakersfield','NY','58076','USA','','','','','','JUN9N8B7S5PZZM1Y1BLS',0,'2019-04-18 23:18:30',0,'2019-04-18 23:18:30',0),(105,9,1,2,'2018-11-01 00:00:00','2018-11-07 00:00:00','','Olene','Tran','OTran7364@aol.com','(932) 128-9989','91512 Fifth','','Akron','NC','53640','USA','','','','','','JUN9N8BAFJP4WIFAZOJE',0,'2019-04-18 23:18:30',0,'2019-04-18 23:18:30',0),(106,9,1,2,'2018-08-01 00:00:00','2018-08-03 00:00:00','','Marlys','Bennett','MBennett5439@hotmail.com','(148) 236-7955','69748 Hickory','','Spartanburg','IL','57351','USA','','','','','','JUN9N8BER346S6BVRJEK',0,'2019-04-18 23:18:30',0,'2019-04-18 23:18:30',0),(107,9,1,0,'2019-03-03 00:00:00','2019-03-06 00:00:00','','','','','','','','','','','','','','','','','',0,'2019-04-18 23:18:30',0,'2019-04-18 23:18:30',0),(108,9,1,2,'2019-03-01 00:00:00','2019-03-03 00:00:00','','Alicia','Mathews','AliciaMathews406@yahoo.com','(589) 526-3465','6811 13th','','Tempe','AK','18844','USA','','','','','','JUN9N8BIYRHQLPCMW1CE',0,'2019-04-18 23:18:30',0,'2019-04-18 23:18:30',0),(109,9,1,0,'2018-12-12 00:00:00','2018-12-15 00:00:00','','','','','','','','','','','','','','','','','',0,'2019-04-18 23:18:30',0,'2019-04-18 23:18:30',0),(110,9,1,2,'2018-12-09 00:00:00','2018-12-12 00:00:00','','Isaac','Mckinney','IMckinney3513@bdiddy.com','(965) 791-1151','96489 Holly','','Odessa','DC','90364','USA','','','','','','JUN9N8BLLGYN7EBKHSXO',0,'2019-04-18 23:18:30',0,'2019-04-18 23:18:30',0),(111,9,1,0,'2018-10-03 00:00:00','2018-10-04 00:00:00','','','','','','','','','','','','','','','','','',0,'2019-04-18 23:18:30',0,'2019-04-18 23:18:30',0),(112,9,1,2,'2018-09-30 00:00:00','2018-10-03 00:00:00','','Arletta','Townsend','ArlettaT7735@comcast.net','(979) 592-6900','1786 Shore','','Denver','FL','92305','USA','','','','','','JUN9N8BOC741XFV6EQV1',0,'2019-04-18 23:18:30',0,'2019-04-18 23:18:30',0),(113,9,1,2,'2018-11-27 00:00:00','2018-12-03 00:00:00','','Erlinda','Hansen','ErlindaH447@yahoo.com','(684) 493-7027','92354 New York','','Johnson City','WY','99183','USA','','','','','','JUN9N8BRNHDAA7CF0JHB',0,'2019-04-18 23:18:30',0,'2019-04-18 23:18:30',0),(114,9,1,0,'2018-08-17 00:00:00','2018-08-24 00:00:00','','','','','','','','','','','','','','','','','',0,'2019-04-18 23:18:30',0,'2019-04-18 23:18:30',0),(115,9,1,2,'2018-08-16 00:00:00','2018-08-17 00:00:00','','Erlinda','Mccray','ErlindaM6694@yahoo.com','(922) 505-6721','68538 North Dakota','','Kailua','TN','54801','USA','','','','','','JUN9N8BUAA3DXAR6NR9V',0,'2019-04-18 23:18:30',0,'2019-04-18 23:18:30',0),(116,9,1,0,'2019-03-27 00:00:00','2019-03-28 00:00:00','','','','','','','','','','','','','','','','','',0,'2019-04-18 23:18:30',0,'2019-04-18 23:18:30',0),(117,9,1,2,'2019-03-23 00:00:00','2019-03-27 00:00:00','','Juliet','Crane','JulietC9511@comcast.net','(211) 490-1380','34081 Fourth','','Punta Gorda','PA','00090','USA','','','','','','JUN9N8BXGG9AE1Q5A8KK',0,'2019-04-18 23:18:30',0,'2019-04-18 23:18:30',0),(118,9,1,2,'2018-10-12 00:00:00','2018-10-18 00:00:00','','Esther','Romero','EstherR9180@bdiddy.com','(693) 985-7454','67693 Shore','','Naperville','OK','61602','USA','','','','','','JUN9N8C0OT399WWTSVK4',0,'2019-04-18 23:18:30',0,'2019-04-18 23:18:30',0),(119,9,1,2,'2018-09-07 00:00:00','2018-09-11 00:00:00','','Gabrielle','Wong','GWong589@yahoo.com','(252) 829-4549','7931 Center','','Coral Springs','MI','92258','USA','','','','','','JUN9N8C4MPZCIAER9O35',0,'2019-04-18 23:18:30',0,'2019-04-18 23:18:30',0),(120,9,1,2,'2019-02-22 00:00:00','2019-03-01 00:00:00','','Shaina','Mason','ShainaM3624@yahoo.com','(422) 360-7761','99686 5th','','Houma','ID','63767','USA','','','','','','JUN9N8C7WMNW9RR9KU4V',0,'2019-04-18 23:18:30',0,'2019-04-18 23:18:30',0),(121,10,1,0,'2018-10-01 00:00:00','2018-10-02 00:00:00','','','','','','','','','','','','','','','','','',0,'2019-04-18 23:18:30',0,'2019-04-18 23:18:30',0),(122,10,1,2,'2018-09-28 00:00:00','2018-10-01 00:00:00','','Kira','Evans','KEvans8361@gmail.com','(868) 668-9228','55544 Johnson','','Fitchburg','TN','43231','USA','','','','','','JUN9N8CA9K3G4EZ8JYFS',0,'2019-04-18 23:18:30',0,'2019-04-18 23:18:30',0),(123,10,1,0,'2018-11-30 00:00:00','2018-12-07 00:00:00','','','','','','','','','','','','','','','','','',0,'2019-04-18 23:18:30',0,'2019-04-18 23:18:30',0),(124,10,1,2,'2018-11-27 00:00:00','2018-11-30 00:00:00','','Luba','Shelton','LubaS722@abiz.com','(255) 881-8321','93458 Church','','Youngstown','VT','77578','USA','','','','','','JUN9N8CDC0HQ4YWGLS33',0,'2019-04-18 23:18:30',0,'2019-04-18 23:18:30',0),(125,10,1,0,'2019-03-20 00:00:00','2019-03-21 00:00:00','','','','','','','','','','','','','','','','','',0,'2019-04-18 23:18:30',0,'2019-04-18 23:18:30',0),(126,10,1,2,'2019-03-18 00:00:00','2019-03-20 00:00:00','','Brooks','Mcintyre','BMcintyre4602@abiz.com','(659) 319-5824','23210 S 400','','Deltona','MN','08154','USA','','','','','','JUN9N8CGXXXTAN0GXUF7',0,'2019-04-18 23:18:30',0,'2019-04-18 23:18:30',0),(127,10,1,0,'2019-01-07 00:00:00','2019-01-11 00:00:00','','','','','','','','','','','','','','','','','',0,'2019-04-18 23:18:30',0,'2019-04-18 23:18:30',0),(128,10,1,2,'2018-12-28 00:00:00','2019-01-01 00:00:00','','Shawnna','Padilla','SPadilla3730@abiz.com','(692) 580-6112','78586 North Dakota','','Pasadena','SC','67822','USA','','','','','','JUN9N8CJV9L00ZK1JKRN',0,'2019-04-18 23:18:30',0,'2019-04-18 23:18:30',0),(129,10,1,2,'2019-01-01 00:00:00','2019-01-07 00:00:00','','Russell','Torres','RTorres4723@hotmail.com','(912) 736-2601','46380 Pine','','New Bedford','NV','81223','USA','','','','','','JUN9N8CMF69JDQFEE9T5',0,'2019-04-18 23:18:30',0,'2019-04-18 23:18:30',0),(130,10,1,0,'2019-04-01 00:00:00','2019-04-07 00:00:00','','','','','','','','','','','','','','','','','',0,'2019-04-18 23:18:30',0,'2019-04-18 23:18:30',0),(131,10,1,2,'2019-03-26 00:00:00','2019-04-01 00:00:00','','Paula','Fuentes','PaulaFuentes325@bdiddy.com','(100) 563-6596','53894 Sixth','','Ocala','WY','17342','USA','','','','','','JUN9N8CPP33OHUKLB09O',0,'2019-04-18 23:18:30',0,'2019-04-18 23:18:30',0),(132,10,1,0,'2018-10-20 00:00:00','2018-10-22 00:00:00','','','','','','','','','','','','','','','','','',0,'2019-04-18 23:18:30',0,'2019-04-18 23:18:30',0),(133,10,1,2,'2018-10-07 00:00:00','2018-10-13 00:00:00','','Annie','Schultz','AnnieS8540@yahoo.com','(497) 593-8541','56773 New Mexico','','Vero Beach','UT','04208','USA','','','','','','JUN9N8CS0EJ8O2NHL0RJ',0,'2019-04-18 23:18:30',0,'2019-04-18 23:18:30',0),(134,10,1,0,'2018-09-23 00:00:00','2018-09-25 00:00:00','','','','','','','','','','','','','','','','','',0,'2019-04-18 23:18:30',0,'2019-04-18 23:18:30',0),(135,10,1,2,'2018-09-20 00:00:00','2018-09-23 00:00:00','','Johana','Delaney','JDelaney4742@aol.com','(292) 890-4332','79576 5th','','Santa Clara','GA','47743','USA','','','','','','JUN9N8CV3SP8X3YR7J51',0,'2019-04-18 23:18:30',0,'2019-04-18 23:18:30',0),(136,10,1,0,'2018-10-30 00:00:00','2018-11-06 00:00:00','','','','','','','','','','','','','','','','','',0,'2019-04-18 23:18:30',0,'2019-04-18 23:18:30',0),(137,10,1,2,'2018-10-26 00:00:00','2018-10-30 00:00:00','','Eboni','Livingston','EboniL3697@yahoo.com','(579) 684-4153','90110 Twelfth','','Pasadena','TX','31968','USA','','','','','','JUN9N8CY42IE85PVTJAL',0,'2019-04-18 23:18:30',0,'2019-04-18 23:18:30',0),(138,10,1,0,'2018-08-12 00:00:00','2018-08-16 00:00:00','','','','','','','','','','','','','','','','','',0,'2019-04-18 23:18:30',0,'2019-04-18 23:18:30',0),(139,10,1,2,'2018-08-02 00:00:00','2018-08-09 00:00:00','','Danette','Kane','DKane2185@gmail.com','(213) 929-5257','90053 West Virginia','','Mobile','AL','01166','USA','','','','','','JUN9N8D1YQHTWI1EGV5T',0,'2019-04-18 23:18:30',0,'2019-04-18 23:18:30',0),(140,10,1,0,'2019-02-16 00:00:00','2019-02-22 00:00:00','','','','','','','','','','','','','','','','','',0,'2019-04-18 23:18:30',0,'2019-04-18 23:18:30',0),(141,10,1,2,'2019-02-10 00:00:00','2019-02-16 00:00:00','','Danille','Vargas','DanilleV6667@hotmail.com','(657) 435-2463','74275 Thirteenth','','Newburgh','AZ','53710','USA','','','','','','JUN9N8D454JVW8JYOBTH',0,'2019-04-18 23:18:30',0,'2019-04-18 23:18:30',0),(142,10,1,0,'2018-12-25 00:00:00','2018-12-28 00:00:00','','','','','','','','','','','','','','','','','',0,'2019-04-18 23:18:30',0,'2019-04-18 23:18:30',0),(143,10,1,2,'2018-12-21 00:00:00','2018-12-25 00:00:00','','Dannette','Alvarado','DannetteAlvarado6@aol.com','(551) 343-0090','51673 Malulani','','Stamford','VA','94535','USA','','','','','','JUN9N8D7DUMHN9GI0X11',0,'2019-04-18 23:18:30',0,'2019-04-18 23:18:30',0),(144,10,1,0,'2019-04-08 00:00:00','2019-04-19 00:00:00','','','','','','','','','','','','','','','','','',0,'2019-04-18 23:18:30',0,'2019-04-18 23:18:30',0),(145,10,1,2,'2019-04-07 00:00:00','2019-04-08 00:00:00','','Percy','Farley','PercyFarley999@comcast.net','(462) 602-8424','86281 Pleasant','','Odessa','RI','90440','USA','','','','','','JUN9N8DA7JAYIOC5H5ZN',0,'2019-04-18 23:18:30',0,'2019-04-18 23:18:30',0),(146,10,1,0,'2018-10-04 00:00:00','2018-10-07 00:00:00','','','','','','','','','','','','','','','','','',0,'2019-04-18 23:18:30',0,'2019-04-18 23:18:30',0),(147,10,1,2,'2018-10-02 00:00:00','2018-10-04 00:00:00','','Ara','Chapman','AChapman5474@yahoo.com','(220) 597-7355','4921 Kahili','','Vero Beach','ID','54904','USA','','','','','','JUN9N8DD8G6XHMB852XY',0,'2019-04-18 23:18:30',0,'2019-04-18 23:18:30',0),(149,10,1,2,'2019-03-10 00:00:00','2019-03-11 00:00:00','','Ryan','Blevins','RyanB8551@aol.com','(440) 953-3011','85636 Columbine','','Westminster','MD','93162','USA','','','','','','JUN9N8DGIWJE229010E7',0,'2019-04-18 23:18:30',0,'2019-04-18 23:18:30',0),(150,10,1,0,'2019-04-22 00:00:00','2019-04-25 00:00:00','','','','','','','','','','','','','','','','','',0,'2019-04-18 23:18:30',0,'2019-04-18 23:18:30',0),(151,10,1,2,'2019-04-19 00:00:00','2019-04-22 00:00:00','','Jack','Rutledge','JackR2965@yahoo.com','(147) 173-0955','14094 Sunset','','Oxnard','MI','54657','USA','','','','','','JUN9N8DJB5L9ZDIV25K3',0,'2019-04-18 23:18:30',0,'2019-04-18 23:18:30',0),(152,10,1,0,'2018-11-26 00:00:00','2018-11-27 00:00:00','','','','','','','','','','','','','','','','','',0,'2019-04-18 23:18:30',0,'2019-04-18 23:18:30',0),(153,10,1,2,'2018-11-16 00:00:00','2018-11-21 00:00:00','','Elna','Hines','ElnaHines979@bdiddy.com','(213) 794-5259','62517 Main','','Jefferson','VT','34415','USA','','','','','','JUN9N8DMUXVXJH498RBV',0,'2019-04-18 23:18:30',0,'2019-04-18 23:18:30',0),(154,10,1,0,'2018-12-14 00:00:00','2018-12-21 00:00:00','','','','','','','','','','','','','','','','','',0,'2019-04-18 23:18:30',0,'2019-04-18 23:18:30',0),(155,10,1,2,'2018-12-07 00:00:00','2018-12-14 00:00:00','','Jamal','Mcmillan','JMcmillan9849@abiz.com','(585) 956-1853','99329 Main','','Colorado Springs','OR','89371','USA','','','','','','JUN9N8DPVVOHPOBUYK4E',0,'2019-04-18 23:18:30',0,'2019-04-18 23:18:30',0),(156,10,1,0,'2019-06-30 00:00:00','9999-12-31 00:00:00','','','','','','','','','','','','','','','','','',0,'2019-04-18 23:18:30',0,'2019-04-18 23:18:30',0),(157,10,1,2,'2019-06-25 00:00:00','2019-06-30 00:00:00','','Michele','Langley','MicheleLangley341@abiz.com','(242) 158-8617','56762 Eleventh','','Cambridge','WI','83039','USA','','','','','','JUN9N8DSW5EQFUDJN0GJ',0,'2019-04-18 23:18:30',0,'2019-04-18 23:18:30',0),(158,10,1,0,'2018-08-23 00:00:00','2018-08-25 00:00:00','','','','','','','','','','','','','','','','','',0,'2019-04-18 23:18:30',0,'2019-04-18 23:18:30',0),(159,10,1,2,'2018-08-16 00:00:00','2018-08-23 00:00:00','','Wyatt','Newman','WyattNewman295@bdiddy.com','(789) 505-7438','74622 New Mexico','','Westminster','WV','43430','USA','','','','','','JUN9N8DVBMG099APFWLA',0,'2019-04-18 23:18:30',0,'2019-04-18 23:18:30',0),(160,10,1,0,'2018-09-01 00:00:00','2018-09-04 00:00:00','','','','','','','','','','','','','','','','','',0,'2019-04-18 23:18:30',0,'2019-04-18 23:18:30',0),(161,10,1,2,'2018-08-25 00:00:00','2018-08-26 00:00:00','','Shad','Fuller','ShadFuller844@aol.com','(327) 217-2130','31459 Tenth','','Fitchburg','WY','89513','USA','','','','','','JUN9N8DYY0Z1HV5RSZUZ',0,'2019-04-18 23:18:30',0,'2019-04-18 23:18:30',0),(162,10,1,0,'2019-04-26 00:00:00','2019-05-03 00:00:00','','','','','','','','','','','','','','','','','',0,'2019-04-18 23:18:30',0,'2019-04-18 23:18:30',0),(163,10,1,2,'2019-04-25 00:00:00','2019-04-26 00:00:00','','Brendon','Mcguire','BMcguire1663@abiz.com','(934) 430-8130','58054 Main','','Detroit','CA','19700','USA','','','','','','JUN9N8E151T89T5XWTEK',0,'2019-04-18 23:18:30',0,'2019-04-18 23:18:30',0),(164,10,1,0,'2019-03-24 00:00:00','2019-03-26 00:00:00','','','','','','','','','','','','','','','','','',0,'2019-04-18 23:18:30',0,'2019-04-18 23:18:30',0),(165,10,1,2,'2019-03-22 00:00:00','2019-03-24 00:00:00','','Wendolyn','Vaughn','WendolynVaughn570@abiz.com','(165) 498-4404','46484 River','','Hialeah','RI','61359','USA','','','','','','JUN9N8E4ZRMBQME6XIL1',0,'2019-04-18 23:18:30',0,'2019-04-18 23:18:30',0),(166,10,1,0,'2019-03-02 00:00:00','2019-03-10 00:00:00','','','','','','','','','','','','','','','','','',0,'2019-04-18 23:18:30',0,'2019-04-18 23:18:30',0),(167,10,1,2,'2019-02-24 00:00:00','2019-03-02 00:00:00','','Estella','Gregory','EstellaG2031@bdiddy.com','(970) 185-3833','79571 Hemlock','','Frederick','OR','96720','USA','','','','','','JUN9N8E8E91W634IHY3Q',0,'2019-04-18 23:18:30',0,'2019-04-18 23:18:30',0),(168,10,1,0,'2019-05-15 00:00:00','2019-05-19 00:00:00','','','','','','','','','','','','','','','','','',0,'2019-04-18 23:18:30',0,'2019-04-18 23:18:30',0),(169,10,1,2,'2019-05-10 00:00:00','2019-05-15 00:00:00','','Fernande','Powell','FPowell354@abiz.com','(865) 470-9791','40186 Pine','','Springfield','VA','40783','USA','','','','','','JUN9N8EBH8UJNH0BU6BB',0,'2019-04-18 23:18:30',0,'2019-04-18 23:18:30',0),(170,10,1,2,'2019-02-22 00:00:00','2019-02-24 00:00:00','','Rickie','Leblanc','RickieLeblanc593@gmail.com','(449) 515-1242','18904 Second','','Allentown','MA','10870','USA','','','','','','JUN9N8EEL7CXFMGIXHLN',0,'2019-04-18 23:18:30',0,'2019-04-18 23:18:30',0),(171,10,1,2,'2018-08-26 00:00:00','2018-09-01 00:00:00','','Janel','Dorsey','JanelD1679@abiz.com','(592) 859-9920','82770 Navajo','','Layton','MD','12984','USA','','','','','','JUN9N8EH5O1F0FLUTFC4',0,'2019-04-18 23:18:30',0,'2019-04-18 23:18:30',0),(172,10,1,0,'2019-06-19 00:00:00','2019-06-25 00:00:00','','','','','','','','','','','','','','','','','',0,'2019-04-18 23:18:30',0,'2019-04-18 23:18:30',0),(173,10,1,2,'2019-06-15 00:00:00','2019-06-19 00:00:00','','Cherly','Navarro','CNavarro5491@gmail.com','(493) 459-9808','28793 Johnson','','Roseville','TX','68247','USA','','','','','','JUN9N8EKL14E4Z1BX2YZ',0,'2019-04-18 23:18:30',0,'2019-04-18 23:18:30',0),(174,10,1,0,'2019-02-04 00:00:00','2019-02-10 00:00:00','','','','','','','','','','','','','','','','','',0,'2019-04-18 23:18:30',0,'2019-04-18 23:18:30',0),(175,10,1,2,'2019-02-03 00:00:00','2019-02-04 00:00:00','','Carmelo','Pitts','CarmeloPitts128@hotmail.com','(884) 193-1359','61222 6th','','Youngstown','NE','58010','USA','','','','','','JUN9N8EN4CFKBZIA05EU',0,'2019-04-18 23:18:30',0,'2019-04-18 23:18:30',0),(176,10,1,0,'2019-05-28 00:00:00','2019-06-06 00:00:00','','','','','','','','','','','','','','','','','',0,'2019-04-18 23:18:30',0,'2019-04-18 23:18:30',0),(177,10,1,2,'2019-05-24 00:00:00','2019-05-28 00:00:00','','Jenise','Mccarty','JeniseM9222@hotmail.com','(907) 220-9388','87154 Aloha','','Asheville','IN','40565','USA','','','','','','JUN9N8EQB3LIOMGXDGQP',0,'2019-04-18 23:18:30',0,'2019-04-18 23:18:30',0),(178,10,1,0,'2019-06-13 00:00:00','2019-06-15 00:00:00','','','','','','','','','','','','','','','','','',0,'2019-04-18 23:18:30',0,'2019-04-18 23:18:30',0),(179,10,1,2,'2019-06-06 00:00:00','2019-06-13 00:00:00','','Valerie','Silva','VSilva5651@abiz.com','(393) 707-4504','84411 South Dakota','','Buffalo','CO','94162','USA','','','','','','JUN9N8EUPYPHN32AMY6K',0,'2019-04-18 23:18:30',0,'2019-04-18 23:18:30',0),(180,10,1,2,'2018-08-09 00:00:00','2018-08-12 00:00:00','','Marica','Beck','MaricaBeck346@bdiddy.com','(394) 511-1475','65564 New Hampshire','','Tempe','SD','36829','USA','','','','','','JUN9N8EXTFWCFADHZ884',0,'2019-04-18 23:18:30',0,'2019-04-18 23:18:30',0),(181,10,1,0,'2019-05-08 00:00:00','2019-05-10 00:00:00','','','','','','','','','','','','','','','','','',0,'2019-04-18 23:18:30',0,'2019-04-18 23:18:30',0),(182,10,1,2,'2019-05-03 00:00:00','2019-05-08 00:00:00','','Mariel','Stuart','MarielStuart966@aol.com','(335) 954-4626','71022 Palo Verde','','Scranton','MT','07920','USA','','','','','','JUN9N8F0V6UQQ7I37F2N',0,'2019-04-18 23:18:30',0,'2019-04-18 23:18:30',0),(183,10,1,0,'2018-07-23 00:00:00','2018-08-02 00:00:00','','','','','','','','','','','','','','','','','',0,'2019-04-18 23:18:30',0,'2019-04-18 23:18:30',0),(184,10,1,2,'2018-07-18 00:00:00','2018-07-23 00:00:00','','Alla','Fleming','AFleming1776@bdiddy.com','(488) 282-3124','25788 Third','','Baltimore','FL','62048','USA','','','','','','JUN9N8F3I4BVN4O0HSVW',0,'2019-04-18 23:18:30',0,'2019-04-18 23:18:30',0),(185,10,1,0,'2019-01-17 00:00:00','2019-01-19 00:00:00','','','','','','','','','','','','','','','','','',0,'2019-04-18 23:18:30',0,'2019-04-18 23:18:30',0),(186,10,1,2,'2019-01-11 00:00:00','2019-01-17 00:00:00','','Belva','Avila','BelvaA2892@bdiddy.com','(489) 280-5270','89637 North Carolina','','Ogden','MN','56756','USA','','','','','','JUN9N8F6C5HPTWQDKDX5',0,'2019-04-18 23:18:30',0,'2019-04-18 23:18:30',0),(187,10,1,2,'2019-03-21 00:00:00','2019-03-22 00:00:00','','Stevie','Solis','SSolis8174@yahoo.com','(414) 906-4120','52604 N 400','','Mesa','MD','95695','USA','','','','','','JUN9N8F9P9N0NU3LWFIL',0,'2019-04-18 23:18:30',0,'2019-04-18 23:18:30',0),(188,10,1,0,'2019-05-23 00:00:00','2019-05-24 00:00:00','','','','','','','','','','','','','','','','','',0,'2019-04-18 23:18:30',0,'2019-04-18 23:18:30',0),(189,10,1,2,'2019-05-19 00:00:00','2019-05-23 00:00:00','','Belle','Donaldson','BDonaldson385@yahoo.com','(555) 744-6293','68646 Lakeview','','Irvine','FL','78666','USA','','','','','','JUN9N8FDJNVCO1C2P6XD',0,'2019-04-18 23:18:30',0,'2019-04-18 23:18:30',0),(190,10,1,2,'2018-11-21 00:00:00','2018-11-26 00:00:00','','Vince','Bradley','VBradley998@yahoo.com','(831) 852-5822','67774 12th','','Warren','HI','76200','USA','','','','','','JUN9N8FG9TJAF2W2DIHT',0,'2019-04-18 23:18:30',0,'2019-04-18 23:18:30',0),(191,10,1,2,'2018-10-13 00:00:00','2018-10-20 00:00:00','','Lawanda','Dillon','LawandaDillon652@abiz.com','(564) 775-1023','80295 Navajo','','Daytona Beach','IL','19456','USA','','','','','','JUN9N8FJ6D7DDBGG01S0',0,'2019-04-18 23:18:30',0,'2019-04-18 23:18:30',0),(192,10,1,0,'2018-10-23 00:00:00','2018-10-26 00:00:00','','','','','','','','','','','','','','','','','',0,'2019-04-18 23:18:30',0,'2019-04-18 23:18:30',0),(193,10,1,2,'2018-10-22 00:00:00','2018-10-23 00:00:00','','Perla','Massey','PerlaM7899@abiz.com','(743) 876-7142','45090 13th','','Round Lake Beach','KS','56629','USA','','','','','','JUN9N8FMUKJURN2PX4VP',0,'2019-04-18 23:18:30',0,'2019-04-18 23:18:30',0),(194,10,1,0,'2018-11-10 00:00:00','2018-11-16 00:00:00','','','','','','','','','','','','','','','','','',0,'2019-04-18 23:18:30',0,'2019-04-18 23:18:30',0),(195,10,1,2,'2018-11-06 00:00:00','2018-11-10 00:00:00','','Maricela','Barry','MaricelaBarry166@comcast.net','(988) 745-0238','24836 Kukui','','Port Arthur','NJ','21092','USA','','','','','','JUN9N8FPBNJQFKGES8TD',0,'2019-04-18 23:18:30',0,'2019-04-18 23:18:30',0),(196,10,1,0,'2018-09-11 00:00:00','2018-09-20 00:00:00','','','','','','','','','','','','','','','','','',0,'2019-04-18 23:18:30',0,'2019-04-18 23:18:30',0),(197,10,1,2,'2018-09-04 00:00:00','2018-09-11 00:00:00','','Yajaira','Franks','YFranks3347@hotmail.com','(621) 719-2834','16580 Lincoln','','Evansville','AZ','78831','USA','','','','','','JUN9N8FSZYB9KMUKH5PF',0,'2019-04-18 23:18:30',0,'2019-04-18 23:18:30',0),(198,10,1,0,'2019-01-26 00:00:00','2019-02-03 00:00:00','','','','','','','','','','','','','','','','','',0,'2019-04-18 23:18:30',0,'2019-04-18 23:18:30',0),(199,10,1,2,'2019-01-19 00:00:00','2019-01-26 00:00:00','','Duncan','Holder','DHolder965@yahoo.com','(247) 913-7904','19695 Maple','','Bloomington','OR','97577','USA','','','','','','JUN9N8FW0BSPRVS7FCE7',0,'2019-04-18 23:18:30',0,'2019-04-18 23:18:30',0),(200,10,1,0,'2018-09-26 00:00:00','2018-09-28 00:00:00','','','','','','','','','','','','','','','','','',0,'2019-04-18 23:18:30',0,'2019-04-18 23:18:30',0),(201,10,1,2,'2018-09-25 00:00:00','2018-09-26 00:00:00','','Abdul','Farrell','AFarrell9350@comcast.net','(352) 825-9104','19726 Delaware','','Spartanburg','OH','07886','USA','','','','','','JUN9N8FZFTBA10XGIT6J',0,'2019-04-18 23:18:30',0,'2019-04-18 23:18:30',0),(202,10,1,2,'2019-03-11 00:00:00','2019-03-18 00:00:00','','Garth','Boyd','GarthB3185@yahoo.com','(317) 145-2476','45094 N 400','','Flint','MA','25320','USA','','','','','','JUN9N8G2Y2LNT5VUB2DS',0,'2019-04-18 23:18:30',0,'2019-04-18 23:18:30',0),(203,11,1,0,'2019-06-02 00:00:00','2019-06-05 00:00:00','','','','','','','','','','','','','','','','','',0,'2019-04-18 23:18:30',0,'2019-04-18 23:18:30',0),(204,11,1,2,'2019-05-26 00:00:00','2019-05-30 00:00:00','','Huey','Boyd','HueyB6822@gmail.com','(345) 505-6690','50069 Bay','','Hemet','NH','95399','USA','','','','','','JUN9N8G646HPMPTJD4DP',0,'2019-04-18 23:18:30',0,'2019-04-18 23:18:30',0),(205,11,1,0,'2018-11-19 00:00:00','2018-11-22 00:00:00','','','','','','','','','','','','','','','','','',0,'2019-04-18 23:18:30',0,'2019-04-18 23:18:30',0),(206,11,1,2,'2018-11-15 00:00:00','2018-11-19 00:00:00','','Ute','Hines','UHines7296@yahoo.com','(145) 623-6604','98138 Mesquite','','Hemet','NC','71162','USA','','','','','','JUN9N8G9S2JE9C7QG1SO',0,'2019-04-18 23:18:30',0,'2019-04-18 23:18:30',0),(207,11,1,0,'2019-03-06 00:00:00','2019-03-10 00:00:00','','','','','','','','','','','','','','','','','',0,'2019-04-18 23:18:30',0,'2019-04-18 23:18:30',0),(208,11,1,2,'2019-02-23 00:00:00','2019-02-27 00:00:00','','Josefa','Winters','JWinters1249@bdiddy.com','(877) 139-0803','74884 Pioneer','','Buffalo','VT','43447','USA','','','','','','JUN9N8GCRDY2SQZDREDK',0,'2019-04-18 23:18:30',0,'2019-04-18 23:18:30',0),(209,11,1,0,'2018-07-22 00:00:00','2018-07-23 00:00:00','','','','','','','','','','','','','','','','','',0,'2019-04-18 23:18:30',0,'2019-04-18 23:18:30',0),(210,11,1,2,'2018-07-15 00:00:00','2018-07-19 00:00:00','','Alma','Underwood','AlmaU23@aol.com','(184) 539-4678','10229 Twelfth','','Boston','GA','90292','USA','','','','','','JUN9N8GF72SPCGQIC5EA',0,'2019-04-18 23:18:30',0,'2019-04-18 23:18:30',0),(211,11,1,0,'2019-05-12 00:00:00','2019-05-14 00:00:00','','','','','','','','','','','','','','','','','',0,'2019-04-18 23:18:30',0,'2019-04-18 23:18:30',0),(212,11,1,2,'2019-05-07 00:00:00','2019-05-12 00:00:00','','Kaylene','Hendrix','KHendrix917@abiz.com','(242) 831-3863','76385 N 400','','Canton','AK','51888','USA','','','','','','JUN9N8GIRJ9P0NLZR4L7',0,'2019-04-18 23:18:30',0,'2019-04-18 23:18:30',0),(213,11,1,0,'2018-09-26 00:00:00','2018-09-29 00:00:00','','','','','','','','','','','','','','','','','',0,'2019-04-18 23:18:30',0,'2019-04-18 23:18:30',0),(214,11,1,2,'2018-09-20 00:00:00','2018-09-26 00:00:00','','Marcel','Carrillo','MCarrillo3337@hotmail.com','(115) 854-2043','4553 Pecan','','Aberdeen','RI','16611','USA','','','','','','JUN9N8GLEX81UG1RWB2O',0,'2019-04-18 23:18:30',0,'2019-04-18 23:18:30',0),(215,11,1,0,'2019-02-07 00:00:00','2019-02-12 00:00:00','','','','','','','','','','','','','','','','','',0,'2019-04-18 23:18:30',0,'2019-04-18 23:18:30',0),(216,11,1,2,'2019-02-02 00:00:00','2019-02-07 00:00:00','','Rebecca','Graves','RGraves4200@yahoo.com','(600) 133-2751','87932 Elm','','Canton','MI','69103','USA','','','','','','JUN9N8GOCSYNF5LUV35F',0,'2019-04-18 23:18:30',0,'2019-04-18 23:18:30',0),(217,11,1,0,'2018-09-02 00:00:00','2018-09-09 00:00:00','','','','','','','','','','','','','','','','','',0,'2019-04-18 23:18:30',0,'2019-04-18 23:18:30',0),(218,11,1,2,'2018-08-26 00:00:00','2018-09-02 00:00:00','','Chance','Mckinney','CMckinney1386@abiz.com','(544) 352-1434','56146 Ninth','','Fort Worth','DE','69888','USA','','','','','','JUN9N8GREKV7AXZ5S0BP',0,'2019-04-18 23:18:30',0,'2019-04-18 23:18:30',0),(219,11,1,0,'2018-09-30 00:00:00','2018-10-08 00:00:00','','','','','','','','','','','','','','','','','',0,'2019-04-18 23:18:30',0,'2019-04-18 23:18:30',0),(220,11,1,2,'2018-09-29 00:00:00','2018-09-30 00:00:00','','Venice','Burris','VeniceB6521@abiz.com','(383) 457-5940','55119 Canyon','','Evansville','NE','38318','USA','','','','','','JUN9N8GUP75XMNUKCCE3',0,'2019-04-18 23:18:30',0,'2019-04-18 23:18:30',0),(221,11,1,0,'2019-06-19 00:00:00','2019-06-29 00:00:00','','','','','','','','','','','','','','','','','',0,'2019-04-18 23:18:30',0,'2019-04-18 23:18:30',0),(222,11,1,2,'2019-06-12 00:00:00','2019-06-19 00:00:00','','Keeley','Jefferson','KJefferson3071@aol.com','(838) 907-7130','6366 River','','Baton Rouge','IN','23756','USA','','','','','','JUN9N8GY9WC2LS2HQDW0',0,'2019-04-18 23:18:30',0,'2019-04-18 23:18:30',0),(223,11,1,0,'2019-04-09 00:00:00','2019-04-14 00:00:00','','','','','','','','','','','','','','','','','',0,'2019-04-18 23:18:30',0,'2019-04-18 23:18:30',0),(224,11,1,2,'2019-04-08 00:00:00','2019-04-09 00:00:00','','Edie','Love','EdieL4382@aol.com','(629) 413-7751','43112 Highland','','Port Orange','NC','42019','USA','','','','','','JUN9N8H1T6W5VPW0QV9N',0,'2019-04-18 23:18:30',0,'2019-04-18 23:18:30',0),(225,11,1,0,'2018-11-28 00:00:00','2018-12-01 00:00:00','','','','','','','','','','','','','','','','','',0,'2019-04-18 23:18:30',0,'2019-04-18 23:18:30',0),(226,11,1,2,'2018-11-22 00:00:00','2018-11-28 00:00:00','','Denis','Gilbert','DGilbert1515@bdiddy.com','(913) 409-2101','685 Hampton','','Frederick','MA','97807','USA','','','','','','JUN9N8H4AJ69N0Z795VI',0,'2019-04-18 23:18:30',0,'2019-04-18 23:18:30',0),(227,11,1,0,'2019-03-14 00:00:00','2019-03-15 00:00:00','','','','','','','','','','','','','','','','','',0,'2019-04-18 23:18:30',0,'2019-04-18 23:18:30',0),(228,11,1,2,'2019-03-10 00:00:00','2019-03-14 00:00:00','','Tawna','Brown','TawnaB7205@yahoo.com','(398) 530-2660','95859 Magnolia','','Arlington','SC','26157','USA','','','','','','JUN9N8H7MP5XNY3C4EW7',0,'2019-04-18 23:18:30',0,'2019-04-18 23:18:30',0),(229,11,1,0,'2019-05-02 00:00:00','2019-05-07 00:00:00','','','','','','','','','','','','','','','','','',0,'2019-04-18 23:18:30',0,'2019-04-18 23:18:30',0),(230,11,1,2,'2019-04-26 00:00:00','2019-05-02 00:00:00','','Betsey','Hernandez','BHernandez8688@comcast.net','(645) 908-4487','37570 Wood','','Eugene','RI','58652','USA','','','','','','JUN9N8HB2QWZBQTCJGPB',0,'2019-04-18 23:18:30',0,'2019-04-18 23:18:30',0),(231,11,1,0,'2018-10-13 00:00:00','2018-10-14 00:00:00','','','','','','','','','','','','','','','','','',0,'2019-04-18 23:18:30',0,'2019-04-18 23:18:30',0),(232,11,1,2,'2018-10-08 00:00:00','2018-10-13 00:00:00','','Cecille','Rutledge','CecilleRutledge772@bdiddy.com','(957) 222-5224','21339 12th','','Norwich','DC','58675','USA','','','','','','JUN9N8HEWXOOG0V6V18F',0,'2019-04-18 23:18:30',0,'2019-04-18 23:18:30',0),(233,11,1,0,'2018-07-10 00:00:00','2018-07-11 00:00:00','','','','','','','','','','','','','','','','','',0,'2019-04-18 23:18:30',0,'2019-04-18 23:18:30',0),(234,11,1,2,'2018-07-08 00:00:00','2018-07-10 00:00:00','','Carissa','Lamb','CLamb5308@comcast.net','(931) 593-1245','47103 Canyon','','Oxnard','OK','22181','USA','','','','','','JUN9N8HI0XB2AHHWCS1F',0,'2019-04-18 23:18:30',0,'2019-04-18 23:18:30',0),(235,11,1,0,'2018-08-19 00:00:00','2018-08-26 00:00:00','','','','','','','','','','','','','','','','','',0,'2019-04-18 23:18:30',0,'2019-04-18 23:18:30',0),(236,11,1,2,'2018-08-15 00:00:00','2018-08-19 00:00:00','','Shay','Keller','SKeller1175@yahoo.com','(733) 572-8788','65527 5th','','Kailua','UT','21853','USA','','','','','','JUN9N8HL2CN7FSIX6TPK',0,'2019-04-18 23:18:30',0,'2019-04-18 23:18:30',0),(237,11,1,2,'2019-05-23 00:00:00','2019-05-26 00:00:00','','Tammie','Goodwin','TGoodwin4114@bdiddy.com','(952) 735-2567','44494 Meadow','','Allentown','AR','38795','USA','','','','','','JUN9N8HOUQJANC4U56ZE',0,'2019-04-18 23:18:30',0,'2019-04-18 23:18:30',0),(238,11,1,0,'2018-12-24 00:00:00','2019-01-02 00:00:00','','','','','','','','','','','','','','','','','',0,'2019-04-18 23:18:30',0,'2019-04-18 23:18:30',0),(239,11,1,2,'2018-12-21 00:00:00','2018-12-24 00:00:00','','Janie','Norman','JanieN9893@abiz.com','(690) 179-1551','41125 Lake','','Reno','AK','10417','USA','','','','','','JUN9N8HRUAIPMR95YZ2L',0,'2019-04-18 23:18:30',0,'2019-04-18 23:18:30',0),(240,11,1,0,'2018-12-15 00:00:00','2018-12-21 00:00:00','','','','','','','','','','','','','','','','','',0,'2019-04-18 23:18:30',0,'2019-04-18 23:18:30',0),(241,11,1,2,'2018-12-12 00:00:00','2018-12-15 00:00:00','','Youlanda','Huber','YHuber9743@aol.com','(545) 640-6511','31502 Hemlock','','Manchester','NV','01393','USA','','','','','','JUN9N8HVCVOEM0PRZSMS',0,'2019-04-18 23:18:30',0,'2019-04-18 23:18:30',0),(242,11,1,0,'2018-10-18 00:00:00','2018-10-19 00:00:00','','','','','','','','','','','','','','','','','',0,'2019-04-18 23:18:30',0,'2019-04-18 23:18:30',0),(243,11,1,2,'2018-10-14 00:00:00','2018-10-18 00:00:00','','Katelyn','Harding','KatelynH1100@hotmail.com','(639) 776-3253','72054 Broadway','','Greenville','HI','78470','USA','','','','','','JUN9N8HYOOP0VQMA9U95',0,'2019-04-18 23:18:30',0,'2019-04-18 23:18:30',0),(244,11,1,0,'2018-12-02 00:00:00','2018-12-08 00:00:00','','','','','','','','','','','','','','','','','',0,'2019-04-18 23:18:30',0,'2019-04-18 23:18:30',0),(245,11,1,2,'2018-12-01 00:00:00','2018-12-02 00:00:00','','Kittie','Nicholson','KNicholson1089@comcast.net','(831) 327-2848','85090 4th','','Salem','FL','78996','USA','','','','','','JUN9N8I1C1JR4MV3PXT1',0,'2019-04-18 23:18:30',0,'2019-04-18 23:18:30',0),(246,11,1,0,'2019-05-17 00:00:00','2019-05-23 00:00:00','','','','','','','','','','','','','','','','','',0,'2019-04-18 23:18:30',0,'2019-04-18 23:18:30',0),(247,11,1,2,'2019-05-14 00:00:00','2019-05-17 00:00:00','','Pearlene','Waller','PearleneWaller948@comcast.net','(828) 837-4647','83841 Kukui','','Mesa','MO','09386','USA','','','','','','JUN9N8I4ZC9IHG0P3VSF',0,'2019-04-18 23:18:30',0,'2019-04-18 23:18:30',0),(248,11,1,0,'2019-03-29 00:00:00','2019-04-02 00:00:00','','','','','','','','','','','','','','','','','',0,'2019-04-18 23:18:30',0,'2019-04-18 23:18:30',0),(249,11,1,2,'2019-03-27 00:00:00','2019-03-29 00:00:00','','Echo','Coleman','EchoC6487@yahoo.com','(715) 130-1643','66335 Mountain View','','Billings','NH','42632','USA','','','','','','JUN9N8I8KGP05SKR7YOP',0,'2019-04-18 23:18:30',0,'2019-04-18 23:18:30',0),(250,11,1,0,'2018-09-16 00:00:00','2018-09-20 00:00:00','','','','','','','','','','','','','','','','','',0,'2019-04-18 23:18:30',0,'2019-04-18 23:18:30',0),(251,11,1,2,'2018-09-09 00:00:00','2018-09-16 00:00:00','','Chelsie','Morse','ChelsieMorse123@bdiddy.com','(608) 228-6512','4311 Aloha','','Murrieta','NH','82520','USA','','','','','','JUN9N8IBJ8XUCWK3IM1A',0,'2019-04-18 23:18:30',0,'2019-04-18 23:18:30',0),(252,11,1,0,'2019-01-11 00:00:00','2019-01-17 00:00:00','','','','','','','','','','','','','','','','','',0,'2019-04-18 23:18:30',0,'2019-04-18 23:18:30',0),(253,11,1,2,'2019-01-02 00:00:00','2019-01-08 00:00:00','','Buster','Wilkinson','BusterWilkinson648@yahoo.com','(527) 391-1248','90202 Cherry','','Memphis','DC','60260','USA','','','','','','JUN9N8IFW7QLDQ4PRP22',0,'2019-04-18 23:18:30',0,'2019-04-18 23:18:30',0),(254,11,1,0,'2019-02-16 00:00:00','2019-02-23 00:00:00','','','','','','','','','','','','','','','','','',0,'2019-04-18 23:18:30',0,'2019-04-18 23:18:30',0),(255,11,1,2,'2019-02-12 00:00:00','2019-02-16 00:00:00','','Velva','Donovan','VDonovan4170@yahoo.com','(892) 348-7502','1344 Palo Verde','','Chula Vista','KS','73922','USA','','','','','','JUN9N8IIIXH2M75RI8DH',0,'2019-04-18 23:18:30',0,'2019-04-18 23:18:30',0),(256,11,1,2,'2019-02-27 00:00:00','2019-03-06 00:00:00','','Vallie','Meyer','VallieM8413@hotmail.com','(276) 894-7837','23050 Orchard','','Bridgeport','AK','47029','USA','','','','','','JUN9N8ILXGNTKFRTBA9D',0,'2019-04-18 23:18:30',0,'2019-04-18 23:18:30',0),(257,11,1,0,'2019-03-26 00:00:00','2019-03-27 00:00:00','','','','','','','','','','','','','','','','','',0,'2019-04-18 23:18:30',0,'2019-04-18 23:18:30',0),(258,11,1,2,'2019-03-22 00:00:00','2019-03-26 00:00:00','','Blaine','Reid','BlaineR824@hotmail.com','(168) 863-6049','40004 Williams','','Norwich','RI','81661','USA','','','','','','JUN9N8IOLMUX3O8GS8UQ',0,'2019-04-18 23:18:30',0,'2019-04-18 23:18:30',0),(259,11,1,0,'2019-01-22 00:00:00','2019-02-02 00:00:00','','','','','','','','','','','','','','','','','',0,'2019-04-18 23:18:30',0,'2019-04-18 23:18:30',0),(260,11,1,2,'2019-01-17 00:00:00','2019-01-22 00:00:00','','Lurlene','Foreman','LurleneForeman78@bdiddy.com','(220) 222-0486','73187 Willow','','Baltimore','VA','70060','USA','','','','','','JUN9N8IRCLW43CDWI8E0',0,'2019-04-18 23:18:30',0,'2019-04-18 23:18:30',0),(261,11,1,0,'2018-10-22 00:00:00','2018-10-23 00:00:00','','','','','','','','','','','','','','','','','',0,'2019-04-18 23:18:30',0,'2019-04-18 23:18:30',0),(262,11,1,2,'2018-10-19 00:00:00','2018-10-22 00:00:00','','Ashlea','Jacobson','AshleaJ4643@gmail.com','(285) 262-1551','64928 Sycamore','','Savannah','CT','52420','USA','','','','','','JUN9N8IVAB1Z7DV4G3MS',0,'2019-04-18 23:18:30',0,'2019-04-18 23:18:30',0),(263,11,1,0,'2019-04-17 00:00:00','2019-04-19 00:00:00','','','','','','','','','','','','','','','','','',0,'2019-04-18 23:18:30',0,'2019-04-18 23:18:30',0),(264,11,1,2,'2019-04-14 00:00:00','2019-04-17 00:00:00','','Shaina','Ashley','ShainaAshley440@hotmail.com','(291) 132-9139','98262 Main','','Ontario','UT','31079','USA','','','','','','JUN9N8IYOPGICQ4E0PNT',0,'2019-04-18 23:18:30',0,'2019-04-18 23:18:30',0),(265,11,1,0,'2018-07-29 00:00:00','2018-08-14 00:00:00','','','','','','','','','','','','','','','','','',0,'2019-04-18 23:18:30',0,'2019-04-18 23:18:30',0),(266,11,1,2,'2018-07-23 00:00:00','2018-07-29 00:00:00','','Shamika','Jensen','ShamikaJensen38@bdiddy.com','(274) 736-4200','48844 Zoo','','Aurora','SD','92954','USA','','','','','','JUN9N8J1M7P7BYR2OIWC',0,'2019-04-18 23:18:30',0,'2019-04-18 23:18:30',0),(267,11,1,0,'2019-04-04 00:00:00','2019-04-08 00:00:00','','','','','','','','','','','','','','','','','',0,'2019-04-18 23:18:30',0,'2019-04-18 23:18:30',0),(268,11,1,2,'2019-04-02 00:00:00','2019-04-04 00:00:00','','Priscilla','Luna','PriscillaL2761@gmail.com','(922) 442-0851','35424 South Carolina','','Austin','ME','31464','USA','','','','','','JUN9N8J5WBO8HIMF4GFS',0,'2019-04-18 23:18:30',0,'2019-04-18 23:18:30',0),(269,11,1,0,'2018-07-12 00:00:00','2018-07-15 00:00:00','','','','','','','','','','','','','','','','','',0,'2019-04-18 23:18:30',0,'2019-04-18 23:18:30',0),(270,11,1,2,'2018-07-11 00:00:00','2018-07-12 00:00:00','','Ariane','Cunningham','ArianeC6143@aol.com','(760) 933-7369','86002 First','','Canton','SD','42060','USA','','','','','','JUN9N8J8R940OQLJ1Q6R',0,'2019-04-18 23:18:30',0,'2019-04-18 23:18:30',0),(271,11,1,2,'2019-05-30 00:00:00','2019-06-02 00:00:00','','Shonna','Wagner','ShonnaWagner915@abiz.com','(414) 166-5818','24184 Willow','','Vero Beach','CA','09551','USA','','','','','','JUN9N8JBRS9TPW08XRY0',0,'2019-04-18 23:18:30',0,'2019-04-18 23:18:30',0),(272,11,1,0,'2019-03-21 00:00:00','2019-03-22 00:00:00','','','','','','','','','','','','','','','','','',0,'2019-04-18 23:18:30',0,'2019-04-18 23:18:30',0),(273,11,1,2,'2019-03-15 00:00:00','2019-03-21 00:00:00','','Roxanna','Abbott','RoxannaAbbott792@abiz.com','(109) 974-3666','67131 New Hampshire','','Melbourne','NM','41181','USA','','','','','','JUN9N8JEIN4QB2E0NXWL',0,'2019-04-18 23:18:30',0,'2019-04-18 23:18:30',0),(274,11,1,0,'2019-04-25 00:00:00','2019-04-26 00:00:00','','','','','','','','','','','','','','','','','',0,'2019-04-18 23:18:30',0,'2019-04-18 23:18:30',0),(275,11,1,2,'2019-04-19 00:00:00','2019-04-25 00:00:00','','Ava','Gill','AGill3378@hotmail.com','(473) 263-5086','81389 Narragansett','','Grand Rapids','NV','71757','USA','','','','','','JUN9N8JIB9AE1YJTTBXP',0,'2019-04-18 23:18:30',0,'2019-04-18 23:18:30',0),(276,11,1,0,'2018-11-01 00:00:00','2018-11-15 00:00:00','','','','','','','','','','','','','','','','','',0,'2019-04-18 23:18:30',0,'2019-04-18 23:18:30',0),(277,11,1,2,'2018-10-27 00:00:00','2018-11-01 00:00:00','','Jamison','Oliver','JamisonOliver653@comcast.net','(556) 705-8907','1627 Wilson','','Clarke County','AL','79516','USA','','','','','','JUN9N8JLTMTCTN9L8N4U',0,'2019-04-18 23:18:30',0,'2019-04-18 23:18:30',0),(278,11,1,0,'2019-06-11 00:00:00','2019-06-12 00:00:00','','','','','','','','','','','','','','','','','',0,'2019-04-18 23:18:30',0,'2019-04-18 23:18:30',0),(279,11,1,2,'2019-06-05 00:00:00','2019-06-11 00:00:00','','Mohammad','Griffin','MGriffin9998@yahoo.com','(324) 850-5495','17582 Pinon','','Chattanooga','ME','50600','USA','','','','','','JUN9N8JOKZ7ZX5B64LIA',0,'2019-04-18 23:18:30',0,'2019-04-18 23:18:30',0),(280,11,1,0,'2018-12-11 00:00:00','2018-12-12 00:00:00','','','','','','','','','','','','','','','','','',0,'2019-04-18 23:18:30',0,'2019-04-18 23:18:30',0),(281,11,1,2,'2018-12-08 00:00:00','2018-12-11 00:00:00','','Cami','Rogers','CRogers7867@comcast.net','(296) 614-7639','41263 Park','','Grayslake','AZ','17039','USA','','','','','','JUN9N8JSKF0SCBW51XQW',0,'2019-04-18 23:18:30',0,'2019-04-18 23:18:30',0),(282,11,1,2,'2018-07-19 00:00:00','2018-07-22 00:00:00','','Jessika','Bowman','JBowman5132@yahoo.com','(201) 642-1010','38810 Pinon','','Sacramento','NE','64637','USA','','','','','','JUN9N8JVUBZRO7EPRCG1',0,'2019-04-18 23:18:30',0,'2019-04-18 23:18:30',0),(283,11,1,2,'2019-01-08 00:00:00','2019-01-11 00:00:00','','Wynell','Avila','WAvila5934@aol.com','(339) 434-6661','42303 4th','','Cape Coral','DE','41533','USA','','','','','','JUN9N8JZDN3TP72XST8C',0,'2019-04-18 23:18:30',0,'2019-04-18 23:18:30',0),(284,11,1,2,'2018-08-14 00:00:00','2018-08-15 00:00:00','','Kareen','Fisher','KFisher613@hotmail.com','(731) 307-8263','13916 Washington','','Bremerton','UT','75561','USA','','','','','','JUN9N8K3DAJX4YTEH1T6',0,'2019-04-18 23:18:30',0,'2019-04-18 23:18:30',0),(285,11,1,0,'2018-10-24 00:00:00','2018-10-27 00:00:00','','','','','','','','','','','','','','','','','',0,'2019-04-18 23:18:30',0,'2019-04-18 23:18:30',0),(286,11,1,2,'2018-10-23 00:00:00','2018-10-24 00:00:00','','Romeo','Drake','RDrake6072@yahoo.com','(197) 593-0715','62632 Mesquite','','Erie','WI','52804','USA','','','','','','JUN9N8K6KPZOR65S09U6',0,'2019-04-18 23:18:30',0,'2019-04-18 23:18:30',0),(287,11,1,0,'2019-07-04 00:00:00','9999-12-31 00:00:00','','','','','','','','','','','','','','','','','',0,'2019-04-18 23:18:30',0,'2019-04-18 23:18:30',0),(288,11,1,2,'2019-06-29 00:00:00','2019-07-04 00:00:00','','Christin','Levine','ChristinL2224@comcast.net','(883) 472-2266','99525 New Hampshire','','Racine','DE','76685','USA','','','','','','JUN9N8KTDXDS6KIGQ8TL',0,'2019-04-18 23:18:30',0,'2019-04-18 23:18:30',0),(289,12,1,0,'2018-10-04 00:00:00','2018-10-06 00:00:00','','','','','','','','','','','','','','','','','',0,'2019-04-18 23:18:30',0,'2019-04-18 23:18:30',0),(290,12,1,2,'2018-10-02 00:00:00','2018-10-04 00:00:00','','Lacie','Wilkins','LacieWilkins690@gmail.com','(720) 436-6116','7119 Ninth','','Bremerton','MI','21509','USA','','','','','','JUN9N8L7MYGAWH4OIGB3',0,'2019-04-18 23:18:30',0,'2019-04-18 23:18:30',0),(291,12,1,0,'2019-05-21 00:00:00','2019-05-23 00:00:00','','','','','','','','','','','','','','','','','',0,'2019-04-18 23:18:30',0,'2019-04-18 23:18:30',0),(292,12,1,2,'2019-05-18 00:00:00','2019-05-21 00:00:00','','Dominga','Guerra','DomingaG895@gmail.com','(477) 720-2288','47426 Sunset','','Syracuse','TX','71215','USA','','','','','','JUN9N8LECIEEGD84L4QD',0,'2019-04-18 23:18:30',0,'2019-04-18 23:18:30',0),(293,12,1,0,'2018-07-28 00:00:00','2018-07-31 00:00:00','','','','','','','','','','','','','','','','','',0,'2019-04-18 23:18:30',0,'2019-04-18 23:18:30',0),(294,12,1,2,'2018-07-22 00:00:00','2018-07-26 00:00:00','','Clyde','Pierce','CPierce4507@yahoo.com','(489) 727-1563','70927 Evergreen','','Garland','MS','31719','USA','','','','','','JUN9N8LJ4WAJ76CMFWL0',0,'2019-04-18 23:18:30',0,'2019-04-18 23:18:30',0),(295,12,1,0,'2019-06-21 00:00:00','2019-06-23 00:00:00','','','','','','','','','','','','','','','','','',0,'2019-04-18 23:18:30',0,'2019-04-18 23:18:30',0),(296,12,1,2,'2019-06-19 00:00:00','2019-06-21 00:00:00','','Shasta','Schroeder','ShastaSchroeder48@abiz.com','(288) 559-4442','51718 Third','','Gainesville','OK','85014','USA','','','','','','JUN9N8LN5KVBPXBXINSF',0,'2019-04-18 23:18:30',0,'2019-04-18 23:18:30',0),(297,12,1,0,'2019-05-26 00:00:00','2019-05-31 00:00:00','','','','','','','','','','','','','','','','','',0,'2019-04-18 23:18:30',0,'2019-04-18 23:18:30',0),(298,12,1,2,'2019-05-25 00:00:00','2019-05-26 00:00:00','','Karmen','Butler','KarmenButler409@bdiddy.com','(217) 723-2524','32448 Delaware','','Kansas City','LA','31040','USA','','','','','','JUN9N8LRR8VR5LV6IKZN',0,'2019-04-18 23:18:30',0,'2019-04-18 23:18:30',0),(299,12,1,0,'2019-02-01 00:00:00','2019-02-07 00:00:00','','','','','','','','','','','','','','','','','',0,'2019-04-18 23:18:30',0,'2019-04-18 23:18:30',0),(300,12,1,2,'2019-01-25 00:00:00','2019-02-01 00:00:00','','Maurine','Barr','MBarr3395@hotmail.com','(559) 591-7518','5621 North Carolina','','Waco','MI','38662','USA','','','','','','JUN9N8LVFA2EBYK1DV6L',0,'2019-04-18 23:18:30',0,'2019-04-18 23:18:30',0),(301,12,1,0,'2018-07-20 00:00:00','2018-07-22 00:00:00','','','','','','','','','','','','','','','','','',0,'2019-04-18 23:18:30',0,'2019-04-18 23:18:30',0),(302,12,1,2,'2018-07-13 00:00:00','2018-07-20 00:00:00','','Nada','Lowe','NLowe2386@bdiddy.com','(874) 317-3661','72705 North Dakota','','Newburgh','OH','15740','USA','','','','','','JUN9N8LZWEN56463Q2OP',0,'2019-04-18 23:18:30',0,'2019-04-18 23:18:30',0),(303,12,1,0,'2019-03-29 00:00:00','2019-03-30 00:00:00','','','','','','','','','','','','','','','','','',0,'2019-04-18 23:18:30',0,'2019-04-18 23:18:30',0),(304,12,1,2,'2019-03-23 00:00:00','2019-03-29 00:00:00','','Kassandra','Craft','KCraft591@gmail.com','(595) 345-4558','55410 Redwood','','Oceanside','MT','76000','USA','','','','','','JUN9N8M38ZFP1SDLV4BW',0,'2019-04-18 23:18:30',0,'2019-04-18 23:18:30',0),(305,12,1,0,'2019-04-12 00:00:00','2019-04-14 00:00:00','','','','','','','','','','','','','','','','','',0,'2019-04-18 23:18:30',0,'2019-04-18 23:18:30',0),(306,12,1,2,'2019-04-06 00:00:00','2019-04-12 00:00:00','','Francina','Sutton','FSutton1367@bdiddy.com','(957) 489-2155','73606 Delaware','','Erie','OH','19284','USA','','','','','','JUN9N8M7I4WPDNKLVHB6',0,'2019-04-18 23:18:30',0,'2019-04-18 23:18:30',0),(307,12,1,0,'2019-05-16 00:00:00','2019-05-18 00:00:00','','','','','','','','','','','','','','','','','',0,'2019-04-18 23:18:30',0,'2019-04-18 23:18:30',0),(308,12,1,2,'2019-05-06 00:00:00','2019-05-13 00:00:00','','Hilde','Irwin','HildeI9608@comcast.net','(230) 419-4400','38651 Cedar','','Memphis','RI','73173','USA','','','','','','JUN9N8MB8BJPWHQLNRP9',0,'2019-04-18 23:18:30',0,'2019-04-18 23:18:30',0),(309,12,1,0,'2019-03-06 00:00:00','2019-03-09 00:00:00','','','','','','','','','','','','','','','','','',0,'2019-04-18 23:18:30',0,'2019-04-18 23:18:30',0),(310,12,1,2,'2019-02-28 00:00:00','2019-03-06 00:00:00','','Suzann','Moses','SuzannM7590@bdiddy.com','(437) 279-8716','21758 Park','','Jacksonville','NM','50235','USA','','','','','','JUN9N8MF1HV17JM5ZGW6',0,'2019-04-18 23:18:30',0,'2019-04-18 23:18:30',0),(311,12,1,0,'2019-06-04 00:00:00','2019-06-06 00:00:00','','','','','','','','','','','','','','','','','',0,'2019-04-18 23:18:30',0,'2019-04-18 23:18:30',0),(312,12,1,2,'2019-05-31 00:00:00','2019-06-04 00:00:00','','Mina','Sheppard','MSheppard6612@aol.com','(466) 688-9837','19898 Maple','','Champaign','CT','96443','USA','','','','','','JUN9N8MKW71JYXTMUG5M',0,'2019-04-18 23:18:30',0,'2019-04-18 23:18:30',0),(313,12,1,0,'2018-08-12 00:00:00','2018-08-17 00:00:00','','','','','','','','','','','','','','','','','',0,'2019-04-18 23:18:30',0,'2019-04-18 23:18:30',0),(314,12,1,2,'2018-08-07 00:00:00','2018-08-12 00:00:00','','Duane','Nielsen','DNielsen4963@gmail.com','(730) 322-1246','83227 Eleventh','','Boston','AL','00421','USA','','','','','','JUN9N8MOI9ELVODL3BMW',0,'2019-04-18 23:18:30',0,'2019-04-18 23:18:30',0),(315,12,1,0,'2019-01-06 00:00:00','2019-01-09 00:00:00','','','','','','','','','','','','','','','','','',0,'2019-04-18 23:18:30',0,'2019-04-18 23:18:30',0),(316,12,1,2,'2018-12-31 00:00:00','2019-01-06 00:00:00','','Natisha','Calhoun','NCalhoun2884@abiz.com','(977) 307-6606','18725 Hemlock','','Las Vegas','DE','32390','USA','','','','','','JUN9N8MS8NJENTYW0H3I',0,'2019-04-18 23:18:30',0,'2019-04-18 23:18:30',0),(317,12,1,0,'2019-06-26 00:00:00','2019-06-27 00:00:00','','','','','','','','','','','','','','','','','',0,'2019-04-18 23:18:30',0,'2019-04-18 23:18:30',0),(318,12,1,2,'2019-06-23 00:00:00','2019-06-26 00:00:00','','Barbie','James','BJames8924@aol.com','(384) 438-5293','83513 Center','','Costa Mesa','AR','60574','USA','','','','','','JUN9N8MW3B6LWJAD152B',0,'2019-04-18 23:18:30',0,'2019-04-18 23:18:30',0),(319,12,1,0,'2018-10-07 00:00:00','2018-10-09 00:00:00','','','','','','','','','','','','','','','','','',0,'2019-04-18 23:18:30',0,'2019-04-18 23:18:30',0),(320,12,1,2,'2018-10-06 00:00:00','2018-10-07 00:00:00','','Long','Baird','LongB6410@bdiddy.com','(732) 184-4564','73391 Mesquite','','Paterson','ME','22869','USA','','','','','','JUN9N8N0SRW553IQSLBK',0,'2019-04-18 23:18:30',0,'2019-04-18 23:18:30',0),(321,12,1,0,'2019-02-16 00:00:00','2019-02-17 00:00:00','','','','','','','','','','','','','','','','','',0,'2019-04-18 23:18:30',0,'2019-04-18 23:18:30',0),(322,12,1,2,'2019-02-14 00:00:00','2019-02-16 00:00:00','','Verla','England','VEngland9987@gmail.com','(771) 376-3105','47026 Pleasant','','Salem','WY','68070','USA','','','','','','JUN9N8N4PBRWNXYJUFMK',0,'2019-04-18 23:18:30',0,'2019-04-18 23:18:30',0),(323,12,1,0,'2019-07-02 00:00:00','2019-07-03 00:00:00','','','','','','','','','','','','','','','','','',0,'2019-04-18 23:18:30',0,'2019-04-18 23:18:30',0),(324,12,1,2,'2019-06-27 00:00:00','2019-07-02 00:00:00','','Kip','Sykes','KSykes8375@comcast.net','(397) 888-5214','92755 5th','','Denver','ND','86336','USA','','','','','','JUN9N8N7PZYPQNHY9034',0,'2019-04-18 23:18:30',0,'2019-04-18 23:18:30',0),(325,12,1,2,'2019-05-13 00:00:00','2019-05-16 00:00:00','','Gussie','William','GussieWilliam952@yahoo.com','(123) 883-4880','65592 Juniper','','Coral Springs','IL','03338','USA','','','','','','JUN9N8NB0KDIRIX17PF1',0,'2019-04-18 23:18:30',0,'2019-04-18 23:18:30',0),(326,12,1,0,'2018-10-15 00:00:00','2018-10-19 00:00:00','','','','','','','','','','','','','','','','','',0,'2019-04-18 23:18:30',0,'2019-04-18 23:18:30',0),(327,12,1,2,'2018-10-09 00:00:00','2018-10-15 00:00:00','','Mardell','Glass','MardellGlass512@abiz.com','(278) 583-1634','71272 Pine','','Duluth','MT','73472','USA','','','','','','JUN9N8NFE5EFIZRUBYEO',0,'2019-04-18 23:18:30',0,'2019-04-18 23:18:30',0),(328,12,1,0,'2018-12-18 00:00:00','2018-12-27 00:00:00','','','','','','','','','','','','','','','','','',0,'2019-04-18 23:18:30',0,'2019-04-18 23:18:30',0),(329,12,1,2,'2018-12-15 00:00:00','2018-12-18 00:00:00','','Latarsha','Brewer','LatarshaBrewer556@gmail.com','(247) 135-8095','32428 Hemlock','','Reno','IN','01544','USA','','','','','','JUN9N8NINHGJBZUG1KVY',0,'2019-04-18 23:18:30',0,'2019-04-18 23:18:30',0),(330,12,1,0,'2019-06-17 00:00:00','2019-06-19 00:00:00','','','','','','','','','','','','','','','','','',0,'2019-04-18 23:18:30',0,'2019-04-18 23:18:30',0),(331,12,1,2,'2019-06-15 00:00:00','2019-06-17 00:00:00','','Sanjuanita','Finley','SanjuanitaFinley846@bdiddy.com','(402) 926-0745','25785 4th','','Los Angeles','VT','12395','USA','','','','','','JUN9N8NL3YSZJ2GEE0KY',0,'2019-04-18 23:18:30',0,'2019-04-18 23:18:30',0),(332,12,1,0,'2018-12-10 00:00:00','2018-12-15 00:00:00','','','','','','','','','','','','','','','','','',0,'2019-04-18 23:18:30',0,'2019-04-18 23:18:30',0),(333,12,1,2,'2018-12-09 00:00:00','2018-12-10 00:00:00','','Lorenza','Cote','LCote9164@yahoo.com','(558) 270-4800','44922 Johnson','','Spokane','WV','92174','USA','','','','','','JUN9N8NPMQ3WYOJPB6SU',0,'2019-04-18 23:18:30',0,'2019-04-18 23:18:30',0),(334,12,1,0,'2018-11-04 00:00:00','2018-11-07 00:00:00','','','','','','','','','','','','','','','','','',0,'2019-04-18 23:18:30',0,'2019-04-18 23:18:30',0),(335,12,1,2,'2018-11-03 00:00:00','2018-11-04 00:00:00','','Georgianne','Duke','GeorgianneD101@comcast.net','(933) 193-7038','93321 Evergreen','','Sacramento','GA','11237','USA','','','','','','JUN9N8NSW5597A0V66F8',0,'2019-04-18 23:18:30',0,'2019-04-18 23:18:30',0),(336,12,1,0,'2018-09-11 00:00:00','2018-09-14 00:00:00','','','','','','','','','','','','','','','','','',0,'2019-04-18 23:18:30',0,'2019-04-18 23:18:30',0),(337,12,1,2,'2018-09-07 00:00:00','2018-09-11 00:00:00','','Cayla','Barron','CaylaBarron402@comcast.net','(247) 724-0250','40744 Broadway','','Stamford','SC','73524','USA','','','','','','JUN9N8NWMBV23RQ4SU4Q',0,'2019-04-18 23:18:30',0,'2019-04-18 23:18:30',0),(338,12,1,0,'2018-09-18 00:00:00','2018-09-23 00:00:00','','','','','','','','','','','','','','','','','',0,'2019-04-18 23:18:30',0,'2019-04-18 23:18:30',0),(339,12,1,2,'2018-09-14 00:00:00','2018-09-18 00:00:00','','Mauricio','Watts','MauricioW522@comcast.net','(263) 469-2255','69738 Broadway','','Costa Mesa','IN','57293','USA','','','','','','JUN9N8NZRISYEFNW78CI',0,'2019-04-18 23:18:30',0,'2019-04-18 23:18:30',0),(340,12,1,0,'2019-03-15 00:00:00','2019-03-23 00:00:00','','','','','','','','','','','','','','','','','',0,'2019-04-18 23:18:30',0,'2019-04-18 23:18:30',0),(341,12,1,2,'2019-03-09 00:00:00','2019-03-15 00:00:00','','Donnell','Hahn','DonnellHahn185@abiz.com','(520) 397-4954','59997 10th','','Grayslake','WI','21606','USA','','','','','','JUN9N8O3QIIXFOCPOG0U',0,'2019-04-18 23:18:30',0,'2019-04-18 23:18:30',0),(342,12,1,0,'2019-04-16 00:00:00','2019-04-30 00:00:00','','','','','','','','','','','','','','','','','',0,'2019-04-18 23:18:30',0,'2019-04-18 23:18:30',0),(343,12,1,2,'2019-04-14 00:00:00','2019-04-16 00:00:00','','Jenice','Berg','JBerg8669@hotmail.com','(817) 865-2094','54616 Park','','Oxnard','LA','29648','USA','','','','','','JUN9N8O63TZWEAJFKS2J',0,'2019-04-18 23:18:30',0,'2019-04-18 23:18:30',0),(344,12,1,0,'2018-11-11 00:00:00','2018-11-18 00:00:00','','','','','','','','','','','','','','','','','',0,'2019-04-18 23:18:30',0,'2019-04-18 23:18:30',0),(345,12,1,2,'2018-11-07 00:00:00','2018-11-09 00:00:00','','Sophia','Phillips','SophiaP1809@abiz.com','(278) 708-7050','42645 S 400','','Merced','VA','73352','USA','','','','','','JUN9N8OA67SWLNBHFQAE',0,'2019-04-18 23:18:30',0,'2019-04-18 23:18:30',0),(346,12,1,0,'2018-12-29 00:00:00','2018-12-31 00:00:00','','','','','','','','','','','','','','','','','',0,'2019-04-18 23:18:30',0,'2019-04-18 23:18:30',0),(347,12,1,2,'2018-12-27 00:00:00','2018-12-29 00:00:00','','Jessia','Perez','JPerez1942@yahoo.com','(177) 467-5270','64898 6th','','Kansas City','MO','27420','USA','','','','','','JUN9N8ODU2MYGNDKYYFB',0,'2019-04-18 23:18:30',0,'2019-04-18 23:18:30',0),(348,12,1,0,'2018-10-24 00:00:00','2018-10-28 00:00:00','','','','','','','','','','','','','','','','','',0,'2019-04-18 23:18:30',0,'2019-04-18 23:18:30',0),(349,12,1,2,'2018-10-19 00:00:00','2018-10-24 00:00:00','','Keesha','Hale','KHale1442@comcast.net','(713) 602-6886','28024 Kahili','','Jackson','NH','68622','USA','','','','','','JUN9N8OHPTU2XBDRT7SG',0,'2019-04-18 23:18:30',0,'2019-04-18 23:18:30',0),(350,12,1,0,'2019-02-12 00:00:00','2019-02-14 00:00:00','','','','','','','','','','','','','','','','','',0,'2019-04-18 23:18:30',0,'2019-04-18 23:18:30',0),(351,12,1,2,'2019-02-07 00:00:00','2019-02-12 00:00:00','','Rosenda','Odom','RosendaO863@yahoo.com','(466) 867-2471','48376 Sunset','','Downey','TX','70371','USA','','','','','','JUN9N8OK0H07YFNVPNTH',0,'2019-04-18 23:18:30',0,'2019-04-18 23:18:30',0),(352,12,1,0,'2018-08-02 00:00:00','2018-08-07 00:00:00','','','','','','','','','','','','','','','','','',0,'2019-04-18 23:18:30',0,'2019-04-18 23:18:30',0),(353,12,1,2,'2018-07-31 00:00:00','2018-08-02 00:00:00','','Augustus','Fuentes','AugustusFuentes312@bdiddy.com','(403) 392-4175','29168 Aspen','','Newburgh','OH','36117','USA','','','','','','JUN9N8OODOU2IH5JAR0V',0,'2019-04-18 23:18:30',0,'2019-04-18 23:18:30',0),(354,12,1,0,'2018-09-04 00:00:00','2018-09-07 00:00:00','','','','','','','','','','','','','','','','','',0,'2019-04-18 23:18:30',0,'2019-04-18 23:18:30',0),(355,12,1,2,'2018-09-03 00:00:00','2018-09-04 00:00:00','','Hugh','Carver','HCarver8241@gmail.com','(861) 776-8419','4160 Cedar','','Norfolk','CT','38151','USA','','','','','','JUN9N8ORTNBFIG41H6T8',0,'2019-04-18 23:18:30',0,'2019-04-18 23:18:30',0),(356,12,1,0,'2018-12-01 00:00:00','2018-12-05 00:00:00','','','','','','','','','','','','','','','','','',0,'2019-04-18 23:18:30',0,'2019-04-18 23:18:30',0),(357,12,1,2,'2018-11-25 00:00:00','2018-12-01 00:00:00','','Jae','Walton','JaeWalton581@comcast.net','(291) 809-8190','47513 6th','','Pittsburgh','WI','95265','USA','','','','','','JUN9N8OVV3FZ0T5A1CEN',0,'2019-04-18 23:18:30',0,'2019-04-18 23:18:30',0),(358,12,1,0,'2019-02-25 00:00:00','2019-02-28 00:00:00','','','','','','','','','','','','','','','','','',0,'2019-04-18 23:18:30',0,'2019-04-18 23:18:30',0),(359,12,1,2,'2019-02-23 00:00:00','2019-02-25 00:00:00','','Demetra','Robbins','DRobbins918@gmail.com','(575) 808-5833','51926 10th','','Vancouver','VT','98682','USA','','','','','','JUN9N8OYV375IPDXN1EF',0,'2019-04-18 23:18:30',0,'2019-04-18 23:18:30',0),(360,12,1,2,'2019-04-30 00:00:00','2019-05-06 00:00:00','','Marry','Barr','MBarr4625@abiz.com','(962) 681-0995','21577 Park','','Simi Valley','IN','43479','USA','','','','','','JUN9N8P27QT50NK3CRM4',0,'2019-04-18 23:18:30',0,'2019-04-18 23:18:30',0),(361,12,1,0,'2018-08-26 00:00:00','2018-09-03 00:00:00','','','','','','','','','','','','','','','','','',0,'2019-04-18 23:18:30',0,'2019-04-18 23:18:30',0),(362,12,1,2,'2018-08-24 00:00:00','2018-08-26 00:00:00','','Anisha','Wall','AnishaWall470@yahoo.com','(552) 662-7989','77726 Aspen','','San Jose','MD','76592','USA','','','','','','JUN9N8P60G1I4T82R2C9',0,'2019-04-18 23:18:30',0,'2019-04-18 23:18:30',0),(363,12,1,0,'2018-11-20 00:00:00','2018-11-25 00:00:00','','','','','','','','','','','','','','','','','',0,'2019-04-18 23:18:30',0,'2019-04-18 23:18:30',0),(364,12,1,2,'2018-11-18 00:00:00','2018-11-20 00:00:00','','Milagros','Pacheco','MilagrosP5691@comcast.net','(179) 548-4086','16249 Dogwood','','Chula Vista','MS','70129','USA','','','','','','JUN9N8P9ZOQFZSW9RFPF',0,'2019-04-18 23:18:30',0,'2019-04-18 23:18:30',0),(365,12,1,0,'2018-10-30 00:00:00','2018-11-01 00:00:00','','','','','','','','','','','','','','','','','',0,'2019-04-18 23:18:30',0,'2019-04-18 23:18:30',0),(366,12,1,2,'2018-10-28 00:00:00','2018-10-30 00:00:00','','Alex','Morris','AMorris390@comcast.net','(502) 282-8755','10543 Kukui','','North Las Vegas','SC','24231','USA','','','','','','JUN9N8PDP1COCZ58DNQV',0,'2019-04-18 23:18:30',0,'2019-04-18 23:18:30',0),(367,12,1,2,'2018-11-09 00:00:00','2018-11-11 00:00:00','','Samantha','Valentine','SValentine3111@comcast.net','(723) 902-6731','12347 A','','Fayetteville','MT','28721','USA','','','','','','JUN9N8PGQ3Y1K6H0WNAA',0,'2019-04-18 23:18:30',0,'2019-04-18 23:18:30',0),(368,12,1,2,'2019-05-23 00:00:00','2019-05-25 00:00:00','','Roxie','Soto','RoxieSoto18@yahoo.com','(617) 792-4924','70001 Wilson','','Oakland','ID','60855','USA','','','','','','JUN9N8PK87FX9B6B9PJM',0,'2019-04-18 23:18:30',0,'2019-04-18 23:18:30',0),(369,12,1,2,'2018-07-26 00:00:00','2018-07-28 00:00:00','','Kandi','Singleton','KSingleton1153@comcast.net','(600) 251-1520','56039 Redwood','','Paterson','ME','84511','USA','','','','','','JUN9N8PO6K1ZG54SDSSV',0,'2019-04-18 23:18:30',0,'2019-04-18 23:18:30',0),(370,12,1,0,'2018-09-30 00:00:00','2018-10-02 00:00:00','','','','','','','','','','','','','','','','','',0,'2019-04-18 23:18:30',0,'2019-04-18 23:18:30',0),(371,12,1,2,'2018-09-29 00:00:00','2018-09-30 00:00:00','','Dannie','Melton','DMelton7473@gmail.com','(267) 143-5961','16036 1st','','Louisville','NH','65343','USA','','','','','','JUN9N8PRMPZLR9L5CO3R',0,'2019-04-18 23:18:30',0,'2019-04-18 23:18:30',0),(372,12,1,0,'2019-02-21 00:00:00','2019-02-23 00:00:00','','','','','','','','','','','','','','','','','',0,'2019-04-18 23:18:30',0,'2019-04-18 23:18:30',0),(373,12,1,2,'2019-02-17 00:00:00','2019-02-21 00:00:00','','Linnie','Arnold','LArnold9285@abiz.com','(681) 714-6520','23972 North Carolina','','Manchester','ID','31053','USA','','','','','','JUN9N8PVSTS9BSZ6IUZQ',0,'2019-04-18 23:18:30',0,'2019-04-18 23:18:30',0),(374,12,1,2,'2018-11-01 00:00:00','2018-11-03 00:00:00','','Shizue','Bradford','ShizueBradford377@comcast.net','(688) 349-4203','28288 12th','','Champaign','IN','55166','USA','','','','','','JUN9N8PYWN0I84RZGCGO',0,'2019-04-18 23:18:30',0,'2019-04-18 23:18:30',0),(375,12,1,0,'2018-12-07 00:00:00','2018-12-09 00:00:00','','','','','','','','','','','','','','','','','',0,'2019-04-18 23:18:30',0,'2019-04-18 23:18:30',0),(376,12,1,2,'2018-12-05 00:00:00','2018-12-07 00:00:00','','Elaina','Mooney','ElainaM1609@abiz.com','(702) 665-1283','15846 Williams','','Carrollton','UT','59859','USA','','','','','','JUN9N8Q2SDKKIF0NI52K',0,'2019-04-18 23:18:30',0,'2019-04-18 23:18:30',0),(377,12,1,0,'2018-08-22 00:00:00','2018-08-24 00:00:00','','','','','','','','','','','','','','','','','',0,'2019-04-18 23:18:30',0,'2019-04-18 23:18:30',0),(378,12,1,2,'2018-08-17 00:00:00','2018-08-22 00:00:00','','Lourdes','Serrano','LourdesS1753@hotmail.com','(846) 879-0926','50593 Evergreen','','Hollywood','CA','99867','USA','','','','','','JUN9N8Q62UZGXO560FRA',0,'2019-04-18 23:18:30',0,'2019-04-18 23:18:30',0),(379,12,1,0,'2018-07-10 00:00:00','2018-07-13 00:00:00','','','','','','','','','','','','','','','','','',0,'2019-04-18 23:18:30',0,'2019-04-18 23:18:30',0),(380,12,1,2,'2018-07-06 00:00:00','2018-07-10 00:00:00','','Darlene','Jones','DJones7942@comcast.net','(458) 466-7797','56528 Johnson','','Fresno','KS','58408','USA','','','','','','JUN9N8Q98H3L569DCSV1',0,'2019-04-18 23:18:30',0,'2019-04-18 23:18:30',0),(381,12,1,0,'2019-07-04 00:00:00','9999-12-31 00:00:00','','','','','','','','','','','','','','','','','',0,'2019-04-18 23:18:30',0,'2019-04-18 23:18:30',0),(382,12,1,2,'2019-07-03 00:00:00','2019-07-04 00:00:00','','Odelia','Holcomb','OdeliaHolcomb206@hotmail.com','(213) 650-1582','1215 Aloha','','Arlington','AR','77008','USA','','','','','','JUN9N8QD8T8J422VSKW9',0,'2019-04-18 23:18:30',0,'2019-04-18 23:18:30',0),(383,12,1,0,'2019-06-07 00:00:00','2019-06-15 00:00:00','','','','','','','','','','','','','','','','','',0,'2019-04-18 23:18:30',0,'2019-04-18 23:18:30',0),(384,12,1,2,'2019-06-06 00:00:00','2019-06-07 00:00:00','','Karisa','Hyde','KHyde5476@hotmail.com','(636) 448-7821','10852 Pecan','','Hollywood','OH','75528','USA','','','','','','JUN9N8QHETVFXCT8JPF3',0,'2019-04-18 23:18:30',0,'2019-04-18 23:18:30',0),(385,12,1,0,'2018-09-24 00:00:00','2018-09-29 00:00:00','','','','','','','','','','','','','','','','','',0,'2019-04-18 23:18:30',0,'2019-04-18 23:18:30',0),(386,12,1,2,'2018-09-23 00:00:00','2018-09-24 00:00:00','','Sherrill','Dejesus','SherrillDejesus145@aol.com','(762) 959-9294','95406 6th','','Fort Worth','FL','03653','USA','','','','','','JUN9N8QK30WC0VVHDOY0',0,'2019-04-18 23:18:30',0,'2019-04-18 23:18:30',0),(387,12,1,0,'2019-04-03 00:00:00','2019-04-06 00:00:00','','','','','','','','','','','','','','','','','',0,'2019-04-18 23:18:30',0,'2019-04-18 23:18:30',0),(388,12,1,2,'2019-03-30 00:00:00','2019-04-03 00:00:00','','Nila','Frank','NFrank9625@abiz.com','(885) 634-6391','64510 Elm','','Cary','IA','96774','USA','','','','','','JUN9N8QO98SF2YWBHAX7',0,'2019-04-18 23:18:30',0,'2019-04-18 23:18:30',0),(389,12,1,0,'2019-01-14 00:00:00','2019-01-25 00:00:00','','','','','','','','','','','','','','','','','',0,'2019-04-18 23:18:30',0,'2019-04-18 23:18:30',0),(390,12,1,2,'2019-01-09 00:00:00','2019-01-14 00:00:00','','Elina','Acosta','ElinaAcosta272@aol.com','(320) 145-3016','50562 Birch','','Hesperia','IA','58284','USA','','','','','','JUN9N8QRKR4XPZF8BKYM',0,'2019-04-18 23:18:30',0,'2019-04-18 23:18:30',0),(391,13,1,0,'2019-01-28 00:00:00','2019-02-02 00:00:00','','','','','','','','','','','','','','','','','',0,'2019-04-18 23:18:31',0,'2019-04-18 23:18:30',0),(392,13,1,2,'2019-01-22 00:00:00','2019-01-28 00:00:00','','Wilton','Hinton','WiltonHinton636@comcast.net','(231) 907-1163','4062 Lehua','','Louisville','CO','62375','USA','','','','','','JUN9N8QVXJGG45SU6S80',0,'2019-04-18 23:18:30',0,'2019-04-18 23:18:30',0),(393,13,1,0,'2019-01-14 00:00:00','2019-01-22 00:00:00','','','','','','','','','','','','','','','','','',0,'2019-04-18 23:18:30',0,'2019-04-18 23:18:30',0),(394,13,1,2,'2019-01-11 00:00:00','2019-01-14 00:00:00','','Amina','Gomez','AminaGomez142@gmail.com','(194) 850-3110','39557 Mountain View','','Hampton','GA','91874','USA','','','','','','JUN9N8QZ7NKZQ2QU8RLM',0,'2019-04-18 23:18:30',0,'2019-04-18 23:18:30',0),(395,13,1,0,'2019-04-25 00:00:00','2019-04-30 00:00:00','','','','','','','','','','','','','','','','','',0,'2019-04-18 23:18:30',0,'2019-04-18 23:18:30',0),(396,13,1,2,'2019-04-19 00:00:00','2019-04-25 00:00:00','','Neomi','Olson','NeomiOlson121@yahoo.com','(384) 717-1580','9686 Washington','','Corpus Christi','OR','10106','USA','','','','','','JUN9N8R3W5PYCQ60BFG1',0,'2019-04-18 23:18:30',0,'2019-04-18 23:18:30',0),(397,13,1,0,'2018-10-05 00:00:00','2018-10-08 00:00:00','','','','','','','','','','','','','','','','','',0,'2019-04-18 23:18:30',0,'2019-04-18 23:18:30',0),(398,13,1,2,'2018-09-28 00:00:00','2018-10-04 00:00:00','','Karey','Kerr','KKerr823@comcast.net','(903) 576-4369','11615 Fifth','','Medford','PA','66537','USA','','','','','','JUN9N8R72QJMFCE3YSFO',0,'2019-04-18 23:18:30',0,'2019-04-18 23:18:30',0),(399,13,1,0,'2018-09-09 00:00:00','2018-09-19 00:00:00','','','','','','','','','','','','','','','','','',0,'2019-04-18 23:18:30',0,'2019-04-18 23:18:30',0),(400,13,1,2,'2018-09-05 00:00:00','2018-09-09 00:00:00','','Kathy','Tillman','KathyT5769@hotmail.com','(353) 981-7692','88874 5th','','Visalia','SD','92286','USA','','','','','','JUN9N8RACX27AWLXEF5H',0,'2019-04-18 23:18:30',0,'2019-04-18 23:18:30',0),(401,13,1,0,'2019-03-03 00:00:00','2019-03-14 00:00:00','','','','','','','','','','','','','','','','','',0,'2019-04-18 23:18:31',0,'2019-04-18 23:18:30',0),(402,13,1,2,'2019-02-25 00:00:00','2019-03-01 00:00:00','','Raymon','Riggs','RRiggs8108@abiz.com','(602) 988-5567','71100 8th','','Spokane','NV','54467','USA','','','','','','JUN9N8REOF0DFCQDCY7C',0,'2019-04-18 23:18:30',0,'2019-04-18 23:18:30',0),(403,13,1,2,'2018-08-29 00:00:00','2018-09-05 00:00:00','','Shanda','Robertson','ShandaRobertson867@comcast.net','(113) 589-3373','25305 Aloha','','Long Beach','NH','26114','USA','','','','','','JUN9N8RHL5CD2AAOZ4ZX',0,'2019-04-18 23:18:30',0,'2019-04-18 23:18:30',0),(404,13,1,0,'2018-09-22 00:00:00','2018-09-28 00:00:00','','','','','','','','','','','','','','','','','',0,'2019-04-18 23:18:30',0,'2019-04-18 23:18:30',0),(405,13,1,2,'2018-09-19 00:00:00','2018-09-22 00:00:00','','Suanne','Donaldson','SuanneD2756@yahoo.com','(433) 765-1313','39660 Broadway','','Elk Grove','MD','74658','USA','','','','','','JUN9N8RLP0S4QSXUA4SD',0,'2019-04-18 23:18:30',0,'2019-04-18 23:18:30',0),(406,13,1,0,'2019-03-18 00:00:00','2019-03-20 00:00:00','','','','','','','','','','','','','','','','','',0,'2019-04-18 23:18:31',0,'2019-04-18 23:18:30',0),(407,13,1,2,'2019-03-14 00:00:00','2019-03-18 00:00:00','','Ashely','Hodge','AshelyH474@yahoo.com','(640) 241-2165','23569 Evergreen','','Palm Springs','ND','40259','USA','','','','','','JUN9N8RPOT1BDPCDJK5N',0,'2019-04-18 23:18:30',0,'2019-04-18 23:18:30',0),(408,13,1,0,'2019-05-01 00:00:00','2019-05-10 00:00:00','','','','','','','','','','','','','','','','','',0,'2019-04-18 23:18:31',0,'2019-04-18 23:18:30',0),(409,13,1,2,'2019-04-30 00:00:00','2019-05-01 00:00:00','','Chere','Dickson','ChereDickson5@bdiddy.com','(851) 395-2065','71369 2nd','','Davidson County','IA','43546','USA','','','','','','JUN9N8RSLJ392WQYST4Q',0,'2019-04-18 23:18:30',0,'2019-04-18 23:18:30',0),(410,13,1,0,'2018-08-14 00:00:00','2018-08-20 00:00:00','','','','','','','','','','','','','','','','','',0,'2019-04-18 23:18:31',0,'2019-04-18 23:18:30',0),(411,13,1,2,'2018-08-07 00:00:00','2018-08-14 00:00:00','','Dee','Daniels','DeeD6226@hotmail.com','(216) 869-6863','8199 Orchard','','San Diego','RI','99723','USA','','','','','','JUN9N8RWMAGAIN186A5N',0,'2019-04-18 23:18:30',0,'2019-04-18 23:18:30',0),(412,13,1,0,'2018-11-24 00:00:00','2018-11-27 00:00:00','','','','','','','','','','','','','','','','','',0,'2019-04-18 23:18:31',0,'2019-04-18 23:18:30',0),(413,13,1,2,'2018-11-21 00:00:00','2018-11-24 00:00:00','','Dorotha','Calderon','DorothaC285@gmail.com','(530) 256-2161','52068 Ninth','','Panama City','SC','46724','USA','','','','','','JUN9N8RZFCSX54AM7GS4',0,'2019-04-18 23:18:30',0,'2019-04-18 23:18:30',0),(414,13,1,0,'2018-11-06 00:00:00','2018-11-07 00:00:00','','','','','','','','','','','','','','','','','',0,'2019-04-18 23:18:31',0,'2019-04-18 23:18:30',0),(415,13,1,2,'2018-11-03 00:00:00','2018-11-06 00:00:00','','Daron','Buck','DBuck6530@comcast.net','(714) 713-4588','29218 12th','','Gilbert','TN','07587','USA','','','','','','JUN9N8S3UTM99SDOV7OA',0,'2019-04-18 23:18:30',0,'2019-04-18 23:18:30',0),(416,13,1,0,'2019-06-20 00:00:00','2019-06-23 00:00:00','','','','','','','','','','','','','','','','','',0,'2019-04-18 23:18:31',0,'2019-04-18 23:18:30',0),(417,13,1,2,'2019-06-14 00:00:00','2019-06-20 00:00:00','','Shakira','Salazar','ShakiraS9133@abiz.com','(355) 740-5753','84756 Hill','','Victorville','CA','91657','USA','','','','','','JUN9N8S7QPOWEILJPM3H',0,'2019-04-18 23:18:30',0,'2019-04-18 23:18:30',0),(418,13,1,0,'2019-05-18 00:00:00','2019-05-20 00:00:00','','','','','','','','','','','','','','','','','',0,'2019-04-18 23:18:31',0,'2019-04-18 23:18:30',0),(419,13,1,2,'2019-05-12 00:00:00','2019-05-18 00:00:00','','Wiley','Black','WBlack1080@aol.com','(320) 814-8402','21535 Broadway','','Miami','SC','63374','USA','','','','','','JUN9N8SA6QACO6H6UI3D',0,'2019-04-18 23:18:30',0,'2019-04-18 23:18:30',0),(420,13,1,0,'2018-11-17 00:00:00','2018-11-21 00:00:00','','','','','','','','','','','','','','','','','',0,'2019-04-18 23:18:30',0,'2019-04-18 23:18:30',0),(421,13,1,2,'2018-11-11 00:00:00','2018-11-17 00:00:00','','Joi','Guerrero','JoiG6289@hotmail.com','(337) 982-0718','67927 Navajo','','Santa Clara','MA','56039','USA','','','','','','JUN9N8SEP3P61K4BES5W',0,'2019-04-18 23:18:30',0,'2019-04-18 23:18:30',0),(422,13,1,0,'2019-04-18 00:00:00','2019-04-19 00:00:00','','','','','','','','','','','','','','','','','',0,'2019-04-18 23:18:31',0,'2019-04-18 23:18:30',0),(423,13,1,2,'2019-04-07 00:00:00','2019-04-12 00:00:00','','Sheryl','Harmon','SherylH3526@yahoo.com','(263) 755-8072','66469 Thirteenth','','Punta Gorda','CA','76531','USA','','','','','','JUN9N8SH8C2Y8T1BJOLS',0,'2019-04-18 23:18:30',0,'2019-04-18 23:18:30',0),(424,13,1,0,'2018-07-16 00:00:00','2018-07-20 00:00:00','','','','','','','','','','','','','','','','','',0,'2019-04-18 23:18:31',0,'2019-04-18 23:18:30',0),(425,13,1,2,'2018-07-13 00:00:00','2018-07-16 00:00:00','','Julia','Collins','JCollins7944@hotmail.com','(211) 986-3629','86940 Washington','','Fitchburg','NE','18146','USA','','','','','','JUN9N8SLYQQ9V72L5KC7',0,'2019-04-18 23:18:30',0,'2019-04-18 23:18:30',0),(426,13,1,0,'2018-10-15 00:00:00','2018-10-25 00:00:00','','','','','','','','','','','','','','','','','',0,'2019-04-18 23:18:31',0,'2019-04-18 23:18:30',0),(427,13,1,2,'2018-10-08 00:00:00','2018-10-15 00:00:00','','Leisha','Mayo','LeishaMayo978@aol.com','(963) 764-3757','22990 Smith','','Bakersfield','MT','64983','USA','','','','','','JUN9N8SPUQPH4BXC22DP',0,'2019-04-18 23:18:30',0,'2019-04-18 23:18:30',0),(428,13,1,0,'2018-08-03 00:00:00','2018-08-07 00:00:00','','','','','','','','','','','','','','','','','',0,'2019-04-18 23:18:30',0,'2019-04-18 23:18:30',0),(429,13,1,2,'2018-08-01 00:00:00','2018-08-03 00:00:00','','Gerda','Cruz','GCruz7956@gmail.com','(784) 579-0662','66313 West Virginia','','Fargo','AR','10928','USA','','','','','','JUN9N8SSJK6UHXLGOSWJ',0,'2019-04-18 23:18:30',0,'2019-04-18 23:18:30',0),(430,13,1,0,'2019-02-24 00:00:00','2019-02-25 00:00:00','','','','','','','','','','','','','','','','','',0,'2019-04-18 23:18:30',0,'2019-04-18 23:18:30',0),(431,13,1,2,'2019-02-18 00:00:00','2019-02-24 00:00:00','','Palma','Foley','PFoley8740@bdiddy.com','(234) 153-7947','56762 Twelfth','','Chesapeake','VT','25516','USA','','','','','','JUN9N8SWU52NR8IL428U',0,'2019-04-18 23:18:30',0,'2019-04-18 23:18:30',0),(432,13,1,2,'2018-10-04 00:00:00','2018-10-05 00:00:00','','Shaniqua','Whitfield','SWhitfield7263@comcast.net','(989) 799-9449','28819 Airport','','Lincoln','AK','84926','USA','','','','','','JUN9N8SZG5U26EQD1Z27',0,'2019-04-18 23:18:30',0,'2019-04-18 23:18:30',0),(433,13,1,0,'2018-12-23 00:00:00','2018-12-27 00:00:00','','','','','','','','','','','','','','','','','',0,'2019-04-18 23:18:31',0,'2019-04-18 23:18:30',0),(434,13,1,2,'2018-12-20 00:00:00','2018-12-23 00:00:00','','Harlan','Mccoy','HarlanM5810@comcast.net','(882) 171-6915','25721 New Mexico','','Carrollton','LA','97477','USA','','','','','','JUN9N8T3YCX1LCVIDT3Y',0,'2019-04-18 23:18:31',0,'2019-04-18 23:18:31',0),(435,13,1,0,'2018-07-26 00:00:00','2018-08-01 00:00:00','','','','','','','','','','','','','','','','','',0,'2019-04-18 23:18:31',0,'2019-04-18 23:18:31',0),(436,13,1,2,'2018-07-20 00:00:00','2018-07-26 00:00:00','','Terrell','Bond','TBond9036@aol.com','(705) 420-4136','89369 Lakeview','','Topeka','ME','77412','USA','','','','','','JUN9N8T76LVGIMY3JOYZ',0,'2019-04-18 23:18:31',0,'2019-04-18 23:18:31',0),(437,13,1,0,'2018-08-21 00:00:00','2018-08-26 00:00:00','','','','','','','','','','','','','','','','','',0,'2019-04-18 23:18:31',0,'2019-04-18 23:18:31',0),(438,13,1,2,'2018-08-20 00:00:00','2018-08-21 00:00:00','','Van','Woodard','VanWoodard213@comcast.net','(918) 632-4186','38609 New Jersey','','Tampa','NE','05036','USA','','','','','','JUN9N8TACCRY2NSQY45S',0,'2019-04-18 23:18:31',0,'2019-04-18 23:18:31',0),(439,13,1,0,'2018-11-01 00:00:00','2018-11-03 00:00:00','','','','','','','','','','','','','','','','','',0,'2019-04-18 23:18:31',0,'2019-04-18 23:18:31',0),(440,13,1,2,'2018-10-25 00:00:00','2018-11-01 00:00:00','','Ellan','Harper','EllanH3745@yahoo.com','(395) 955-0372','40356 New York','','Chicago','IN','46051','USA','','','','','','JUN9N8TESUNBWC5KMR42',0,'2019-04-18 23:18:31',0,'2019-04-18 23:18:31',0),(441,13,1,2,'2019-03-01 00:00:00','2019-03-03 00:00:00','','Penney','Baxter','PenneyB3133@gmail.com','(367) 413-0356','2612 6th','','College Station','SC','19105','USA','','','','','','JUN9N8TI7F5VMDP2QBQS',0,'2019-04-18 23:18:31',0,'2019-04-18 23:18:31',0),(442,13,1,0,'2019-05-22 00:00:00','2019-06-04 00:00:00','','','','','','','','','','','','','','','','','',0,'2019-04-18 23:18:31',0,'2019-04-18 23:18:31',0),(443,13,1,2,'2019-05-20 00:00:00','2019-05-22 00:00:00','','Carmel','Mcleod','CarmelM4895@bdiddy.com','(600) 493-4414','82602 1st','','Merced','MD','17762','USA','','','','','','JUN9N8TM9XZLV7G5YJP8',0,'2019-04-18 23:18:31',0,'2019-04-18 23:18:31',0),(444,13,1,0,'2019-03-26 00:00:00','2019-04-07 00:00:00','','','','','','','','','','','','','','','','','',0,'2019-04-18 23:18:31',0,'2019-04-18 23:18:31',0),(445,13,1,2,'2019-03-20 00:00:00','2019-03-26 00:00:00','','Vivian','Vincent','VivianV8374@yahoo.com','(884) 702-9827','99514 Elm','','Durham','CA','16789','USA','','','','','','JUN9N8TP4PP4AHUFKO8Z',0,'2019-04-18 23:18:31',0,'2019-04-18 23:18:31',0),(446,13,1,2,'2019-05-10 00:00:00','2019-05-12 00:00:00','','Victoria','Adams','VictoriaAdams7@gmail.com','(186) 672-7721','3530 North Carolina','','North Las Vegas','MA','34698','USA','','','','','','JUN9N8UNM9ZVDP2CSTL5',0,'2019-04-18 23:18:31',0,'2019-04-18 23:18:31',0),(447,13,1,0,'2018-12-29 00:00:00','2019-01-11 00:00:00','','','','','','','','','','','','','','','','','',0,'2019-04-18 23:18:31',0,'2019-04-18 23:18:31',0),(448,13,1,2,'2018-12-27 00:00:00','2018-12-29 00:00:00','','Markita','Dixon','MDixon8135@comcast.net','(492) 153-2235','74821 New Hampshire','','Durham','WV','02887','USA','','','','','','JUN9N8UUVNZ4NL8INVQE',0,'2019-04-18 23:18:31',0,'2019-04-18 23:18:31',0),(449,13,1,0,'2018-12-03 00:00:00','2018-12-04 00:00:00','','','','','','','','','','','','','','','','','',0,'2019-04-18 23:18:31',0,'2019-04-18 23:18:31',0),(450,13,1,2,'2018-11-27 00:00:00','2018-12-03 00:00:00','','Chuck','Hatfield','CHatfield6325@bdiddy.com','(639) 876-4642','83302 2nd','','Tempe','AZ','69430','USA','','','','','','JUN9N8V0QS738CV9PSM4',0,'2019-04-18 23:18:31',0,'2019-04-18 23:18:31',0),(451,13,1,2,'2018-12-16 00:00:00','2018-12-20 00:00:00','','Florencia','Rhodes','FlorenciaRhodes153@hotmail.com','(828) 208-4387','37688 Aspen','','Scottsdale','WI','02409','USA','','','','','','JUN9N8V5UXEN4FD9I8N5',0,'2019-04-18 23:18:31',0,'2019-04-18 23:18:31',0),(452,13,1,0,'2019-02-09 00:00:00','2019-02-18 00:00:00','','','','','','','','','','','','','','','','','',0,'2019-04-18 23:18:31',0,'2019-04-18 23:18:31',0),(453,13,1,2,'2019-02-02 00:00:00','2019-02-09 00:00:00','','Antonia','Cross','AntoniaC6877@hotmail.com','(693) 113-0990','67787 Sunset','','Downey','ID','01128','USA','','','','','','JUN9N8VAJJ7EJOHC9HWQ',0,'2019-04-18 23:18:31',0,'2019-04-18 23:18:31',0),(454,13,1,0,'2018-07-11 00:00:00','2018-07-13 00:00:00','','','','','','','','','','','','','','','','','',0,'2019-04-18 23:18:31',0,'2019-04-18 23:18:31',0),(455,13,1,2,'2018-07-07 00:00:00','2018-07-11 00:00:00','','Clora','Puckett','CloraP8075@hotmail.com','(849) 217-8751','37631 Lehua','','Nashville','AZ','49159','USA','','','','','','JUN9N8VEGGQK7TTNNVGF',0,'2019-04-18 23:18:31',0,'2019-04-18 23:18:31',0),(456,13,1,0,'2019-06-11 00:00:00','2019-06-14 00:00:00','','','','','','','','','','','','','','','','','',0,'2019-04-18 23:18:31',0,'2019-04-18 23:18:31',0),(457,13,1,2,'2019-06-04 00:00:00','2019-06-11 00:00:00','','Tonette','Reilly','TReilly2057@bdiddy.com','(934) 689-8672','88867 County Line','','Frederick','LA','46861','USA','','','','','','JUN9N8VJBH4K5LD07CWS',0,'2019-04-18 23:18:31',0,'2019-04-18 23:18:31',0),(458,13,1,0,'2018-12-11 00:00:00','2018-12-16 00:00:00','','','','','','','','','','','','','','','','','',0,'2019-04-18 23:18:31',0,'2019-04-18 23:18:31',0),(459,13,1,2,'2018-12-04 00:00:00','2018-12-11 00:00:00','','Elene','Morse','EleneMorse706@aol.com','(396) 442-5184','90228 Highland','','Pomona','WA','28602','USA','','','','','','JUN9N8VNY011FTD7NXIU',0,'2019-04-18 23:18:31',0,'2019-04-18 23:18:31',0),(460,13,1,0,'2018-08-28 00:00:00','2018-08-29 00:00:00','','','','','','','','','','','','','','','','','',0,'2019-04-18 23:18:31',0,'2019-04-18 23:18:31',0),(461,13,1,2,'2018-08-26 00:00:00','2018-08-28 00:00:00','','Zenia','Osborn','ZeniaOsborn421@gmail.com','(476) 277-7766','93186 West Virginia','','Gastonia','VT','77418','USA','','','','','','JUN9N8VS3UL5SGV272DB',0,'2019-04-18 23:18:31',0,'2019-04-18 23:18:31',0),(462,13,1,2,'2018-11-07 00:00:00','2018-11-11 00:00:00','','Jacqulyn','Jefferson','JacqulynJefferson193@comcast.net','(815) 960-0223','71949 Pine','','Pembroke Pines','MA','38345','USA','','','','','','JUN9N8VWXF1IFXTGYUM0',0,'2019-04-18 23:18:31',0,'2019-04-18 23:18:31',0),(463,13,1,2,'2019-04-12 00:00:00','2019-04-18 00:00:00','','Ashleigh','Love','AshleighL7635@hotmail.com','(755) 593-0688','36245 S 100','','Spokane','MA','47871','USA','','','','','','JUN9N8W05OVR3OYASIXO',0,'2019-04-18 23:18:31',0,'2019-04-18 23:18:31',0),(464,13,1,0,'2019-06-29 00:00:00','9999-12-31 00:00:00','','','','','','','','','','','','','','','','','',0,'2019-04-18 23:18:31',0,'2019-04-18 23:18:31',0),(465,13,1,2,'2019-06-23 00:00:00','2019-06-29 00:00:00','','Holley','Burnett','HolleyB3261@yahoo.com','(810) 172-5297','26038 Walnut','','GreenBay','AZ','27653','USA','','','','','','JUN9N8W48WJEGSYVSABR',0,'2019-04-18 23:18:31',0,'2019-04-18 23:18:31',0),(466,14,1,0,'2018-11-23 00:00:00','2018-11-26 00:00:00','','','','','','','','','','','','','','','','','',0,'2019-04-18 23:18:31',0,'2019-04-18 23:18:31',0),(467,14,1,2,'2018-11-16 00:00:00','2018-11-23 00:00:00','','Dulce','Avila','DAvila3865@yahoo.com','(660) 775-4029','6538 Pine','','Johnson City','NV','38240','USA','','','','','','JUN9N8W87SVBEIRW095H',0,'2019-04-18 23:18:31',0,'2019-04-18 23:18:31',0),(468,14,1,0,'2019-02-26 00:00:00','2019-02-27 00:00:00','','','','','','','','','','','','','','','','','',0,'2019-04-18 23:18:31',0,'2019-04-18 23:18:31',0),(469,14,1,2,'2019-02-20 00:00:00','2019-02-26 00:00:00','','Gayle','Rivera','GayleRivera695@gmail.com','(807) 805-6876','39703 Orchard','','Spokane','AK','72120','USA','','','','','','JUN9N8WCQQZ253YIFTKG',0,'2019-04-18 23:18:31',0,'2019-04-18 23:18:31',0),(470,14,1,0,'2019-06-27 00:00:00','9999-12-31 00:00:00','','','','','','','','','','','','','','','','','',0,'2019-04-18 23:18:31',0,'2019-04-18 23:18:31',0),(471,14,1,2,'2019-06-23 00:00:00','2019-06-27 00:00:00','','Terrilyn','Cantrell','TerrilynC6981@bdiddy.com','(683) 916-6283','34589 8th','','Flint','VA','59081','USA','','','','','','JUN9N8WFM3MMWA0RTGH5',0,'2019-04-18 23:18:31',0,'2019-04-18 23:18:31',0),(472,14,1,0,'2019-04-17 00:00:00','2019-04-28 00:00:00','','','','','','','','','','','','','','','','','',0,'2019-04-18 23:18:31',0,'2019-04-18 23:18:31',0),(473,14,1,2,'2019-04-10 00:00:00','2019-04-17 00:00:00','','Sherice','Robinson','ShericeR3302@hotmail.com','(792) 513-2052','14470 Church','','Huntington Beach','MO','94405','USA','','','','','','JUN9N8WJ6GRRNDWLVNI7',0,'2019-04-18 23:18:31',0,'2019-04-18 23:18:31',0),(474,14,1,0,'2019-03-22 00:00:00','2019-03-23 00:00:00','','','','','','','','','','','','','','','','','',0,'2019-04-18 23:18:31',0,'2019-04-18 23:18:31',0),(475,14,1,2,'2019-03-20 00:00:00','2019-03-22 00:00:00','','Ellyn','Elliott','EllynE1776@gmail.com','(860) 599-9572','93145 Rhode Island','','Coral Springs','DC','27276','USA','','','','','','JUN9N8WNKQKA25Y5D14M',0,'2019-04-18 23:18:31',0,'2019-04-18 23:18:31',0),(476,14,1,0,'2018-09-30 00:00:00','2018-10-05 00:00:00','','','','','','','','','','','','','','','','','',0,'2019-04-18 23:18:31',0,'2019-04-18 23:18:31',0),(477,14,1,2,'2018-09-27 00:00:00','2018-09-28 00:00:00','','Herlinda','Kent','HerlindaK170@hotmail.com','(217) 980-0333','70294 Second','','Cambridge','GA','61509','USA','','','','','','JUN9N8WRDPI1OKPQ5I5L',0,'2019-04-18 23:18:31',0,'2019-04-18 23:18:31',0),(478,14,1,0,'2018-12-06 00:00:00','2018-12-13 00:00:00','','','','','','','','','','','','','','','','','',0,'2019-04-18 23:18:31',0,'2019-04-18 23:18:31',0),(479,14,1,2,'2018-12-02 00:00:00','2018-12-06 00:00:00','','Meri','Wheeler','MeriW3892@comcast.net','(414) 622-5954','18472 Main','','Gilbert','CA','21466','USA','','','','','','JUN9N8WV8XQBCMRDI5J7',0,'2019-04-18 23:18:31',0,'2019-04-18 23:18:31',0),(481,14,1,2,'2019-03-08 00:00:00','2019-03-14 00:00:00','','Blanca','Parks','BlancaParks882@aol.com','(731) 328-7754','24501 Smith','','Atlanta','MI','20556','USA','','','','','','JUN9N8WZM72Q26S95MFH',0,'2019-04-18 23:18:31',0,'2019-04-18 23:18:31',0),(482,14,1,0,'2018-12-21 00:00:00','2018-12-27 00:00:00','','','','','','','','','','','','','','','','','',0,'2019-04-18 23:18:31',0,'2019-04-18 23:18:31',0),(483,14,1,2,'2018-12-13 00:00:00','2018-12-15 00:00:00','','Lera','Garza','LGarza4491@hotmail.com','(823) 600-1735','67076 Pioneer','','Oakland','NM','67695','USA','','','','','','JUN9N8X370SL1EJE88GN',0,'2019-04-18 23:18:31',0,'2019-04-18 23:18:31',0),(484,14,1,0,'2018-09-02 00:00:00','2018-09-08 00:00:00','','','','','','','','','','','','','','','','','',0,'2019-04-18 23:18:31',0,'2019-04-18 23:18:31',0),(485,14,1,2,'2018-08-26 00:00:00','2018-09-02 00:00:00','','Carita','Wolfe','CaritaWolfe431@bdiddy.com','(494) 399-2480','3149 Lehua','','Billings','LA','30580','USA','','','','','','JUN9N8X7YF8XE0S05MKD',0,'2019-04-18 23:18:31',0,'2019-04-18 23:18:31',0),(486,14,1,0,'2018-08-09 00:00:00','2018-08-17 00:00:00','','','','','','','','','','','','','','','','','',0,'2019-04-18 23:18:31',0,'2019-04-18 23:18:31',0),(487,14,1,2,'2018-08-03 00:00:00','2018-08-09 00:00:00','','Ellyn','Foley','EFoley2681@bdiddy.com','(428) 102-5631','54714 Center','','Stockton','VT','44834','USA','','','','','','JUN9N8XBOUC5C337XF1S',0,'2019-04-18 23:18:31',0,'2019-04-18 23:18:31',0),(488,14,1,0,'2018-09-12 00:00:00','2018-09-19 00:00:00','','','','','','','','','','','','','','','','','',0,'2019-04-18 23:18:31',0,'2019-04-18 23:18:31',0),(489,14,1,2,'2018-09-09 00:00:00','2018-09-12 00:00:00','','Melony','Gardner','MGardner5337@aol.com','(420) 908-7727','87915 13th','','Pembroke Pines','ND','48477','USA','','','','','','JUN9N8XFCIA3RNIEO8EJ',0,'2019-04-18 23:18:31',0,'2019-04-18 23:18:31',0),(490,14,1,2,'2018-09-28 00:00:00','2018-09-30 00:00:00','','Anjanette','Montgomery','AnjanetteMontgomery887@bdiddy.com','(987) 164-3668','44680 Kukui','','Norfolk','MO','34267','USA','','','','','','JUN9N8XJWLCQBVPTJK8U',0,'2019-04-18 23:18:31',0,'2019-04-18 23:18:31',0),(491,14,1,0,'2018-07-26 00:00:00','2018-08-03 00:00:00','','','','','','','','','','','','','','','','','',0,'2019-04-18 23:18:31',0,'2019-04-18 23:18:31',0),(492,14,1,2,'2018-07-24 00:00:00','2018-07-26 00:00:00','','Maryellen','Hayden','MaryellenHayden51@abiz.com','(372) 392-1173','96441 North Carolina','','Philadelphia','ME','61478','USA','','','','','','JUN9N8XNMIKCPAASZB1J',0,'2019-04-18 23:18:31',0,'2019-04-18 23:18:31',0),(493,14,1,0,'2018-10-21 00:00:00','2018-10-26 00:00:00','','','','','','','','','','','','','','','','','',0,'2019-04-18 23:18:31',0,'2019-04-18 23:18:31',0),(494,14,1,2,'2018-10-17 00:00:00','2018-10-21 00:00:00','','Marita','Torres','MaritaTorres768@hotmail.com','(224) 129-3250','51322 Washington','','Cedar Rapids','AR','22175','USA','','','','','','JUN9N8XRU9O1961M24M4',0,'2019-04-18 23:18:31',0,'2019-04-18 23:18:31',0),(495,14,1,0,'2018-07-13 00:00:00','2018-07-14 00:00:00','','','','','','','','','','','','','','','','','',0,'2019-04-18 23:18:31',0,'2019-04-18 23:18:31',0),(496,14,1,2,'2018-07-10 00:00:00','2018-07-13 00:00:00','','Shenika','Shannon','SShannon580@bdiddy.com','(142) 786-9333','65406 Rhode Island','','Tyler','NM','44993','USA','','','','','','JUN9N8XVZF0YWBU0IW40',0,'2019-04-18 23:18:31',0,'2019-04-18 23:18:31',0),(497,14,1,2,'2019-04-04 00:00:00','2019-04-10 00:00:00','','Neil','Haynes','NHaynes7500@abiz.com','(240) 964-4195','49557 Cherry','','Bethlehem','ME','53380','USA','','','','','','JUN9N8XZMNW99CQZ6CXE',0,'2019-04-18 23:18:31',0,'2019-04-18 23:18:31',0),(498,14,1,0,'2019-02-15 00:00:00','2019-02-20 00:00:00','','','','','','','','','','','','','','','','','',0,'2019-04-18 23:18:31',0,'2019-04-18 23:18:31',0),(499,14,1,2,'2019-02-11 00:00:00','2019-02-15 00:00:00','','Beaulah','Kemp','BeaulahK3647@abiz.com','(449) 402-8092','90515 10th','','Youngstown','MA','03808','USA','','','','','','JUN9N8Y3QHFG4AKX6K8K',0,'2019-04-18 23:18:31',0,'2019-04-18 23:18:31',0),(500,14,1,0,'2019-03-29 00:00:00','2019-04-01 00:00:00','','','','','','','','','','','','','','','','','',0,'2019-04-18 23:18:31',0,'2019-04-18 23:18:31',0),(501,14,1,2,'2019-03-23 00:00:00','2019-03-29 00:00:00','','Erick','Tucker','ETucker7156@bdiddy.com','(203) 962-6190','24415 8th','','Oakland','MT','92631','USA','','','','','','JUN9N8Y70L5I6QVH57WF',0,'2019-04-18 23:18:31',0,'2019-04-18 23:18:31',0),(502,14,1,0,'2018-10-06 00:00:00','2018-10-09 00:00:00','','','','','','','','','','','','','','','','','',0,'2019-04-18 23:18:31',0,'2019-04-18 23:18:31',0),(503,14,1,2,'2018-10-05 00:00:00','2018-10-06 00:00:00','','Aurore','Nixon','ANixon73@hotmail.com','(226) 983-5043','34021 Columbine','','Eugene','NJ','78265','USA','','','','','','JUN9N8YB2SAOYMPCQXZX',0,'2019-04-18 23:18:31',0,'2019-04-18 23:18:31',0),(504,14,1,0,'2019-06-05 00:00:00','2019-06-14 00:00:00','','','','','','','','','','','','','','','','','',0,'2019-04-18 23:18:31',0,'2019-04-18 23:18:31',0),(505,14,1,2,'2019-05-29 00:00:00','2019-06-05 00:00:00','','Royal','Matthews','RoyalMatthews204@hotmail.com','(110) 256-7595','44653 Canyon','','Irvine','MO','08558','USA','','','','','','JUN9N8YEL55PJO8WOSKF',0,'2019-04-18 23:18:31',0,'2019-04-18 23:18:31',0),(506,14,1,0,'2019-06-19 00:00:00','2019-06-23 00:00:00','','','','','','','','','','','','','','','','','',0,'2019-04-18 23:18:31',0,'2019-04-18 23:18:31',0),(507,14,1,2,'2019-06-14 00:00:00','2019-06-19 00:00:00','','Lawanna','Mcdowell','LawannaM2788@bdiddy.com','(951) 365-7078','63159 Sunset','','New York','WA','72884','USA','','','','','','JUN9N8YIE6YAFRJWM3V3',0,'2019-04-18 23:18:31',0,'2019-04-18 23:18:31',0),(508,14,1,2,'2018-12-15 00:00:00','2018-12-21 00:00:00','','Youlanda','West','YWest4586@abiz.com','(902) 913-1106','21972 Pioneer','','Newburgh','NM','70442','USA','','','','','','JUN9N8YM8AKCDEN2IOOL',0,'2019-04-18 23:18:31',0,'2019-04-18 23:18:31',0),(509,14,1,0,'2019-01-12 00:00:00','2019-01-14 00:00:00','','','','','','','','','','','','','','','','','',0,'2019-04-18 23:18:31',0,'2019-04-18 23:18:31',0),(510,14,1,2,'2019-01-10 00:00:00','2019-01-12 00:00:00','','Edelmira','Valdez','EValdez8852@abiz.com','(462) 323-4414','67297 Lake','','Marina','DC','49023','USA','','','','','','JUN9N8YQGEEB6M1JVLUL',0,'2019-04-18 23:18:31',0,'2019-04-18 23:18:31',0),(511,14,1,0,'2019-03-03 00:00:00','2019-03-08 00:00:00','','','','','','','','','','','','','','','','','',0,'2019-04-18 23:18:31',0,'2019-04-18 23:18:31',0),(512,14,1,2,'2019-02-27 00:00:00','2019-03-03 00:00:00','','Stella','Zamora','SZamora1157@aol.com','(370) 195-2682','23337 Eleventh','','Spokane','SC','63162','USA','','','','','','JUN9N8YTSVDC2LSVVMOX',0,'2019-04-18 23:18:31',0,'2019-04-18 23:18:31',0),(513,14,1,0,'2019-01-07 00:00:00','2019-01-10 00:00:00','','','','','','','','','','','','','','','','','',0,'2019-04-18 23:18:31',0,'2019-04-18 23:18:31',0),(514,14,1,2,'2019-01-04 00:00:00','2019-01-07 00:00:00','','Regine','Case','RegineCase777@comcast.net','(225) 477-1815','96737 Palo Verde','','Apple Valley','AZ','09673','USA','','','','','','JUN9N8YXF2B7CB61WISD',0,'2019-04-18 23:18:31',0,'2019-04-18 23:18:31',0),(515,14,1,0,'2019-05-21 00:00:00','2019-05-22 00:00:00','','','','','','','','','','','','','','','','','',0,'2019-04-18 23:18:31',0,'2019-04-18 23:18:31',0),(516,14,1,2,'2019-05-15 00:00:00','2019-05-21 00:00:00','','Bennett','Knox','BKnox4617@aol.com','(296) 372-8482','53379 Aspen','','Lacey','OK','76972','USA','','','','','','JUN9N8Z12ANZ3F4PRLFD',0,'2019-04-18 23:18:31',0,'2019-04-18 23:18:31',0),(517,14,1,2,'2018-07-19 00:00:00','2018-07-24 00:00:00','','Mack','Mcdowell','MMcdowell2907@aol.com','(690) 685-8850','7727 Seventh','','Lincoln','CO','79253','USA','','','','','','JUN9N8Z5BOODGY18FTCW',0,'2019-04-18 23:18:31',0,'2019-04-18 23:18:31',0),(518,14,1,0,'2019-05-24 00:00:00','2019-05-29 00:00:00','','','','','','','','','','','','','','','','','',0,'2019-04-18 23:18:31',0,'2019-04-18 23:18:31',0),(519,14,1,2,'2019-05-22 00:00:00','2019-05-24 00:00:00','','Major','Mayo','MMayo7973@yahoo.com','(698) 724-4889','36341 Fourth','','Kenosha','KS','19158','USA','','','','','','JUN9N8Z9M8ZP8CSU1TH3',0,'2019-04-18 23:18:31',0,'2019-04-18 23:18:31',0),(520,14,1,0,'2019-02-09 00:00:00','2019-02-11 00:00:00','','','','','','','','','','','','','','','','','',0,'2019-04-18 23:18:31',0,'2019-04-18 23:18:31',0),(521,14,1,2,'2019-02-02 00:00:00','2019-02-09 00:00:00','','Tena','Waters','TWaters3514@abiz.com','(140) 670-0299','31220 Kukui','','Fort Walton Beach','WA','05527','USA','','','','','','JUN9N8ZD700WSQBJWPA3',0,'2019-04-18 23:18:31',0,'2019-04-18 23:18:31',0),(522,14,1,2,'2018-09-08 00:00:00','2018-09-09 00:00:00','','Frieda','Odonnell','FOdonnell6290@yahoo.com','(874) 134-3129','69128 Park','','Minneapolis','SC','30496','USA','','','','','','JUN9N8ZG2Y35FDCKU0H3',0,'2019-04-18 23:18:31',0,'2019-04-18 23:18:31',0),(523,14,1,0,'2018-10-28 00:00:00','2018-11-16 00:00:00','','','','','','','','','','','','','','','','','',0,'2019-04-18 23:18:31',0,'2019-04-18 23:18:31',0),(524,14,1,2,'2018-10-26 00:00:00','2018-10-28 00:00:00','','Yanira','Burt','YaniraBurt181@yahoo.com','(311) 540-0293','73738 Airport','','Simi Valley','NV','75048','USA','','','','','','JUN9N8ZKKYMBZPRCXPTF',0,'2019-04-18 23:18:31',0,'2019-04-18 23:18:31',0),(525,14,1,0,'2018-08-25 00:00:00','2018-08-26 00:00:00','','','','','','','','','','','','','','','','','',0,'2019-04-18 23:18:31',0,'2019-04-18 23:18:31',0),(526,14,1,2,'2018-08-22 00:00:00','2018-08-25 00:00:00','','Xenia','Marquez','XeniaMarquez265@bdiddy.com','(579) 677-7596','58912 9th','','Overland Park','VT','85513','USA','','','','','','JUN9N8ZOIKXWV7ABITC1',0,'2019-04-18 23:18:31',0,'2019-04-18 23:18:31',0),(527,14,1,0,'2018-10-12 00:00:00','2018-10-13 00:00:00','','','','','','','','','','','','','','','','','',0,'2019-04-18 23:18:31',0,'2019-04-18 23:18:31',0),(528,14,1,2,'2018-10-09 00:00:00','2018-10-10 00:00:00','','Gaynelle','Jarvis','GaynelleJarvis168@abiz.com','(891) 856-1791','81012 North Dakota','','Denver','MT','19731','USA','','','','','','JUN9N8ZSYCO9NYRNJ2TB',0,'2019-04-18 23:18:31',0,'2019-04-18 23:18:31',0),(529,14,1,0,'2019-01-03 00:00:00','2019-01-04 00:00:00','','','','','','','','','','','','','','','','','',0,'2019-04-18 23:18:31',0,'2019-04-18 23:18:31',0),(530,14,1,2,'2018-12-27 00:00:00','2019-01-03 00:00:00','','Kristel','Barrera','KBarrera7373@gmail.com','(161) 311-5488','72322 Fifth','','New York','VA','42574','USA','','','','','','JUN9N8ZWLA1WLNVYM01X',0,'2019-04-18 23:18:31',0,'2019-04-18 23:18:31',0),(531,14,1,0,'2018-07-16 00:00:00','2018-07-19 00:00:00','','','','','','','','','','','','','','','','','',0,'2019-04-18 23:18:31',0,'2019-04-18 23:18:31',0),(532,14,1,2,'2018-07-14 00:00:00','2018-07-16 00:00:00','','Aurora','Pugh','AuroraPugh217@comcast.net','(597) 853-7018','4671 Apache','','Lowell','MS','31306','USA','','','','','','JUN9N900DSU3T5LENM55',0,'2019-04-18 23:18:31',0,'2019-04-18 23:18:31',0),(533,14,1,2,'2019-03-14 00:00:00','2019-03-20 00:00:00','','Emelda','Ellison','EmeldaEllison274@comcast.net','(240) 266-8997','94166 Laurel','','Gulfport-Biloxi','HI','23740','USA','','','','','','JUN9N904PK3BQ7RU5CM4',0,'2019-04-18 23:18:31',0,'2019-04-18 23:18:31',0),(534,14,1,0,'2019-01-15 00:00:00','2019-01-25 00:00:00','','','','','','','','','','','','','','','','','',0,'2019-04-18 23:18:31',0,'2019-04-18 23:18:31',0),(535,14,1,2,'2019-01-14 00:00:00','2019-01-15 00:00:00','','Shelba','Cotton','SCotton7585@aol.com','(135) 713-6925','90362 Sycamore','','Elkhart','DC','68531','USA','','','','','','JUN9N908S44JPEEPSWUZ',0,'2019-04-18 23:18:31',0,'2019-04-18 23:18:31',0),(536,14,1,0,'2018-09-24 00:00:00','2018-09-27 00:00:00','','','','','','','','','','','','','','','','','',0,'2019-04-18 23:18:31',0,'2019-04-18 23:18:31',0),(537,14,1,2,'2018-09-19 00:00:00','2018-09-24 00:00:00','','Florencio','Campbell','FlorencioCampbell973@gmail.com','(208) 422-1936','83114 S 400','','Sunnyvale','AL','52332','USA','','','','','','JUN9N90COQOL0KOMG5HT',0,'2019-04-18 23:18:31',0,'2019-04-18 23:18:31',0),(538,14,1,0,'2019-05-09 00:00:00','2019-05-15 00:00:00','','','','','','','','','','','','','','','','','',0,'2019-04-18 23:18:31',0,'2019-04-18 23:18:31',0),(539,14,1,2,'2019-05-08 00:00:00','2019-05-09 00:00:00','','Kristopher','Benton','KBenton6540@hotmail.com','(303) 337-7415','34267 Apache','','Salem','IA','82677','USA','','','','','','JUN9N90GIWWSHZZPNJ5O',0,'2019-04-18 23:18:31',0,'2019-04-18 23:18:31',0),(540,14,1,0,'2019-01-31 00:00:00','2019-02-02 00:00:00','','','','','','','','','','','','','','','','','',0,'2019-04-18 23:18:31',0,'2019-04-18 23:18:31',0),(541,14,1,2,'2019-01-25 00:00:00','2019-01-31 00:00:00','','Barbera','Pollard','BPollard9494@aol.com','(470) 878-0364','1880 Malulani','','Tyler','MI','45402','USA','','','','','','JUN9N90KWL8C2QK4EOJE',0,'2019-04-18 23:18:31',0,'2019-04-18 23:18:31',0),(542,14,1,0,'2019-05-03 00:00:00','2019-05-06 00:00:00','','','','','','','','','','','','','','','','','',0,'2019-04-18 23:18:31',0,'2019-04-18 23:18:31',0),(543,14,1,2,'2019-04-28 00:00:00','2019-05-03 00:00:00','','Ben','Dominguez','BDominguez389@gmail.com','(841) 370-6026','25762 River','','Layton','ID','63654','USA','','','','','','JUN9N90ONXMOQCQDA490',0,'2019-04-18 23:18:31',0,'2019-04-18 23:18:31',0),(544,14,1,0,'2018-08-19 00:00:00','2018-08-22 00:00:00','','','','','','','','','','','','','','','','','',0,'2019-04-18 23:18:31',0,'2019-04-18 23:18:31',0),(545,14,1,2,'2018-08-17 00:00:00','2018-08-19 00:00:00','','Nora','Keith','NoraKeith2@bdiddy.com','(392) 121-4995','47639 Lake','','Santa Clarita','MO','13483','USA','','','','','','JUN9N90SKUXFZK2DPA7K',0,'2019-04-18 23:18:31',0,'2019-04-18 23:18:31',0),(546,14,1,2,'2018-10-10 00:00:00','2018-10-12 00:00:00','','Florence','Mcleod','FMcleod4085@abiz.com','(883) 776-1589','29379 Elm','','Jackson','TX','44330','USA','','','','','','JUN9N90W6IEH14O7JS06',0,'2019-04-18 23:18:31',0,'2019-04-18 23:18:31',0),(547,14,1,0,'2019-04-02 00:00:00','2019-04-04 00:00:00','','','','','','','','','','','','','','','','','',0,'2019-04-18 23:18:31',0,'2019-04-18 23:18:31',0),(548,14,1,2,'2019-04-01 00:00:00','2019-04-02 00:00:00','','Noel','Bell','NoelBell796@comcast.net','(660) 836-3968','77781 Lake','','Austin','IN','52686','USA','','','','','','JUN9N9105BDREVQ6S75W',0,'2019-04-18 23:18:31',0,'2019-04-18 23:18:31',0),(549,14,1,2,'2019-05-06 00:00:00','2019-05-08 00:00:00','','Zetta','Donovan','ZDonovan1900@yahoo.com','(486) 467-8182','42495 Laurel','','Plano','WV','64187','USA','','','','','','JUN9N914TXZ7LVAXET4W',0,'2019-04-18 23:18:31',0,'2019-04-18 23:18:31',0),(550,14,1,0,'2018-11-29 00:00:00','2018-12-02 00:00:00','','','','','','','','','','','','','','','','','',0,'2019-04-18 23:18:31',0,'2019-04-18 23:18:31',0),(551,14,1,2,'2018-11-26 00:00:00','2018-11-29 00:00:00','','Kimbery','Cote','KimberyC942@gmail.com','(545) 901-6833','35125 Bay','','Rancho Cucamonga','NY','61462','USA','','','','','','JUN9N9185BZT6TR8NXCO',0,'2019-04-18 23:18:31',0,'2019-04-18 23:18:31',0),(552,14,1,0,'2018-10-16 00:00:00','2018-10-17 00:00:00','','','','','','','','','','','','','','','','','',0,'2019-04-18 23:18:31',0,'2019-04-18 23:18:31',0),(553,14,1,2,'2018-10-13 00:00:00','2018-10-16 00:00:00','','Sena','Strickland','SStrickland2770@gmail.com','(847) 959-8636','80949 Birch','','Atlanta','NJ','60604','USA','','','','','','JUN9N91CY68UVXN3R1SR',0,'2019-04-18 23:18:31',0,'2019-04-18 23:18:31',0),(554,23,1,0,'2018-01-01 00:00:00','2020-04-01 00:00:00','','','','','','','','','','','','','','','','','',0,'2019-04-19 00:05:21',211,'2019-04-19 00:01:43',211),(555,23,1,0,'2021-04-01 00:00:00','9999-12-31 00:00:00','','','','','','','','','','','','','','','','','',0,'2019-04-19 00:05:21',211,'2019-04-19 00:05:21',211),(556,23,1,1,'2020-04-01 00:00:00','2021-04-01 00:00:00','','','','','','','','','','','','','','','','','',0,'2019-04-19 00:05:21',211,'2019-04-19 00:05:21',211);
/*!40000 ALTER TABLE `RentableLeaseStatus` ENABLE KEYS */;
UNLOCK TABLES;

--
-- Table structure for table `RentableMarketRate`
--

DROP TABLE IF EXISTS `RentableMarketRate`;
/*!40101 SET @saved_cs_client     = @@character_set_client */;
/*!40101 SET character_set_client = utf8 */;
CREATE TABLE `RentableMarketRate` (
  `RMRID` bigint(20) NOT NULL AUTO_INCREMENT,
  `RTID` bigint(20) NOT NULL DEFAULT '0',
  `BID` bigint(20) NOT NULL DEFAULT '0',
  `MarketRate` decimal(19,4) NOT NULL DEFAULT '0.0000',
  `DtStart` datetime NOT NULL DEFAULT '1970-01-01 00:00:00',
  `DtStop` datetime NOT NULL DEFAULT '9999-12-31 23:59:59',
  `LastModTime` timestamp NOT NULL DEFAULT CURRENT_TIMESTAMP ON UPDATE CURRENT_TIMESTAMP,
  `LastModBy` bigint(20) NOT NULL DEFAULT '0',
  `CreateTS` timestamp NOT NULL DEFAULT CURRENT_TIMESTAMP,
  `CreateBy` bigint(20) NOT NULL DEFAULT '0',
  PRIMARY KEY (`RMRID`)
) ENGINE=InnoDB AUTO_INCREMENT=9 DEFAULT CHARSET=utf8;
/*!40101 SET character_set_client = @saved_cs_client */;

--
-- Dumping data for table `RentableMarketRate`
--

LOCK TABLES `RentableMarketRate` WRITE;
/*!40000 ALTER TABLE `RentableMarketRate` DISABLE KEYS */;
INSERT INTO `RentableMarketRate` VALUES (1,1,0,1000.0000,'2018-01-01 00:00:00','9999-12-31 00:00:00','2019-04-18 23:18:27',0,'2019-04-18 23:18:27',0),(2,2,0,1500.0000,'2018-01-01 00:00:00','9999-12-31 00:00:00','2019-04-18 23:18:27',0,'2019-04-18 23:18:27',0),(3,3,0,1750.0000,'2018-01-01 00:00:00','9999-12-31 00:00:00','2019-04-18 23:18:27',0,'2019-04-18 23:18:27',0),(4,4,0,2500.0000,'2018-01-01 00:00:00','9999-12-31 00:00:00','2019-04-18 23:18:27',0,'2019-04-18 23:18:27',0),(5,5,0,65.0000,'2018-01-01 00:00:00','9999-12-31 00:00:00','2019-04-18 23:18:27',0,'2019-04-18 23:18:27',0),(6,6,0,75.0000,'2018-01-01 00:00:00','9999-12-31 00:00:00','2019-04-18 23:18:27',0,'2019-04-18 23:18:27',0),(7,7,0,85.0000,'2018-01-01 00:00:00','9999-12-31 00:00:00','2019-04-18 23:18:27',0,'2019-04-18 23:18:27',0),(8,8,0,35.0000,'2018-01-01 00:00:00','9999-12-31 00:00:00','2019-04-18 23:18:27',0,'2019-04-18 23:18:27',0);
/*!40000 ALTER TABLE `RentableMarketRate` ENABLE KEYS */;
UNLOCK TABLES;

--
-- Table structure for table `RentableSpecialty`
--

DROP TABLE IF EXISTS `RentableSpecialty`;
/*!40101 SET @saved_cs_client     = @@character_set_client */;
/*!40101 SET character_set_client = utf8 */;
CREATE TABLE `RentableSpecialty` (
  `RSPID` bigint(20) NOT NULL AUTO_INCREMENT,
  `BID` bigint(20) NOT NULL,
  `Name` varchar(100) NOT NULL DEFAULT '',
  `Fee` decimal(19,4) NOT NULL DEFAULT '0.0000',
  `Description` varchar(256) NOT NULL DEFAULT '',
  `LastModTime` timestamp NOT NULL DEFAULT CURRENT_TIMESTAMP ON UPDATE CURRENT_TIMESTAMP,
  `LastModBy` bigint(20) NOT NULL DEFAULT '0',
  `CreateTS` timestamp NOT NULL DEFAULT CURRENT_TIMESTAMP,
  `CreateBy` bigint(20) NOT NULL DEFAULT '0',
  PRIMARY KEY (`RSPID`)
) ENGINE=InnoDB DEFAULT CHARSET=utf8;
/*!40101 SET character_set_client = @saved_cs_client */;

--
-- Dumping data for table `RentableSpecialty`
--

LOCK TABLES `RentableSpecialty` WRITE;
/*!40000 ALTER TABLE `RentableSpecialty` DISABLE KEYS */;
/*!40000 ALTER TABLE `RentableSpecialty` ENABLE KEYS */;
UNLOCK TABLES;

--
-- Table structure for table `RentableSpecialtyRef`
--

DROP TABLE IF EXISTS `RentableSpecialtyRef`;
/*!40101 SET @saved_cs_client     = @@character_set_client */;
/*!40101 SET character_set_client = utf8 */;
CREATE TABLE `RentableSpecialtyRef` (
  `BID` bigint(20) NOT NULL DEFAULT '0',
  `RID` bigint(20) NOT NULL DEFAULT '0',
  `RSPID` bigint(20) NOT NULL DEFAULT '0',
  `DtStart` date NOT NULL DEFAULT '1970-01-01',
  `DtStop` date NOT NULL DEFAULT '1970-01-01',
  `LastModTime` timestamp NOT NULL DEFAULT CURRENT_TIMESTAMP ON UPDATE CURRENT_TIMESTAMP,
  `LastModBy` bigint(20) NOT NULL DEFAULT '0',
  `CreateTS` timestamp NOT NULL DEFAULT CURRENT_TIMESTAMP,
  `CreateBy` bigint(20) NOT NULL DEFAULT '0',
  `RSPRefID` bigint(20) NOT NULL AUTO_INCREMENT,
  PRIMARY KEY (`RSPRefID`)
) ENGINE=InnoDB DEFAULT CHARSET=utf8;
/*!40101 SET character_set_client = @saved_cs_client */;

--
-- Dumping data for table `RentableSpecialtyRef`
--

LOCK TABLES `RentableSpecialtyRef` WRITE;
/*!40000 ALTER TABLE `RentableSpecialtyRef` DISABLE KEYS */;
/*!40000 ALTER TABLE `RentableSpecialtyRef` ENABLE KEYS */;
UNLOCK TABLES;

--
-- Table structure for table `RentableTypeRef`
--

DROP TABLE IF EXISTS `RentableTypeRef`;
/*!40101 SET @saved_cs_client     = @@character_set_client */;
/*!40101 SET character_set_client = utf8 */;
CREATE TABLE `RentableTypeRef` (
  `RTRID` bigint(20) NOT NULL AUTO_INCREMENT,
  `RID` bigint(20) NOT NULL DEFAULT '0',
  `BID` bigint(20) NOT NULL DEFAULT '0',
  `RTID` bigint(20) NOT NULL DEFAULT '0',
  `OverrideRentCycle` bigint(20) NOT NULL DEFAULT '0',
  `OverrideProrationCycle` bigint(20) NOT NULL DEFAULT '0',
  `DtStart` datetime NOT NULL DEFAULT '1970-01-01 00:00:00',
  `DtStop` datetime NOT NULL DEFAULT '1970-01-01 00:00:00',
  `LastModTime` timestamp NOT NULL DEFAULT CURRENT_TIMESTAMP ON UPDATE CURRENT_TIMESTAMP,
  `LastModBy` bigint(20) NOT NULL DEFAULT '0',
  `CreateTS` timestamp NOT NULL DEFAULT CURRENT_TIMESTAMP,
  `CreateBy` bigint(20) NOT NULL DEFAULT '0',
  PRIMARY KEY (`RTRID`)
) ENGINE=InnoDB AUTO_INCREMENT=24 DEFAULT CHARSET=utf8;
/*!40101 SET character_set_client = @saved_cs_client */;

--
-- Dumping data for table `RentableTypeRef`
--

LOCK TABLES `RentableTypeRef` WRITE;
/*!40000 ALTER TABLE `RentableTypeRef` DISABLE KEYS */;
INSERT INTO `RentableTypeRef` VALUES (1,1,1,1,0,0,'2018-01-01 00:00:00','9999-12-31 00:00:00','2019-04-18 23:18:27',0,'2019-04-18 23:18:27',0),(2,2,1,1,0,0,'2018-01-01 00:00:00','9999-12-31 00:00:00','2019-04-18 23:18:27',0,'2019-04-18 23:18:27',0),(3,3,1,2,0,0,'2018-01-01 00:00:00','9999-12-31 00:00:00','2019-04-18 23:18:27',0,'2019-04-18 23:18:27',0),(4,4,1,2,0,0,'2018-01-01 00:00:00','9999-12-31 00:00:00','2019-04-18 23:18:27',0,'2019-04-18 23:18:27',0),(5,5,1,3,0,0,'2018-01-01 00:00:00','9999-12-31 00:00:00','2019-04-18 23:18:27',0,'2019-04-18 23:18:27',0),(6,6,1,3,0,0,'2018-01-01 00:00:00','9999-12-31 00:00:00','2019-04-18 23:18:27',0,'2019-04-18 23:18:27',0),(7,7,1,4,0,0,'2018-01-01 00:00:00','9999-12-31 00:00:00','2019-04-18 23:18:27',0,'2019-04-18 23:18:27',0),(8,8,1,4,0,0,'2018-01-01 00:00:00','9999-12-31 00:00:00','2019-04-18 23:18:27',0,'2019-04-18 23:18:27',0),(9,9,1,5,0,0,'2018-01-01 00:00:00','9999-12-31 00:00:00','2019-04-18 23:18:27',0,'2019-04-18 23:18:27',0),(10,10,1,5,0,0,'2018-01-01 00:00:00','9999-12-31 00:00:00','2019-04-18 23:18:27',0,'2019-04-18 23:18:27',0),(11,11,1,6,0,0,'2018-01-01 00:00:00','9999-12-31 00:00:00','2019-04-18 23:18:27',0,'2019-04-18 23:18:27',0),(12,12,1,6,0,0,'2018-01-01 00:00:00','9999-12-31 00:00:00','2019-04-18 23:18:27',0,'2019-04-18 23:18:27',0),(13,13,1,7,0,0,'2018-01-01 00:00:00','9999-12-31 00:00:00','2019-04-18 23:18:27',0,'2019-04-18 23:18:27',0),(14,14,1,7,0,0,'2018-01-01 00:00:00','9999-12-31 00:00:00','2019-04-18 23:18:27',0,'2019-04-18 23:18:27',0),(15,15,1,8,0,0,'2018-01-01 00:00:00','9999-12-31 00:00:00','2019-04-18 23:18:27',0,'2019-04-18 23:18:27',0),(16,16,1,8,0,0,'2018-01-01 00:00:00','9999-12-31 00:00:00','2019-04-18 23:18:27',0,'2019-04-18 23:18:27',0),(17,17,1,8,0,0,'2018-01-01 00:00:00','9999-12-31 00:00:00','2019-04-18 23:18:27',0,'2019-04-18 23:18:27',0),(18,18,1,8,0,0,'2018-01-01 00:00:00','9999-12-31 00:00:00','2019-04-18 23:18:27',0,'2019-04-18 23:18:27',0),(19,19,1,8,0,0,'2018-01-01 00:00:00','9999-12-31 00:00:00','2019-04-18 23:18:27',0,'2019-04-18 23:18:27',0),(20,20,1,8,0,0,'2018-01-01 00:00:00','9999-12-31 00:00:00','2019-04-18 23:18:27',0,'2019-04-18 23:18:27',0),(21,21,1,8,0,0,'2018-01-01 00:00:00','9999-12-31 00:00:00','2019-04-18 23:18:27',0,'2019-04-18 23:18:27',0),(22,22,1,8,0,0,'2018-01-01 00:00:00','9999-12-31 00:00:00','2019-04-18 23:18:27',0,'2019-04-18 23:18:27',0),(23,23,1,1,0,0,'2018-01-01 00:00:00','9999-12-31 00:00:00','2019-04-19 00:01:43',211,'2019-04-19 00:01:43',211);
/*!40000 ALTER TABLE `RentableTypeRef` ENABLE KEYS */;
UNLOCK TABLES;

--
-- Table structure for table `RentableTypeTax`
--

DROP TABLE IF EXISTS `RentableTypeTax`;
/*!40101 SET @saved_cs_client     = @@character_set_client */;
/*!40101 SET character_set_client = utf8 */;
CREATE TABLE `RentableTypeTax` (
  `RTID` bigint(20) NOT NULL DEFAULT '0',
  `BID` bigint(20) NOT NULL DEFAULT '0',
  `TAXID` bigint(20) NOT NULL DEFAULT '0',
  `DtStart` datetime NOT NULL DEFAULT '1970-01-01 00:00:00',
  `DtStop` datetime NOT NULL DEFAULT '9999-12-31 23:59:59',
  `LastModTime` timestamp NOT NULL DEFAULT CURRENT_TIMESTAMP ON UPDATE CURRENT_TIMESTAMP,
  `LastModBy` bigint(20) NOT NULL DEFAULT '0',
  `CreateTS` timestamp NOT NULL DEFAULT CURRENT_TIMESTAMP,
  `CreateBy` bigint(20) NOT NULL DEFAULT '0'
) ENGINE=InnoDB DEFAULT CHARSET=utf8;
/*!40101 SET character_set_client = @saved_cs_client */;

--
-- Dumping data for table `RentableTypeTax`
--

LOCK TABLES `RentableTypeTax` WRITE;
/*!40000 ALTER TABLE `RentableTypeTax` DISABLE KEYS */;
/*!40000 ALTER TABLE `RentableTypeTax` ENABLE KEYS */;
UNLOCK TABLES;

--
-- Table structure for table `RentableTypes`
--

DROP TABLE IF EXISTS `RentableTypes`;
/*!40101 SET @saved_cs_client     = @@character_set_client */;
/*!40101 SET character_set_client = utf8 */;
CREATE TABLE `RentableTypes` (
  `RTID` bigint(20) NOT NULL AUTO_INCREMENT,
  `BID` bigint(20) NOT NULL DEFAULT '0',
  `Style` char(255) NOT NULL DEFAULT '',
  `Name` varchar(256) NOT NULL DEFAULT '',
  `RentCycle` bigint(20) NOT NULL DEFAULT '0',
  `Proration` bigint(20) NOT NULL DEFAULT '0',
  `GSRPC` bigint(20) NOT NULL DEFAULT '0',
  `FLAGS` bigint(20) NOT NULL DEFAULT '0',
  `ARID` bigint(20) NOT NULL DEFAULT '0',
  `LastModTime` timestamp NOT NULL DEFAULT CURRENT_TIMESTAMP ON UPDATE CURRENT_TIMESTAMP,
  `LastModBy` bigint(20) NOT NULL DEFAULT '0',
  `CreateTS` timestamp NOT NULL DEFAULT CURRENT_TIMESTAMP,
  `CreateBy` bigint(20) NOT NULL DEFAULT '0',
  PRIMARY KEY (`RTID`)
) ENGINE=InnoDB AUTO_INCREMENT=9 DEFAULT CHARSET=utf8;
/*!40101 SET character_set_client = @saved_cs_client */;

--
-- Dumping data for table `RentableTypes`
--

LOCK TABLES `RentableTypes` WRITE;
/*!40000 ALTER TABLE `RentableTypes` DISABLE KEYS */;
INSERT INTO `RentableTypes` VALUES (1,1,'1BR1BA','Standard',6,4,4,12,45,'2019-04-18 23:18:27',0,'2019-04-18 23:18:27',0),(2,1,'2BR1BA','Deluxe',6,4,4,12,46,'2019-04-18 23:18:27',0,'2019-04-18 23:18:27',0),(3,1,'2BR2BA','Gold',6,4,4,12,47,'2019-04-18 23:18:27',0,'2019-04-18 23:18:27',0),(4,1,'3BR2BA','Platinum',6,4,4,12,48,'2019-04-18 23:18:27',0,'2019-04-18 23:18:27',0),(5,1,'H11','HotelStd',4,0,0,4,49,'2019-04-18 23:18:27',0,'2019-04-18 23:18:27',0),(6,1,'H21','HotelGold',4,0,0,4,50,'2019-04-18 23:18:27',0,'2019-04-18 23:18:27',0),(7,1,'H22','HotelPlatinum',4,0,0,4,51,'2019-04-18 23:18:27',0,'2019-04-18 23:18:27',0),(8,1,'CP000','Car Port 000',6,4,4,14,52,'2019-04-18 23:18:27',0,'2019-04-18 23:18:27',0);
/*!40000 ALTER TABLE `RentableTypes` ENABLE KEYS */;
UNLOCK TABLES;

--
-- Table structure for table `RentableUseStatus`
--

DROP TABLE IF EXISTS `RentableUseStatus`;
/*!40101 SET @saved_cs_client     = @@character_set_client */;
/*!40101 SET character_set_client = utf8 */;
CREATE TABLE `RentableUseStatus` (
  `RSID` bigint(20) NOT NULL AUTO_INCREMENT,
  `RID` bigint(20) NOT NULL DEFAULT '0',
  `BID` bigint(20) NOT NULL DEFAULT '0',
  `UseStatus` smallint(6) NOT NULL DEFAULT '0',
  `DtStart` datetime NOT NULL DEFAULT '1970-01-01 00:00:00',
  `DtStop` datetime NOT NULL DEFAULT '1970-01-01 00:00:00',
  `Comment` varchar(2048) NOT NULL DEFAULT '',
  `LastModTime` timestamp NOT NULL DEFAULT CURRENT_TIMESTAMP ON UPDATE CURRENT_TIMESTAMP,
  `LastModBy` bigint(20) NOT NULL DEFAULT '0',
  `CreateTS` timestamp NOT NULL DEFAULT CURRENT_TIMESTAMP,
  `CreateBy` bigint(20) NOT NULL DEFAULT '0',
  PRIMARY KEY (`RSID`)
) ENGINE=InnoDB AUTO_INCREMENT=1140 DEFAULT CHARSET=utf8;
/*!40101 SET character_set_client = @saved_cs_client */;

--
-- Dumping data for table `RentableUseStatus`
--

LOCK TABLES `RentableUseStatus` WRITE;
/*!40000 ALTER TABLE `RentableUseStatus` DISABLE KEYS */;
INSERT INTO `RentableUseStatus` VALUES (1,1,1,0,'2018-01-01 00:00:00','2018-07-05 00:00:00','','2019-04-18 23:18:27',0,'2019-04-18 23:18:27',0),(2,2,1,0,'2018-01-01 00:00:00','2018-07-05 00:00:00','','2019-04-18 23:18:28',0,'2019-04-18 23:18:27',0),(3,3,1,0,'2018-01-01 00:00:00','2018-07-05 00:00:00','','2019-04-18 23:18:28',0,'2019-04-18 23:18:27',0),(4,4,1,0,'2018-01-01 00:00:00','2018-07-05 00:00:00','','2019-04-18 23:18:28',0,'2019-04-18 23:18:27',0),(5,5,1,0,'2018-01-01 00:00:00','9999-12-31 00:00:00','','2019-04-18 23:18:27',0,'2019-04-18 23:18:27',0),(6,6,1,0,'2018-01-01 00:00:00','9999-12-31 00:00:00','','2019-04-18 23:18:27',0,'2019-04-18 23:18:27',0),(7,7,1,0,'2018-01-01 00:00:00','9999-12-31 00:00:00','','2019-04-18 23:18:27',0,'2019-04-18 23:18:27',0),(8,8,1,0,'2018-01-01 00:00:00','9999-12-31 00:00:00','','2019-04-18 23:18:27',0,'2019-04-18 23:18:27',0),(9,9,1,0,'2018-01-01 00:00:00','2018-07-10 23:53:38','','2019-04-18 23:18:30',0,'2019-04-18 23:18:27',0),(10,10,1,0,'2018-01-01 00:00:00','2018-07-17 23:54:57','','2019-04-18 23:18:30',0,'2019-04-18 23:18:27',0),(11,11,1,0,'2018-01-01 00:00:00','2018-07-07 23:54:30','','2019-04-18 23:18:30',0,'2019-04-18 23:18:27',0),(12,12,1,0,'2018-01-01 00:00:00','2018-07-05 23:54:06','','2019-04-18 23:18:30',0,'2019-04-18 23:18:27',0),(13,13,1,0,'2018-01-01 00:00:00','2018-07-06 23:53:28','','2019-04-18 23:18:31',0,'2019-04-18 23:18:27',0),(14,14,1,0,'2018-01-01 00:00:00','2018-07-09 23:54:19','','2019-04-18 23:18:31',0,'2019-04-18 23:18:27',0),(15,15,1,0,'2018-01-01 00:00:00','9999-12-31 00:00:00','','2019-04-18 23:18:27',0,'2019-04-18 23:18:27',0),(16,16,1,0,'2018-01-01 00:00:00','9999-12-31 00:00:00','','2019-04-18 23:18:27',0,'2019-04-18 23:18:27',0),(17,17,1,0,'2018-01-01 00:00:00','9999-12-31 00:00:00','','2019-04-18 23:18:27',0,'2019-04-18 23:18:27',0),(18,18,1,0,'2018-01-01 00:00:00','9999-12-31 00:00:00','','2019-04-18 23:18:27',0,'2019-04-18 23:18:27',0),(19,19,1,0,'2018-01-01 00:00:00','9999-12-31 00:00:00','','2019-04-18 23:18:27',0,'2019-04-18 23:18:27',0),(20,20,1,0,'2018-01-01 00:00:00','9999-12-31 00:00:00','','2019-04-18 23:18:27',0,'2019-04-18 23:18:27',0),(21,21,1,0,'2018-01-01 00:00:00','9999-12-31 00:00:00','','2019-04-18 23:18:27',0,'2019-04-18 23:18:27',0),(22,22,1,0,'2018-01-01 00:00:00','9999-12-31 00:00:00','','2019-04-18 23:18:27',0,'2019-04-18 23:18:27',0),(23,1,1,0,'2019-07-01 00:00:00','9999-12-31 00:00:00','','2019-04-18 23:18:27',0,'2019-04-18 23:18:27',0),(24,1,1,1,'2018-07-05 00:00:00','2019-07-01 00:00:00','','2019-04-18 23:18:27',0,'2019-04-18 23:18:27',0),(25,2,1,0,'2019-07-01 00:00:00','9999-12-31 00:00:00','','2019-04-18 23:18:28',0,'2019-04-18 23:18:28',0),(26,2,1,1,'2018-07-05 00:00:00','2019-07-01 00:00:00','','2019-04-18 23:18:28',0,'2019-04-18 23:18:28',0),(27,3,1,0,'2019-07-01 00:00:00','9999-12-31 00:00:00','','2019-04-18 23:18:28',0,'2019-04-18 23:18:28',0),(28,3,1,1,'2018-07-05 00:00:00','2019-07-01 00:00:00','','2019-04-18 23:18:28',0,'2019-04-18 23:18:28',0),(29,4,1,0,'2019-07-01 00:00:00','9999-12-31 00:00:00','','2019-04-18 23:18:28',0,'2019-04-18 23:18:28',0),(30,4,1,1,'2018-07-05 00:00:00','2019-07-01 00:00:00','','2019-04-18 23:18:28',0,'2019-04-18 23:18:28',0),(31,9,1,0,'2018-12-28 23:58:00','2018-12-29 00:00:00','','2019-04-18 23:18:30',0,'2019-04-18 23:18:30',0),(32,9,1,6,'2018-12-28 23:54:18','2018-12-28 23:58:00','','2019-04-18 23:18:30',0,'2019-04-18 23:18:30',0),(33,9,1,0,'2019-01-02 00:00:00','2019-01-03 23:54:33','','2019-04-18 23:18:30',0,'2019-04-18 23:18:30',0),(34,9,1,1,'2018-12-29 00:00:00','2018-12-29 23:52:21','','2019-04-18 23:18:30',0,'2019-04-18 23:18:30',0),(35,9,1,0,'2019-04-04 23:58:00','2019-04-05 00:00:00','','2019-04-18 23:18:30',0,'2019-04-18 23:18:30',0),(36,9,1,6,'2019-04-04 23:53:13','2019-04-04 23:58:00','','2019-04-18 23:18:30',0,'2019-04-18 23:18:30',0),(37,9,1,0,'2019-04-12 00:00:00','2019-04-24 23:53:46','','2019-04-18 23:18:30',0,'2019-04-18 23:18:30',0),(38,9,1,1,'2019-04-05 00:00:00','2019-04-12 00:00:00','','2019-04-18 23:18:30',0,'2019-04-18 23:18:30',0),(41,9,1,0,'2018-11-12 00:00:00','2018-11-15 23:53:23','','2019-04-18 23:18:30',0,'2019-04-18 23:18:30',0),(42,9,1,1,'2018-11-07 00:00:00','2018-11-12 00:00:00','','2019-04-18 23:18:30',0,'2019-04-18 23:18:30',0),(43,9,1,0,'2018-10-03 23:58:00','2018-10-04 00:00:00','','2019-04-18 23:18:30',0,'2019-04-18 23:18:30',0),(44,9,1,6,'2018-10-03 23:52:42','2018-10-03 23:58:00','','2019-04-18 23:18:30',0,'2019-04-18 23:18:30',0),(45,9,1,0,'2018-10-09 00:00:00','2018-10-11 23:52:18','','2019-04-18 23:18:30',0,'2019-04-18 23:18:30',0),(46,9,1,1,'2018-10-04 00:00:00','2018-10-09 00:00:00','','2019-04-18 23:18:30',0,'2019-04-18 23:18:30',0),(47,9,1,0,'2019-04-24 23:58:00','2019-04-25 00:00:00','','2019-04-18 23:18:30',0,'2019-04-18 23:18:30',0),(48,9,1,6,'2019-04-24 23:53:46','2019-04-24 23:58:00','','2019-04-18 23:18:30',0,'2019-04-18 23:18:30',0),(49,9,1,0,'2019-04-28 00:00:00','2019-05-01 23:54:16','','2019-04-18 23:18:30',0,'2019-04-18 23:18:30',0),(50,9,1,1,'2019-04-25 00:00:00','2019-04-28 00:00:00','','2019-04-18 23:18:30',0,'2019-04-18 23:18:30',0),(51,9,1,0,'2018-08-28 23:58:00','2018-08-29 00:00:00','','2019-04-18 23:18:30',0,'2019-04-18 23:18:30',0),(52,9,1,6,'2018-08-28 23:52:01','2018-08-28 23:58:00','','2019-04-18 23:18:30',0,'2019-04-18 23:18:30',0),(53,9,1,0,'2018-09-02 00:00:00','2018-09-03 23:54:14','','2019-04-18 23:18:30',0,'2019-04-18 23:18:30',0),(54,9,1,1,'2018-08-29 00:00:00','2018-09-02 00:00:00','','2019-04-18 23:18:30',0,'2019-04-18 23:18:30',0),(55,9,1,0,'2019-05-21 23:58:00','2019-05-22 00:00:00','','2019-04-18 23:18:30',0,'2019-04-18 23:18:30',0),(56,9,1,6,'2019-05-21 23:54:22','2019-05-21 23:58:00','','2019-04-18 23:18:30',0,'2019-04-18 23:18:30',0),(57,9,1,0,'2019-05-28 00:00:00','2019-05-31 23:53:10','','2019-04-18 23:18:30',0,'2019-04-18 23:18:30',0),(58,9,1,1,'2019-05-22 00:00:00','2019-05-28 00:00:00','','2019-04-18 23:18:30',0,'2019-04-18 23:18:30',0),(59,9,1,0,'2019-03-27 23:58:00','2019-03-28 00:00:00','','2019-04-18 23:18:30',0,'2019-04-18 23:18:30',0),(60,9,1,6,'2019-03-27 23:53:18','2019-03-27 23:58:00','','2019-04-18 23:18:30',0,'2019-04-18 23:18:30',0),(61,9,1,0,'2019-04-04 00:00:00','2019-04-04 23:53:13','','2019-04-18 23:18:30',0,'2019-04-18 23:18:30',0),(62,9,1,1,'2019-03-28 00:00:00','2019-04-04 00:00:00','','2019-04-18 23:18:30',0,'2019-04-18 23:18:30',0),(63,9,1,0,'2018-09-14 23:58:00','2018-09-15 00:00:00','','2019-04-18 23:18:30',0,'2019-04-18 23:18:30',0),(64,9,1,6,'2018-09-14 23:54:09','2018-09-14 23:58:00','','2019-04-18 23:18:30',0,'2019-04-18 23:18:30',0),(65,9,1,0,'2018-09-17 00:00:00','2018-09-21 23:52:20','','2019-04-18 23:18:30',0,'2019-04-18 23:18:30',0),(66,9,1,1,'2018-09-15 00:00:00','2018-09-17 00:00:00','','2019-04-18 23:18:30',0,'2019-04-18 23:18:30',0),(67,9,1,0,'2018-12-14 23:58:00','2018-12-15 00:00:00','','2019-04-18 23:18:30',0,'2019-04-18 23:18:30',0),(68,9,1,6,'2018-12-14 23:54:45','2018-12-14 23:58:00','','2019-04-18 23:18:30',0,'2019-04-18 23:18:30',0),(69,9,1,0,'2018-12-16 00:00:00','2018-12-19 23:52:43','','2019-04-18 23:18:30',0,'2019-04-18 23:18:30',0),(70,9,1,1,'2018-12-15 00:00:00','2018-12-16 00:00:00','','2019-04-18 23:18:30',0,'2019-04-18 23:18:30',0),(71,9,1,0,'2019-01-28 23:58:00','2019-01-29 00:00:00','','2019-04-18 23:18:30',0,'2019-04-18 23:18:30',0),(72,9,1,6,'2019-01-28 23:54:01','2019-01-28 23:58:00','','2019-04-18 23:18:30',0,'2019-04-18 23:18:30',0),(73,9,1,0,'2019-01-30 00:00:00','2019-01-31 23:52:32','','2019-04-18 23:18:30',0,'2019-04-18 23:18:30',0),(74,9,1,1,'2019-01-29 00:00:00','2019-01-30 00:00:00','','2019-04-18 23:18:30',0,'2019-04-18 23:18:30',0),(77,9,1,0,'2018-10-23 00:00:00','2018-10-31 23:52:17','','2019-04-18 23:18:30',0,'2019-04-18 23:18:30',0),(78,9,1,1,'2018-10-18 00:00:00','2018-10-23 00:00:00','','2019-04-18 23:18:30',0,'2019-04-18 23:18:30',0),(79,9,1,0,'2019-01-22 23:58:00','2019-01-23 00:00:00','','2019-04-18 23:18:30',0,'2019-04-18 23:18:30',0),(80,9,1,6,'2019-01-22 23:52:17','2019-01-22 23:58:00','','2019-04-18 23:18:30',0,'2019-04-18 23:18:30',0),(81,9,1,0,'2019-01-25 00:00:00','2019-01-28 23:54:01','','2019-04-18 23:18:30',0,'2019-04-18 23:18:30',0),(82,9,1,1,'2019-01-23 00:00:00','2019-01-25 00:00:00','','2019-04-18 23:18:30',0,'2019-04-18 23:18:30',0),(83,9,1,0,'2018-11-15 23:58:00','2018-11-16 00:00:00','','2019-04-18 23:18:30',0,'2019-04-18 23:18:30',0),(84,9,1,6,'2018-11-15 23:53:23','2018-11-15 23:58:00','','2019-04-18 23:18:30',0,'2019-04-18 23:18:30',0),(85,9,1,0,'2018-11-22 00:00:00','2018-11-26 23:52:23','','2019-04-18 23:18:30',0,'2019-04-18 23:18:30',0),(86,9,1,1,'2018-11-16 00:00:00','2018-11-22 00:00:00','','2019-04-18 23:18:30',0,'2019-04-18 23:18:30',0),(87,9,1,0,'2019-01-14 23:58:00','2019-01-15 00:00:00','','2019-04-18 23:18:30',0,'2019-04-18 23:18:30',0),(88,9,1,6,'2019-01-14 23:53:50','2019-01-14 23:58:00','','2019-04-18 23:18:30',0,'2019-04-18 23:18:30',0),(89,9,1,0,'2019-01-17 00:00:00','2019-01-22 23:52:17','','2019-04-18 23:18:30',0,'2019-04-18 23:18:30',0),(90,9,1,1,'2019-01-15 00:00:00','2019-01-17 00:00:00','','2019-04-18 23:18:30',0,'2019-04-18 23:18:30',0),(93,9,1,0,'2018-08-14 00:00:00','2018-08-15 23:52:36','','2019-04-18 23:18:30',0,'2019-04-18 23:18:30',0),(94,9,1,1,'2018-08-03 00:00:00','2018-08-07 23:53:22','','2019-04-18 23:18:30',0,'2019-04-18 23:18:30',0),(95,9,1,0,'2018-07-23 23:58:00','2018-07-24 00:00:00','','2019-04-18 23:18:30',0,'2019-04-18 23:18:30',0),(96,9,1,6,'2018-07-23 23:52:21','2018-07-23 23:58:00','','2019-04-18 23:18:30',0,'2019-04-18 23:18:30',0),(97,9,1,0,'2018-07-31 00:00:00','2018-07-31 23:52:52','','2019-04-18 23:18:30',0,'2019-04-18 23:18:30',0),(98,9,1,1,'2018-07-24 00:00:00','2018-07-31 00:00:00','','2019-04-18 23:18:30',0,'2019-04-18 23:18:30',0),(99,9,1,0,'2019-05-31 23:58:00','2019-06-01 00:00:00','','2019-04-18 23:18:30',0,'2019-04-18 23:18:30',0),(100,9,1,6,'2019-05-31 23:53:10','2019-05-31 23:58:00','','2019-04-18 23:18:30',0,'2019-04-18 23:18:30',0),(101,9,1,0,'2019-06-04 00:00:00','2019-06-30 23:52:18','','2019-04-18 23:18:30',0,'2019-04-18 23:18:30',0),(102,9,1,1,'2019-06-01 00:00:00','2019-06-04 00:00:00','','2019-04-18 23:18:30',0,'2019-04-18 23:18:30',0),(103,9,1,0,'2019-05-06 23:58:00','2019-05-07 00:00:00','','2019-04-18 23:18:30',0,'2019-04-18 23:18:30',0),(104,9,1,6,'2019-05-06 23:54:29','2019-05-06 23:58:00','','2019-04-18 23:18:30',0,'2019-04-18 23:18:30',0),(105,9,1,0,'2019-05-09 00:00:00','2019-05-21 23:54:22','','2019-04-18 23:18:30',0,'2019-04-18 23:18:30',0),(106,9,1,1,'2019-05-07 00:00:00','2019-05-09 00:00:00','','2019-04-18 23:18:30',0,'2019-04-18 23:18:30',0),(108,9,1,6,'2018-12-29 23:52:21','2018-12-29 23:58:00','','2019-04-18 23:18:30',0,'2019-04-18 23:18:30',0),(109,9,1,0,'2018-12-29 23:58:00','2018-12-30 00:00:00','','2019-04-18 23:18:30',0,'2019-04-18 23:18:30',0),(110,9,1,1,'2018-12-30 00:00:00','2019-01-02 00:00:00','','2019-04-18 23:18:30',0,'2019-04-18 23:18:30',0),(111,9,1,0,'2018-09-26 23:58:00','2018-09-27 00:00:00','','2019-04-18 23:18:30',0,'2019-04-18 23:18:30',0),(112,9,1,6,'2018-09-26 23:52:04','2018-09-26 23:58:00','','2019-04-18 23:18:30',0,'2019-04-18 23:18:30',0),(113,9,1,0,'2018-09-29 00:00:00','2018-09-29 23:54:01','','2019-04-18 23:18:30',0,'2019-04-18 23:18:30',0),(114,9,1,1,'2018-09-27 00:00:00','2018-09-29 00:00:00','','2019-04-18 23:18:30',0,'2019-04-18 23:18:30',0),(117,9,1,0,'2019-02-15 00:00:00','2019-02-21 23:53:36','','2019-04-18 23:18:30',0,'2019-04-18 23:18:30',0),(118,9,1,1,'2019-02-14 00:00:00','2019-02-15 00:00:00','','2019-04-18 23:18:30',0,'2019-04-18 23:18:30',0),(119,9,1,0,'2018-09-21 23:58:00','2018-09-22 00:00:00','','2019-04-18 23:18:30',0,'2019-04-18 23:18:30',0),(120,9,1,6,'2018-09-21 23:52:20','2018-09-21 23:58:00','','2019-04-18 23:18:30',0,'2019-04-18 23:18:30',0),(121,9,1,0,'2018-09-24 00:00:00','2018-09-26 23:52:04','','2019-04-18 23:18:30',0,'2019-04-18 23:18:30',0),(122,9,1,1,'2018-09-22 00:00:00','2018-09-24 00:00:00','','2019-04-18 23:18:30',0,'2019-04-18 23:18:30',0),(123,9,1,0,'2019-01-03 23:58:00','2019-01-04 00:00:00','','2019-04-18 23:18:30',0,'2019-04-18 23:18:30',0),(124,9,1,6,'2019-01-03 23:54:33','2019-01-03 23:58:00','','2019-04-18 23:18:30',0,'2019-04-18 23:18:30',0),(125,9,1,0,'2019-01-07 00:00:00','2019-01-14 23:53:50','','2019-04-18 23:18:30',0,'2019-04-18 23:18:30',0),(126,9,1,1,'2019-01-04 00:00:00','2019-01-07 00:00:00','','2019-04-18 23:18:30',0,'2019-04-18 23:18:30',0),(127,9,1,0,'2019-05-01 23:58:00','2019-05-02 00:00:00','','2019-04-18 23:18:30',0,'2019-04-18 23:18:30',0),(128,9,1,6,'2019-05-01 23:54:16','2019-05-01 23:58:00','','2019-04-18 23:18:30',0,'2019-04-18 23:18:30',0),(129,9,1,0,'2019-05-05 00:00:00','2019-05-06 23:54:29','','2019-04-18 23:18:30',0,'2019-04-18 23:18:30',0),(130,9,1,1,'2019-05-02 00:00:00','2019-05-05 00:00:00','','2019-04-18 23:18:30',0,'2019-04-18 23:18:30',0),(131,9,1,0,'2019-01-31 23:58:00','2019-02-01 00:00:00','','2019-04-18 23:18:30',0,'2019-04-18 23:18:30',0),(132,9,1,6,'2019-01-31 23:52:32','2019-01-31 23:58:00','','2019-04-18 23:18:30',0,'2019-04-18 23:18:30',0),(134,9,1,1,'2019-02-01 00:00:00','2019-02-02 23:53:40','','2019-04-18 23:18:30',0,'2019-04-18 23:18:30',0),(137,9,1,0,'2018-12-08 00:00:00','2018-12-08 23:53:05','','2019-04-18 23:18:30',0,'2019-04-18 23:18:30',0),(138,9,1,1,'2018-12-03 00:00:00','2018-12-08 00:00:00','','2019-04-18 23:18:30',0,'2019-04-18 23:18:30',0),(139,9,1,0,'2018-09-03 23:58:00','2018-09-04 00:00:00','','2019-04-18 23:18:30',0,'2019-04-18 23:18:30',0),(140,9,1,6,'2018-09-03 23:54:14','2018-09-03 23:58:00','','2019-04-18 23:18:30',0,'2019-04-18 23:18:30',0),(141,9,1,0,'2018-09-11 00:00:00','2018-09-14 23:54:09','','2019-04-18 23:18:30',0,'2019-04-18 23:18:30',0),(142,9,1,1,'2018-09-04 00:00:00','2018-09-06 23:53:07','','2019-04-18 23:18:30',0,'2019-04-18 23:18:30',0),(144,9,1,6,'2018-08-07 23:53:22','2018-08-07 23:58:00','','2019-04-18 23:18:30',0,'2019-04-18 23:18:30',0),(145,9,1,0,'2018-08-07 23:58:00','2018-08-08 00:00:00','','2019-04-18 23:18:30',0,'2019-04-18 23:18:30',0),(146,9,1,1,'2018-08-08 00:00:00','2018-08-14 00:00:00','','2019-04-18 23:18:30',0,'2019-04-18 23:18:30',0),(148,9,1,6,'2019-02-02 23:53:40','2019-02-02 23:58:00','','2019-04-18 23:18:30',0,'2019-04-18 23:18:30',0),(149,9,1,0,'2019-02-02 23:58:00','2019-02-03 00:00:00','','2019-04-18 23:18:30',0,'2019-04-18 23:18:30',0),(150,9,1,1,'2019-02-03 00:00:00','2019-02-06 23:52:13','','2019-04-18 23:18:30',0,'2019-04-18 23:18:30',0),(152,9,1,6,'2019-02-06 23:52:13','2019-02-06 23:58:00','','2019-04-18 23:18:30',0,'2019-04-18 23:18:30',0),(153,9,1,0,'2019-02-06 23:58:00','2019-02-07 00:00:00','','2019-04-18 23:18:30',0,'2019-04-18 23:18:30',0),(154,9,1,1,'2019-02-07 00:00:00','2019-02-14 00:00:00','','2019-04-18 23:18:30',0,'2019-04-18 23:18:30',0),(155,9,1,0,'2019-03-14 23:58:00','2019-03-15 00:00:00','','2019-04-18 23:18:30',0,'2019-04-18 23:18:30',0),(156,9,1,6,'2019-03-14 23:54:04','2019-03-14 23:58:00','','2019-04-18 23:18:30',0,'2019-04-18 23:18:30',0),(157,9,1,0,'2019-03-20 00:00:00','2019-03-22 23:52:04','','2019-04-18 23:18:30',0,'2019-04-18 23:18:30',0),(158,9,1,1,'2019-03-15 00:00:00','2019-03-20 00:00:00','','2019-04-18 23:18:30',0,'2019-04-18 23:18:30',0),(159,9,1,0,'2019-03-05 23:58:00','2019-03-06 00:00:00','','2019-04-18 23:18:30',0,'2019-04-18 23:18:30',0),(160,9,1,6,'2019-03-05 23:52:57','2019-03-05 23:58:00','','2019-04-18 23:18:30',0,'2019-04-18 23:18:30',0),(161,9,1,0,'2019-03-11 00:00:00','2019-03-14 23:54:04','','2019-04-18 23:18:30',0,'2019-04-18 23:18:30',0),(162,9,1,1,'2019-03-06 00:00:00','2019-03-11 00:00:00','','2019-04-18 23:18:30',0,'2019-04-18 23:18:30',0),(163,9,1,0,'2019-06-30 23:58:00','2019-07-01 00:00:00','','2019-04-18 23:18:30',0,'2019-04-18 23:18:30',0),(164,9,1,6,'2019-06-30 23:52:18','2019-06-30 23:58:00','','2019-04-18 23:18:30',0,'2019-04-18 23:18:30',0),(165,9,1,0,'2019-07-04 00:00:00','9999-12-31 00:00:00','','2019-04-18 23:18:30',0,'2019-04-18 23:18:30',0),(166,9,1,1,'2019-07-01 00:00:00','2019-07-04 00:00:00','','2019-04-18 23:18:30',0,'2019-04-18 23:18:30',0),(167,9,1,0,'2018-08-23 23:58:00','2018-08-24 00:00:00','','2019-04-18 23:18:30',0,'2019-04-18 23:18:30',0),(168,9,1,6,'2018-08-23 23:52:35','2018-08-23 23:58:00','','2019-04-18 23:18:30',0,'2019-04-18 23:18:30',0),(169,9,1,0,'2018-08-27 00:00:00','2018-08-28 23:52:01','','2019-04-18 23:18:30',0,'2019-04-18 23:18:30',0),(170,9,1,1,'2018-08-24 00:00:00','2018-08-27 00:00:00','','2019-04-18 23:18:30',0,'2019-04-18 23:18:30',0),(171,9,1,0,'2018-07-10 23:58:00','2018-07-11 00:00:00','','2019-04-18 23:18:30',0,'2019-04-18 23:18:30',0),(172,9,1,6,'2018-07-10 23:53:38','2018-07-10 23:58:00','','2019-04-18 23:18:30',0,'2019-04-18 23:18:30',0),(173,9,1,0,'2018-07-16 00:00:00','2018-07-23 23:52:21','','2019-04-18 23:18:30',0,'2019-04-18 23:18:30',0),(174,9,1,1,'2018-07-11 00:00:00','2018-07-16 00:00:00','','2019-04-18 23:18:30',0,'2019-04-18 23:18:30',0),(175,9,1,0,'2018-12-19 23:58:00','2018-12-20 00:00:00','','2019-04-18 23:18:30',0,'2019-04-18 23:18:30',0),(176,9,1,6,'2018-12-19 23:52:43','2018-12-19 23:58:00','','2019-04-18 23:18:30',0,'2019-04-18 23:18:30',0),(177,9,1,0,'2018-12-27 00:00:00','2018-12-28 23:54:18','','2019-04-18 23:18:30',0,'2019-04-18 23:18:30',0),(178,9,1,1,'2018-12-20 00:00:00','2018-12-27 00:00:00','','2019-04-18 23:18:30',0,'2019-04-18 23:18:30',0),(179,9,1,0,'2018-10-31 23:58:00','2018-11-01 00:00:00','','2019-04-18 23:18:30',0,'2019-04-18 23:18:30',0),(180,9,1,6,'2018-10-31 23:52:17','2018-10-31 23:58:00','','2019-04-18 23:18:30',0,'2019-04-18 23:18:30',0),(181,9,1,1,'2018-11-01 00:00:00','2018-11-07 00:00:00','','2019-04-18 23:18:30',0,'2019-04-18 23:18:30',0),(182,9,1,0,'2018-07-31 23:58:00','2018-08-01 00:00:00','','2019-04-18 23:18:30',0,'2019-04-18 23:18:30',0),(183,9,1,6,'2018-07-31 23:52:52','2018-07-31 23:58:00','','2019-04-18 23:18:30',0,'2019-04-18 23:18:30',0),(184,9,1,1,'2018-08-01 00:00:00','2018-08-03 00:00:00','','2019-04-18 23:18:30',0,'2019-04-18 23:18:30',0),(187,9,1,0,'2019-03-03 00:00:00','2019-03-05 23:52:57','','2019-04-18 23:18:30',0,'2019-04-18 23:18:30',0),(188,9,1,1,'2019-03-01 00:00:00','2019-03-03 00:00:00','','2019-04-18 23:18:30',0,'2019-04-18 23:18:30',0),(189,9,1,0,'2018-12-08 23:58:00','2018-12-09 00:00:00','','2019-04-18 23:18:30',0,'2019-04-18 23:18:30',0),(190,9,1,6,'2018-12-08 23:53:05','2018-12-08 23:58:00','','2019-04-18 23:18:30',0,'2019-04-18 23:18:30',0),(191,9,1,0,'2018-12-12 00:00:00','2018-12-14 23:54:45','','2019-04-18 23:18:30',0,'2019-04-18 23:18:30',0),(192,9,1,1,'2018-12-09 00:00:00','2018-12-12 00:00:00','','2019-04-18 23:18:30',0,'2019-04-18 23:18:30',0),(193,9,1,0,'2018-09-29 23:58:00','2018-09-30 00:00:00','','2019-04-18 23:18:30',0,'2019-04-18 23:18:30',0),(194,9,1,6,'2018-09-29 23:54:01','2018-09-29 23:58:00','','2019-04-18 23:18:30',0,'2019-04-18 23:18:30',0),(195,9,1,0,'2018-10-03 00:00:00','2018-10-03 23:52:42','','2019-04-18 23:18:30',0,'2019-04-18 23:18:30',0),(196,9,1,1,'2018-09-30 00:00:00','2018-10-03 00:00:00','','2019-04-18 23:18:30',0,'2019-04-18 23:18:30',0),(197,9,1,0,'2018-11-26 23:58:00','2018-11-27 00:00:00','','2019-04-18 23:18:30',0,'2019-04-18 23:18:30',0),(198,9,1,6,'2018-11-26 23:52:23','2018-11-26 23:58:00','','2019-04-18 23:18:30',0,'2019-04-18 23:18:30',0),(199,9,1,1,'2018-11-27 00:00:00','2018-12-03 00:00:00','','2019-04-18 23:18:30',0,'2019-04-18 23:18:30',0),(200,9,1,0,'2018-08-15 23:58:00','2018-08-16 00:00:00','','2019-04-18 23:18:30',0,'2019-04-18 23:18:30',0),(201,9,1,6,'2018-08-15 23:52:36','2018-08-15 23:58:00','','2019-04-18 23:18:30',0,'2019-04-18 23:18:30',0),(202,9,1,0,'2018-08-17 00:00:00','2018-08-23 23:52:35','','2019-04-18 23:18:30',0,'2019-04-18 23:18:30',0),(203,9,1,1,'2018-08-16 00:00:00','2018-08-17 00:00:00','','2019-04-18 23:18:30',0,'2019-04-18 23:18:30',0),(204,9,1,0,'2019-03-22 23:58:00','2019-03-23 00:00:00','','2019-04-18 23:18:30',0,'2019-04-18 23:18:30',0),(205,9,1,6,'2019-03-22 23:52:04','2019-03-22 23:58:00','','2019-04-18 23:18:30',0,'2019-04-18 23:18:30',0),(206,9,1,0,'2019-03-27 00:00:00','2019-03-27 23:53:18','','2019-04-18 23:18:30',0,'2019-04-18 23:18:30',0),(207,9,1,1,'2019-03-23 00:00:00','2019-03-27 00:00:00','','2019-04-18 23:18:30',0,'2019-04-18 23:18:30',0),(208,9,1,0,'2018-10-11 23:58:00','2018-10-12 00:00:00','','2019-04-18 23:18:30',0,'2019-04-18 23:18:30',0),(209,9,1,6,'2018-10-11 23:52:18','2018-10-11 23:58:00','','2019-04-18 23:18:30',0,'2019-04-18 23:18:30',0),(210,9,1,1,'2018-10-12 00:00:00','2018-10-18 00:00:00','','2019-04-18 23:18:30',0,'2019-04-18 23:18:30',0),(212,9,1,6,'2018-09-06 23:53:07','2018-09-06 23:58:00','','2019-04-18 23:18:30',0,'2019-04-18 23:18:30',0),(213,9,1,0,'2018-09-06 23:58:00','2018-09-07 00:00:00','','2019-04-18 23:18:30',0,'2019-04-18 23:18:30',0),(214,9,1,1,'2018-09-07 00:00:00','2018-09-11 00:00:00','','2019-04-18 23:18:30',0,'2019-04-18 23:18:30',0),(215,9,1,0,'2019-02-21 23:58:00','2019-02-22 00:00:00','','2019-04-18 23:18:30',0,'2019-04-18 23:18:30',0),(216,9,1,6,'2019-02-21 23:53:36','2019-02-21 23:58:00','','2019-04-18 23:18:30',0,'2019-04-18 23:18:30',0),(217,9,1,1,'2019-02-22 00:00:00','2019-03-01 00:00:00','','2019-04-18 23:18:30',0,'2019-04-18 23:18:30',0),(218,10,1,0,'2018-09-27 23:58:00','2018-09-28 00:00:00','','2019-04-18 23:18:30',0,'2019-04-18 23:18:30',0),(219,10,1,6,'2018-09-27 23:53:42','2018-09-27 23:58:00','','2019-04-18 23:18:30',0,'2019-04-18 23:18:30',0),(220,10,1,0,'2018-10-01 00:00:00','2018-10-01 23:54:11','','2019-04-18 23:18:30',0,'2019-04-18 23:18:30',0),(221,10,1,1,'2018-09-28 00:00:00','2018-10-01 00:00:00','','2019-04-18 23:18:30',0,'2019-04-18 23:18:30',0),(222,10,1,0,'2018-11-26 23:58:00','2018-11-27 00:00:00','','2019-04-18 23:18:30',0,'2019-04-18 23:18:30',0),(223,10,1,6,'2018-11-26 23:54:06','2018-11-26 23:58:00','','2019-04-18 23:18:30',0,'2019-04-18 23:18:30',0),(224,10,1,0,'2018-11-30 00:00:00','2018-12-06 23:53:38','','2019-04-18 23:18:30',0,'2019-04-18 23:18:30',0),(225,10,1,1,'2018-11-27 00:00:00','2018-11-30 00:00:00','','2019-04-18 23:18:30',0,'2019-04-18 23:18:30',0),(228,10,1,0,'2019-03-20 00:00:00','2019-03-20 23:53:11','','2019-04-18 23:18:30',0,'2019-04-18 23:18:30',0),(229,10,1,1,'2019-03-18 00:00:00','2019-03-20 00:00:00','','2019-04-18 23:18:30',0,'2019-04-18 23:18:30',0),(230,10,1,0,'2018-12-27 23:58:00','2018-12-28 00:00:00','','2019-04-18 23:18:30',0,'2019-04-18 23:18:30',0),(231,10,1,6,'2018-12-27 23:52:41','2018-12-27 23:58:00','','2019-04-18 23:18:30',0,'2019-04-18 23:18:30',0),(232,10,1,0,'2019-01-07 00:00:00','2019-01-10 23:54:09','','2019-04-18 23:18:30',0,'2019-04-18 23:18:30',0),(233,10,1,1,'2018-12-28 00:00:00','2018-12-31 23:53:21','','2019-04-18 23:18:30',0,'2019-04-18 23:18:30',0),(235,10,1,6,'2018-12-31 23:53:21','2018-12-31 23:58:00','','2019-04-18 23:18:30',0,'2019-04-18 23:18:30',0),(236,10,1,0,'2018-12-31 23:58:00','2019-01-01 00:00:00','','2019-04-18 23:18:30',0,'2019-04-18 23:18:30',0),(237,10,1,1,'2019-01-01 00:00:00','2019-01-07 00:00:00','','2019-04-18 23:18:30',0,'2019-04-18 23:18:30',0),(238,10,1,0,'2019-03-25 23:58:00','2019-03-26 00:00:00','','2019-04-18 23:18:30',0,'2019-04-18 23:18:30',0),(239,10,1,6,'2019-03-25 23:52:01','2019-03-25 23:58:00','','2019-04-18 23:18:30',0,'2019-04-18 23:18:30',0),(240,10,1,0,'2019-04-01 00:00:00','2019-04-06 23:52:43','','2019-04-18 23:18:30',0,'2019-04-18 23:18:30',0),(241,10,1,1,'2019-03-26 00:00:00','2019-04-01 00:00:00','','2019-04-18 23:18:30',0,'2019-04-18 23:18:30',0),(242,10,1,0,'2018-10-06 23:58:00','2018-10-07 00:00:00','','2019-04-18 23:18:30',0,'2019-04-18 23:18:30',0),(243,10,1,6,'2018-10-06 23:54:53','2018-10-06 23:58:00','','2019-04-18 23:18:30',0,'2019-04-18 23:18:30',0),(244,10,1,0,'2018-10-20 00:00:00','2018-10-21 23:54:05','','2019-04-18 23:18:30',0,'2019-04-18 23:18:30',0),(245,10,1,1,'2018-10-07 00:00:00','2018-10-12 23:54:19','','2019-04-18 23:18:30',0,'2019-04-18 23:18:30',0),(246,10,1,0,'2018-09-19 23:58:00','2018-09-20 00:00:00','','2019-04-18 23:18:30',0,'2019-04-18 23:18:30',0),(247,10,1,6,'2018-09-19 23:53:30','2018-09-19 23:58:00','','2019-04-18 23:18:30',0,'2019-04-18 23:18:30',0),(248,10,1,0,'2018-09-23 00:00:00','2018-09-24 23:53:16','','2019-04-18 23:18:30',0,'2019-04-18 23:18:30',0),(249,10,1,1,'2018-09-20 00:00:00','2018-09-23 00:00:00','','2019-04-18 23:18:30',0,'2019-04-18 23:18:30',0),(250,10,1,0,'2018-10-25 23:58:00','2018-10-26 00:00:00','','2019-04-18 23:18:30',0,'2019-04-18 23:18:30',0),(251,10,1,6,'2018-10-25 23:54:01','2018-10-25 23:58:00','','2019-04-18 23:18:30',0,'2019-04-18 23:18:30',0),(252,10,1,0,'2018-10-30 00:00:00','2018-11-05 23:53:39','','2019-04-18 23:18:30',0,'2019-04-18 23:18:30',0),(253,10,1,1,'2018-10-26 00:00:00','2018-10-30 00:00:00','','2019-04-18 23:18:30',0,'2019-04-18 23:18:30',0),(254,10,1,0,'2018-08-01 23:58:00','2018-08-02 00:00:00','','2019-04-18 23:18:30',0,'2019-04-18 23:18:30',0),(255,10,1,6,'2018-08-01 23:54:44','2018-08-01 23:58:00','','2019-04-18 23:18:30',0,'2019-04-18 23:18:30',0),(256,10,1,0,'2018-08-12 00:00:00','2018-08-15 23:53:52','','2019-04-18 23:18:30',0,'2019-04-18 23:18:30',0),(257,10,1,1,'2018-08-02 00:00:00','2018-08-08 23:52:53','','2019-04-18 23:18:30',0,'2019-04-18 23:18:30',0),(258,10,1,0,'2019-02-09 23:58:00','2019-02-10 00:00:00','','2019-04-18 23:18:30',0,'2019-04-18 23:18:30',0),(259,10,1,6,'2019-02-09 23:53:46','2019-02-09 23:58:00','','2019-04-18 23:18:30',0,'2019-04-18 23:18:30',0),(260,10,1,0,'2019-02-16 00:00:00','2019-02-21 23:52:21','','2019-04-18 23:18:30',0,'2019-04-18 23:18:30',0),(261,10,1,1,'2019-02-10 00:00:00','2019-02-16 00:00:00','','2019-04-18 23:18:30',0,'2019-04-18 23:18:30',0),(262,10,1,0,'2018-12-20 23:58:00','2018-12-21 00:00:00','','2019-04-18 23:18:30',0,'2019-04-18 23:18:30',0),(263,10,1,6,'2018-12-20 23:54:50','2018-12-20 23:58:00','','2019-04-18 23:18:30',0,'2019-04-18 23:18:30',0),(264,10,1,0,'2018-12-25 00:00:00','2018-12-27 23:52:41','','2019-04-18 23:18:30',0,'2019-04-18 23:18:30',0),(265,10,1,1,'2018-12-21 00:00:00','2018-12-25 00:00:00','','2019-04-18 23:18:30',0,'2019-04-18 23:18:30',0),(266,10,1,0,'2019-04-06 23:58:00','2019-04-07 00:00:00','','2019-04-18 23:18:30',0,'2019-04-18 23:18:30',0),(267,10,1,6,'2019-04-06 23:52:43','2019-04-06 23:58:00','','2019-04-18 23:18:30',0,'2019-04-18 23:18:30',0),(268,10,1,0,'2019-04-08 00:00:00','2019-04-18 23:52:59','','2019-04-18 23:18:30',0,'2019-04-18 23:18:30',0),(269,10,1,1,'2019-04-07 00:00:00','2019-04-08 00:00:00','','2019-04-18 23:18:30',0,'2019-04-18 23:18:30',0),(270,10,1,0,'2018-10-01 23:58:00','2018-10-02 00:00:00','','2019-04-18 23:18:30',0,'2019-04-18 23:18:30',0),(271,10,1,6,'2018-10-01 23:54:11','2018-10-01 23:58:00','','2019-04-18 23:18:30',0,'2019-04-18 23:18:30',0),(272,10,1,0,'2018-10-04 00:00:00','2018-10-06 23:54:53','','2019-04-18 23:18:30',0,'2019-04-18 23:18:30',0),(273,10,1,1,'2018-10-02 00:00:00','2018-10-04 00:00:00','','2019-04-18 23:18:30',0,'2019-04-18 23:18:30',0),(274,10,1,0,'2019-03-09 23:58:00','2019-03-10 00:00:00','','2019-04-18 23:18:30',0,'2019-04-18 23:18:30',0),(275,10,1,6,'2019-03-09 23:53:29','2019-03-09 23:58:00','','2019-04-18 23:18:30',0,'2019-04-18 23:18:30',0),(277,10,1,1,'2019-03-10 00:00:00','2019-03-10 23:52:23','','2019-04-18 23:18:30',0,'2019-04-18 23:18:30',0),(278,10,1,0,'2019-04-18 23:58:00','2019-04-19 00:00:00','','2019-04-18 23:18:30',0,'2019-04-18 23:18:30',0),(279,10,1,6,'2019-04-18 23:52:59','2019-04-18 23:58:00','','2019-04-18 23:18:30',0,'2019-04-18 23:18:30',0),(280,10,1,0,'2019-04-22 00:00:00','2019-04-24 23:52:06','','2019-04-18 23:18:30',0,'2019-04-18 23:18:30',0),(281,10,1,1,'2019-04-19 00:00:00','2019-04-22 00:00:00','','2019-04-18 23:18:30',0,'2019-04-18 23:18:30',0),(282,10,1,0,'2018-11-15 23:58:00','2018-11-16 00:00:00','','2019-04-18 23:18:30',0,'2019-04-18 23:18:30',0),(283,10,1,6,'2018-11-15 23:52:57','2018-11-15 23:58:00','','2019-04-18 23:18:30',0,'2019-04-18 23:18:30',0),(284,10,1,0,'2018-11-26 00:00:00','2018-11-26 23:54:06','','2019-04-18 23:18:30',0,'2019-04-18 23:18:30',0),(285,10,1,1,'2018-11-16 00:00:00','2018-11-20 23:53:40','','2019-04-18 23:18:30',0,'2019-04-18 23:18:30',0),(286,10,1,0,'2018-12-06 23:58:00','2018-12-07 00:00:00','','2019-04-18 23:18:30',0,'2019-04-18 23:18:30',0),(287,10,1,6,'2018-12-06 23:53:38','2018-12-06 23:58:00','','2019-04-18 23:18:30',0,'2019-04-18 23:18:30',0),(288,10,1,0,'2018-12-14 00:00:00','2018-12-20 23:54:50','','2019-04-18 23:18:30',0,'2019-04-18 23:18:30',0),(289,10,1,1,'2018-12-07 00:00:00','2018-12-14 00:00:00','','2019-04-18 23:18:30',0,'2019-04-18 23:18:30',0),(290,10,1,0,'2019-06-24 23:58:00','2019-06-25 00:00:00','','2019-04-18 23:18:30',0,'2019-04-18 23:18:30',0),(291,10,1,6,'2019-06-24 23:54:02','2019-06-24 23:58:00','','2019-04-18 23:18:30',0,'2019-04-18 23:18:30',0),(292,10,1,0,'2019-06-30 00:00:00','9999-12-31 00:00:00','','2019-04-18 23:18:30',0,'2019-04-18 23:18:30',0),(293,10,1,1,'2019-06-25 00:00:00','2019-06-30 00:00:00','','2019-04-18 23:18:30',0,'2019-04-18 23:18:30',0),(294,10,1,0,'2018-08-15 23:58:00','2018-08-16 00:00:00','','2019-04-18 23:18:30',0,'2019-04-18 23:18:30',0),(295,10,1,6,'2018-08-15 23:53:52','2018-08-15 23:58:00','','2019-04-18 23:18:30',0,'2019-04-18 23:18:30',0),(296,10,1,0,'2018-08-23 00:00:00','2018-08-24 23:52:58','','2019-04-18 23:18:30',0,'2019-04-18 23:18:30',0),(297,10,1,1,'2018-08-16 00:00:00','2018-08-23 00:00:00','','2019-04-18 23:18:30',0,'2019-04-18 23:18:30',0),(298,10,1,0,'2018-08-24 23:58:00','2018-08-25 00:00:00','','2019-04-18 23:18:30',0,'2019-04-18 23:18:30',0),(299,10,1,6,'2018-08-24 23:52:58','2018-08-24 23:58:00','','2019-04-18 23:18:30',0,'2019-04-18 23:18:30',0),(300,10,1,0,'2018-09-01 00:00:00','2018-09-03 23:53:24','','2019-04-18 23:18:30',0,'2019-04-18 23:18:30',0),(301,10,1,1,'2018-08-25 00:00:00','2018-08-25 23:54:55','','2019-04-18 23:18:30',0,'2019-04-18 23:18:30',0),(302,10,1,0,'2019-04-24 23:58:00','2019-04-25 00:00:00','','2019-04-18 23:18:30',0,'2019-04-18 23:18:30',0),(303,10,1,6,'2019-04-24 23:52:06','2019-04-24 23:58:00','','2019-04-18 23:18:30',0,'2019-04-18 23:18:30',0),(304,10,1,0,'2019-04-26 00:00:00','2019-05-02 23:52:42','','2019-04-18 23:18:30',0,'2019-04-18 23:18:30',0),(305,10,1,1,'2019-04-25 00:00:00','2019-04-26 00:00:00','','2019-04-18 23:18:30',0,'2019-04-18 23:18:30',0),(308,10,1,0,'2019-03-24 00:00:00','2019-03-25 23:52:01','','2019-04-18 23:18:30',0,'2019-04-18 23:18:30',0),(309,10,1,1,'2019-03-22 00:00:00','2019-03-24 00:00:00','','2019-04-18 23:18:30',0,'2019-04-18 23:18:30',0),(312,10,1,0,'2019-03-02 00:00:00','2019-03-09 23:53:29','','2019-04-18 23:18:30',0,'2019-04-18 23:18:30',0),(313,10,1,1,'2019-02-24 00:00:00','2019-03-02 00:00:00','','2019-04-18 23:18:30',0,'2019-04-18 23:18:30',0),(314,10,1,0,'2019-05-09 23:58:00','2019-05-10 00:00:00','','2019-04-18 23:18:30',0,'2019-04-18 23:18:30',0),(315,10,1,6,'2019-05-09 23:53:42','2019-05-09 23:58:00','','2019-04-18 23:18:30',0,'2019-04-18 23:18:30',0),(316,10,1,0,'2019-05-15 00:00:00','2019-05-18 23:52:32','','2019-04-18 23:18:30',0,'2019-04-18 23:18:30',0),(317,10,1,1,'2019-05-10 00:00:00','2019-05-15 00:00:00','','2019-04-18 23:18:30',0,'2019-04-18 23:18:30',0),(318,10,1,0,'2019-02-21 23:58:00','2019-02-22 00:00:00','','2019-04-18 23:18:30',0,'2019-04-18 23:18:30',0),(319,10,1,6,'2019-02-21 23:52:21','2019-02-21 23:58:00','','2019-04-18 23:18:30',0,'2019-04-18 23:18:30',0),(320,10,1,1,'2019-02-22 00:00:00','2019-02-24 00:00:00','','2019-04-18 23:18:30',0,'2019-04-18 23:18:30',0),(322,10,1,6,'2018-08-25 23:54:55','2018-08-25 23:58:00','','2019-04-18 23:18:30',0,'2019-04-18 23:18:30',0),(323,10,1,0,'2018-08-25 23:58:00','2018-08-26 00:00:00','','2019-04-18 23:18:30',0,'2019-04-18 23:18:30',0),(324,10,1,1,'2018-08-26 00:00:00','2018-09-01 00:00:00','','2019-04-18 23:18:30',0,'2019-04-18 23:18:30',0),(325,10,1,0,'2019-06-14 23:58:00','2019-06-15 00:00:00','','2019-04-18 23:18:30',0,'2019-04-18 23:18:30',0),(326,10,1,6,'2019-06-14 23:53:40','2019-06-14 23:58:00','','2019-04-18 23:18:30',0,'2019-04-18 23:18:30',0),(327,10,1,0,'2019-06-19 00:00:00','2019-06-24 23:54:02','','2019-04-18 23:18:30',0,'2019-04-18 23:18:30',0),(328,10,1,1,'2019-06-15 00:00:00','2019-06-19 00:00:00','','2019-04-18 23:18:30',0,'2019-04-18 23:18:30',0),(329,10,1,0,'2019-02-02 23:58:00','2019-02-03 00:00:00','','2019-04-18 23:18:30',0,'2019-04-18 23:18:30',0),(330,10,1,6,'2019-02-02 23:54:42','2019-02-02 23:58:00','','2019-04-18 23:18:30',0,'2019-04-18 23:18:30',0),(331,10,1,0,'2019-02-04 00:00:00','2019-02-09 23:53:46','','2019-04-18 23:18:30',0,'2019-04-18 23:18:30',0),(332,10,1,1,'2019-02-03 00:00:00','2019-02-04 00:00:00','','2019-04-18 23:18:30',0,'2019-04-18 23:18:30',0),(333,10,1,0,'2019-05-23 23:58:00','2019-05-24 00:00:00','','2019-04-18 23:18:30',0,'2019-04-18 23:18:30',0),(334,10,1,6,'2019-05-23 23:53:07','2019-05-23 23:58:00','','2019-04-18 23:18:30',0,'2019-04-18 23:18:30',0),(335,10,1,0,'2019-05-28 00:00:00','2019-06-05 23:52:08','','2019-04-18 23:18:30',0,'2019-04-18 23:18:30',0),(336,10,1,1,'2019-05-24 00:00:00','2019-05-28 00:00:00','','2019-04-18 23:18:30',0,'2019-04-18 23:18:30',0),(337,10,1,0,'2019-06-05 23:58:00','2019-06-06 00:00:00','','2019-04-18 23:18:30',0,'2019-04-18 23:18:30',0),(338,10,1,6,'2019-06-05 23:52:08','2019-06-05 23:58:00','','2019-04-18 23:18:30',0,'2019-04-18 23:18:30',0),(339,10,1,0,'2019-06-13 00:00:00','2019-06-14 23:53:40','','2019-04-18 23:18:30',0,'2019-04-18 23:18:30',0),(340,10,1,1,'2019-06-06 00:00:00','2019-06-13 00:00:00','','2019-04-18 23:18:30',0,'2019-04-18 23:18:30',0),(342,10,1,6,'2018-08-08 23:52:53','2018-08-08 23:58:00','','2019-04-18 23:18:30',0,'2019-04-18 23:18:30',0),(343,10,1,0,'2018-08-08 23:58:00','2018-08-09 00:00:00','','2019-04-18 23:18:30',0,'2019-04-18 23:18:30',0),(344,10,1,1,'2018-08-09 00:00:00','2018-08-12 00:00:00','','2019-04-18 23:18:30',0,'2019-04-18 23:18:30',0),(345,10,1,0,'2019-05-02 23:58:00','2019-05-03 00:00:00','','2019-04-18 23:18:30',0,'2019-04-18 23:18:30',0),(346,10,1,6,'2019-05-02 23:52:42','2019-05-02 23:58:00','','2019-04-18 23:18:30',0,'2019-04-18 23:18:30',0),(347,10,1,0,'2019-05-08 00:00:00','2019-05-09 23:53:42','','2019-04-18 23:18:30',0,'2019-04-18 23:18:30',0),(348,10,1,1,'2019-05-03 00:00:00','2019-05-08 00:00:00','','2019-04-18 23:18:30',0,'2019-04-18 23:18:30',0),(349,10,1,0,'2018-07-17 23:58:00','2018-07-18 00:00:00','','2019-04-18 23:18:30',0,'2019-04-18 23:18:30',0),(350,10,1,6,'2018-07-17 23:54:57','2018-07-17 23:58:00','','2019-04-18 23:18:30',0,'2019-04-18 23:18:30',0),(351,10,1,0,'2018-07-23 00:00:00','2018-08-01 23:54:44','','2019-04-18 23:18:30',0,'2019-04-18 23:18:30',0),(352,10,1,1,'2018-07-18 00:00:00','2018-07-23 00:00:00','','2019-04-18 23:18:30',0,'2019-04-18 23:18:30',0),(353,10,1,0,'2019-01-10 23:58:00','2019-01-11 00:00:00','','2019-04-18 23:18:30',0,'2019-04-18 23:18:30',0),(354,10,1,6,'2019-01-10 23:54:09','2019-01-10 23:58:00','','2019-04-18 23:18:30',0,'2019-04-18 23:18:30',0),(355,10,1,0,'2019-01-17 00:00:00','2019-01-18 23:52:30','','2019-04-18 23:18:30',0,'2019-04-18 23:18:30',0),(356,10,1,1,'2019-01-11 00:00:00','2019-01-17 00:00:00','','2019-04-18 23:18:30',0,'2019-04-18 23:18:30',0),(357,10,1,0,'2019-03-20 23:58:00','2019-03-21 00:00:00','','2019-04-18 23:18:30',0,'2019-04-18 23:18:30',0),(358,10,1,6,'2019-03-20 23:53:11','2019-03-20 23:58:00','','2019-04-18 23:18:30',0,'2019-04-18 23:18:30',0),(359,10,1,1,'2019-03-21 00:00:00','2019-03-22 00:00:00','','2019-04-18 23:18:30',0,'2019-04-18 23:18:30',0),(360,10,1,0,'2019-05-18 23:58:00','2019-05-19 00:00:00','','2019-04-18 23:18:30',0,'2019-04-18 23:18:30',0),(361,10,1,6,'2019-05-18 23:52:32','2019-05-18 23:58:00','','2019-04-18 23:18:30',0,'2019-04-18 23:18:30',0),(362,10,1,0,'2019-05-23 00:00:00','2019-05-23 23:53:07','','2019-04-18 23:18:30',0,'2019-04-18 23:18:30',0),(363,10,1,1,'2019-05-19 00:00:00','2019-05-23 00:00:00','','2019-04-18 23:18:30',0,'2019-04-18 23:18:30',0),(365,10,1,6,'2018-11-20 23:53:40','2018-11-20 23:58:00','','2019-04-18 23:18:30',0,'2019-04-18 23:18:30',0),(366,10,1,0,'2018-11-20 23:58:00','2018-11-21 00:00:00','','2019-04-18 23:18:30',0,'2019-04-18 23:18:30',0),(367,10,1,1,'2018-11-21 00:00:00','2018-11-26 00:00:00','','2019-04-18 23:18:30',0,'2019-04-18 23:18:30',0),(369,10,1,6,'2018-10-12 23:54:19','2018-10-12 23:58:00','','2019-04-18 23:18:30',0,'2019-04-18 23:18:30',0),(370,10,1,0,'2018-10-12 23:58:00','2018-10-13 00:00:00','','2019-04-18 23:18:30',0,'2019-04-18 23:18:30',0),(371,10,1,1,'2018-10-13 00:00:00','2018-10-20 00:00:00','','2019-04-18 23:18:30',0,'2019-04-18 23:18:30',0),(372,10,1,0,'2018-10-21 23:58:00','2018-10-22 00:00:00','','2019-04-18 23:18:30',0,'2019-04-18 23:18:30',0),(373,10,1,6,'2018-10-21 23:54:05','2018-10-21 23:58:00','','2019-04-18 23:18:30',0,'2019-04-18 23:18:30',0),(374,10,1,0,'2018-10-23 00:00:00','2018-10-25 23:54:01','','2019-04-18 23:18:30',0,'2019-04-18 23:18:30',0),(375,10,1,1,'2018-10-22 00:00:00','2018-10-23 00:00:00','','2019-04-18 23:18:30',0,'2019-04-18 23:18:30',0),(376,10,1,0,'2018-11-05 23:58:00','2018-11-06 00:00:00','','2019-04-18 23:18:30',0,'2019-04-18 23:18:30',0),(377,10,1,6,'2018-11-05 23:53:39','2018-11-05 23:58:00','','2019-04-18 23:18:30',0,'2019-04-18 23:18:30',0),(378,10,1,0,'2018-11-10 00:00:00','2018-11-15 23:52:57','','2019-04-18 23:18:30',0,'2019-04-18 23:18:30',0),(379,10,1,1,'2018-11-06 00:00:00','2018-11-10 00:00:00','','2019-04-18 23:18:30',0,'2019-04-18 23:18:30',0),(380,10,1,0,'2018-09-03 23:58:00','2018-09-04 00:00:00','','2019-04-18 23:18:30',0,'2019-04-18 23:18:30',0),(381,10,1,6,'2018-09-03 23:53:24','2018-09-03 23:58:00','','2019-04-18 23:18:30',0,'2019-04-18 23:18:30',0),(382,10,1,0,'2018-09-11 00:00:00','2018-09-19 23:53:30','','2019-04-18 23:18:30',0,'2019-04-18 23:18:30',0),(383,10,1,1,'2018-09-04 00:00:00','2018-09-11 00:00:00','','2019-04-18 23:18:30',0,'2019-04-18 23:18:30',0),(384,10,1,0,'2019-01-18 23:58:00','2019-01-19 00:00:00','','2019-04-18 23:18:30',0,'2019-04-18 23:18:30',0),(385,10,1,6,'2019-01-18 23:52:30','2019-01-18 23:58:00','','2019-04-18 23:18:30',0,'2019-04-18 23:18:30',0),(386,10,1,0,'2019-01-26 00:00:00','2019-02-02 23:54:42','','2019-04-18 23:18:30',0,'2019-04-18 23:18:30',0),(387,10,1,1,'2019-01-19 00:00:00','2019-01-26 00:00:00','','2019-04-18 23:18:30',0,'2019-04-18 23:18:30',0),(388,10,1,0,'2018-09-24 23:58:00','2018-09-25 00:00:00','','2019-04-18 23:18:30',0,'2019-04-18 23:18:30',0),(389,10,1,6,'2018-09-24 23:53:16','2018-09-24 23:58:00','','2019-04-18 23:18:30',0,'2019-04-18 23:18:30',0),(390,10,1,0,'2018-09-26 00:00:00','2018-09-27 23:53:42','','2019-04-18 23:18:30',0,'2019-04-18 23:18:30',0),(391,10,1,1,'2018-09-25 00:00:00','2018-09-26 00:00:00','','2019-04-18 23:18:30',0,'2019-04-18 23:18:30',0),(393,10,1,6,'2019-03-10 23:52:23','2019-03-10 23:58:00','','2019-04-18 23:18:30',0,'2019-04-18 23:18:30',0),(394,10,1,0,'2019-03-10 23:58:00','2019-03-11 00:00:00','','2019-04-18 23:18:30',0,'2019-04-18 23:18:30',0),(395,10,1,1,'2019-03-11 00:00:00','2019-03-18 00:00:00','','2019-04-18 23:18:30',0,'2019-04-18 23:18:30',0),(398,11,1,0,'2019-06-02 00:00:00','2019-06-04 23:53:30','','2019-04-18 23:18:30',0,'2019-04-18 23:18:30',0),(399,11,1,1,'2019-05-26 00:00:00','2019-05-29 23:54:13','','2019-04-18 23:18:30',0,'2019-04-18 23:18:30',0),(400,11,1,0,'2018-11-14 23:58:00','2018-11-15 00:00:00','','2019-04-18 23:18:30',0,'2019-04-18 23:18:30',0),(401,11,1,6,'2018-11-14 23:53:21','2018-11-14 23:58:00','','2019-04-18 23:18:30',0,'2019-04-18 23:18:30',0),(402,11,1,0,'2018-11-19 00:00:00','2018-11-21 23:54:09','','2019-04-18 23:18:30',0,'2019-04-18 23:18:30',0),(403,11,1,1,'2018-11-15 00:00:00','2018-11-19 00:00:00','','2019-04-18 23:18:30',0,'2019-04-18 23:18:30',0),(404,11,1,0,'2019-02-22 23:58:00','2019-02-23 00:00:00','','2019-04-18 23:18:30',0,'2019-04-18 23:18:30',0),(405,11,1,6,'2019-02-22 23:54:11','2019-02-22 23:58:00','','2019-04-18 23:18:30',0,'2019-04-18 23:18:30',0),(406,11,1,0,'2019-03-06 00:00:00','2019-03-09 23:52:38','','2019-04-18 23:18:30',0,'2019-04-18 23:18:30',0),(407,11,1,1,'2019-02-23 00:00:00','2019-02-26 23:52:13','','2019-04-18 23:18:30',0,'2019-04-18 23:18:30',0),(408,11,1,0,'2018-07-14 23:58:00','2018-07-15 00:00:00','','2019-04-18 23:18:30',0,'2019-04-18 23:18:30',0),(409,11,1,6,'2018-07-14 23:54:56','2018-07-14 23:58:00','','2019-04-18 23:18:30',0,'2019-04-18 23:18:30',0),(410,11,1,0,'2018-07-22 00:00:00','2018-07-22 23:53:43','','2019-04-18 23:18:30',0,'2019-04-18 23:18:30',0),(411,11,1,1,'2018-07-15 00:00:00','2018-07-18 23:52:05','','2019-04-18 23:18:30',0,'2019-04-18 23:18:30',0),(412,11,1,0,'2019-05-06 23:58:00','2019-05-07 00:00:00','','2019-04-18 23:18:30',0,'2019-04-18 23:18:30',0),(413,11,1,6,'2019-05-06 23:54:02','2019-05-06 23:58:00','','2019-04-18 23:18:30',0,'2019-04-18 23:18:30',0),(414,11,1,0,'2019-05-12 00:00:00','2019-05-13 23:53:53','','2019-04-18 23:18:30',0,'2019-04-18 23:18:30',0),(415,11,1,1,'2019-05-07 00:00:00','2019-05-12 00:00:00','','2019-04-18 23:18:30',0,'2019-04-18 23:18:30',0),(416,11,1,0,'2018-09-19 23:58:00','2018-09-20 00:00:00','','2019-04-18 23:18:30',0,'2019-04-18 23:18:30',0),(417,11,1,6,'2018-09-19 23:52:44','2018-09-19 23:58:00','','2019-04-18 23:18:30',0,'2019-04-18 23:18:30',0),(418,11,1,0,'2018-09-26 00:00:00','2018-09-28 23:54:36','','2019-04-18 23:18:30',0,'2019-04-18 23:18:30',0),(419,11,1,1,'2018-09-20 00:00:00','2018-09-26 00:00:00','','2019-04-18 23:18:30',0,'2019-04-18 23:18:30',0),(420,11,1,0,'2019-02-01 23:58:00','2019-02-02 00:00:00','','2019-04-18 23:18:30',0,'2019-04-18 23:18:30',0),(421,11,1,6,'2019-02-01 23:53:24','2019-02-01 23:58:00','','2019-04-18 23:18:30',0,'2019-04-18 23:18:30',0),(422,11,1,0,'2019-02-07 00:00:00','2019-02-11 23:54:03','','2019-04-18 23:18:30',0,'2019-04-18 23:18:30',0),(423,11,1,1,'2019-02-02 00:00:00','2019-02-07 00:00:00','','2019-04-18 23:18:30',0,'2019-04-18 23:18:30',0),(424,11,1,0,'2018-08-25 23:58:00','2018-08-26 00:00:00','','2019-04-18 23:18:30',0,'2019-04-18 23:18:30',0),(425,11,1,6,'2018-08-25 23:54:57','2018-08-25 23:58:00','','2019-04-18 23:18:30',0,'2019-04-18 23:18:30',0),(426,11,1,0,'2018-09-02 00:00:00','2018-09-08 23:52:51','','2019-04-18 23:18:30',0,'2019-04-18 23:18:30',0),(427,11,1,1,'2018-08-26 00:00:00','2018-09-02 00:00:00','','2019-04-18 23:18:30',0,'2019-04-18 23:18:30',0),(428,11,1,0,'2018-09-28 23:58:00','2018-09-29 00:00:00','','2019-04-18 23:18:30',0,'2019-04-18 23:18:30',0),(429,11,1,6,'2018-09-28 23:54:36','2018-09-28 23:58:00','','2019-04-18 23:18:30',0,'2019-04-18 23:18:30',0),(430,11,1,0,'2018-09-30 00:00:00','2018-10-07 23:54:13','','2019-04-18 23:18:30',0,'2019-04-18 23:18:30',0),(431,11,1,1,'2018-09-29 00:00:00','2018-09-30 00:00:00','','2019-04-18 23:18:30',0,'2019-04-18 23:18:30',0),(432,11,1,0,'2019-06-11 23:58:00','2019-06-12 00:00:00','','2019-04-18 23:18:30',0,'2019-04-18 23:18:30',0),(433,11,1,6,'2019-06-11 23:54:36','2019-06-11 23:58:00','','2019-04-18 23:18:30',0,'2019-04-18 23:18:30',0),(434,11,1,0,'2019-06-19 00:00:00','2019-06-28 23:54:48','','2019-04-18 23:18:30',0,'2019-04-18 23:18:30',0),(435,11,1,1,'2019-06-12 00:00:00','2019-06-19 00:00:00','','2019-04-18 23:18:30',0,'2019-04-18 23:18:30',0),(436,11,1,0,'2019-04-07 23:58:00','2019-04-08 00:00:00','','2019-04-18 23:18:30',0,'2019-04-18 23:18:30',0),(437,11,1,6,'2019-04-07 23:53:36','2019-04-07 23:58:00','','2019-04-18 23:18:30',0,'2019-04-18 23:18:30',0),(438,11,1,0,'2019-04-09 00:00:00','2019-04-13 23:54:03','','2019-04-18 23:18:30',0,'2019-04-18 23:18:30',0),(439,11,1,1,'2019-04-08 00:00:00','2019-04-09 00:00:00','','2019-04-18 23:18:30',0,'2019-04-18 23:18:30',0),(440,11,1,0,'2018-11-21 23:58:00','2018-11-22 00:00:00','','2019-04-18 23:18:30',0,'2019-04-18 23:18:30',0),(441,11,1,6,'2018-11-21 23:54:09','2018-11-21 23:58:00','','2019-04-18 23:18:30',0,'2019-04-18 23:18:30',0),(442,11,1,0,'2018-11-28 00:00:00','2018-11-30 23:53:21','','2019-04-18 23:18:30',0,'2019-04-18 23:18:30',0),(443,11,1,1,'2018-11-22 00:00:00','2018-11-28 00:00:00','','2019-04-18 23:18:30',0,'2019-04-18 23:18:30',0),(444,11,1,0,'2019-03-09 23:58:00','2019-03-10 00:00:00','','2019-04-18 23:18:30',0,'2019-04-18 23:18:30',0),(445,11,1,6,'2019-03-09 23:52:38','2019-03-09 23:58:00','','2019-04-18 23:18:30',0,'2019-04-18 23:18:30',0),(446,11,1,0,'2019-03-14 00:00:00','2019-03-14 23:53:27','','2019-04-18 23:18:30',0,'2019-04-18 23:18:30',0),(447,11,1,1,'2019-03-10 00:00:00','2019-03-14 00:00:00','','2019-04-18 23:18:30',0,'2019-04-18 23:18:30',0),(448,11,1,0,'2019-04-25 23:58:00','2019-04-26 00:00:00','','2019-04-18 23:18:30',0,'2019-04-18 23:18:30',0),(449,11,1,6,'2019-04-25 23:54:09','2019-04-25 23:58:00','','2019-04-18 23:18:30',0,'2019-04-18 23:18:30',0),(450,11,1,0,'2019-05-02 00:00:00','2019-05-06 23:54:02','','2019-04-18 23:18:30',0,'2019-04-18 23:18:30',0),(451,11,1,1,'2019-04-26 00:00:00','2019-05-02 00:00:00','','2019-04-18 23:18:30',0,'2019-04-18 23:18:30',0),(452,11,1,0,'2018-10-07 23:58:00','2018-10-08 00:00:00','','2019-04-18 23:18:30',0,'2019-04-18 23:18:30',0),(453,11,1,6,'2018-10-07 23:54:13','2018-10-07 23:58:00','','2019-04-18 23:18:30',0,'2019-04-18 23:18:30',0),(454,11,1,0,'2018-10-13 00:00:00','2018-10-13 23:53:12','','2019-04-18 23:18:30',0,'2019-04-18 23:18:30',0),(455,11,1,1,'2018-10-08 00:00:00','2018-10-13 00:00:00','','2019-04-18 23:18:30',0,'2019-04-18 23:18:30',0),(456,11,1,0,'2018-07-07 23:58:00','2018-07-08 00:00:00','','2019-04-18 23:18:30',0,'2019-04-18 23:18:30',0),(457,11,1,6,'2018-07-07 23:54:30','2018-07-07 23:58:00','','2019-04-18 23:18:30',0,'2019-04-18 23:18:30',0),(458,11,1,0,'2018-07-10 00:00:00','2018-07-10 23:54:39','','2019-04-18 23:18:30',0,'2019-04-18 23:18:30',0),(459,11,1,1,'2018-07-08 00:00:00','2018-07-10 00:00:00','','2019-04-18 23:18:30',0,'2019-04-18 23:18:30',0),(462,11,1,0,'2018-08-19 00:00:00','2018-08-25 23:54:57','','2019-04-18 23:18:30',0,'2019-04-18 23:18:30',0),(463,11,1,1,'2018-08-15 00:00:00','2018-08-19 00:00:00','','2019-04-18 23:18:30',0,'2019-04-18 23:18:30',0),(464,11,1,0,'2019-05-22 23:58:00','2019-05-23 00:00:00','','2019-04-18 23:18:30',0,'2019-04-18 23:18:30',0),(465,11,1,6,'2019-05-22 23:53:22','2019-05-22 23:58:00','','2019-04-18 23:18:30',0,'2019-04-18 23:18:30',0),(466,11,1,1,'2019-05-23 00:00:00','2019-05-26 00:00:00','','2019-04-18 23:18:30',0,'2019-04-18 23:18:30',0),(467,11,1,0,'2018-12-20 23:58:00','2018-12-21 00:00:00','','2019-04-18 23:18:30',0,'2019-04-18 23:18:30',0),(468,11,1,6,'2018-12-20 23:53:18','2018-12-20 23:58:00','','2019-04-18 23:18:30',0,'2019-04-18 23:18:30',0),(469,11,1,0,'2018-12-24 00:00:00','2019-01-01 23:52:56','','2019-04-18 23:18:30',0,'2019-04-18 23:18:30',0),(470,11,1,1,'2018-12-21 00:00:00','2018-12-24 00:00:00','','2019-04-18 23:18:30',0,'2019-04-18 23:18:30',0),(471,11,1,0,'2018-12-11 23:58:00','2018-12-12 00:00:00','','2019-04-18 23:18:30',0,'2019-04-18 23:18:30',0),(472,11,1,6,'2018-12-11 23:53:03','2018-12-11 23:58:00','','2019-04-18 23:18:30',0,'2019-04-18 23:18:30',0),(473,11,1,0,'2018-12-15 00:00:00','2018-12-20 23:53:18','','2019-04-18 23:18:30',0,'2019-04-18 23:18:30',0),(474,11,1,1,'2018-12-12 00:00:00','2018-12-15 00:00:00','','2019-04-18 23:18:30',0,'2019-04-18 23:18:30',0),(475,11,1,0,'2018-10-13 23:58:00','2018-10-14 00:00:00','','2019-04-18 23:18:30',0,'2019-04-18 23:18:30',0),(476,11,1,6,'2018-10-13 23:53:12','2018-10-13 23:58:00','','2019-04-18 23:18:30',0,'2019-04-18 23:18:30',0),(477,11,1,0,'2018-10-18 00:00:00','2018-10-18 23:52:16','','2019-04-18 23:18:30',0,'2019-04-18 23:18:30',0),(478,11,1,1,'2018-10-14 00:00:00','2018-10-18 00:00:00','','2019-04-18 23:18:30',0,'2019-04-18 23:18:30',0),(479,11,1,0,'2018-11-30 23:58:00','2018-12-01 00:00:00','','2019-04-18 23:18:30',0,'2019-04-18 23:18:30',0),(480,11,1,6,'2018-11-30 23:53:21','2018-11-30 23:58:00','','2019-04-18 23:18:30',0,'2019-04-18 23:18:30',0),(481,11,1,0,'2018-12-02 00:00:00','2018-12-07 23:52:52','','2019-04-18 23:18:30',0,'2019-04-18 23:18:30',0),(482,11,1,1,'2018-12-01 00:00:00','2018-12-02 00:00:00','','2019-04-18 23:18:30',0,'2019-04-18 23:18:30',0),(483,11,1,0,'2019-05-13 23:58:00','2019-05-14 00:00:00','','2019-04-18 23:18:30',0,'2019-04-18 23:18:30',0),(484,11,1,6,'2019-05-13 23:53:53','2019-05-13 23:58:00','','2019-04-18 23:18:30',0,'2019-04-18 23:18:30',0),(485,11,1,0,'2019-05-17 00:00:00','2019-05-22 23:53:22','','2019-04-18 23:18:30',0,'2019-04-18 23:18:30',0),(486,11,1,1,'2019-05-14 00:00:00','2019-05-17 00:00:00','','2019-04-18 23:18:30',0,'2019-04-18 23:18:30',0),(487,11,1,0,'2019-03-26 23:58:00','2019-03-27 00:00:00','','2019-04-18 23:18:30',0,'2019-04-18 23:18:30',0),(488,11,1,6,'2019-03-26 23:53:11','2019-03-26 23:58:00','','2019-04-18 23:18:30',0,'2019-04-18 23:18:30',0),(489,11,1,0,'2019-03-29 00:00:00','2019-04-01 23:53:27','','2019-04-18 23:18:30',0,'2019-04-18 23:18:30',0),(490,11,1,1,'2019-03-27 00:00:00','2019-03-29 00:00:00','','2019-04-18 23:18:30',0,'2019-04-18 23:18:30',0),(491,11,1,0,'2018-09-08 23:58:00','2018-09-09 00:00:00','','2019-04-18 23:18:30',0,'2019-04-18 23:18:30',0),(492,11,1,6,'2018-09-08 23:52:51','2018-09-08 23:58:00','','2019-04-18 23:18:30',0,'2019-04-18 23:18:30',0),(493,11,1,0,'2018-09-16 00:00:00','2018-09-19 23:52:44','','2019-04-18 23:18:30',0,'2019-04-18 23:18:30',0),(494,11,1,1,'2018-09-09 00:00:00','2018-09-16 00:00:00','','2019-04-18 23:18:30',0,'2019-04-18 23:18:30',0),(495,11,1,0,'2019-01-01 23:58:00','2019-01-02 00:00:00','','2019-04-18 23:18:30',0,'2019-04-18 23:18:30',0),(496,11,1,6,'2019-01-01 23:52:56','2019-01-01 23:58:00','','2019-04-18 23:18:30',0,'2019-04-18 23:18:30',0),(497,11,1,0,'2019-01-11 00:00:00','2019-01-16 23:53:10','','2019-04-18 23:18:30',0,'2019-04-18 23:18:30',0),(498,11,1,1,'2019-01-02 00:00:00','2019-01-07 23:53:12','','2019-04-18 23:18:30',0,'2019-04-18 23:18:30',0),(499,11,1,0,'2019-02-11 23:58:00','2019-02-12 00:00:00','','2019-04-18 23:18:30',0,'2019-04-18 23:18:30',0),(500,11,1,6,'2019-02-11 23:54:03','2019-02-11 23:58:00','','2019-04-18 23:18:30',0,'2019-04-18 23:18:30',0),(501,11,1,0,'2019-02-16 00:00:00','2019-02-22 23:54:11','','2019-04-18 23:18:30',0,'2019-04-18 23:18:30',0),(502,11,1,1,'2019-02-12 00:00:00','2019-02-16 00:00:00','','2019-04-18 23:18:30',0,'2019-04-18 23:18:30',0),(504,11,1,6,'2019-02-26 23:52:13','2019-02-26 23:58:00','','2019-04-18 23:18:30',0,'2019-04-18 23:18:30',0),(505,11,1,0,'2019-02-26 23:58:00','2019-02-27 00:00:00','','2019-04-18 23:18:30',0,'2019-04-18 23:18:30',0),(506,11,1,1,'2019-02-27 00:00:00','2019-03-06 00:00:00','','2019-04-18 23:18:30',0,'2019-04-18 23:18:30',0),(507,11,1,0,'2019-03-21 23:58:00','2019-03-22 00:00:00','','2019-04-18 23:18:30',0,'2019-04-18 23:18:30',0),(508,11,1,6,'2019-03-21 23:52:45','2019-03-21 23:58:00','','2019-04-18 23:18:30',0,'2019-04-18 23:18:30',0),(509,11,1,0,'2019-03-26 00:00:00','2019-03-26 23:53:11','','2019-04-18 23:18:30',0,'2019-04-18 23:18:30',0),(510,11,1,1,'2019-03-22 00:00:00','2019-03-26 00:00:00','','2019-04-18 23:18:30',0,'2019-04-18 23:18:30',0),(511,11,1,0,'2019-01-16 23:58:00','2019-01-17 00:00:00','','2019-04-18 23:18:30',0,'2019-04-18 23:18:30',0),(512,11,1,6,'2019-01-16 23:53:10','2019-01-16 23:58:00','','2019-04-18 23:18:30',0,'2019-04-18 23:18:30',0),(513,11,1,0,'2019-01-22 00:00:00','2019-02-01 23:53:24','','2019-04-18 23:18:30',0,'2019-04-18 23:18:30',0),(514,11,1,1,'2019-01-17 00:00:00','2019-01-22 00:00:00','','2019-04-18 23:18:30',0,'2019-04-18 23:18:30',0),(515,11,1,0,'2018-10-18 23:58:00','2018-10-19 00:00:00','','2019-04-18 23:18:30',0,'2019-04-18 23:18:30',0),(516,11,1,6,'2018-10-18 23:52:16','2018-10-18 23:58:00','','2019-04-18 23:18:30',0,'2019-04-18 23:18:30',0),(517,11,1,0,'2018-10-22 00:00:00','2018-10-22 23:54:13','','2019-04-18 23:18:30',0,'2019-04-18 23:18:30',0),(518,11,1,1,'2018-10-19 00:00:00','2018-10-22 00:00:00','','2019-04-18 23:18:30',0,'2019-04-18 23:18:30',0),(519,11,1,0,'2019-04-13 23:58:00','2019-04-14 00:00:00','','2019-04-18 23:18:30',0,'2019-04-18 23:18:30',0),(520,11,1,6,'2019-04-13 23:54:03','2019-04-13 23:58:00','','2019-04-18 23:18:30',0,'2019-04-18 23:18:30',0),(521,11,1,0,'2019-04-17 00:00:00','2019-04-18 23:54:44','','2019-04-18 23:18:30',0,'2019-04-18 23:18:30',0),(522,11,1,1,'2019-04-14 00:00:00','2019-04-17 00:00:00','','2019-04-18 23:18:30',0,'2019-04-18 23:18:30',0),(523,11,1,0,'2018-07-22 23:58:00','2018-07-23 00:00:00','','2019-04-18 23:18:30',0,'2019-04-18 23:18:30',0),(524,11,1,6,'2018-07-22 23:53:43','2018-07-22 23:58:00','','2019-04-18 23:18:30',0,'2019-04-18 23:18:30',0),(525,11,1,0,'2018-07-29 00:00:00','2018-08-13 23:53:51','','2019-04-18 23:18:30',0,'2019-04-18 23:18:30',0),(526,11,1,1,'2018-07-23 00:00:00','2018-07-29 00:00:00','','2019-04-18 23:18:30',0,'2019-04-18 23:18:30',0),(527,11,1,0,'2019-04-01 23:58:00','2019-04-02 00:00:00','','2019-04-18 23:18:30',0,'2019-04-18 23:18:30',0),(528,11,1,6,'2019-04-01 23:53:27','2019-04-01 23:58:00','','2019-04-18 23:18:30',0,'2019-04-18 23:18:30',0),(529,11,1,0,'2019-04-04 00:00:00','2019-04-07 23:53:36','','2019-04-18 23:18:30',0,'2019-04-18 23:18:30',0),(530,11,1,1,'2019-04-02 00:00:00','2019-04-04 00:00:00','','2019-04-18 23:18:30',0,'2019-04-18 23:18:30',0),(531,11,1,0,'2018-07-10 23:58:00','2018-07-11 00:00:00','','2019-04-18 23:18:30',0,'2019-04-18 23:18:30',0),(532,11,1,6,'2018-07-10 23:54:39','2018-07-10 23:58:00','','2019-04-18 23:18:30',0,'2019-04-18 23:18:30',0),(533,11,1,0,'2018-07-12 00:00:00','2018-07-14 23:54:56','','2019-04-18 23:18:30',0,'2019-04-18 23:18:30',0),(534,11,1,1,'2018-07-11 00:00:00','2018-07-12 00:00:00','','2019-04-18 23:18:30',0,'2019-04-18 23:18:30',0),(536,11,1,6,'2019-05-29 23:54:13','2019-05-29 23:58:00','','2019-04-18 23:18:30',0,'2019-04-18 23:18:30',0),(537,11,1,0,'2019-05-29 23:58:00','2019-05-30 00:00:00','','2019-04-18 23:18:30',0,'2019-04-18 23:18:30',0),(538,11,1,1,'2019-05-30 00:00:00','2019-06-02 00:00:00','','2019-04-18 23:18:30',0,'2019-04-18 23:18:30',0),(539,11,1,0,'2019-03-14 23:58:00','2019-03-15 00:00:00','','2019-04-18 23:18:30',0,'2019-04-18 23:18:30',0),(540,11,1,6,'2019-03-14 23:53:27','2019-03-14 23:58:00','','2019-04-18 23:18:30',0,'2019-04-18 23:18:30',0),(541,11,1,0,'2019-03-21 00:00:00','2019-03-21 23:52:45','','2019-04-18 23:18:30',0,'2019-04-18 23:18:30',0),(542,11,1,1,'2019-03-15 00:00:00','2019-03-21 00:00:00','','2019-04-18 23:18:30',0,'2019-04-18 23:18:30',0),(543,11,1,0,'2019-04-18 23:58:00','2019-04-19 00:00:00','','2019-04-18 23:18:30',0,'2019-04-18 23:18:30',0),(544,11,1,6,'2019-04-18 23:54:44','2019-04-18 23:58:00','','2019-04-18 23:18:30',0,'2019-04-18 23:18:30',0),(545,11,1,0,'2019-04-25 00:00:00','2019-04-25 23:54:09','','2019-04-18 23:18:30',0,'2019-04-18 23:18:30',0),(546,11,1,1,'2019-04-19 00:00:00','2019-04-25 00:00:00','','2019-04-18 23:18:30',0,'2019-04-18 23:18:30',0),(547,11,1,0,'2018-10-26 23:58:00','2018-10-27 00:00:00','','2019-04-18 23:18:30',0,'2019-04-18 23:18:30',0),(548,11,1,6,'2018-10-26 23:53:25','2018-10-26 23:58:00','','2019-04-18 23:18:30',0,'2019-04-18 23:18:30',0),(549,11,1,0,'2018-11-01 00:00:00','2018-11-14 23:53:21','','2019-04-18 23:18:30',0,'2019-04-18 23:18:30',0),(550,11,1,1,'2018-10-27 00:00:00','2018-11-01 00:00:00','','2019-04-18 23:18:30',0,'2019-04-18 23:18:30',0),(551,11,1,0,'2019-06-04 23:58:00','2019-06-05 00:00:00','','2019-04-18 23:18:30',0,'2019-04-18 23:18:30',0),(552,11,1,6,'2019-06-04 23:53:30','2019-06-04 23:58:00','','2019-04-18 23:18:30',0,'2019-04-18 23:18:30',0),(553,11,1,0,'2019-06-11 00:00:00','2019-06-11 23:54:36','','2019-04-18 23:18:30',0,'2019-04-18 23:18:30',0),(554,11,1,1,'2019-06-05 00:00:00','2019-06-11 00:00:00','','2019-04-18 23:18:30',0,'2019-04-18 23:18:30',0),(555,11,1,0,'2018-12-07 23:58:00','2018-12-08 00:00:00','','2019-04-18 23:18:30',0,'2019-04-18 23:18:30',0),(556,11,1,6,'2018-12-07 23:52:52','2018-12-07 23:58:00','','2019-04-18 23:18:30',0,'2019-04-18 23:18:30',0),(557,11,1,0,'2018-12-11 00:00:00','2018-12-11 23:53:03','','2019-04-18 23:18:30',0,'2019-04-18 23:18:30',0),(558,11,1,1,'2018-12-08 00:00:00','2018-12-11 00:00:00','','2019-04-18 23:18:30',0,'2019-04-18 23:18:30',0),(560,11,1,6,'2018-07-18 23:52:05','2018-07-18 23:58:00','','2019-04-18 23:18:30',0,'2019-04-18 23:18:30',0),(561,11,1,0,'2018-07-18 23:58:00','2018-07-19 00:00:00','','2019-04-18 23:18:30',0,'2019-04-18 23:18:30',0),(562,11,1,1,'2018-07-19 00:00:00','2018-07-22 00:00:00','','2019-04-18 23:18:30',0,'2019-04-18 23:18:30',0),(564,11,1,6,'2019-01-07 23:53:12','2019-01-07 23:58:00','','2019-04-18 23:18:30',0,'2019-04-18 23:18:30',0),(565,11,1,0,'2019-01-07 23:58:00','2019-01-08 00:00:00','','2019-04-18 23:18:30',0,'2019-04-18 23:18:30',0),(566,11,1,1,'2019-01-08 00:00:00','2019-01-11 00:00:00','','2019-04-18 23:18:30',0,'2019-04-18 23:18:30',0),(567,11,1,0,'2018-08-13 23:58:00','2018-08-14 00:00:00','','2019-04-18 23:18:30',0,'2019-04-18 23:18:30',0),(568,11,1,6,'2018-08-13 23:53:51','2018-08-13 23:58:00','','2019-04-18 23:18:30',0,'2019-04-18 23:18:30',0),(569,11,1,1,'2018-08-14 00:00:00','2018-08-15 00:00:00','','2019-04-18 23:18:30',0,'2019-04-18 23:18:30',0),(570,11,1,0,'2018-10-22 23:58:00','2018-10-23 00:00:00','','2019-04-18 23:18:30',0,'2019-04-18 23:18:30',0),(571,11,1,6,'2018-10-22 23:54:13','2018-10-22 23:58:00','','2019-04-18 23:18:30',0,'2019-04-18 23:18:30',0),(572,11,1,0,'2018-10-24 00:00:00','2018-10-26 23:53:25','','2019-04-18 23:18:30',0,'2019-04-18 23:18:30',0),(573,11,1,1,'2018-10-23 00:00:00','2018-10-24 00:00:00','','2019-04-18 23:18:30',0,'2019-04-18 23:18:30',0),(574,11,1,0,'2019-06-28 23:58:00','2019-06-29 00:00:00','','2019-04-18 23:18:30',0,'2019-04-18 23:18:30',0),(575,11,1,6,'2019-06-28 23:54:48','2019-06-28 23:58:00','','2019-04-18 23:18:30',0,'2019-04-18 23:18:30',0),(576,11,1,0,'2019-07-04 00:00:00','9999-12-31 00:00:00','','2019-04-18 23:18:30',0,'2019-04-18 23:18:30',0),(577,11,1,1,'2019-06-29 00:00:00','2019-07-04 00:00:00','','2019-04-18 23:18:30',0,'2019-04-18 23:18:30',0),(578,12,1,0,'2018-10-01 23:58:00','2018-10-02 00:00:00','','2019-04-18 23:18:30',0,'2019-04-18 23:18:30',0),(579,12,1,6,'2018-10-01 23:53:59','2018-10-01 23:58:00','','2019-04-18 23:18:30',0,'2019-04-18 23:18:30',0),(580,12,1,0,'2018-10-04 00:00:00','2018-10-05 23:53:34','','2019-04-18 23:18:30',0,'2019-04-18 23:18:30',0),(581,12,1,1,'2018-10-02 00:00:00','2018-10-04 00:00:00','','2019-04-18 23:18:30',0,'2019-04-18 23:18:30',0),(582,12,1,0,'2019-05-17 23:58:00','2019-05-18 00:00:00','','2019-04-18 23:18:30',0,'2019-04-18 23:18:30',0),(583,12,1,6,'2019-05-17 23:54:06','2019-05-17 23:58:00','','2019-04-18 23:18:30',0,'2019-04-18 23:18:30',0),(584,12,1,0,'2019-05-21 00:00:00','2019-05-22 23:54:47','','2019-04-18 23:18:30',0,'2019-04-18 23:18:30',0),(585,12,1,1,'2019-05-18 00:00:00','2019-05-21 00:00:00','','2019-04-18 23:18:30',0,'2019-04-18 23:18:30',0),(586,12,1,0,'2018-07-21 23:58:00','2018-07-22 00:00:00','','2019-04-18 23:18:30',0,'2019-04-18 23:18:30',0),(587,12,1,6,'2018-07-21 23:54:31','2018-07-21 23:58:00','','2019-04-18 23:18:30',0,'2019-04-18 23:18:30',0),(588,12,1,0,'2018-07-28 00:00:00','2018-07-30 23:54:39','','2019-04-18 23:18:30',0,'2019-04-18 23:18:30',0),(589,12,1,1,'2018-07-22 00:00:00','2018-07-25 23:52:36','','2019-04-18 23:18:30',0,'2019-04-18 23:18:30',0),(590,12,1,0,'2019-06-18 23:58:00','2019-06-19 00:00:00','','2019-04-18 23:18:30',0,'2019-04-18 23:18:30',0),(591,12,1,6,'2019-06-18 23:53:03','2019-06-18 23:58:00','','2019-04-18 23:18:30',0,'2019-04-18 23:18:30',0),(592,12,1,0,'2019-06-21 00:00:00','2019-06-22 23:53:19','','2019-04-18 23:18:30',0,'2019-04-18 23:18:30',0),(593,12,1,1,'2019-06-19 00:00:00','2019-06-21 00:00:00','','2019-04-18 23:18:30',0,'2019-04-18 23:18:30',0),(596,12,1,0,'2019-05-26 00:00:00','2019-05-30 23:55:00','','2019-04-18 23:18:30',0,'2019-04-18 23:18:30',0),(597,12,1,1,'2019-05-25 00:00:00','2019-05-26 00:00:00','','2019-04-18 23:18:30',0,'2019-04-18 23:18:30',0),(598,12,1,0,'2019-01-24 23:58:00','2019-01-25 00:00:00','','2019-04-18 23:18:30',0,'2019-04-18 23:18:30',0),(599,12,1,6,'2019-01-24 23:52:29','2019-01-24 23:58:00','','2019-04-18 23:18:30',0,'2019-04-18 23:18:30',0),(600,12,1,0,'2019-02-01 00:00:00','2019-02-06 23:54:29','','2019-04-18 23:18:30',0,'2019-04-18 23:18:30',0),(601,12,1,1,'2019-01-25 00:00:00','2019-02-01 00:00:00','','2019-04-18 23:18:30',0,'2019-04-18 23:18:30',0),(602,12,1,0,'2018-07-12 23:58:00','2018-07-13 00:00:00','','2019-04-18 23:18:30',0,'2019-04-18 23:18:30',0),(603,12,1,6,'2018-07-12 23:52:38','2018-07-12 23:58:00','','2019-04-18 23:18:30',0,'2019-04-18 23:18:30',0),(604,12,1,0,'2018-07-20 00:00:00','2018-07-21 23:54:31','','2019-04-18 23:18:30',0,'2019-04-18 23:18:30',0),(605,12,1,1,'2018-07-13 00:00:00','2018-07-20 00:00:00','','2019-04-18 23:18:30',0,'2019-04-18 23:18:30',0),(606,12,1,0,'2019-03-22 23:58:00','2019-03-23 00:00:00','','2019-04-18 23:18:30',0,'2019-04-18 23:18:30',0),(607,12,1,6,'2019-03-22 23:52:12','2019-03-22 23:58:00','','2019-04-18 23:18:30',0,'2019-04-18 23:18:30',0),(608,12,1,0,'2019-03-29 00:00:00','2019-03-29 23:54:59','','2019-04-18 23:18:30',0,'2019-04-18 23:18:30',0),(609,12,1,1,'2019-03-23 00:00:00','2019-03-29 00:00:00','','2019-04-18 23:18:30',0,'2019-04-18 23:18:30',0),(610,12,1,0,'2019-04-05 23:58:00','2019-04-06 00:00:00','','2019-04-18 23:18:30',0,'2019-04-18 23:18:30',0),(611,12,1,6,'2019-04-05 23:52:23','2019-04-05 23:58:00','','2019-04-18 23:18:30',0,'2019-04-18 23:18:30',0),(612,12,1,0,'2019-04-12 00:00:00','2019-04-13 23:54:27','','2019-04-18 23:18:30',0,'2019-04-18 23:18:30',0),(613,12,1,1,'2019-04-06 00:00:00','2019-04-12 00:00:00','','2019-04-18 23:18:30',0,'2019-04-18 23:18:30',0),(616,12,1,0,'2019-05-16 00:00:00','2019-05-17 23:54:06','','2019-04-18 23:18:30',0,'2019-04-18 23:18:30',0),(617,12,1,1,'2019-05-06 00:00:00','2019-05-12 23:52:30','','2019-04-18 23:18:30',0,'2019-04-18 23:18:30',0),(618,12,1,0,'2019-02-27 23:58:00','2019-02-28 00:00:00','','2019-04-18 23:18:30',0,'2019-04-18 23:18:30',0),(619,12,1,6,'2019-02-27 23:52:23','2019-02-27 23:58:00','','2019-04-18 23:18:30',0,'2019-04-18 23:18:30',0),(620,12,1,0,'2019-03-06 00:00:00','2019-03-08 23:52:02','','2019-04-18 23:18:30',0,'2019-04-18 23:18:30',0),(621,12,1,1,'2019-02-28 00:00:00','2019-03-06 00:00:00','','2019-04-18 23:18:30',0,'2019-04-18 23:18:30',0),(622,12,1,0,'2019-05-30 23:58:00','2019-05-31 00:00:00','','2019-04-18 23:18:30',0,'2019-04-18 23:18:30',0),(623,12,1,6,'2019-05-30 23:55:00','2019-05-30 23:58:00','','2019-04-18 23:18:30',0,'2019-04-18 23:18:30',0),(624,12,1,0,'2019-06-04 00:00:00','2019-06-05 23:53:57','','2019-04-18 23:18:30',0,'2019-04-18 23:18:30',0),(625,12,1,1,'2019-05-31 00:00:00','2019-06-04 00:00:00','','2019-04-18 23:18:30',0,'2019-04-18 23:18:30',0),(626,12,1,0,'2018-08-06 23:58:00','2018-08-07 00:00:00','','2019-04-18 23:18:30',0,'2019-04-18 23:18:30',0),(627,12,1,6,'2018-08-06 23:53:36','2018-08-06 23:58:00','','2019-04-18 23:18:30',0,'2019-04-18 23:18:30',0),(628,12,1,0,'2018-08-12 00:00:00','2018-08-16 23:52:57','','2019-04-18 23:18:30',0,'2019-04-18 23:18:30',0),(629,12,1,1,'2018-08-07 00:00:00','2018-08-12 00:00:00','','2019-04-18 23:18:30',0,'2019-04-18 23:18:30',0),(630,12,1,0,'2018-12-30 23:58:00','2018-12-31 00:00:00','','2019-04-18 23:18:30',0,'2019-04-18 23:18:30',0),(631,12,1,6,'2018-12-30 23:52:02','2018-12-30 23:58:00','','2019-04-18 23:18:30',0,'2019-04-18 23:18:30',0),(632,12,1,0,'2019-01-06 00:00:00','2019-01-08 23:54:29','','2019-04-18 23:18:30',0,'2019-04-18 23:18:30',0),(633,12,1,1,'2018-12-31 00:00:00','2019-01-06 00:00:00','','2019-04-18 23:18:30',0,'2019-04-18 23:18:30',0),(634,12,1,0,'2019-06-22 23:58:00','2019-06-23 00:00:00','','2019-04-18 23:18:30',0,'2019-04-18 23:18:30',0),(635,12,1,6,'2019-06-22 23:53:19','2019-06-22 23:58:00','','2019-04-18 23:18:30',0,'2019-04-18 23:18:30',0),(636,12,1,0,'2019-06-26 00:00:00','2019-06-26 23:53:29','','2019-04-18 23:18:30',0,'2019-04-18 23:18:30',0),(637,12,1,1,'2019-06-23 00:00:00','2019-06-26 00:00:00','','2019-04-18 23:18:30',0,'2019-04-18 23:18:30',0),(638,12,1,0,'2018-10-05 23:58:00','2018-10-06 00:00:00','','2019-04-18 23:18:30',0,'2019-04-18 23:18:30',0),(639,12,1,6,'2018-10-05 23:53:34','2018-10-05 23:58:00','','2019-04-18 23:18:30',0,'2019-04-18 23:18:30',0),(640,12,1,0,'2018-10-07 00:00:00','2018-10-08 23:53:40','','2019-04-18 23:18:30',0,'2019-04-18 23:18:30',0),(641,12,1,1,'2018-10-06 00:00:00','2018-10-07 00:00:00','','2019-04-18 23:18:30',0,'2019-04-18 23:18:30',0),(642,12,1,0,'2019-02-13 23:58:00','2019-02-14 00:00:00','','2019-04-18 23:18:30',0,'2019-04-18 23:18:30',0),(643,12,1,6,'2019-02-13 23:54:06','2019-02-13 23:58:00','','2019-04-18 23:18:30',0,'2019-04-18 23:18:30',0),(644,12,1,0,'2019-02-16 00:00:00','2019-02-16 23:54:42','','2019-04-18 23:18:30',0,'2019-04-18 23:18:30',0),(645,12,1,1,'2019-02-14 00:00:00','2019-02-16 00:00:00','','2019-04-18 23:18:30',0,'2019-04-18 23:18:30',0),(646,12,1,0,'2019-06-26 23:58:00','2019-06-27 00:00:00','','2019-04-18 23:18:30',0,'2019-04-18 23:18:30',0),(647,12,1,6,'2019-06-26 23:53:29','2019-06-26 23:58:00','','2019-04-18 23:18:30',0,'2019-04-18 23:18:30',0),(648,12,1,0,'2019-07-02 00:00:00','2019-07-02 23:54:51','','2019-04-18 23:18:30',0,'2019-04-18 23:18:30',0),(649,12,1,1,'2019-06-27 00:00:00','2019-07-02 00:00:00','','2019-04-18 23:18:30',0,'2019-04-18 23:18:30',0),(651,12,1,6,'2019-05-12 23:52:30','2019-05-12 23:58:00','','2019-04-18 23:18:30',0,'2019-04-18 23:18:30',0),(652,12,1,0,'2019-05-12 23:58:00','2019-05-13 00:00:00','','2019-04-18 23:18:30',0,'2019-04-18 23:18:30',0),(653,12,1,1,'2019-05-13 00:00:00','2019-05-16 00:00:00','','2019-04-18 23:18:30',0,'2019-04-18 23:18:30',0),(654,12,1,0,'2018-10-08 23:58:00','2018-10-09 00:00:00','','2019-04-18 23:18:30',0,'2019-04-18 23:18:30',0),(655,12,1,6,'2018-10-08 23:53:40','2018-10-08 23:58:00','','2019-04-18 23:18:30',0,'2019-04-18 23:18:30',0),(656,12,1,0,'2018-10-15 00:00:00','2018-10-18 23:52:12','','2019-04-18 23:18:30',0,'2019-04-18 23:18:30',0),(657,12,1,1,'2018-10-09 00:00:00','2018-10-15 00:00:00','','2019-04-18 23:18:30',0,'2019-04-18 23:18:30',0),(658,12,1,0,'2018-12-14 23:58:00','2018-12-15 00:00:00','','2019-04-18 23:18:30',0,'2019-04-18 23:18:30',0),(659,12,1,6,'2018-12-14 23:54:08','2018-12-14 23:58:00','','2019-04-18 23:18:30',0,'2019-04-18 23:18:30',0),(660,12,1,0,'2018-12-18 00:00:00','2018-12-26 23:54:06','','2019-04-18 23:18:30',0,'2019-04-18 23:18:30',0),(661,12,1,1,'2018-12-15 00:00:00','2018-12-18 00:00:00','','2019-04-18 23:18:30',0,'2019-04-18 23:18:30',0),(662,12,1,0,'2019-06-14 23:58:00','2019-06-15 00:00:00','','2019-04-18 23:18:30',0,'2019-04-18 23:18:30',0),(663,12,1,6,'2019-06-14 23:52:19','2019-06-14 23:58:00','','2019-04-18 23:18:30',0,'2019-04-18 23:18:30',0),(664,12,1,0,'2019-06-17 00:00:00','2019-06-18 23:53:03','','2019-04-18 23:18:30',0,'2019-04-18 23:18:30',0),(665,12,1,1,'2019-06-15 00:00:00','2019-06-17 00:00:00','','2019-04-18 23:18:30',0,'2019-04-18 23:18:30',0),(666,12,1,0,'2018-12-08 23:58:00','2018-12-09 00:00:00','','2019-04-18 23:18:30',0,'2019-04-18 23:18:30',0),(667,12,1,6,'2018-12-08 23:54:46','2018-12-08 23:58:00','','2019-04-18 23:18:30',0,'2019-04-18 23:18:30',0),(668,12,1,0,'2018-12-10 00:00:00','2018-12-14 23:54:08','','2019-04-18 23:18:30',0,'2019-04-18 23:18:30',0),(669,12,1,1,'2018-12-09 00:00:00','2018-12-10 00:00:00','','2019-04-18 23:18:30',0,'2019-04-18 23:18:30',0),(672,12,1,0,'2018-11-04 00:00:00','2018-11-06 23:54:50','','2019-04-18 23:18:30',0,'2019-04-18 23:18:30',0),(673,12,1,1,'2018-11-03 00:00:00','2018-11-04 00:00:00','','2019-04-18 23:18:30',0,'2019-04-18 23:18:30',0),(674,12,1,0,'2018-09-06 23:58:00','2018-09-07 00:00:00','','2019-04-18 23:18:30',0,'2019-04-18 23:18:30',0),(675,12,1,6,'2018-09-06 23:53:21','2018-09-06 23:58:00','','2019-04-18 23:18:30',0,'2019-04-18 23:18:30',0),(676,12,1,0,'2018-09-11 00:00:00','2018-09-13 23:52:43','','2019-04-18 23:18:30',0,'2019-04-18 23:18:30',0),(677,12,1,1,'2018-09-07 00:00:00','2018-09-11 00:00:00','','2019-04-18 23:18:30',0,'2019-04-18 23:18:30',0),(678,12,1,0,'2018-09-13 23:58:00','2018-09-14 00:00:00','','2019-04-18 23:18:30',0,'2019-04-18 23:18:30',0),(679,12,1,6,'2018-09-13 23:52:43','2018-09-13 23:58:00','','2019-04-18 23:18:30',0,'2019-04-18 23:18:30',0),(680,12,1,0,'2018-09-18 00:00:00','2018-09-22 23:52:24','','2019-04-18 23:18:30',0,'2019-04-18 23:18:30',0),(681,12,1,1,'2018-09-14 00:00:00','2018-09-18 00:00:00','','2019-04-18 23:18:30',0,'2019-04-18 23:18:30',0),(682,12,1,0,'2019-03-08 23:58:00','2019-03-09 00:00:00','','2019-04-18 23:18:30',0,'2019-04-18 23:18:30',0),(683,12,1,6,'2019-03-08 23:52:02','2019-03-08 23:58:00','','2019-04-18 23:18:30',0,'2019-04-18 23:18:30',0),(684,12,1,0,'2019-03-15 00:00:00','2019-03-22 23:52:12','','2019-04-18 23:18:30',0,'2019-04-18 23:18:30',0),(685,12,1,1,'2019-03-09 00:00:00','2019-03-15 00:00:00','','2019-04-18 23:18:30',0,'2019-04-18 23:18:30',0),(686,12,1,0,'2019-04-13 23:58:00','2019-04-14 00:00:00','','2019-04-18 23:18:30',0,'2019-04-18 23:18:30',0),(687,12,1,6,'2019-04-13 23:54:27','2019-04-13 23:58:00','','2019-04-18 23:18:30',0,'2019-04-18 23:18:30',0),(688,12,1,0,'2019-04-16 00:00:00','2019-04-29 23:54:38','','2019-04-18 23:18:30',0,'2019-04-18 23:18:30',0),(689,12,1,1,'2019-04-14 00:00:00','2019-04-16 00:00:00','','2019-04-18 23:18:30',0,'2019-04-18 23:18:30',0),(690,12,1,0,'2018-11-06 23:58:00','2018-11-07 00:00:00','','2019-04-18 23:18:30',0,'2019-04-18 23:18:30',0),(691,12,1,6,'2018-11-06 23:54:50','2018-11-06 23:58:00','','2019-04-18 23:18:30',0,'2019-04-18 23:18:30',0),(692,12,1,0,'2018-11-11 00:00:00','2018-11-17 23:54:19','','2019-04-18 23:18:30',0,'2019-04-18 23:18:30',0),(693,12,1,1,'2018-11-07 00:00:00','2018-11-08 23:52:36','','2019-04-18 23:18:30',0,'2019-04-18 23:18:30',0),(694,12,1,0,'2018-12-26 23:58:00','2018-12-27 00:00:00','','2019-04-18 23:18:30',0,'2019-04-18 23:18:30',0),(695,12,1,6,'2018-12-26 23:54:06','2018-12-26 23:58:00','','2019-04-18 23:18:30',0,'2019-04-18 23:18:30',0),(696,12,1,0,'2018-12-29 00:00:00','2018-12-30 23:52:02','','2019-04-18 23:18:30',0,'2019-04-18 23:18:30',0),(697,12,1,1,'2018-12-27 00:00:00','2018-12-29 00:00:00','','2019-04-18 23:18:30',0,'2019-04-18 23:18:30',0),(698,12,1,0,'2018-10-18 23:58:00','2018-10-19 00:00:00','','2019-04-18 23:18:30',0,'2019-04-18 23:18:30',0),(699,12,1,6,'2018-10-18 23:52:12','2018-10-18 23:58:00','','2019-04-18 23:18:30',0,'2019-04-18 23:18:30',0),(700,12,1,0,'2018-10-24 00:00:00','2018-10-27 23:53:51','','2019-04-18 23:18:30',0,'2019-04-18 23:18:30',0),(701,12,1,1,'2018-10-19 00:00:00','2018-10-24 00:00:00','','2019-04-18 23:18:30',0,'2019-04-18 23:18:30',0),(702,12,1,0,'2019-02-06 23:58:00','2019-02-07 00:00:00','','2019-04-18 23:18:30',0,'2019-04-18 23:18:30',0),(703,12,1,6,'2019-02-06 23:54:29','2019-02-06 23:58:00','','2019-04-18 23:18:30',0,'2019-04-18 23:18:30',0),(704,12,1,0,'2019-02-12 00:00:00','2019-02-13 23:54:06','','2019-04-18 23:18:30',0,'2019-04-18 23:18:30',0),(705,12,1,1,'2019-02-07 00:00:00','2019-02-12 00:00:00','','2019-04-18 23:18:30',0,'2019-04-18 23:18:30',0),(706,12,1,0,'2018-07-30 23:58:00','2018-07-31 00:00:00','','2019-04-18 23:18:30',0,'2019-04-18 23:18:30',0),(707,12,1,6,'2018-07-30 23:54:39','2018-07-30 23:58:00','','2019-04-18 23:18:30',0,'2019-04-18 23:18:30',0),(708,12,1,0,'2018-08-02 00:00:00','2018-08-06 23:53:36','','2019-04-18 23:18:30',0,'2019-04-18 23:18:30',0),(709,12,1,1,'2018-07-31 00:00:00','2018-08-02 00:00:00','','2019-04-18 23:18:30',0,'2019-04-18 23:18:30',0),(710,12,1,0,'2018-09-02 23:58:00','2018-09-03 00:00:00','','2019-04-18 23:18:30',0,'2019-04-18 23:18:30',0),(711,12,1,6,'2018-09-02 23:53:27','2018-09-02 23:58:00','','2019-04-18 23:18:30',0,'2019-04-18 23:18:30',0),(712,12,1,0,'2018-09-04 00:00:00','2018-09-06 23:53:21','','2019-04-18 23:18:30',0,'2019-04-18 23:18:30',0),(713,12,1,1,'2018-09-03 00:00:00','2018-09-04 00:00:00','','2019-04-18 23:18:30',0,'2019-04-18 23:18:30',0),(714,12,1,0,'2018-11-24 23:58:00','2018-11-25 00:00:00','','2019-04-18 23:18:30',0,'2019-04-18 23:18:30',0),(715,12,1,6,'2018-11-24 23:53:43','2018-11-24 23:58:00','','2019-04-18 23:18:30',0,'2019-04-18 23:18:30',0),(716,12,1,0,'2018-12-01 00:00:00','2018-12-04 23:53:04','','2019-04-18 23:18:30',0,'2019-04-18 23:18:30',0),(717,12,1,1,'2018-11-25 00:00:00','2018-12-01 00:00:00','','2019-04-18 23:18:30',0,'2019-04-18 23:18:30',0),(718,12,1,0,'2019-02-22 23:58:00','2019-02-23 00:00:00','','2019-04-18 23:18:30',0,'2019-04-18 23:18:30',0),(719,12,1,6,'2019-02-22 23:53:08','2019-02-22 23:58:00','','2019-04-18 23:18:30',0,'2019-04-18 23:18:30',0),(720,12,1,0,'2019-02-25 00:00:00','2019-02-27 23:52:23','','2019-04-18 23:18:30',0,'2019-04-18 23:18:30',0),(721,12,1,1,'2019-02-23 00:00:00','2019-02-25 00:00:00','','2019-04-18 23:18:30',0,'2019-04-18 23:18:30',0),(722,12,1,0,'2019-04-29 23:58:00','2019-04-30 00:00:00','','2019-04-18 23:18:30',0,'2019-04-18 23:18:30',0),(723,12,1,6,'2019-04-29 23:54:38','2019-04-29 23:58:00','','2019-04-18 23:18:30',0,'2019-04-18 23:18:30',0),(724,12,1,1,'2019-04-30 00:00:00','2019-05-06 00:00:00','','2019-04-18 23:18:30',0,'2019-04-18 23:18:30',0),(725,12,1,0,'2018-08-23 23:58:00','2018-08-24 00:00:00','','2019-04-18 23:18:30',0,'2019-04-18 23:18:30',0),(726,12,1,6,'2018-08-23 23:54:25','2018-08-23 23:58:00','','2019-04-18 23:18:30',0,'2019-04-18 23:18:30',0),(727,12,1,0,'2018-08-26 00:00:00','2018-09-02 23:53:27','','2019-04-18 23:18:30',0,'2019-04-18 23:18:30',0),(728,12,1,1,'2018-08-24 00:00:00','2018-08-26 00:00:00','','2019-04-18 23:18:30',0,'2019-04-18 23:18:30',0),(729,12,1,0,'2018-11-17 23:58:00','2018-11-18 00:00:00','','2019-04-18 23:18:30',0,'2019-04-18 23:18:30',0),(730,12,1,6,'2018-11-17 23:54:19','2018-11-17 23:58:00','','2019-04-18 23:18:30',0,'2019-04-18 23:18:30',0),(731,12,1,0,'2018-11-20 00:00:00','2018-11-24 23:53:43','','2019-04-18 23:18:30',0,'2019-04-18 23:18:30',0),(732,12,1,1,'2018-11-18 00:00:00','2018-11-20 00:00:00','','2019-04-18 23:18:30',0,'2019-04-18 23:18:30',0),(733,12,1,0,'2018-10-27 23:58:00','2018-10-28 00:00:00','','2019-04-18 23:18:30',0,'2019-04-18 23:18:30',0),(734,12,1,6,'2018-10-27 23:53:51','2018-10-27 23:58:00','','2019-04-18 23:18:30',0,'2019-04-18 23:18:30',0),(735,12,1,0,'2018-10-30 00:00:00','2018-10-31 23:53:28','','2019-04-18 23:18:30',0,'2019-04-18 23:18:30',0),(736,12,1,1,'2018-10-28 00:00:00','2018-10-30 00:00:00','','2019-04-18 23:18:30',0,'2019-04-18 23:18:30',0),(738,12,1,6,'2018-11-08 23:52:36','2018-11-08 23:58:00','','2019-04-18 23:18:30',0,'2019-04-18 23:18:30',0),(739,12,1,0,'2018-11-08 23:58:00','2018-11-09 00:00:00','','2019-04-18 23:18:30',0,'2019-04-18 23:18:30',0),(740,12,1,1,'2018-11-09 00:00:00','2018-11-11 00:00:00','','2019-04-18 23:18:30',0,'2019-04-18 23:18:30',0),(741,12,1,0,'2019-05-22 23:58:00','2019-05-23 00:00:00','','2019-04-18 23:18:30',0,'2019-04-18 23:18:30',0),(742,12,1,6,'2019-05-22 23:54:47','2019-05-22 23:58:00','','2019-04-18 23:18:30',0,'2019-04-18 23:18:30',0),(743,12,1,1,'2019-05-23 00:00:00','2019-05-25 00:00:00','','2019-04-18 23:18:30',0,'2019-04-18 23:18:30',0),(745,12,1,6,'2018-07-25 23:52:36','2018-07-25 23:58:00','','2019-04-18 23:18:30',0,'2019-04-18 23:18:30',0),(746,12,1,0,'2018-07-25 23:58:00','2018-07-26 00:00:00','','2019-04-18 23:18:30',0,'2019-04-18 23:18:30',0),(747,12,1,1,'2018-07-26 00:00:00','2018-07-28 00:00:00','','2019-04-18 23:18:30',0,'2019-04-18 23:18:30',0),(748,12,1,0,'2018-09-28 23:58:00','2018-09-29 00:00:00','','2019-04-18 23:18:30',0,'2019-04-18 23:18:30',0),(749,12,1,6,'2018-09-28 23:52:32','2018-09-28 23:58:00','','2019-04-18 23:18:30',0,'2019-04-18 23:18:30',0),(750,12,1,0,'2018-09-30 00:00:00','2018-10-01 23:53:59','','2019-04-18 23:18:30',0,'2019-04-18 23:18:30',0),(751,12,1,1,'2018-09-29 00:00:00','2018-09-30 00:00:00','','2019-04-18 23:18:30',0,'2019-04-18 23:18:30',0),(752,12,1,0,'2019-02-16 23:58:00','2019-02-17 00:00:00','','2019-04-18 23:18:30',0,'2019-04-18 23:18:30',0),(753,12,1,6,'2019-02-16 23:54:42','2019-02-16 23:58:00','','2019-04-18 23:18:30',0,'2019-04-18 23:18:30',0),(754,12,1,0,'2019-02-21 00:00:00','2019-02-22 23:53:08','','2019-04-18 23:18:30',0,'2019-04-18 23:18:30',0),(755,12,1,1,'2019-02-17 00:00:00','2019-02-21 00:00:00','','2019-04-18 23:18:30',0,'2019-04-18 23:18:30',0),(756,12,1,0,'2018-10-31 23:58:00','2018-11-01 00:00:00','','2019-04-18 23:18:30',0,'2019-04-18 23:18:30',0),(757,12,1,6,'2018-10-31 23:53:28','2018-10-31 23:58:00','','2019-04-18 23:18:30',0,'2019-04-18 23:18:30',0),(758,12,1,1,'2018-11-01 00:00:00','2018-11-03 00:00:00','','2019-04-18 23:18:30',0,'2019-04-18 23:18:30',0),(759,12,1,0,'2018-12-04 23:58:00','2018-12-05 00:00:00','','2019-04-18 23:18:30',0,'2019-04-18 23:18:30',0),(760,12,1,6,'2018-12-04 23:53:04','2018-12-04 23:58:00','','2019-04-18 23:18:30',0,'2019-04-18 23:18:30',0),(761,12,1,0,'2018-12-07 00:00:00','2018-12-08 23:54:46','','2019-04-18 23:18:30',0,'2019-04-18 23:18:30',0),(762,12,1,1,'2018-12-05 00:00:00','2018-12-07 00:00:00','','2019-04-18 23:18:30',0,'2019-04-18 23:18:30',0),(763,12,1,0,'2018-08-16 23:58:00','2018-08-17 00:00:00','','2019-04-18 23:18:30',0,'2019-04-18 23:18:30',0),(764,12,1,6,'2018-08-16 23:52:57','2018-08-16 23:58:00','','2019-04-18 23:18:30',0,'2019-04-18 23:18:30',0),(765,12,1,0,'2018-08-22 00:00:00','2018-08-23 23:54:25','','2019-04-18 23:18:30',0,'2019-04-18 23:18:30',0),(766,12,1,1,'2018-08-17 00:00:00','2018-08-22 00:00:00','','2019-04-18 23:18:30',0,'2019-04-18 23:18:30',0),(767,12,1,0,'2018-07-05 23:58:00','2018-07-06 00:00:00','','2019-04-18 23:18:30',0,'2019-04-18 23:18:30',0),(768,12,1,6,'2018-07-05 23:54:06','2018-07-05 23:58:00','','2019-04-18 23:18:30',0,'2019-04-18 23:18:30',0),(769,12,1,0,'2018-07-10 00:00:00','2018-07-12 23:52:38','','2019-04-18 23:18:30',0,'2019-04-18 23:18:30',0),(770,12,1,1,'2018-07-06 00:00:00','2018-07-10 00:00:00','','2019-04-18 23:18:30',0,'2019-04-18 23:18:30',0),(771,12,1,0,'2019-07-02 23:58:00','2019-07-03 00:00:00','','2019-04-18 23:18:30',0,'2019-04-18 23:18:30',0),(772,12,1,6,'2019-07-02 23:54:51','2019-07-02 23:58:00','','2019-04-18 23:18:30',0,'2019-04-18 23:18:30',0),(773,12,1,0,'2019-07-04 00:00:00','9999-12-31 00:00:00','','2019-04-18 23:18:30',0,'2019-04-18 23:18:30',0),(774,12,1,1,'2019-07-03 00:00:00','2019-07-04 00:00:00','','2019-04-18 23:18:30',0,'2019-04-18 23:18:30',0),(775,12,1,0,'2019-06-05 23:58:00','2019-06-06 00:00:00','','2019-04-18 23:18:30',0,'2019-04-18 23:18:30',0),(776,12,1,6,'2019-06-05 23:53:57','2019-06-05 23:58:00','','2019-04-18 23:18:30',0,'2019-04-18 23:18:30',0),(777,12,1,0,'2019-06-07 00:00:00','2019-06-14 23:52:19','','2019-04-18 23:18:30',0,'2019-04-18 23:18:30',0),(778,12,1,1,'2019-06-06 00:00:00','2019-06-07 00:00:00','','2019-04-18 23:18:30',0,'2019-04-18 23:18:30',0),(779,12,1,0,'2018-09-22 23:58:00','2018-09-23 00:00:00','','2019-04-18 23:18:30',0,'2019-04-18 23:18:30',0),(780,12,1,6,'2018-09-22 23:52:24','2018-09-22 23:58:00','','2019-04-18 23:18:30',0,'2019-04-18 23:18:30',0),(781,12,1,0,'2018-09-24 00:00:00','2018-09-28 23:52:32','','2019-04-18 23:18:30',0,'2019-04-18 23:18:30',0),(782,12,1,1,'2018-09-23 00:00:00','2018-09-24 00:00:00','','2019-04-18 23:18:30',0,'2019-04-18 23:18:30',0),(783,12,1,0,'2019-03-29 23:58:00','2019-03-30 00:00:00','','2019-04-18 23:18:30',0,'2019-04-18 23:18:30',0),(784,12,1,6,'2019-03-29 23:54:59','2019-03-29 23:58:00','','2019-04-18 23:18:30',0,'2019-04-18 23:18:30',0),(785,12,1,0,'2019-04-03 00:00:00','2019-04-05 23:52:23','','2019-04-18 23:18:30',0,'2019-04-18 23:18:30',0),(786,12,1,1,'2019-03-30 00:00:00','2019-04-03 00:00:00','','2019-04-18 23:18:30',0,'2019-04-18 23:18:30',0),(787,12,1,0,'2019-01-08 23:58:00','2019-01-09 00:00:00','','2019-04-18 23:18:30',0,'2019-04-18 23:18:30',0),(788,12,1,6,'2019-01-08 23:54:29','2019-01-08 23:58:00','','2019-04-18 23:18:30',0,'2019-04-18 23:18:30',0),(789,12,1,0,'2019-01-14 00:00:00','2019-01-24 23:52:29','','2019-04-18 23:18:30',0,'2019-04-18 23:18:30',0),(790,12,1,1,'2019-01-09 00:00:00','2019-01-14 00:00:00','','2019-04-18 23:18:30',0,'2019-04-18 23:18:30',0),(791,13,1,0,'2019-01-21 23:58:00','2019-01-22 00:00:00','','2019-04-18 23:18:30',0,'2019-04-18 23:18:30',0),(792,13,1,6,'2019-01-21 23:54:52','2019-01-21 23:58:00','','2019-04-18 23:18:30',0,'2019-04-18 23:18:30',0),(793,13,1,0,'2019-01-28 00:00:00','2019-02-01 23:53:19','','2019-04-18 23:18:31',0,'2019-04-18 23:18:30',0),(794,13,1,1,'2019-01-22 00:00:00','2019-01-28 00:00:00','','2019-04-18 23:18:30',0,'2019-04-18 23:18:30',0),(795,13,1,0,'2019-01-10 23:58:00','2019-01-11 00:00:00','','2019-04-18 23:18:30',0,'2019-04-18 23:18:30',0),(796,13,1,6,'2019-01-10 23:54:25','2019-01-10 23:58:00','','2019-04-18 23:18:30',0,'2019-04-18 23:18:30',0),(797,13,1,0,'2019-01-14 00:00:00','2019-01-21 23:54:52','','2019-04-18 23:18:30',0,'2019-04-18 23:18:30',0),(798,13,1,1,'2019-01-11 00:00:00','2019-01-14 00:00:00','','2019-04-18 23:18:30',0,'2019-04-18 23:18:30',0),(799,13,1,0,'2019-04-18 23:58:00','2019-04-19 00:00:00','','2019-04-18 23:18:30',0,'2019-04-18 23:18:30',0),(800,13,1,6,'2019-04-18 23:54:35','2019-04-18 23:58:00','','2019-04-18 23:18:30',0,'2019-04-18 23:18:30',0),(801,13,1,0,'2019-04-25 00:00:00','2019-04-29 23:52:39','','2019-04-18 23:18:30',0,'2019-04-18 23:18:30',0),(802,13,1,1,'2019-04-19 00:00:00','2019-04-25 00:00:00','','2019-04-18 23:18:30',0,'2019-04-18 23:18:30',0),(803,13,1,0,'2018-09-27 23:58:00','2018-09-28 00:00:00','','2019-04-18 23:18:30',0,'2019-04-18 23:18:30',0),(804,13,1,6,'2018-09-27 23:52:02','2018-09-27 23:58:00','','2019-04-18 23:18:30',0,'2019-04-18 23:18:30',0),(805,13,1,0,'2018-10-05 00:00:00','2018-10-07 23:53:28','','2019-04-18 23:18:30',0,'2019-04-18 23:18:30',0),(806,13,1,1,'2018-09-28 00:00:00','2018-10-03 23:54:02','','2019-04-18 23:18:30',0,'2019-04-18 23:18:30',0),(809,13,1,0,'2018-09-09 00:00:00','2018-09-18 23:54:18','','2019-04-18 23:18:30',0,'2019-04-18 23:18:30',0),(810,13,1,1,'2018-09-05 00:00:00','2018-09-09 00:00:00','','2019-04-18 23:18:30',0,'2019-04-18 23:18:30',0),(811,13,1,0,'2019-02-24 23:58:00','2019-02-25 00:00:00','','2019-04-18 23:18:30',0,'2019-04-18 23:18:30',0),(812,13,1,6,'2019-02-24 23:54:58','2019-02-24 23:58:00','','2019-04-18 23:18:30',0,'2019-04-18 23:18:30',0),(813,13,1,0,'2019-03-03 00:00:00','2019-03-13 23:54:13','','2019-04-18 23:18:31',0,'2019-04-18 23:18:30',0),(814,13,1,1,'2019-02-25 00:00:00','2019-02-28 23:53:18','','2019-04-18 23:18:31',0,'2019-04-18 23:18:30',0),(815,13,1,0,'2018-08-28 23:58:00','2018-08-29 00:00:00','','2019-04-18 23:18:30',0,'2019-04-18 23:18:30',0),(816,13,1,6,'2018-08-28 23:52:42','2018-08-28 23:58:00','','2019-04-18 23:18:30',0,'2019-04-18 23:18:30',0),(817,13,1,1,'2018-08-29 00:00:00','2018-09-05 00:00:00','','2019-04-18 23:18:30',0,'2019-04-18 23:18:30',0),(818,13,1,0,'2018-09-18 23:58:00','2018-09-19 00:00:00','','2019-04-18 23:18:30',0,'2019-04-18 23:18:30',0),(819,13,1,6,'2018-09-18 23:54:18','2018-09-18 23:58:00','','2019-04-18 23:18:30',0,'2019-04-18 23:18:30',0),(820,13,1,0,'2018-09-22 00:00:00','2018-09-27 23:52:02','','2019-04-18 23:18:30',0,'2019-04-18 23:18:30',0),(821,13,1,1,'2018-09-19 00:00:00','2018-09-22 00:00:00','','2019-04-18 23:18:30',0,'2019-04-18 23:18:30',0),(822,13,1,0,'2019-03-13 23:58:00','2019-03-14 00:00:00','','2019-04-18 23:18:30',0,'2019-04-18 23:18:30',0),(823,13,1,6,'2019-03-13 23:54:13','2019-03-13 23:58:00','','2019-04-18 23:18:30',0,'2019-04-18 23:18:30',0),(824,13,1,0,'2019-03-18 00:00:00','2019-03-19 23:52:53','','2019-04-18 23:18:31',0,'2019-04-18 23:18:30',0),(825,13,1,1,'2019-03-14 00:00:00','2019-03-18 00:00:00','','2019-04-18 23:18:30',0,'2019-04-18 23:18:30',0),(826,13,1,0,'2019-04-29 23:58:00','2019-04-30 00:00:00','','2019-04-18 23:18:30',0,'2019-04-18 23:18:30',0),(827,13,1,6,'2019-04-29 23:52:39','2019-04-29 23:58:00','','2019-04-18 23:18:30',0,'2019-04-18 23:18:30',0),(828,13,1,0,'2019-05-01 00:00:00','2019-05-09 23:54:56','','2019-04-18 23:18:31',0,'2019-04-18 23:18:30',0),(829,13,1,1,'2019-04-30 00:00:00','2019-05-01 00:00:00','','2019-04-18 23:18:30',0,'2019-04-18 23:18:30',0),(830,13,1,0,'2018-08-06 23:58:00','2018-08-07 00:00:00','','2019-04-18 23:18:30',0,'2019-04-18 23:18:30',0),(831,13,1,6,'2018-08-06 23:52:42','2018-08-06 23:58:00','','2019-04-18 23:18:30',0,'2019-04-18 23:18:30',0),(832,13,1,0,'2018-08-14 00:00:00','2018-08-19 23:52:43','','2019-04-18 23:18:31',0,'2019-04-18 23:18:30',0),(833,13,1,1,'2018-08-07 00:00:00','2018-08-14 00:00:00','','2019-04-18 23:18:30',0,'2019-04-18 23:18:30',0),(834,13,1,0,'2018-11-20 23:58:00','2018-11-21 00:00:00','','2019-04-18 23:18:30',0,'2019-04-18 23:18:30',0),(835,13,1,6,'2018-11-20 23:54:06','2018-11-20 23:58:00','','2019-04-18 23:18:30',0,'2019-04-18 23:18:30',0),(836,13,1,0,'2018-11-24 00:00:00','2018-11-26 23:53:08','','2019-04-18 23:18:31',0,'2019-04-18 23:18:30',0),(837,13,1,1,'2018-11-21 00:00:00','2018-11-24 00:00:00','','2019-04-18 23:18:30',0,'2019-04-18 23:18:30',0),(838,13,1,0,'2018-11-02 23:58:00','2018-11-03 00:00:00','','2019-04-18 23:18:30',0,'2019-04-18 23:18:30',0),(839,13,1,6,'2018-11-02 23:53:00','2018-11-02 23:58:00','','2019-04-18 23:18:30',0,'2019-04-18 23:18:30',0),(840,13,1,0,'2018-11-06 00:00:00','2018-11-06 23:54:10','','2019-04-18 23:18:31',0,'2019-04-18 23:18:30',0),(841,13,1,1,'2018-11-03 00:00:00','2018-11-06 00:00:00','','2019-04-18 23:18:30',0,'2019-04-18 23:18:30',0),(842,13,1,0,'2019-06-13 23:58:00','2019-06-14 00:00:00','','2019-04-18 23:18:30',0,'2019-04-18 23:18:30',0),(843,13,1,6,'2019-06-13 23:52:51','2019-06-13 23:58:00','','2019-04-18 23:18:30',0,'2019-04-18 23:18:30',0),(844,13,1,0,'2019-06-20 00:00:00','2019-06-22 23:54:13','','2019-04-18 23:18:31',0,'2019-04-18 23:18:30',0),(845,13,1,1,'2019-06-14 00:00:00','2019-06-20 00:00:00','','2019-04-18 23:18:30',0,'2019-04-18 23:18:30',0),(848,13,1,0,'2019-05-18 00:00:00','2019-05-19 23:52:07','','2019-04-18 23:18:31',0,'2019-04-18 23:18:30',0),(849,13,1,1,'2019-05-12 00:00:00','2019-05-18 00:00:00','','2019-04-18 23:18:30',0,'2019-04-18 23:18:30',0),(852,13,1,0,'2018-11-17 00:00:00','2018-11-20 23:54:06','','2019-04-18 23:18:30',0,'2019-04-18 23:18:30',0),(853,13,1,1,'2018-11-11 00:00:00','2018-11-17 00:00:00','','2019-04-18 23:18:30',0,'2019-04-18 23:18:30',0),(854,13,1,0,'2019-04-06 23:58:00','2019-04-07 00:00:00','','2019-04-18 23:18:30',0,'2019-04-18 23:18:30',0),(855,13,1,6,'2019-04-06 23:54:08','2019-04-06 23:58:00','','2019-04-18 23:18:30',0,'2019-04-18 23:18:30',0),(856,13,1,0,'2019-04-18 00:00:00','2019-04-18 23:54:35','','2019-04-18 23:18:31',0,'2019-04-18 23:18:30',0),(857,13,1,1,'2019-04-07 00:00:00','2019-04-11 23:54:59','','2019-04-18 23:18:31',0,'2019-04-18 23:18:30',0),(858,13,1,0,'2018-07-12 23:58:00','2018-07-13 00:00:00','','2019-04-18 23:18:30',0,'2019-04-18 23:18:30',0),(859,13,1,6,'2018-07-12 23:52:05','2018-07-12 23:58:00','','2019-04-18 23:18:30',0,'2019-04-18 23:18:30',0),(860,13,1,0,'2018-07-16 00:00:00','2018-07-19 23:53:12','','2019-04-18 23:18:31',0,'2019-04-18 23:18:30',0),(861,13,1,1,'2018-07-13 00:00:00','2018-07-16 00:00:00','','2019-04-18 23:18:30',0,'2019-04-18 23:18:30',0),(862,13,1,0,'2018-10-07 23:58:00','2018-10-08 00:00:00','','2019-04-18 23:18:30',0,'2019-04-18 23:18:30',0),(863,13,1,6,'2018-10-07 23:53:28','2018-10-07 23:58:00','','2019-04-18 23:18:30',0,'2019-04-18 23:18:30',0),(864,13,1,0,'2018-10-15 00:00:00','2018-10-24 23:52:55','','2019-04-18 23:18:31',0,'2019-04-18 23:18:30',0),(865,13,1,1,'2018-10-08 00:00:00','2018-10-15 00:00:00','','2019-04-18 23:18:30',0,'2019-04-18 23:18:30',0),(866,13,1,0,'2018-07-31 23:58:00','2018-08-01 00:00:00','','2019-04-18 23:18:30',0,'2019-04-18 23:18:30',0),(867,13,1,6,'2018-07-31 23:52:14','2018-07-31 23:58:00','','2019-04-18 23:18:30',0,'2019-04-18 23:18:30',0),(868,13,1,0,'2018-08-03 00:00:00','2018-08-06 23:52:42','','2019-04-18 23:18:30',0,'2019-04-18 23:18:30',0),(869,13,1,1,'2018-08-01 00:00:00','2018-08-03 00:00:00','','2019-04-18 23:18:30',0,'2019-04-18 23:18:30',0),(870,13,1,0,'2019-02-17 23:58:00','2019-02-18 00:00:00','','2019-04-18 23:18:30',0,'2019-04-18 23:18:30',0),(871,13,1,6,'2019-02-17 23:54:49','2019-02-17 23:58:00','','2019-04-18 23:18:30',0,'2019-04-18 23:18:30',0),(872,13,1,0,'2019-02-24 00:00:00','2019-02-24 23:54:58','','2019-04-18 23:18:30',0,'2019-04-18 23:18:30',0),(873,13,1,1,'2019-02-18 00:00:00','2019-02-24 00:00:00','','2019-04-18 23:18:30',0,'2019-04-18 23:18:30',0),(875,13,1,6,'2018-10-03 23:54:02','2018-10-03 23:58:00','','2019-04-18 23:18:30',0,'2019-04-18 23:18:30',0),(876,13,1,0,'2018-10-03 23:58:00','2018-10-04 00:00:00','','2019-04-18 23:18:30',0,'2019-04-18 23:18:30',0),(877,13,1,1,'2018-10-04 00:00:00','2018-10-05 00:00:00','','2019-04-18 23:18:30',0,'2019-04-18 23:18:30',0),(880,13,1,0,'2018-12-23 00:00:00','2018-12-26 23:55:00','','2019-04-18 23:18:31',0,'2019-04-18 23:18:31',0),(881,13,1,1,'2018-12-20 00:00:00','2018-12-23 00:00:00','','2019-04-18 23:18:31',0,'2019-04-18 23:18:31',0),(882,13,1,0,'2018-07-19 23:58:00','2018-07-20 00:00:00','','2019-04-18 23:18:31',0,'2019-04-18 23:18:31',0),(883,13,1,6,'2018-07-19 23:53:12','2018-07-19 23:58:00','','2019-04-18 23:18:31',0,'2019-04-18 23:18:31',0),(884,13,1,0,'2018-07-26 00:00:00','2018-07-31 23:52:14','','2019-04-18 23:18:31',0,'2019-04-18 23:18:31',0),(885,13,1,1,'2018-07-20 00:00:00','2018-07-26 00:00:00','','2019-04-18 23:18:31',0,'2019-04-18 23:18:31',0),(886,13,1,0,'2018-08-19 23:58:00','2018-08-20 00:00:00','','2019-04-18 23:18:31',0,'2019-04-18 23:18:31',0),(887,13,1,6,'2018-08-19 23:52:43','2018-08-19 23:58:00','','2019-04-18 23:18:31',0,'2019-04-18 23:18:31',0),(888,13,1,0,'2018-08-21 00:00:00','2018-08-25 23:54:15','','2019-04-18 23:18:31',0,'2019-04-18 23:18:31',0),(889,13,1,1,'2018-08-20 00:00:00','2018-08-21 00:00:00','','2019-04-18 23:18:31',0,'2019-04-18 23:18:31',0),(890,13,1,0,'2018-10-24 23:58:00','2018-10-25 00:00:00','','2019-04-18 23:18:31',0,'2019-04-18 23:18:31',0),(891,13,1,6,'2018-10-24 23:52:55','2018-10-24 23:58:00','','2019-04-18 23:18:31',0,'2019-04-18 23:18:31',0),(892,13,1,0,'2018-11-01 00:00:00','2018-11-02 23:53:00','','2019-04-18 23:18:31',0,'2019-04-18 23:18:31',0),(893,13,1,1,'2018-10-25 00:00:00','2018-11-01 00:00:00','','2019-04-18 23:18:31',0,'2019-04-18 23:18:31',0),(895,13,1,6,'2019-02-28 23:53:18','2019-02-28 23:58:00','','2019-04-18 23:18:31',0,'2019-04-18 23:18:31',0),(896,13,1,0,'2019-02-28 23:58:00','2019-03-01 00:00:00','','2019-04-18 23:18:31',0,'2019-04-18 23:18:31',0),(897,13,1,1,'2019-03-01 00:00:00','2019-03-03 00:00:00','','2019-04-18 23:18:31',0,'2019-04-18 23:18:31',0),(898,13,1,0,'2019-05-19 23:58:00','2019-05-20 00:00:00','','2019-04-18 23:18:31',0,'2019-04-18 23:18:31',0),(899,13,1,6,'2019-05-19 23:52:07','2019-05-19 23:58:00','','2019-04-18 23:18:31',0,'2019-04-18 23:18:31',0),(900,13,1,0,'2019-05-22 00:00:00','2019-06-03 23:52:49','','2019-04-18 23:18:31',0,'2019-04-18 23:18:31',0),(901,13,1,1,'2019-05-20 00:00:00','2019-05-22 00:00:00','','2019-04-18 23:18:31',0,'2019-04-18 23:18:31',0),(902,13,1,0,'2019-03-19 23:58:00','2019-03-20 00:00:00','','2019-04-18 23:18:31',0,'2019-04-18 23:18:31',0),(903,13,1,6,'2019-03-19 23:52:53','2019-03-19 23:58:00','','2019-04-18 23:18:31',0,'2019-04-18 23:18:31',0),(904,13,1,0,'2019-03-26 00:00:00','2019-04-06 23:54:08','','2019-04-18 23:18:31',0,'2019-04-18 23:18:31',0),(905,13,1,1,'2019-03-20 00:00:00','2019-03-26 00:00:00','','2019-04-18 23:18:31',0,'2019-04-18 23:18:31',0),(906,13,1,0,'2019-05-09 23:58:00','2019-05-10 00:00:00','','2019-04-18 23:18:31',0,'2019-04-18 23:18:31',0),(907,13,1,6,'2019-05-09 23:54:56','2019-05-09 23:58:00','','2019-04-18 23:18:31',0,'2019-04-18 23:18:31',0),(908,13,1,1,'2019-05-10 00:00:00','2019-05-12 00:00:00','','2019-04-18 23:18:31',0,'2019-04-18 23:18:31',0),(909,13,1,0,'2018-12-26 23:58:00','2018-12-27 00:00:00','','2019-04-18 23:18:31',0,'2019-04-18 23:18:31',0),(910,13,1,6,'2018-12-26 23:55:00','2018-12-26 23:58:00','','2019-04-18 23:18:31',0,'2019-04-18 23:18:31',0),(911,13,1,0,'2018-12-29 00:00:00','2019-01-10 23:54:25','','2019-04-18 23:18:31',0,'2019-04-18 23:18:31',0),(912,13,1,1,'2018-12-27 00:00:00','2018-12-29 00:00:00','','2019-04-18 23:18:31',0,'2019-04-18 23:18:31',0),(913,13,1,0,'2018-11-26 23:58:00','2018-11-27 00:00:00','','2019-04-18 23:18:31',0,'2019-04-18 23:18:31',0),(914,13,1,6,'2018-11-26 23:53:08','2018-11-26 23:58:00','','2019-04-18 23:18:31',0,'2019-04-18 23:18:31',0),(915,13,1,0,'2018-12-03 00:00:00','2018-12-03 23:53:48','','2019-04-18 23:18:31',0,'2019-04-18 23:18:31',0),(916,13,1,1,'2018-11-27 00:00:00','2018-12-03 00:00:00','','2019-04-18 23:18:31',0,'2019-04-18 23:18:31',0),(917,13,1,0,'2018-12-15 23:58:00','2018-12-16 00:00:00','','2019-04-18 23:18:31',0,'2019-04-18 23:18:31',0),(918,13,1,6,'2018-12-15 23:52:34','2018-12-15 23:58:00','','2019-04-18 23:18:31',0,'2019-04-18 23:18:31',0),(919,13,1,1,'2018-12-16 00:00:00','2018-12-20 00:00:00','','2019-04-18 23:18:31',0,'2019-04-18 23:18:31',0),(920,13,1,0,'2019-02-01 23:58:00','2019-02-02 00:00:00','','2019-04-18 23:18:31',0,'2019-04-18 23:18:31',0),(921,13,1,6,'2019-02-01 23:53:19','2019-02-01 23:58:00','','2019-04-18 23:18:31',0,'2019-04-18 23:18:31',0),(922,13,1,0,'2019-02-09 00:00:00','2019-02-17 23:54:49','','2019-04-18 23:18:31',0,'2019-04-18 23:18:31',0),(923,13,1,1,'2019-02-02 00:00:00','2019-02-09 00:00:00','','2019-04-18 23:18:31',0,'2019-04-18 23:18:31',0),(924,13,1,0,'2018-07-06 23:58:00','2018-07-07 00:00:00','','2019-04-18 23:18:31',0,'2019-04-18 23:18:31',0),(925,13,1,6,'2018-07-06 23:53:28','2018-07-06 23:58:00','','2019-04-18 23:18:31',0,'2019-04-18 23:18:31',0),(926,13,1,0,'2018-07-11 00:00:00','2018-07-12 23:52:05','','2019-04-18 23:18:31',0,'2019-04-18 23:18:31',0),(927,13,1,1,'2018-07-07 00:00:00','2018-07-11 00:00:00','','2019-04-18 23:18:31',0,'2019-04-18 23:18:31',0),(928,13,1,0,'2019-06-03 23:58:00','2019-06-04 00:00:00','','2019-04-18 23:18:31',0,'2019-04-18 23:18:31',0),(929,13,1,6,'2019-06-03 23:52:49','2019-06-03 23:58:00','','2019-04-18 23:18:31',0,'2019-04-18 23:18:31',0),(930,13,1,0,'2019-06-11 00:00:00','2019-06-13 23:52:51','','2019-04-18 23:18:31',0,'2019-04-18 23:18:31',0),(931,13,1,1,'2019-06-04 00:00:00','2019-06-11 00:00:00','','2019-04-18 23:18:31',0,'2019-04-18 23:18:31',0),(932,13,1,0,'2018-12-03 23:58:00','2018-12-04 00:00:00','','2019-04-18 23:18:31',0,'2019-04-18 23:18:31',0),(933,13,1,6,'2018-12-03 23:53:48','2018-12-03 23:58:00','','2019-04-18 23:18:31',0,'2019-04-18 23:18:31',0),(934,13,1,0,'2018-12-11 00:00:00','2018-12-15 23:52:34','','2019-04-18 23:18:31',0,'2019-04-18 23:18:31',0),(935,13,1,1,'2018-12-04 00:00:00','2018-12-11 00:00:00','','2019-04-18 23:18:31',0,'2019-04-18 23:18:31',0),(936,13,1,0,'2018-08-25 23:58:00','2018-08-26 00:00:00','','2019-04-18 23:18:31',0,'2019-04-18 23:18:31',0),(937,13,1,6,'2018-08-25 23:54:15','2018-08-25 23:58:00','','2019-04-18 23:18:31',0,'2019-04-18 23:18:31',0),(938,13,1,0,'2018-08-28 00:00:00','2018-08-28 23:52:42','','2019-04-18 23:18:31',0,'2019-04-18 23:18:31',0),(939,13,1,1,'2018-08-26 00:00:00','2018-08-28 00:00:00','','2019-04-18 23:18:31',0,'2019-04-18 23:18:31',0),(940,13,1,0,'2018-11-06 23:58:00','2018-11-07 00:00:00','','2019-04-18 23:18:31',0,'2019-04-18 23:18:31',0),(941,13,1,6,'2018-11-06 23:54:10','2018-11-06 23:58:00','','2019-04-18 23:18:31',0,'2019-04-18 23:18:31',0),(942,13,1,1,'2018-11-07 00:00:00','2018-11-11 00:00:00','','2019-04-18 23:18:31',0,'2019-04-18 23:18:31',0),(944,13,1,6,'2019-04-11 23:54:59','2019-04-11 23:58:00','','2019-04-18 23:18:31',0,'2019-04-18 23:18:31',0),(945,13,1,0,'2019-04-11 23:58:00','2019-04-12 00:00:00','','2019-04-18 23:18:31',0,'2019-04-18 23:18:31',0),(946,13,1,1,'2019-04-12 00:00:00','2019-04-18 00:00:00','','2019-04-18 23:18:31',0,'2019-04-18 23:18:31',0),(947,13,1,0,'2019-06-22 23:58:00','2019-06-23 00:00:00','','2019-04-18 23:18:31',0,'2019-04-18 23:18:31',0),(948,13,1,6,'2019-06-22 23:54:13','2019-06-22 23:58:00','','2019-04-18 23:18:31',0,'2019-04-18 23:18:31',0),(949,13,1,0,'2019-06-29 00:00:00','9999-12-31 00:00:00','','2019-04-18 23:18:31',0,'2019-04-18 23:18:31',0),(950,13,1,1,'2019-06-23 00:00:00','2019-06-29 00:00:00','','2019-04-18 23:18:31',0,'2019-04-18 23:18:31',0),(951,14,1,0,'2018-11-15 23:58:00','2018-11-16 00:00:00','','2019-04-18 23:18:31',0,'2019-04-18 23:18:31',0),(952,14,1,6,'2018-11-15 23:53:11','2018-11-15 23:58:00','','2019-04-18 23:18:31',0,'2019-04-18 23:18:31',0),(953,14,1,0,'2018-11-23 00:00:00','2018-11-25 23:52:29','','2019-04-18 23:18:31',0,'2019-04-18 23:18:31',0),(954,14,1,1,'2018-11-16 00:00:00','2018-11-23 00:00:00','','2019-04-18 23:18:31',0,'2019-04-18 23:18:31',0),(955,14,1,0,'2019-02-19 23:58:00','2019-02-20 00:00:00','','2019-04-18 23:18:31',0,'2019-04-18 23:18:31',0),(956,14,1,6,'2019-02-19 23:54:53','2019-02-19 23:58:00','','2019-04-18 23:18:31',0,'2019-04-18 23:18:31',0),(957,14,1,0,'2019-02-26 00:00:00','2019-02-26 23:53:31','','2019-04-18 23:18:31',0,'2019-04-18 23:18:31',0),(958,14,1,1,'2019-02-20 00:00:00','2019-02-26 00:00:00','','2019-04-18 23:18:31',0,'2019-04-18 23:18:31',0),(959,14,1,0,'2019-06-22 23:58:00','2019-06-23 00:00:00','','2019-04-18 23:18:31',0,'2019-04-18 23:18:31',0),(960,14,1,6,'2019-06-22 23:52:41','2019-06-22 23:58:00','','2019-04-18 23:18:31',0,'2019-04-18 23:18:31',0),(961,14,1,0,'2019-06-27 00:00:00','9999-12-31 00:00:00','','2019-04-18 23:18:31',0,'2019-04-18 23:18:31',0),(962,14,1,1,'2019-06-23 00:00:00','2019-06-27 00:00:00','','2019-04-18 23:18:31',0,'2019-04-18 23:18:31',0),(965,14,1,0,'2019-04-17 00:00:00','2019-04-27 23:54:03','','2019-04-18 23:18:31',0,'2019-04-18 23:18:31',0),(966,14,1,1,'2019-04-10 00:00:00','2019-04-17 00:00:00','','2019-04-18 23:18:31',0,'2019-04-18 23:18:31',0),(969,14,1,0,'2019-03-22 00:00:00','2019-03-22 23:54:43','','2019-04-18 23:18:31',0,'2019-04-18 23:18:31',0),(970,14,1,1,'2019-03-20 00:00:00','2019-03-22 00:00:00','','2019-04-18 23:18:31',0,'2019-04-18 23:18:31',0),(971,14,1,0,'2018-09-26 23:58:00','2018-09-27 00:00:00','','2019-04-18 23:18:31',0,'2019-04-18 23:18:31',0),(972,14,1,6,'2018-09-26 23:54:33','2018-09-26 23:58:00','','2019-04-18 23:18:31',0,'2019-04-18 23:18:31',0),(973,14,1,0,'2018-09-30 00:00:00','2018-10-04 23:52:14','','2019-04-18 23:18:31',0,'2019-04-18 23:18:31',0),(974,14,1,1,'2018-09-27 00:00:00','2018-09-27 23:53:36','','2019-04-18 23:18:31',0,'2019-04-18 23:18:31',0),(975,14,1,0,'2018-12-01 23:58:00','2018-12-02 00:00:00','','2019-04-18 23:18:31',0,'2019-04-18 23:18:31',0),(976,14,1,6,'2018-12-01 23:54:49','2018-12-01 23:58:00','','2019-04-18 23:18:31',0,'2019-04-18 23:18:31',0),(977,14,1,0,'2018-12-06 00:00:00','2018-12-12 23:53:29','','2019-04-18 23:18:31',0,'2019-04-18 23:18:31',0),(978,14,1,1,'2018-12-02 00:00:00','2018-12-06 00:00:00','','2019-04-18 23:18:31',0,'2019-04-18 23:18:31',0),(979,14,1,0,'2019-03-07 23:58:00','2019-03-08 00:00:00','','2019-04-18 23:18:31',0,'2019-04-18 23:18:31',0),(980,14,1,6,'2019-03-07 23:53:00','2019-03-07 23:58:00','','2019-04-18 23:18:31',0,'2019-04-18 23:18:31',0),(982,14,1,1,'2019-03-08 00:00:00','2019-03-13 23:52:43','','2019-04-18 23:18:31',0,'2019-04-18 23:18:31',0),(983,14,1,0,'2018-12-12 23:58:00','2018-12-13 00:00:00','','2019-04-18 23:18:31',0,'2019-04-18 23:18:31',0),(984,14,1,6,'2018-12-12 23:53:29','2018-12-12 23:58:00','','2019-04-18 23:18:31',0,'2019-04-18 23:18:31',0),(985,14,1,0,'2018-12-21 00:00:00','2018-12-26 23:53:12','','2019-04-18 23:18:31',0,'2019-04-18 23:18:31',0),(986,14,1,1,'2018-12-13 00:00:00','2018-12-14 23:54:53','','2019-04-18 23:18:31',0,'2019-04-18 23:18:31',0),(987,14,1,0,'2018-08-25 23:58:00','2018-08-26 00:00:00','','2019-04-18 23:18:31',0,'2019-04-18 23:18:31',0),(988,14,1,6,'2018-08-25 23:55:00','2018-08-25 23:58:00','','2019-04-18 23:18:31',0,'2019-04-18 23:18:31',0),(989,14,1,0,'2018-09-02 00:00:00','2018-09-07 23:54:22','','2019-04-18 23:18:31',0,'2019-04-18 23:18:31',0),(990,14,1,1,'2018-08-26 00:00:00','2018-09-02 00:00:00','','2019-04-18 23:18:31',0,'2019-04-18 23:18:31',0),(991,14,1,0,'2018-08-02 23:58:00','2018-08-03 00:00:00','','2019-04-18 23:18:31',0,'2019-04-18 23:18:31',0),(992,14,1,6,'2018-08-02 23:53:15','2018-08-02 23:58:00','','2019-04-18 23:18:31',0,'2019-04-18 23:18:31',0),(993,14,1,0,'2018-08-09 00:00:00','2018-08-16 23:52:06','','2019-04-18 23:18:31',0,'2019-04-18 23:18:31',0),(994,14,1,1,'2018-08-03 00:00:00','2018-08-09 00:00:00','','2019-04-18 23:18:31',0,'2019-04-18 23:18:31',0),(997,14,1,0,'2018-09-12 00:00:00','2018-09-18 23:52:59','','2019-04-18 23:18:31',0,'2019-04-18 23:18:31',0),(998,14,1,1,'2018-09-09 00:00:00','2018-09-12 00:00:00','','2019-04-18 23:18:31',0,'2019-04-18 23:18:31',0),(1000,14,1,6,'2018-09-27 23:53:36','2018-09-27 23:58:00','','2019-04-18 23:18:31',0,'2019-04-18 23:18:31',0),(1001,14,1,0,'2018-09-27 23:58:00','2018-09-28 00:00:00','','2019-04-18 23:18:31',0,'2019-04-18 23:18:31',0),(1002,14,1,1,'2018-09-28 00:00:00','2018-09-30 00:00:00','','2019-04-18 23:18:31',0,'2019-04-18 23:18:31',0),(1005,14,1,0,'2018-07-26 00:00:00','2018-08-02 23:53:15','','2019-04-18 23:18:31',0,'2019-04-18 23:18:31',0),(1006,14,1,1,'2018-07-24 00:00:00','2018-07-26 00:00:00','','2019-04-18 23:18:31',0,'2019-04-18 23:18:31',0),(1007,14,1,0,'2018-10-16 23:58:00','2018-10-17 00:00:00','','2019-04-18 23:18:31',0,'2019-04-18 23:18:31',0),(1008,14,1,6,'2018-10-16 23:53:40','2018-10-16 23:58:00','','2019-04-18 23:18:31',0,'2019-04-18 23:18:31',0),(1009,14,1,0,'2018-10-21 00:00:00','2018-10-25 23:52:46','','2019-04-18 23:18:31',0,'2019-04-18 23:18:31',0),(1010,14,1,1,'2018-10-17 00:00:00','2018-10-21 00:00:00','','2019-04-18 23:18:31',0,'2019-04-18 23:18:31',0),(1011,14,1,0,'2018-07-09 23:58:00','2018-07-10 00:00:00','','2019-04-18 23:18:31',0,'2019-04-18 23:18:31',0),(1012,14,1,6,'2018-07-09 23:54:19','2018-07-09 23:58:00','','2019-04-18 23:18:31',0,'2019-04-18 23:18:31',0),(1013,14,1,0,'2018-07-13 00:00:00','2018-07-13 23:54:20','','2019-04-18 23:18:31',0,'2019-04-18 23:18:31',0),(1014,14,1,1,'2018-07-10 00:00:00','2018-07-13 00:00:00','','2019-04-18 23:18:31',0,'2019-04-18 23:18:31',0),(1015,14,1,0,'2019-04-03 23:58:00','2019-04-04 00:00:00','','2019-04-18 23:18:31',0,'2019-04-18 23:18:31',0),(1016,14,1,6,'2019-04-03 23:54:47','2019-04-03 23:58:00','','2019-04-18 23:18:31',0,'2019-04-18 23:18:31',0),(1017,14,1,1,'2019-04-04 00:00:00','2019-04-10 00:00:00','','2019-04-18 23:18:31',0,'2019-04-18 23:18:31',0),(1018,14,1,0,'2019-02-10 23:58:00','2019-02-11 00:00:00','','2019-04-18 23:18:31',0,'2019-04-18 23:18:31',0),(1019,14,1,6,'2019-02-10 23:53:25','2019-02-10 23:58:00','','2019-04-18 23:18:31',0,'2019-04-18 23:18:31',0),(1020,14,1,0,'2019-02-15 00:00:00','2019-02-19 23:54:53','','2019-04-18 23:18:31',0,'2019-04-18 23:18:31',0),(1021,14,1,1,'2019-02-11 00:00:00','2019-02-15 00:00:00','','2019-04-18 23:18:31',0,'2019-04-18 23:18:31',0),(1022,14,1,0,'2019-03-22 23:58:00','2019-03-23 00:00:00','','2019-04-18 23:18:31',0,'2019-04-18 23:18:31',0),(1023,14,1,6,'2019-03-22 23:54:43','2019-03-22 23:58:00','','2019-04-18 23:18:31',0,'2019-04-18 23:18:31',0),(1024,14,1,0,'2019-03-29 00:00:00','2019-03-31 23:54:35','','2019-04-18 23:18:31',0,'2019-04-18 23:18:31',0),(1025,14,1,1,'2019-03-23 00:00:00','2019-03-29 00:00:00','','2019-04-18 23:18:31',0,'2019-04-18 23:18:31',0),(1026,14,1,0,'2018-10-04 23:58:00','2018-10-05 00:00:00','','2019-04-18 23:18:31',0,'2019-04-18 23:18:31',0),(1027,14,1,6,'2018-10-04 23:52:14','2018-10-04 23:58:00','','2019-04-18 23:18:31',0,'2019-04-18 23:18:31',0),(1028,14,1,0,'2018-10-06 00:00:00','2018-10-08 23:52:47','','2019-04-18 23:18:31',0,'2019-04-18 23:18:31',0),(1029,14,1,1,'2018-10-05 00:00:00','2018-10-06 00:00:00','','2019-04-18 23:18:31',0,'2019-04-18 23:18:31',0),(1030,14,1,0,'2019-05-28 23:58:00','2019-05-29 00:00:00','','2019-04-18 23:18:31',0,'2019-04-18 23:18:31',0),(1031,14,1,6,'2019-05-28 23:52:38','2019-05-28 23:58:00','','2019-04-18 23:18:31',0,'2019-04-18 23:18:31',0),(1032,14,1,0,'2019-06-05 00:00:00','2019-06-13 23:54:52','','2019-04-18 23:18:31',0,'2019-04-18 23:18:31',0),(1033,14,1,1,'2019-05-29 00:00:00','2019-06-05 00:00:00','','2019-04-18 23:18:31',0,'2019-04-18 23:18:31',0),(1034,14,1,0,'2019-06-13 23:58:00','2019-06-14 00:00:00','','2019-04-18 23:18:31',0,'2019-04-18 23:18:31',0),(1035,14,1,6,'2019-06-13 23:54:52','2019-06-13 23:58:00','','2019-04-18 23:18:31',0,'2019-04-18 23:18:31',0),(1036,14,1,0,'2019-06-19 00:00:00','2019-06-22 23:52:41','','2019-04-18 23:18:31',0,'2019-04-18 23:18:31',0),(1037,14,1,1,'2019-06-14 00:00:00','2019-06-19 00:00:00','','2019-04-18 23:18:31',0,'2019-04-18 23:18:31',0),(1039,14,1,6,'2018-12-14 23:54:53','2018-12-14 23:58:00','','2019-04-18 23:18:31',0,'2019-04-18 23:18:31',0),(1040,14,1,0,'2018-12-14 23:58:00','2018-12-15 00:00:00','','2019-04-18 23:18:31',0,'2019-04-18 23:18:31',0),(1041,14,1,1,'2018-12-15 00:00:00','2018-12-21 00:00:00','','2019-04-18 23:18:31',0,'2019-04-18 23:18:31',0),(1042,14,1,0,'2019-01-09 23:58:00','2019-01-10 00:00:00','','2019-04-18 23:18:31',0,'2019-04-18 23:18:31',0),(1043,14,1,6,'2019-01-09 23:53:16','2019-01-09 23:58:00','','2019-04-18 23:18:31',0,'2019-04-18 23:18:31',0),(1044,14,1,0,'2019-01-12 00:00:00','2019-01-13 23:54:48','','2019-04-18 23:18:31',0,'2019-04-18 23:18:31',0),(1045,14,1,1,'2019-01-10 00:00:00','2019-01-12 00:00:00','','2019-04-18 23:18:31',0,'2019-04-18 23:18:31',0),(1046,14,1,0,'2019-02-26 23:58:00','2019-02-27 00:00:00','','2019-04-18 23:18:31',0,'2019-04-18 23:18:31',0),(1047,14,1,6,'2019-02-26 23:53:31','2019-02-26 23:58:00','','2019-04-18 23:18:31',0,'2019-04-18 23:18:31',0),(1048,14,1,0,'2019-03-03 00:00:00','2019-03-07 23:53:00','','2019-04-18 23:18:31',0,'2019-04-18 23:18:31',0),(1049,14,1,1,'2019-02-27 00:00:00','2019-03-03 00:00:00','','2019-04-18 23:18:31',0,'2019-04-18 23:18:31',0),(1050,14,1,0,'2019-01-03 23:58:00','2019-01-04 00:00:00','','2019-04-18 23:18:31',0,'2019-04-18 23:18:31',0),(1051,14,1,6,'2019-01-03 23:54:05','2019-01-03 23:58:00','','2019-04-18 23:18:31',0,'2019-04-18 23:18:31',0),(1052,14,1,0,'2019-01-07 00:00:00','2019-01-09 23:53:16','','2019-04-18 23:18:31',0,'2019-04-18 23:18:31',0),(1053,14,1,1,'2019-01-04 00:00:00','2019-01-07 00:00:00','','2019-04-18 23:18:31',0,'2019-04-18 23:18:31',0),(1054,14,1,0,'2019-05-14 23:58:00','2019-05-15 00:00:00','','2019-04-18 23:18:31',0,'2019-04-18 23:18:31',0),(1055,14,1,6,'2019-05-14 23:54:42','2019-05-14 23:58:00','','2019-04-18 23:18:31',0,'2019-04-18 23:18:31',0),(1056,14,1,0,'2019-05-21 00:00:00','2019-05-21 23:52:11','','2019-04-18 23:18:31',0,'2019-04-18 23:18:31',0),(1057,14,1,1,'2019-05-15 00:00:00','2019-05-21 00:00:00','','2019-04-18 23:18:31',0,'2019-04-18 23:18:31',0),(1058,14,1,0,'2018-07-18 23:58:00','2018-07-19 00:00:00','','2019-04-18 23:18:31',0,'2019-04-18 23:18:31',0),(1059,14,1,6,'2018-07-18 23:53:57','2018-07-18 23:58:00','','2019-04-18 23:18:31',0,'2019-04-18 23:18:31',0),(1060,14,1,1,'2018-07-19 00:00:00','2018-07-24 00:00:00','','2019-04-18 23:18:31',0,'2019-04-18 23:18:31',0),(1061,14,1,0,'2019-05-21 23:58:00','2019-05-22 00:00:00','','2019-04-18 23:18:31',0,'2019-04-18 23:18:31',0),(1062,14,1,6,'2019-05-21 23:52:11','2019-05-21 23:58:00','','2019-04-18 23:18:31',0,'2019-04-18 23:18:31',0),(1063,14,1,0,'2019-05-24 00:00:00','2019-05-28 23:52:38','','2019-04-18 23:18:31',0,'2019-04-18 23:18:31',0),(1064,14,1,1,'2019-05-22 00:00:00','2019-05-24 00:00:00','','2019-04-18 23:18:31',0,'2019-04-18 23:18:31',0),(1065,14,1,0,'2019-02-01 23:58:00','2019-02-02 00:00:00','','2019-04-18 23:18:31',0,'2019-04-18 23:18:31',0),(1066,14,1,6,'2019-02-01 23:53:40','2019-02-01 23:58:00','','2019-04-18 23:18:31',0,'2019-04-18 23:18:31',0),(1067,14,1,0,'2019-02-09 00:00:00','2019-02-10 23:53:25','','2019-04-18 23:18:31',0,'2019-04-18 23:18:31',0),(1068,14,1,1,'2019-02-02 00:00:00','2019-02-09 00:00:00','','2019-04-18 23:18:31',0,'2019-04-18 23:18:31',0),(1069,14,1,0,'2018-09-07 23:58:00','2018-09-08 00:00:00','','2019-04-18 23:18:31',0,'2019-04-18 23:18:31',0),(1070,14,1,6,'2018-09-07 23:54:22','2018-09-07 23:58:00','','2019-04-18 23:18:31',0,'2019-04-18 23:18:31',0),(1071,14,1,1,'2018-09-08 00:00:00','2018-09-09 00:00:00','','2019-04-18 23:18:31',0,'2019-04-18 23:18:31',0),(1072,14,1,0,'2018-10-25 23:58:00','2018-10-26 00:00:00','','2019-04-18 23:18:31',0,'2019-04-18 23:18:31',0),(1073,14,1,6,'2018-10-25 23:52:46','2018-10-25 23:58:00','','2019-04-18 23:18:31',0,'2019-04-18 23:18:31',0),(1074,14,1,0,'2018-10-28 00:00:00','2018-11-15 23:53:11','','2019-04-18 23:18:31',0,'2019-04-18 23:18:31',0),(1075,14,1,1,'2018-10-26 00:00:00','2018-10-28 00:00:00','','2019-04-18 23:18:31',0,'2019-04-18 23:18:31',0),(1076,14,1,0,'2018-08-21 23:58:00','2018-08-22 00:00:00','','2019-04-18 23:18:31',0,'2019-04-18 23:18:31',0),(1077,14,1,6,'2018-08-21 23:52:14','2018-08-21 23:58:00','','2019-04-18 23:18:31',0,'2019-04-18 23:18:31',0),(1078,14,1,0,'2018-08-25 00:00:00','2018-08-25 23:55:00','','2019-04-18 23:18:31',0,'2019-04-18 23:18:31',0),(1079,14,1,1,'2018-08-22 00:00:00','2018-08-25 00:00:00','','2019-04-18 23:18:31',0,'2019-04-18 23:18:31',0),(1080,14,1,0,'2018-10-08 23:58:00','2018-10-09 00:00:00','','2019-04-18 23:18:31',0,'2019-04-18 23:18:31',0),(1081,14,1,6,'2018-10-08 23:52:47','2018-10-08 23:58:00','','2019-04-18 23:18:31',0,'2019-04-18 23:18:31',0),(1082,14,1,0,'2018-10-12 00:00:00','2018-10-12 23:53:19','','2019-04-18 23:18:31',0,'2019-04-18 23:18:31',0),(1083,14,1,1,'2018-10-09 00:00:00','2018-10-09 23:54:04','','2019-04-18 23:18:31',0,'2019-04-18 23:18:31',0),(1084,14,1,0,'2018-12-26 23:58:00','2018-12-27 00:00:00','','2019-04-18 23:18:31',0,'2019-04-18 23:18:31',0),(1085,14,1,6,'2018-12-26 23:53:12','2018-12-26 23:58:00','','2019-04-18 23:18:31',0,'2019-04-18 23:18:31',0),(1086,14,1,0,'2019-01-03 00:00:00','2019-01-03 23:54:05','','2019-04-18 23:18:31',0,'2019-04-18 23:18:31',0),(1087,14,1,1,'2018-12-27 00:00:00','2019-01-03 00:00:00','','2019-04-18 23:18:31',0,'2019-04-18 23:18:31',0),(1088,14,1,0,'2018-07-13 23:58:00','2018-07-14 00:00:00','','2019-04-18 23:18:31',0,'2019-04-18 23:18:31',0),(1089,14,1,6,'2018-07-13 23:54:20','2018-07-13 23:58:00','','2019-04-18 23:18:31',0,'2019-04-18 23:18:31',0),(1090,14,1,0,'2018-07-16 00:00:00','2018-07-18 23:53:57','','2019-04-18 23:18:31',0,'2019-04-18 23:18:31',0),(1091,14,1,1,'2018-07-14 00:00:00','2018-07-16 00:00:00','','2019-04-18 23:18:31',0,'2019-04-18 23:18:31',0),(1093,14,1,6,'2019-03-13 23:52:43','2019-03-13 23:58:00','','2019-04-18 23:18:31',0,'2019-04-18 23:18:31',0),(1094,14,1,0,'2019-03-13 23:58:00','2019-03-14 00:00:00','','2019-04-18 23:18:31',0,'2019-04-18 23:18:31',0),(1095,14,1,1,'2019-03-14 00:00:00','2019-03-20 00:00:00','','2019-04-18 23:18:31',0,'2019-04-18 23:18:31',0),(1096,14,1,0,'2019-01-13 23:58:00','2019-01-14 00:00:00','','2019-04-18 23:18:31',0,'2019-04-18 23:18:31',0),(1097,14,1,6,'2019-01-13 23:54:48','2019-01-13 23:58:00','','2019-04-18 23:18:31',0,'2019-04-18 23:18:31',0),(1098,14,1,0,'2019-01-15 00:00:00','2019-01-24 23:54:16','','2019-04-18 23:18:31',0,'2019-04-18 23:18:31',0),(1099,14,1,1,'2019-01-14 00:00:00','2019-01-15 00:00:00','','2019-04-18 23:18:31',0,'2019-04-18 23:18:31',0),(1100,14,1,0,'2018-09-18 23:58:00','2018-09-19 00:00:00','','2019-04-18 23:18:31',0,'2019-04-18 23:18:31',0),(1101,14,1,6,'2018-09-18 23:52:59','2018-09-18 23:58:00','','2019-04-18 23:18:31',0,'2019-04-18 23:18:31',0),(1102,14,1,0,'2018-09-24 00:00:00','2018-09-26 23:54:33','','2019-04-18 23:18:31',0,'2019-04-18 23:18:31',0),(1103,14,1,1,'2018-09-19 00:00:00','2018-09-24 00:00:00','','2019-04-18 23:18:31',0,'2019-04-18 23:18:31',0),(1106,14,1,0,'2019-05-09 00:00:00','2019-05-14 23:54:42','','2019-04-18 23:18:31',0,'2019-04-18 23:18:31',0),(1107,14,1,1,'2019-05-08 00:00:00','2019-05-09 00:00:00','','2019-04-18 23:18:31',0,'2019-04-18 23:18:31',0),(1108,14,1,0,'2019-01-24 23:58:00','2019-01-25 00:00:00','','2019-04-18 23:18:31',0,'2019-04-18 23:18:31',0),(1109,14,1,6,'2019-01-24 23:54:16','2019-01-24 23:58:00','','2019-04-18 23:18:31',0,'2019-04-18 23:18:31',0),(1110,14,1,0,'2019-01-31 00:00:00','2019-02-01 23:53:40','','2019-04-18 23:18:31',0,'2019-04-18 23:18:31',0),(1111,14,1,1,'2019-01-25 00:00:00','2019-01-31 00:00:00','','2019-04-18 23:18:31',0,'2019-04-18 23:18:31',0),(1112,14,1,0,'2019-04-27 23:58:00','2019-04-28 00:00:00','','2019-04-18 23:18:31',0,'2019-04-18 23:18:31',0),(1113,14,1,6,'2019-04-27 23:54:03','2019-04-27 23:58:00','','2019-04-18 23:18:31',0,'2019-04-18 23:18:31',0),(1114,14,1,0,'2019-05-03 00:00:00','2019-05-05 23:53:18','','2019-04-18 23:18:31',0,'2019-04-18 23:18:31',0),(1115,14,1,1,'2019-04-28 00:00:00','2019-05-03 00:00:00','','2019-04-18 23:18:31',0,'2019-04-18 23:18:31',0),(1116,14,1,0,'2018-08-16 23:58:00','2018-08-17 00:00:00','','2019-04-18 23:18:31',0,'2019-04-18 23:18:31',0),(1117,14,1,6,'2018-08-16 23:52:06','2018-08-16 23:58:00','','2019-04-18 23:18:31',0,'2019-04-18 23:18:31',0),(1118,14,1,0,'2018-08-19 00:00:00','2018-08-21 23:52:14','','2019-04-18 23:18:31',0,'2019-04-18 23:18:31',0),(1119,14,1,1,'2018-08-17 00:00:00','2018-08-19 00:00:00','','2019-04-18 23:18:31',0,'2019-04-18 23:18:31',0),(1121,14,1,6,'2018-10-09 23:54:04','2018-10-09 23:58:00','','2019-04-18 23:18:31',0,'2019-04-18 23:18:31',0),(1122,14,1,0,'2018-10-09 23:58:00','2018-10-10 00:00:00','','2019-04-18 23:18:31',0,'2019-04-18 23:18:31',0),(1123,14,1,1,'2018-10-10 00:00:00','2018-10-12 00:00:00','','2019-04-18 23:18:31',0,'2019-04-18 23:18:31',0),(1124,14,1,0,'2019-03-31 23:58:00','2019-04-01 00:00:00','','2019-04-18 23:18:31',0,'2019-04-18 23:18:31',0),(1125,14,1,6,'2019-03-31 23:54:35','2019-03-31 23:58:00','','2019-04-18 23:18:31',0,'2019-04-18 23:18:31',0),(1126,14,1,0,'2019-04-02 00:00:00','2019-04-03 23:54:47','','2019-04-18 23:18:31',0,'2019-04-18 23:18:31',0),(1127,14,1,1,'2019-04-01 00:00:00','2019-04-02 00:00:00','','2019-04-18 23:18:31',0,'2019-04-18 23:18:31',0),(1128,14,1,0,'2019-05-05 23:58:00','2019-05-06 00:00:00','','2019-04-18 23:18:31',0,'2019-04-18 23:18:31',0),(1129,14,1,6,'2019-05-05 23:53:18','2019-05-05 23:58:00','','2019-04-18 23:18:31',0,'2019-04-18 23:18:31',0),(1130,14,1,1,'2019-05-06 00:00:00','2019-05-08 00:00:00','','2019-04-18 23:18:31',0,'2019-04-18 23:18:31',0),(1131,14,1,0,'2018-11-25 23:58:00','2018-11-26 00:00:00','','2019-04-18 23:18:31',0,'2019-04-18 23:18:31',0),(1132,14,1,6,'2018-11-25 23:52:29','2018-11-25 23:58:00','','2019-04-18 23:18:31',0,'2019-04-18 23:18:31',0),(1133,14,1,0,'2018-11-29 00:00:00','2018-12-01 23:54:49','','2019-04-18 23:18:31',0,'2019-04-18 23:18:31',0),(1134,14,1,1,'2018-11-26 00:00:00','2018-11-29 00:00:00','','2019-04-18 23:18:31',0,'2019-04-18 23:18:31',0),(1135,14,1,0,'2018-10-12 23:58:00','2018-10-13 00:00:00','','2019-04-18 23:18:31',0,'2019-04-18 23:18:31',0),(1136,14,1,6,'2018-10-12 23:53:19','2018-10-12 23:58:00','','2019-04-18 23:18:31',0,'2019-04-18 23:18:31',0),(1137,14,1,0,'2018-10-16 00:00:00','2018-10-16 23:53:40','','2019-04-18 23:18:31',0,'2019-04-18 23:18:31',0),(1138,14,1,1,'2018-10-13 00:00:00','2018-10-16 00:00:00','','2019-04-18 23:18:31',0,'2019-04-18 23:18:31',0),(1139,23,1,0,'2018-01-01 08:00:00','9999-12-31 08:00:00','','2019-04-19 00:02:17',211,'2019-04-19 00:02:17',211);
/*!40000 ALTER TABLE `RentableUseStatus` ENABLE KEYS */;
UNLOCK TABLES;

--
-- Table structure for table `RentableUseType`
--

DROP TABLE IF EXISTS `RentableUseType`;
/*!40101 SET @saved_cs_client     = @@character_set_client */;
/*!40101 SET character_set_client = utf8 */;
CREATE TABLE `RentableUseType` (
  `UTID` bigint(20) NOT NULL AUTO_INCREMENT,
  `RID` bigint(20) NOT NULL DEFAULT '0',
  `BID` bigint(20) NOT NULL DEFAULT '0',
  `UseType` smallint(6) NOT NULL DEFAULT '0',
  `DtStart` datetime NOT NULL DEFAULT '1970-01-01 00:00:00',
  `DtStop` datetime NOT NULL DEFAULT '1970-01-01 00:00:00',
  `Comment` varchar(2048) NOT NULL DEFAULT '',
  `LastModTime` timestamp NOT NULL DEFAULT CURRENT_TIMESTAMP ON UPDATE CURRENT_TIMESTAMP,
  `LastModBy` bigint(20) NOT NULL DEFAULT '0',
  `CreateTS` timestamp NOT NULL DEFAULT CURRENT_TIMESTAMP,
  `CreateBy` bigint(20) NOT NULL DEFAULT '0',
  PRIMARY KEY (`UTID`)
) ENGINE=InnoDB AUTO_INCREMENT=24 DEFAULT CHARSET=utf8;
/*!40101 SET character_set_client = @saved_cs_client */;

--
-- Dumping data for table `RentableUseType`
--

LOCK TABLES `RentableUseType` WRITE;
/*!40000 ALTER TABLE `RentableUseType` DISABLE KEYS */;
INSERT INTO `RentableUseType` VALUES (1,1,1,100,'2018-01-01 00:00:00','9999-12-31 00:00:00','','2019-04-18 23:18:27',0,'2019-04-18 23:18:27',0),(2,2,1,100,'2018-01-01 00:00:00','9999-12-31 00:00:00','','2019-04-18 23:18:27',0,'2019-04-18 23:18:27',0),(3,3,1,100,'2018-01-01 00:00:00','9999-12-31 00:00:00','','2019-04-18 23:18:27',0,'2019-04-18 23:18:27',0),(4,4,1,100,'2018-01-01 00:00:00','9999-12-31 00:00:00','','2019-04-18 23:18:27',0,'2019-04-18 23:18:27',0),(5,5,1,100,'2018-01-01 00:00:00','9999-12-31 00:00:00','','2019-04-18 23:18:27',0,'2019-04-18 23:18:27',0),(6,6,1,100,'2018-01-01 00:00:00','9999-12-31 00:00:00','','2019-04-18 23:18:27',0,'2019-04-18 23:18:27',0),(7,7,1,100,'2018-01-01 00:00:00','9999-12-31 00:00:00','','2019-04-18 23:18:27',0,'2019-04-18 23:18:27',0),(8,8,1,100,'2018-01-01 00:00:00','9999-12-31 00:00:00','','2019-04-18 23:18:27',0,'2019-04-18 23:18:27',0),(9,9,1,100,'2018-01-01 00:00:00','9999-12-31 00:00:00','','2019-04-18 23:18:27',0,'2019-04-18 23:18:27',0),(10,10,1,100,'2018-01-01 00:00:00','9999-12-31 00:00:00','','2019-04-18 23:18:27',0,'2019-04-18 23:18:27',0),(11,11,1,100,'2018-01-01 00:00:00','9999-12-31 00:00:00','','2019-04-18 23:18:27',0,'2019-04-18 23:18:27',0),(12,12,1,100,'2018-01-01 00:00:00','9999-12-31 00:00:00','','2019-04-18 23:18:27',0,'2019-04-18 23:18:27',0),(13,13,1,100,'2018-01-01 00:00:00','9999-12-31 00:00:00','','2019-04-18 23:18:27',0,'2019-04-18 23:18:27',0),(14,14,1,100,'2018-01-01 00:00:00','9999-12-31 00:00:00','','2019-04-18 23:18:27',0,'2019-04-18 23:18:27',0),(15,15,1,100,'2018-01-01 00:00:00','9999-12-31 00:00:00','','2019-04-18 23:18:27',0,'2019-04-18 23:18:27',0),(16,16,1,100,'2018-01-01 00:00:00','9999-12-31 00:00:00','','2019-04-18 23:18:27',0,'2019-04-18 23:18:27',0),(17,17,1,100,'2018-01-01 00:00:00','9999-12-31 00:00:00','','2019-04-18 23:18:27',0,'2019-04-18 23:18:27',0),(18,18,1,100,'2018-01-01 00:00:00','9999-12-31 00:00:00','','2019-04-18 23:18:27',0,'2019-04-18 23:18:27',0),(19,19,1,100,'2018-01-01 00:00:00','9999-12-31 00:00:00','','2019-04-18 23:18:27',0,'2019-04-18 23:18:27',0),(20,20,1,100,'2018-01-01 00:00:00','9999-12-31 00:00:00','','2019-04-18 23:18:27',0,'2019-04-18 23:18:27',0),(21,21,1,100,'2018-01-01 00:00:00','9999-12-31 00:00:00','','2019-04-18 23:18:27',0,'2019-04-18 23:18:27',0),(22,22,1,100,'2018-01-01 00:00:00','9999-12-31 00:00:00','','2019-04-18 23:18:27',0,'2019-04-18 23:18:27',0),(23,23,1,100,'2018-01-01 00:00:00','9999-12-31 00:00:00','','2019-04-19 00:01:43',211,'2019-04-19 00:01:43',211);
/*!40000 ALTER TABLE `RentableUseType` ENABLE KEYS */;
UNLOCK TABLES;

--
-- Table structure for table `RentableUsers`
--

DROP TABLE IF EXISTS `RentableUsers`;
/*!40101 SET @saved_cs_client     = @@character_set_client */;
/*!40101 SET character_set_client = utf8 */;
CREATE TABLE `RentableUsers` (
  `RUID` bigint(20) NOT NULL AUTO_INCREMENT,
  `RID` bigint(20) NOT NULL DEFAULT '0',
  `BID` bigint(20) NOT NULL DEFAULT '0',
  `TCID` bigint(20) NOT NULL DEFAULT '0',
  `DtStart` date NOT NULL DEFAULT '1970-01-01',
  `DtStop` date NOT NULL DEFAULT '1970-01-01',
  `LastModTime` timestamp NOT NULL DEFAULT CURRENT_TIMESTAMP ON UPDATE CURRENT_TIMESTAMP,
  `LastModBy` bigint(20) NOT NULL DEFAULT '0',
  `CreateTS` timestamp NOT NULL DEFAULT CURRENT_TIMESTAMP,
  `CreateBy` bigint(20) NOT NULL DEFAULT '0',
  PRIMARY KEY (`RUID`)
) ENGINE=InnoDB AUTO_INCREMENT=6 DEFAULT CHARSET=utf8;
/*!40101 SET character_set_client = @saved_cs_client */;

--
-- Dumping data for table `RentableUsers`
--

LOCK TABLES `RentableUsers` WRITE;
/*!40000 ALTER TABLE `RentableUsers` DISABLE KEYS */;
INSERT INTO `RentableUsers` VALUES (1,1,1,1,'2018-07-05','2019-07-01','2019-04-18 23:18:27',0,'2019-04-18 23:18:27',0),(2,2,1,2,'2018-07-05','2019-07-01','2019-04-18 23:18:28',0,'2019-04-18 23:18:28',0),(3,3,1,3,'2018-07-05','2019-07-01','2019-04-18 23:18:28',0,'2019-04-18 23:18:28',0),(4,4,1,4,'2018-07-05','2019-07-01','2019-04-18 23:18:28',0,'2019-04-18 23:18:28',0),(5,23,1,1,'2020-04-01','2021-04-01','2019-04-19 00:05:21',211,'2019-04-19 00:05:21',211);
/*!40000 ALTER TABLE `RentableUsers` ENABLE KEYS */;
UNLOCK TABLES;

--
-- Table structure for table `RentalAgreement`
--

DROP TABLE IF EXISTS `RentalAgreement`;
/*!40101 SET @saved_cs_client     = @@character_set_client */;
/*!40101 SET character_set_client = utf8 */;
CREATE TABLE `RentalAgreement` (
  `RAID` bigint(20) NOT NULL AUTO_INCREMENT,
  `PRAID` bigint(20) NOT NULL DEFAULT '0',
  `ORIGIN` bigint(20) NOT NULL DEFAULT '0',
  `RATID` bigint(20) NOT NULL DEFAULT '0',
  `BID` bigint(20) NOT NULL DEFAULT '0',
  `NLID` bigint(20) NOT NULL DEFAULT '0',
  `DocumentDate` datetime NOT NULL DEFAULT '1970-01-01 00:00:00',
  `AgreementStart` date NOT NULL DEFAULT '1970-01-01',
  `AgreementStop` date NOT NULL DEFAULT '1970-01-01',
  `PossessionStart` date NOT NULL DEFAULT '1970-01-01',
  `PossessionStop` date NOT NULL DEFAULT '1970-01-01',
  `RentStart` date NOT NULL DEFAULT '1970-01-01',
  `RentStop` date NOT NULL DEFAULT '1970-01-01',
  `RentCycleEpoch` date NOT NULL DEFAULT '1970-01-01',
  `UnspecifiedAdults` smallint(6) NOT NULL DEFAULT '0',
  `UnspecifiedChildren` smallint(6) NOT NULL DEFAULT '0',
  `Renewal` smallint(6) NOT NULL DEFAULT '0',
  `SpecialProvisions` varchar(1024) NOT NULL DEFAULT '',
  `LeaseType` bigint(20) NOT NULL DEFAULT '0',
  `ExpenseAdjustmentType` bigint(20) NOT NULL DEFAULT '0',
  `ExpensesStop` decimal(19,4) NOT NULL DEFAULT '0.0000',
  `ExpenseStopCalculation` varchar(128) NOT NULL DEFAULT '',
  `BaseYearEnd` date NOT NULL DEFAULT '1970-01-01',
  `ExpenseAdjustment` date NOT NULL DEFAULT '1970-01-01',
  `EstimatedCharges` decimal(19,4) NOT NULL DEFAULT '0.0000',
  `RateChange` decimal(19,4) NOT NULL DEFAULT '0.0000',
  `CSAgent` bigint(20) NOT NULL DEFAULT '0',
  `NextRateChange` date NOT NULL DEFAULT '1970-01-01',
  `PermittedUses` varchar(128) NOT NULL DEFAULT '',
  `ExclusiveUses` varchar(128) NOT NULL DEFAULT '',
  `ExtensionOption` varchar(128) NOT NULL DEFAULT '',
  `ExtensionOptionNotice` date NOT NULL DEFAULT '1970-01-01',
  `ExpansionOption` varchar(128) NOT NULL DEFAULT '',
  `ExpansionOptionNotice` date NOT NULL DEFAULT '1970-01-01',
  `RightOfFirstRefusal` varchar(128) NOT NULL DEFAULT '',
  `DesiredUsageStartDate` date NOT NULL DEFAULT '1970-01-01',
  `RentableTypePreference` bigint(20) NOT NULL DEFAULT '0',
  `FLAGS` bigint(20) NOT NULL DEFAULT '0',
  `ApplicationReadyUID` bigint(20) NOT NULL DEFAULT '0',
  `ApplicationReadyDate` datetime NOT NULL DEFAULT '1970-01-01 00:00:00',
  `Approver1` bigint(20) NOT NULL DEFAULT '0',
  `DecisionDate1` datetime NOT NULL DEFAULT '1970-01-01 00:00:00',
  `DeclineReason1` bigint(20) NOT NULL DEFAULT '0',
  `Approver2` bigint(20) NOT NULL DEFAULT '0',
  `DecisionDate2` datetime NOT NULL DEFAULT '1970-01-01 00:00:00',
  `DeclineReason2` bigint(20) NOT NULL DEFAULT '0',
  `MoveInUID` bigint(20) NOT NULL DEFAULT '0',
  `MoveInDate` datetime NOT NULL DEFAULT '1970-01-01 00:00:00',
  `ActiveUID` bigint(20) NOT NULL DEFAULT '0',
  `ActiveDate` datetime NOT NULL DEFAULT '1970-01-01 00:00:00',
  `Outcome` bigint(20) NOT NULL DEFAULT '0',
  `NoticeToMoveUID` bigint(20) NOT NULL DEFAULT '0',
  `NoticeToMoveDate` datetime NOT NULL DEFAULT '1970-01-01 00:00:00',
  `NoticeToMoveReported` datetime NOT NULL DEFAULT '1970-01-01 00:00:00',
  `TerminatorUID` bigint(20) NOT NULL DEFAULT '0',
  `TerminationDate` datetime NOT NULL DEFAULT '1970-01-01 00:00:00',
  `TerminationStarted` datetime NOT NULL DEFAULT '1970-01-01 00:00:00',
  `LeaseTerminationReason` bigint(20) NOT NULL DEFAULT '0',
  `LastModTime` timestamp NOT NULL DEFAULT CURRENT_TIMESTAMP ON UPDATE CURRENT_TIMESTAMP,
  `LastModBy` bigint(20) NOT NULL DEFAULT '0',
  `CreateTS` timestamp NOT NULL DEFAULT CURRENT_TIMESTAMP,
  `CreateBy` bigint(20) NOT NULL DEFAULT '0',
  PRIMARY KEY (`RAID`)
) ENGINE=InnoDB AUTO_INCREMENT=6 DEFAULT CHARSET=utf8;
/*!40101 SET character_set_client = @saved_cs_client */;

--
-- Dumping data for table `RentalAgreement`
--

LOCK TABLES `RentalAgreement` WRITE;
/*!40000 ALTER TABLE `RentalAgreement` DISABLE KEYS */;
INSERT INTO `RentalAgreement` VALUES (1,0,0,1,1,0,'2018-07-05 00:00:00','2018-07-05','2019-07-01','2018-07-05','2019-07-01','2018-07-05','2019-07-01','2018-08-01',2,0,2,'',0,0,0.0000,'','0000-00-00','0000-00-00',0.0000,0.0000,175,'0000-00-00','','','','0000-00-00','','0000-00-00','','0000-00-00',0,52,69,'2018-07-05 00:00:00',175,'2018-07-05 00:00:00',0,205,'2018-07-05 00:00:00',0,177,'2018-07-05 00:00:00',84,'2018-07-05 00:00:00',0,0,'0000-00-00 00:00:00','0000-00-00 00:00:00',0,'0000-00-00 00:00:00','1970-01-01 00:00:00',0,'2019-04-18 23:18:27',0,'2019-04-18 23:18:27',0),(2,0,0,1,1,0,'2018-07-05 00:00:00','2018-07-05','2019-07-01','2018-07-05','2019-07-01','2018-07-05','2019-07-01','2018-08-01',0,1,2,'',0,0,0.0000,'','0000-00-00','0000-00-00',0.0000,0.0000,117,'0000-00-00','','','','0000-00-00','','0000-00-00','','0000-00-00',0,52,44,'2018-07-05 00:00:00',133,'2018-07-05 00:00:00',0,210,'2018-07-05 00:00:00',0,226,'2018-07-05 00:00:00',251,'2018-07-05 00:00:00',0,0,'0000-00-00 00:00:00','0000-00-00 00:00:00',0,'0000-00-00 00:00:00','1970-01-01 00:00:00',0,'2019-04-18 23:18:28',0,'2019-04-18 23:18:28',0),(3,0,0,1,1,0,'2018-07-05 00:00:00','2018-07-05','2019-07-01','2018-07-05','2019-07-01','2018-07-05','2019-07-01','2018-08-01',0,2,2,'',0,0,0.0000,'','0000-00-00','0000-00-00',0.0000,0.0000,216,'0000-00-00','','','','0000-00-00','','0000-00-00','','0000-00-00',0,52,232,'2018-07-05 00:00:00',6,'2018-07-05 00:00:00',0,231,'2018-07-05 00:00:00',0,200,'2018-07-05 00:00:00',286,'2018-07-05 00:00:00',0,0,'0000-00-00 00:00:00','0000-00-00 00:00:00',0,'0000-00-00 00:00:00','1970-01-01 00:00:00',0,'2019-04-18 23:18:28',0,'2019-04-18 23:18:28',0),(4,0,0,1,1,0,'2018-07-05 00:00:00','2018-07-05','2019-07-01','2018-07-05','2019-07-01','2018-07-05','2019-07-01','2018-08-01',0,2,2,'',0,0,0.0000,'','0000-00-00','0000-00-00',0.0000,0.0000,245,'0000-00-00','','','','0000-00-00','','0000-00-00','','0000-00-00',0,52,152,'2018-07-05 00:00:00',294,'2018-07-05 00:00:00',0,145,'2018-07-05 00:00:00',0,13,'2018-07-05 00:00:00',112,'2018-07-05 00:00:00',0,0,'0000-00-00 00:00:00','0000-00-00 00:00:00',0,'0000-00-00 00:00:00','1970-01-01 00:00:00',0,'2019-04-18 23:18:28',0,'2019-04-18 23:18:28',0),(5,0,0,0,1,0,'2020-04-01 00:00:00','2020-04-01','2021-04-01','2020-04-01','2021-04-01','2020-04-01','2021-04-01','0000-00-00',0,0,0,'',0,0,0.0000,'','0000-00-00','0000-00-00',0.0000,0.0000,211,'0000-00-00','','','','0000-00-00','','0000-00-00','','0000-00-00',0,52,211,'2019-04-19 00:04:00',211,'2019-04-19 00:05:00',0,211,'2019-04-19 00:05:00',0,211,'2019-04-19 00:05:00',211,'2019-04-19 00:05:00',0,0,'1900-01-01 00:00:00','1900-01-01 00:00:00',0,'1900-01-01 00:00:00','1970-01-01 00:00:00',0,'2019-04-19 00:05:21',211,'2019-04-19 00:05:21',211);
/*!40000 ALTER TABLE `RentalAgreement` ENABLE KEYS */;
UNLOCK TABLES;

--
-- Table structure for table `RentalAgreementPayors`
--

DROP TABLE IF EXISTS `RentalAgreementPayors`;
/*!40101 SET @saved_cs_client     = @@character_set_client */;
/*!40101 SET character_set_client = utf8 */;
CREATE TABLE `RentalAgreementPayors` (
  `RAPID` bigint(20) NOT NULL AUTO_INCREMENT,
  `RAID` bigint(20) NOT NULL DEFAULT '0',
  `BID` bigint(20) NOT NULL DEFAULT '0',
  `TCID` bigint(20) NOT NULL DEFAULT '0',
  `DtStart` date NOT NULL DEFAULT '1970-01-01',
  `DtStop` date NOT NULL DEFAULT '1970-01-01',
  `FLAGS` bigint(20) NOT NULL DEFAULT '0',
  `LastModTime` timestamp NOT NULL DEFAULT CURRENT_TIMESTAMP ON UPDATE CURRENT_TIMESTAMP,
  `LastModBy` bigint(20) NOT NULL DEFAULT '0',
  `CreateTS` timestamp NOT NULL DEFAULT CURRENT_TIMESTAMP,
  `CreateBy` bigint(20) NOT NULL DEFAULT '0',
  PRIMARY KEY (`RAPID`)
) ENGINE=InnoDB AUTO_INCREMENT=6 DEFAULT CHARSET=utf8;
/*!40101 SET character_set_client = @saved_cs_client */;

--
-- Dumping data for table `RentalAgreementPayors`
--

LOCK TABLES `RentalAgreementPayors` WRITE;
/*!40000 ALTER TABLE `RentalAgreementPayors` DISABLE KEYS */;
INSERT INTO `RentalAgreementPayors` VALUES (1,1,1,1,'2018-07-05','2019-07-01',0,'2019-04-18 23:18:27',0,'2019-04-18 23:18:27',0),(2,2,1,2,'2018-07-05','2019-07-01',0,'2019-04-18 23:18:28',0,'2019-04-18 23:18:28',0),(3,3,1,3,'2018-07-05','2019-07-01',0,'2019-04-18 23:18:28',0,'2019-04-18 23:18:28',0),(4,4,1,4,'2018-07-05','2019-07-01',0,'2019-04-18 23:18:28',0,'2019-04-18 23:18:28',0),(5,5,1,1,'2020-04-01','2021-04-01',0,'2019-04-19 00:05:21',211,'2019-04-19 00:05:21',211);
/*!40000 ALTER TABLE `RentalAgreementPayors` ENABLE KEYS */;
UNLOCK TABLES;

--
-- Table structure for table `RentalAgreementRentables`
--

DROP TABLE IF EXISTS `RentalAgreementRentables`;
/*!40101 SET @saved_cs_client     = @@character_set_client */;
/*!40101 SET character_set_client = utf8 */;
CREATE TABLE `RentalAgreementRentables` (
  `RARID` bigint(20) NOT NULL AUTO_INCREMENT,
  `RAID` bigint(20) NOT NULL DEFAULT '0',
  `BID` bigint(20) NOT NULL DEFAULT '0',
  `RID` bigint(20) NOT NULL DEFAULT '0',
  `PRID` bigint(20) NOT NULL DEFAULT '0',
  `CLID` bigint(20) NOT NULL DEFAULT '0',
  `ContractRent` decimal(19,4) NOT NULL DEFAULT '0.0000',
  `RARDtStart` date NOT NULL DEFAULT '1970-01-01',
  `RARDtStop` date NOT NULL DEFAULT '1970-01-01',
  `LastModTime` timestamp NOT NULL DEFAULT CURRENT_TIMESTAMP ON UPDATE CURRENT_TIMESTAMP,
  `LastModBy` bigint(20) NOT NULL DEFAULT '0',
  `CreateTS` timestamp NOT NULL DEFAULT CURRENT_TIMESTAMP,
  `CreateBy` bigint(20) NOT NULL DEFAULT '0',
  PRIMARY KEY (`RARID`)
) ENGINE=InnoDB AUTO_INCREMENT=6 DEFAULT CHARSET=utf8;
/*!40101 SET character_set_client = @saved_cs_client */;

--
-- Dumping data for table `RentalAgreementRentables`
--

LOCK TABLES `RentalAgreementRentables` WRITE;
/*!40000 ALTER TABLE `RentalAgreementRentables` DISABLE KEYS */;
INSERT INTO `RentalAgreementRentables` VALUES (1,1,1,1,0,0,1000.0000,'2018-07-05','2019-07-01','2019-04-18 23:18:27',0,'2019-04-18 23:18:27',0),(2,2,1,2,0,0,1000.0000,'2018-07-05','2019-07-01','2019-04-18 23:18:28',0,'2019-04-18 23:18:28',0),(3,3,1,3,0,0,1500.0000,'2018-07-05','2019-07-01','2019-04-18 23:18:28',0,'2019-04-18 23:18:28',0),(4,4,1,4,0,0,1500.0000,'2018-07-05','2019-07-01','2019-04-18 23:18:28',0,'2019-04-18 23:18:28',0),(5,5,1,23,0,0,0.0000,'2020-04-01','2021-03-31','2019-04-19 00:05:21',211,'2019-04-19 00:05:21',211);
/*!40000 ALTER TABLE `RentalAgreementRentables` ENABLE KEYS */;
UNLOCK TABLES;

--
-- Table structure for table `RentalAgreementTax`
--

DROP TABLE IF EXISTS `RentalAgreementTax`;
/*!40101 SET @saved_cs_client     = @@character_set_client */;
/*!40101 SET character_set_client = utf8 */;
CREATE TABLE `RentalAgreementTax` (
  `RAID` bigint(20) NOT NULL DEFAULT '0',
  `BID` bigint(20) NOT NULL DEFAULT '0',
  `DtStart` date NOT NULL DEFAULT '1970-01-01',
  `DtStop` date NOT NULL DEFAULT '1970-01-01',
  `FLAGS` bigint(20) NOT NULL DEFAULT '0',
  `LastModTime` timestamp NOT NULL DEFAULT CURRENT_TIMESTAMP ON UPDATE CURRENT_TIMESTAMP,
  `LastModBy` bigint(20) NOT NULL DEFAULT '0',
  `CreateTS` timestamp NOT NULL DEFAULT CURRENT_TIMESTAMP,
  `CreateBy` bigint(20) NOT NULL DEFAULT '0'
) ENGINE=InnoDB DEFAULT CHARSET=utf8;
/*!40101 SET character_set_client = @saved_cs_client */;

--
-- Dumping data for table `RentalAgreementTax`
--

LOCK TABLES `RentalAgreementTax` WRITE;
/*!40000 ALTER TABLE `RentalAgreementTax` DISABLE KEYS */;
/*!40000 ALTER TABLE `RentalAgreementTax` ENABLE KEYS */;
UNLOCK TABLES;

--
-- Table structure for table `RentalAgreementTemplate`
--

DROP TABLE IF EXISTS `RentalAgreementTemplate`;
/*!40101 SET @saved_cs_client     = @@character_set_client */;
/*!40101 SET character_set_client = utf8 */;
CREATE TABLE `RentalAgreementTemplate` (
  `RATID` bigint(20) NOT NULL AUTO_INCREMENT,
  `BID` bigint(20) NOT NULL DEFAULT '0',
  `RATemplateName` varchar(100) DEFAULT '',
  `LastModTime` timestamp NOT NULL DEFAULT CURRENT_TIMESTAMP ON UPDATE CURRENT_TIMESTAMP,
  `LastModBy` bigint(20) NOT NULL DEFAULT '0',
  `CreateTS` timestamp NOT NULL DEFAULT CURRENT_TIMESTAMP,
  `CreateBy` bigint(20) NOT NULL DEFAULT '0',
  PRIMARY KEY (`RATID`)
) ENGINE=InnoDB AUTO_INCREMENT=5 DEFAULT CHARSET=utf8;
/*!40101 SET character_set_client = @saved_cs_client */;

--
-- Dumping data for table `RentalAgreementTemplate`
--

LOCK TABLES `RentalAgreementTemplate` WRITE;
/*!40000 ALTER TABLE `RentalAgreementTemplate` DISABLE KEYS */;
INSERT INTO `RentalAgreementTemplate` VALUES (1,1,'Agreement3722.1.doc','2017-11-10 23:24:23',0,'2017-11-10 23:24:23',0),(2,1,'Agreement4421.2.doc','2017-11-10 23:24:23',0,'2017-11-10 23:24:23',0),(3,1,'Agreement4980.3.doc','2017-11-10 23:24:23',0,'2017-11-10 23:24:23',0),(4,1,'Agreement5342.7.doc','2017-11-10 23:24:23',0,'2017-11-10 23:24:23',0);
/*!40000 ALTER TABLE `RentalAgreementTemplate` ENABLE KEYS */;
UNLOCK TABLES;

--
-- Table structure for table `SLString`
--

DROP TABLE IF EXISTS `SLString`;
/*!40101 SET @saved_cs_client     = @@character_set_client */;
/*!40101 SET character_set_client = utf8 */;
CREATE TABLE `SLString` (
  `SLSID` bigint(20) NOT NULL AUTO_INCREMENT,
  `BID` bigint(20) NOT NULL DEFAULT '0',
  `SLID` bigint(20) NOT NULL DEFAULT '0',
  `Value` varchar(256) NOT NULL DEFAULT '',
  `LastModTime` timestamp NOT NULL DEFAULT CURRENT_TIMESTAMP ON UPDATE CURRENT_TIMESTAMP,
  `LastModBy` bigint(20) NOT NULL DEFAULT '0',
  `CreateTS` timestamp NOT NULL DEFAULT CURRENT_TIMESTAMP,
  `CreateBy` bigint(20) NOT NULL DEFAULT '0',
  PRIMARY KEY (`SLSID`)
) ENGINE=InnoDB AUTO_INCREMENT=388 DEFAULT CHARSET=utf8;
/*!40101 SET character_set_client = @saved_cs_client */;

--
-- Dumping data for table `SLString`
--

LOCK TABLES `SLString` WRITE;
/*!40000 ALTER TABLE `SLString` DISABLE KEYS */;
INSERT INTO `SLString` VALUES (1,1,1,'4Walls','2018-06-12 18:01:26',0,'2018-06-12 18:01:26',0),(2,1,1,'Apartment Finder Blue Book','2018-06-12 18:01:26',0,'2018-06-12 18:01:26',0),(3,1,1,'Apartment Guide','2018-06-12 18:01:26',0,'2018-06-12 18:01:26',0),(4,1,1,'Apartment Locator','2018-06-12 18:01:26',0,'2018-06-12 18:01:26',0),(5,1,1,'Apartment Map','2018-06-12 18:01:26',0,'2018-06-12 18:01:26',0),(6,1,1,'ApartmentFinder.com','2018-06-12 18:01:26',0,'2018-06-12 18:01:26',0),(7,1,1,'ApartmentGuide.com','2018-06-12 18:01:26',0,'2018-06-12 18:01:26',0),(8,1,1,'ApartmentGuyze.com','2018-06-12 18:01:26',0,'2018-06-12 18:01:26',0),(9,1,1,'ApartmentHomeLiving.com','2018-06-12 18:01:26',0,'2018-06-12 18:01:26',0),(10,1,1,'ApartmentLints.com','2018-06-12 18:01:26',0,'2018-06-12 18:01:26',0),(11,1,1,'ApartmentMag.com','2018-06-12 18:01:26',0,'2018-06-12 18:01:26',0),(12,1,1,'ApartmentMarketer.com','2018-06-12 18:01:26',0,'2018-06-12 18:01:26',0),(13,1,1,'ApartmentMatching.com','2018-06-12 18:01:26',0,'2018-06-12 18:01:26',0),(14,1,1,'ApartmentRatings.com','2018-06-12 18:01:26',0,'2018-06-12 18:01:26',0),(15,1,1,'ApartmentSearch.com','2018-06-12 18:01:26',0,'2018-06-12 18:01:26',0),(16,1,1,'ApartmentShowcase.com','2018-06-12 18:01:26',0,'2018-06-12 18:01:26',0),(17,1,1,'Apartments.com','2018-06-12 18:01:26',0,'2018-06-12 18:01:26',0),(18,1,1,'Apartments24-7.com','2018-06-12 18:01:26',0,'2018-06-12 18:01:26',0),(19,1,1,'ApartmentsNationwide.com','2018-06-12 18:01:26',0,'2018-06-12 18:01:26',0),(20,1,1,'ApartmentsPlus.com','2018-06-12 18:01:26',0,'2018-06-12 18:01:26',0),(21,1,1,'Brochure/Flyer','2018-06-12 18:01:26',0,'2018-06-12 18:01:26',0),(22,1,1,'CitySearch.com','2018-06-12 18:01:26',0,'2018-06-12 18:01:26',0),(23,1,1,'CollegeRentals.com','2018-06-12 18:01:26',0,'2018-06-12 18:01:26',0),(24,1,1,'CraigsList.com','2018-06-12 18:01:26',0,'2018-06-12 18:01:26',0),(25,1,1,'Current resident','2018-06-12 18:01:26',0,'2018-06-12 18:01:26',0),(26,1,1,'Direct Mail - Conventional','2018-06-12 18:01:26',0,'2018-06-12 18:01:26',0),(27,1,1,'Direct Mail - FullService','2018-06-12 18:01:26',0,'2018-06-12 18:01:26',0),(28,1,1,'Drive by','2018-06-12 18:01:26',0,'2018-06-12 18:01:26',0),(29,1,1,'EasyRent.com','2018-06-12 18:01:26',0,'2018-06-12 18:01:26',0),(30,1,1,'El Nacional','2018-06-12 18:01:26',0,'2018-06-12 18:01:26',0),(31,1,1,'EliteRenting.com','2018-06-12 18:01:26',0,'2018-06-12 18:01:26',0),(32,1,1,'For Rent Magazine','2018-06-12 18:01:26',0,'2018-06-12 18:01:26',0),(33,1,1,'ForRent.com','2018-06-12 18:01:26',0,'2018-06-12 18:01:26',0),(34,1,1,'Google Internet Program','2018-06-12 18:01:26',0,'2018-06-12 18:01:26',0),(35,1,1,'Google.com','2018-06-12 18:01:26',0,'2018-06-12 18:01:26',0),(36,1,1,'HotPads.com','2018-06-12 18:01:26',0,'2018-06-12 18:01:26',0),(37,1,1,'LivingChoices.com','2018-06-12 18:01:26',0,'2018-06-12 18:01:26',0),(38,1,1,'Local Line Rolloer','2018-06-12 18:01:26',0,'2018-06-12 18:01:26',0),(39,1,1,'Locator Service','2018-06-12 18:01:26',0,'2018-06-12 18:01:26',0),(40,1,1,'Move.com','2018-06-12 18:01:26',0,'2018-06-12 18:01:26',0),(41,1,1,'MoveForFree.com','2018-06-12 18:01:26',0,'2018-06-12 18:01:26',0),(42,1,1,'MyNewPlace.com','2018-06-12 18:01:26',0,'2018-06-12 18:01:26',0),(43,1,1,'Oklahoma Gazette','2018-06-12 18:01:26',0,'2018-06-12 18:01:26',0),(44,1,1,'Oodle.com','2018-06-12 18:01:26',0,'2018-06-12 18:01:26',0),(45,1,1,'Other','2018-06-12 18:01:26',0,'2018-06-12 18:01:26',0),(46,1,1,'Other','2018-06-12 18:01:26',0,'2018-06-12 18:01:26',0),(47,1,1,'Other OneSite property','2018-06-12 18:01:26',0,'2018-06-12 18:01:26',0),(48,1,1,'Other property','2018-06-12 18:01:26',0,'2018-06-12 18:01:26',0),(49,1,1,'Other publication','2018-06-12 18:01:26',0,'2018-06-12 18:01:26',0),(50,1,1,'Other site','2018-06-12 18:01:26',0,'2018-06-12 18:01:26',0),(51,1,1,'PMC-owned Website','2018-06-12 18:01:26',0,'2018-06-12 18:01:26',0),(52,1,1,'PeopleWithPets.com','2018-06-12 18:01:26',0,'2018-06-12 18:01:26',0),(53,1,1,'Preferred employer program','2018-06-12 18:01:26',0,'2018-06-12 18:01:26',0),(54,1,1,'Prior resident','2018-06-12 18:01:26',0,'2018-06-12 18:01:26',0),(55,1,1,'Property website','2018-06-12 18:01:26',0,'2018-06-12 18:01:26',0),(56,1,1,'Radio Advertising','2018-06-12 18:01:26',0,'2018-06-12 18:01:26',0),(57,1,1,'Referral companies/merchants','2018-06-12 18:01:26',0,'2018-06-12 18:01:26',0),(58,1,1,'Rent.com','2018-06-12 18:01:26',0,'2018-06-12 18:01:26',0),(59,1,1,'RentAndMove.com','2018-06-12 18:01:26',0,'2018-06-12 18:01:26',0),(60,1,1,'RentClicks.com','2018-06-12 18:01:26',0,'2018-06-12 18:01:26',0),(61,1,1,'RentJungle.com','2018-06-12 18:01:26',0,'2018-06-12 18:01:26',0),(62,1,1,'RentNet.com','2018-06-12 18:01:26',0,'2018-06-12 18:01:26',0),(63,1,1,'RentWiki.com','2018-06-12 18:01:26',0,'2018-06-12 18:01:26',0),(64,1,1,'Rentals.com','2018-06-12 18:01:26',0,'2018-06-12 18:01:26',0),(65,1,1,'Rentping.com','2018-06-12 18:01:26',0,'2018-06-12 18:01:26',0),(66,1,1,'Roomster.net','2018-06-12 18:01:26',0,'2018-06-12 18:01:26',0),(67,1,1,'Senior Living Magazine','2018-06-12 18:01:26',0,'2018-06-12 18:01:26',0),(68,1,1,'Site-owned website','2018-06-12 18:01:26',0,'2018-06-12 18:01:26',0),(69,1,1,'TV Advertising','2018-06-12 18:01:26',0,'2018-06-12 18:01:26',0),(70,1,1,'Tinker Take Off','2018-06-12 18:01:26',0,'2018-06-12 18:01:26',0),(71,1,1,'UMoveFree.com','2018-06-12 18:01:26',0,'2018-06-12 18:01:26',0),(72,1,1,'Unknown/Would not give','2018-06-12 18:01:26',0,'2018-06-12 18:01:26',0),(73,1,1,'Yahoo.com','2018-06-12 18:01:26',0,'2018-06-12 18:01:26',0),(74,1,1,'Yellow pages','2018-06-12 18:01:26',0,'2018-06-12 18:01:26',0),(75,1,2,'Criminal background','2018-06-12 18:01:26',0,'2018-06-12 18:01:26',0),(76,1,2,'No credit history','2018-06-12 18:01:26',0,'2018-06-12 18:01:26',0),(77,1,2,'No employment history','2018-06-12 18:01:26',0,'2018-06-12 18:01:26',0),(78,1,2,'Poor credit history','2018-10-31 18:47:17',0,'2018-06-12 18:01:26',0),(79,1,2,'Poor employment history','2018-10-31 18:47:17',0,'2018-06-12 18:01:26',0),(80,1,2,'Poor rental history','2018-10-31 18:47:17',0,'2018-06-12 18:01:26',0),(81,1,2,'No rental history','2018-06-12 18:01:26',0,'2018-06-12 18:01:26',0),(82,1,2,'Other','2018-06-12 18:01:26',0,'2018-06-12 18:01:26',0),(83,1,3,'Abandoned Apartment','2018-06-12 18:01:26',0,'2018-06-12 18:01:26',0),(84,1,3,'Acquired a pet','2018-06-12 18:01:26',0,'2018-06-12 18:01:26',0),(85,1,3,'Added a roommate','2018-06-12 18:01:26',0,'2018-06-12 18:01:26',0),(86,1,3,'Amenities lacking','2018-06-12 18:01:26',0,'2018-06-12 18:01:26',0),(87,1,3,'Bought condominium','2018-06-12 18:01:26',0,'2018-06-12 18:01:26',0),(88,1,3,'Bought home','2018-06-12 18:01:26',0,'2018-06-12 18:01:26',0),(89,1,3,'Bought townhome','2018-06-12 18:01:26',0,'2018-06-12 18:01:26',0),(90,1,3,'Changed jobs','2018-06-12 18:01:26',0,'2018-06-12 18:01:26',0),(91,1,3,'Closer to airport','2018-06-12 18:01:26',0,'2018-06-12 18:01:26',0),(92,1,3,'Closer to town/city','2018-06-12 18:01:26',0,'2018-06-12 18:01:26',0),(93,1,3,'Closer to work','2018-06-12 18:01:26',0,'2018-06-12 18:01:26',0),(94,1,3,'Corporate or short term lease only','2018-06-12 18:01:26',0,'2018-06-12 18:01:26',0),(95,1,3,'Death or illness','2018-06-12 18:01:26',0,'2018-06-12 18:01:26',0),(96,1,3,'Dissatisfied for another reason','2018-06-12 18:01:26',0,'2018-06-12 18:01:26',0),(97,1,3,'Divorce','2018-06-12 18:01:26',0,'2018-06-12 18:01:26',0),(98,1,3,'Employment transfer','2018-06-12 18:01:26',0,'2018-06-12 18:01:26',0),(99,1,3,'Evicted for another reason','2018-06-12 18:01:26',0,'2018-06-12 18:01:26',0),(100,1,3,'Evicted for criminal reasons','2018-06-12 18:01:26',0,'2018-06-12 18:01:26',0),(101,1,3,'Evicted for non-compliance with community policies','2018-06-12 18:01:26',0,'2018-06-12 18:01:26',0),(102,1,3,'Evicted for non-payment of rent','2018-06-12 18:01:26',0,'2018-06-12 18:01:26',0),(103,1,3,'Generally unhappy with property','2018-06-12 18:01:26',0,'2018-06-12 18:01:26',0),(104,1,3,'Getting married','2018-06-12 18:01:26',0,'2018-06-12 18:01:26',0),(105,1,3,'High utility costs','2018-06-12 18:01:26',0,'2018-06-12 18:01:26',0),(106,1,3,'Leaving/graduating school','2018-06-12 18:01:26',0,'2018-06-12 18:01:26',0),(107,1,3,'Lifestyle change for another reason','2018-06-12 18:01:26',0,'2018-06-12 18:01:26',0),(108,1,3,'Loss of employment from the PMC','2018-06-12 18:01:26',0,'2018-06-12 18:01:26',0),(109,1,3,'Lost a job','2018-06-12 18:01:26',0,'2018-06-12 18:01:26',0),(110,1,3,'Lost a roommate','2018-06-12 18:01:26',0,'2018-06-12 18:01:26',0),(111,1,3,'Marital status change','2018-06-12 18:01:26',0,'2018-06-12 18:01:26',0),(112,1,3,'Military transfer','2018-06-12 18:01:26',0,'2018-06-12 18:01:26',0),(113,1,3,'Money problems','2018-06-12 18:01:26',0,'2018-06-12 18:01:26',0),(114,1,3,'Moving closer to home','2018-06-12 18:01:26',0,'2018-06-12 18:01:26',0),(115,1,3,'Moving home','2018-06-12 18:01:26',0,'2018-06-12 18:01:26',0),(116,1,3,'No reason given','2018-06-12 18:01:26',0,'2018-06-12 18:01:26',0),(117,1,3,'Noise problem','2018-06-12 18:01:26',0,'2018-06-12 18:01:26',0),(118,1,3,'Non-renewal of lease','2018-06-12 18:01:26',0,'2018-06-12 18:01:26',0),(119,1,3,'Other','2018-06-12 18:01:26',0,'2018-06-12 18:01:26',0),(120,1,3,'Parking problems','2018-06-12 18:01:26',0,'2018-06-12 18:01:26',0),(121,1,3,'Personal reasons/concerns','2018-06-12 18:01:26',0,'2018-06-12 18:01:26',0),(122,1,3,'Property disaster','2018-06-12 18:01:26',0,'2018-06-12 18:01:26',0),(123,1,3,'Rental increase','2018-06-12 18:01:26',0,'2018-06-12 18:01:26',0),(124,1,3,'Rentin home','2018-06-12 18:01:26',0,'2018-06-12 18:01:26',0),(125,1,3,'Returning/going to school','2018-06-12 18:01:26',0,'2018-06-12 18:01:26',0),(126,1,3,'Road construction','2018-06-12 18:01:26',0,'2018-06-12 18:01:26',0),(127,1,3,'Selling/old house','2018-06-12 18:01:26',0,'2018-06-12 18:01:26',0),(128,1,3,'Skipped during eviction process','2018-06-12 18:01:26',0,'2018-06-12 18:01:26',0),(129,1,3,'Skipped without notice','2018-06-12 18:01:26',0,'2018-06-12 18:01:26',0),(130,1,4,'ADA accessible','2018-06-12 18:01:26',0,'2018-06-12 18:01:26',0),(131,1,4,'Amenities lacking','2018-06-12 18:01:26',0,'2018-06-12 18:01:26',0),(132,1,4,'Color palette','2018-06-12 18:01:26',0,'2018-06-12 18:01:26',0),(133,1,4,'Drive up appeal','2018-06-12 18:01:26',0,'2018-06-12 18:01:26',0),(134,1,4,'Furniture','2018-06-12 18:01:26',0,'2018-06-12 18:01:26',0),(135,1,4,'Lease term','2018-06-12 18:01:26',0,'2018-06-12 18:01:26',0),(136,1,4,'Location to employment','2018-06-12 18:01:26',0,'2018-06-12 18:01:26',0),(137,1,4,'Location to family','2018-06-12 18:01:26',0,'2018-06-12 18:01:26',0),(138,1,4,'Location to shopping and entertainment','2018-06-12 18:01:26',0,'2018-06-12 18:01:26',0),(139,1,4,'Meets square footage needs','2018-06-12 18:01:26',0,'2018-06-12 18:01:26',0),(140,1,4,'Personnel','2018-06-12 18:01:26',0,'2018-06-12 18:01:26',0),(141,1,4,'Pet allowances','2018-06-12 18:01:26',0,'2018-06-12 18:01:26',0),(142,1,4,'Point of lease e-commerce offers','2018-06-12 18:01:26',0,'2018-06-12 18:01:26',0),(143,1,4,'Priing','2018-06-12 18:01:26',0,'2018-06-12 18:01:26',0),(144,1,4,'Public transportation','2018-06-12 18:01:26',0,'2018-06-12 18:01:26',0),(145,1,4,'School district','2018-06-12 18:01:26',0,'2018-06-12 18:01:26',0),(146,1,4,'Special','2018-06-12 18:01:26',0,'2018-06-12 18:01:26',0),(147,1,5,'Amenities ^ Amenities lacking','2018-06-12 18:01:26',0,'2018-06-12 18:01:26',0),(148,1,5,'Amenities ^ Bedroom size','2018-06-12 18:01:26',0,'2018-06-12 18:01:26',0),(149,1,5,'Amenities ^ Color scheme','2018-06-12 18:01:26',0,'2018-06-12 18:01:26',0),(150,1,5,'Amenities ^ Competition has better amenities','2018-06-12 18:01:26',0,'2018-06-12 18:01:26',0),(151,1,5,'Amenities ^ Objection to floor plan','2018-06-12 18:01:26',0,'2018-06-12 18:01:26',0),(152,1,5,'Cost ^ Competition is less expensive','2018-06-12 18:01:26',0,'2018-06-12 18:01:26',0),(153,1,5,'Cost ^ No specials/concessions','2018-06-12 18:01:26',0,'2018-06-12 18:01:26',0),(154,1,5,'Cost ^ Too expensive','2018-06-12 18:01:26',0,'2018-06-12 18:01:26',0),(155,1,5,'Inactive ^ Inactive','2018-06-12 18:01:26',0,'2018-06-12 18:01:26',0),(156,1,5,'Location ^ Location','2018-06-12 18:01:26',0,'2018-06-12 18:01:26',0),(157,1,5,'Location ^ Road construction','2018-06-12 18:01:26',0,'2018-06-12 18:01:26',0),(158,1,5,'Location ^ Too close to highway','2018-06-12 18:01:26',0,'2018-06-12 18:01:26',0),(159,1,5,'Not available ^ Unit/floor plan not available','2018-06-12 18:01:26',0,'2018-06-12 18:01:26',0),(160,1,5,'Not interested ^ Bought/rented house instead','2018-06-12 18:01:26',0,'2018-06-12 18:01:26',0),(161,1,5,'Not interested ^ Changed their mind','2018-06-12 18:01:26',0,'2018-06-12 18:01:26',0),(162,1,5,'Not interested ^ Not interested','2018-06-12 18:01:26',0,'2018-06-12 18:01:26',0),(163,1,5,'Not qualified ^ Credit rating below standard','2018-06-12 18:01:26',0,'2018-06-12 18:01:26',0),(164,1,5,'Not qualified ^ Criminal history not allowed','2018-06-12 18:01:26',0,'2018-06-12 18:01:26',0),(165,1,5,'Not qualified ^ Does not meet property criteria','2018-06-12 18:01:26',0,'2018-06-12 18:01:26',0),(166,1,5,'Not qualified ^ Oversized/unallowable pet','2018-06-12 18:01:26',0,'2018-06-12 18:01:26',0),(167,1,5,'Not qualified ^ Rental history not allowed','2018-06-12 18:01:26',0,'2018-06-12 18:01:26',0),(168,1,5,'Not qualified ^ Roommate/spouse unqualified','2018-06-12 18:01:26',0,'2018-06-12 18:01:26',0),(169,1,5,'Not qualified ^ Too many occupants','2018-06-12 18:01:26',0,'2018-06-12 18:01:26',0),(170,1,2,'Application declined','2018-06-30 00:53:45',0,'2018-06-30 00:53:45',0),(171,1,6,'Application was declined','2018-07-23 16:14:19',0,'2018-07-23 16:14:19',-99998),(172,1,6,'Rental Agreement was updated','2018-07-23 16:14:19',0,'2018-07-23 16:14:19',-99998),(175,1,7,'Accountants','2018-07-24 09:09:29',0,'2018-07-24 09:09:29',0),(176,1,7,'Advertising/Public Relations','2018-07-24 09:09:29',0,'2018-07-24 09:09:29',0),(177,1,7,'Aerospace','2018-07-24 09:09:29',0,'2018-07-24 09:09:29',0),(178,1,7,'Agribusiness','2018-07-24 09:09:29',0,'2018-07-24 09:09:29',0),(179,1,7,'Agricultural Services & Products','2018-07-24 09:09:29',0,'2018-07-24 09:09:29',0),(180,1,7,'Agriculture','2018-07-24 09:09:29',0,'2018-07-24 09:09:29',0),(181,1,7,'Air Transport','2018-07-24 09:09:29',0,'2018-07-24 09:09:29',0),(182,1,7,'Air Transport Unions','2018-07-24 09:09:29',0,'2018-07-24 09:09:29',0),(183,1,7,'Airlines','2018-07-24 09:09:29',0,'2018-07-24 09:09:29',0),(184,1,7,'Alcoholic Beverages','2018-07-24 09:09:29',0,'2018-07-24 09:09:29',0),(185,1,7,'Alternative Energy Production & Services','2018-07-24 09:09:29',0,'2018-07-24 09:09:29',0),(186,1,7,'Architectural Services','2018-07-24 09:09:29',0,'2018-07-24 09:09:29',0),(187,1,7,'Attorneys/Law Firms','2018-07-24 09:09:29',0,'2018-07-24 09:09:29',0),(188,1,7,'Auto Dealers','2018-07-24 09:09:29',0,'2018-07-24 09:09:29',0),(189,1,7,'Auto Dealers','2018-07-24 09:09:29',0,'2018-07-24 09:09:29',0),(190,1,7,'Auto Manufacturers','2018-07-24 09:09:29',0,'2018-07-24 09:09:29',0),(191,1,7,'Automotive','2018-07-24 09:09:29',0,'2018-07-24 09:09:29',0),(192,1,7,'Banking','2018-07-24 09:09:29',0,'2018-07-24 09:09:29',0),(193,1,7,'Banks','2018-07-24 09:09:29',0,'2018-07-24 09:09:29',0),(194,1,7,'Banks','2018-07-24 09:09:29',0,'2018-07-24 09:09:29',0),(195,1,7,'Bars & Restaurants','2018-07-24 09:09:29',0,'2018-07-24 09:09:29',0),(196,1,7,'Beer','2018-07-24 09:09:29',0,'2018-07-24 09:09:29',0),(197,1,7,'Books','2018-07-24 09:09:29',0,'2018-07-24 09:09:29',0),(198,1,7,'Broadcasters','2018-07-24 09:09:29',0,'2018-07-24 09:09:29',0),(199,1,7,'Builders/General Contractors','2018-07-24 09:09:29',0,'2018-07-24 09:09:29',0),(200,1,7,'Builders/Residential','2018-07-24 09:09:29',0,'2018-07-24 09:09:29',0),(201,1,7,'Building Materials & Equipment','2018-07-24 09:09:29',0,'2018-07-24 09:09:29',0),(202,1,7,'Building Trade Unions','2018-07-24 09:09:29',0,'2018-07-24 09:09:29',0),(203,1,7,'Business Associations','2018-07-24 09:09:29',0,'2018-07-24 09:09:29',0),(204,1,7,'Business Services','2018-07-24 09:09:29',0,'2018-07-24 09:09:29',0),(205,1,7,'Cable & Satellite TV Production & Distribution','2018-07-24 09:09:29',0,'2018-07-24 09:09:29',0),(206,1,7,'Candidate Committees','2018-07-24 09:09:29',0,'2018-07-24 09:09:29',0),(207,1,7,'Candidate Committees','2018-07-24 09:09:29',0,'2018-07-24 09:09:29',0),(208,1,7,'Candidate Committees','2018-07-24 09:09:29',0,'2018-07-24 09:09:29',0),(209,1,7,'Car Dealers','2018-07-24 09:09:29',0,'2018-07-24 09:09:29',0),(210,1,7,'Car Dealers','2018-07-24 09:09:29',0,'2018-07-24 09:09:29',0),(211,1,7,'Car Manufacturers','2018-07-24 09:09:29',0,'2018-07-24 09:09:29',0),(212,1,7,'Casinos / Gambling','2018-07-24 09:09:29',0,'2018-07-24 09:09:29',0),(213,1,7,'Cattle Ranchers/Livestock','2018-07-24 09:09:29',0,'2018-07-24 09:09:29',0),(214,1,7,'Chemical & Related Manufacturing','2018-07-24 09:09:29',0,'2018-07-24 09:09:29',0),(215,1,7,'Chiropractors','2018-07-24 09:09:29',0,'2018-07-24 09:09:29',0),(216,1,7,'Civil Servants/Public Officials','2018-07-24 09:09:29',0,'2018-07-24 09:09:29',0),(217,1,7,'Clergy & Religious Organizations','2018-07-24 09:09:29',0,'2018-07-24 09:09:29',0),(218,1,7,'Clothing Manufacturing','2018-07-24 09:09:29',0,'2018-07-24 09:09:29',0),(219,1,7,'Coal Mining','2018-07-24 09:09:29',0,'2018-07-24 09:09:29',0),(220,1,7,'Colleges','2018-07-24 09:09:29',0,'2018-07-24 09:09:29',0),(221,1,7,'Commercial Banks','2018-07-24 09:09:29',0,'2018-07-24 09:09:29',0),(222,1,7,'Commercial TV & Radio Stations','2018-07-24 09:09:29',0,'2018-07-24 09:09:29',0),(223,1,7,'Communications/Electronics','2018-07-24 09:09:29',0,'2018-07-24 09:09:29',0),(224,1,7,'Computer Software','2018-07-24 09:09:29',0,'2018-07-24 09:09:29',0),(225,1,7,'Conservative/Republican','2018-07-24 09:09:29',0,'2018-07-24 09:09:29',0),(226,1,7,'Construction','2018-07-24 09:09:29',0,'2018-07-24 09:09:29',0),(227,1,7,'Construction Services','2018-07-24 09:09:29',0,'2018-07-24 09:09:29',0),(228,1,7,'Construction Unions','2018-07-24 09:09:29',0,'2018-07-24 09:09:29',0),(229,1,7,'Credit Unions','2018-07-24 09:09:29',0,'2018-07-24 09:09:29',0),(230,1,7,'Crop Production & Basic Processing','2018-07-24 09:09:29',0,'2018-07-24 09:09:29',0),(231,1,7,'Cruise Lines','2018-07-24 09:09:29',0,'2018-07-24 09:09:29',0),(232,1,7,'Cruise Ships & Lines','2018-07-24 09:09:29',0,'2018-07-24 09:09:29',0),(233,1,7,'Dairy','2018-07-24 09:09:29',0,'2018-07-24 09:09:29',0),(234,1,7,'Defense','2018-07-24 09:09:29',0,'2018-07-24 09:09:29',0),(235,1,7,'Defense Aerospace','2018-07-24 09:09:29',0,'2018-07-24 09:09:29',0),(236,1,7,'Defense Electronics','2018-07-24 09:09:29',0,'2018-07-24 09:09:29',0),(237,1,7,'Defense/Foreign Policy Advocates','2018-07-24 09:09:29',0,'2018-07-24 09:09:29',0),(238,1,7,'Democratic Candidate Committees','2018-07-24 09:09:29',0,'2018-07-24 09:09:29',0),(239,1,7,'Democratic Leadership PACs','2018-07-24 09:09:29',0,'2018-07-24 09:09:29',0),(240,1,7,'Democratic/Liberal','2018-07-24 09:09:29',0,'2018-07-24 09:09:29',0),(241,1,7,'Dentists','2018-07-24 09:09:29',0,'2018-07-24 09:09:29',0),(242,1,7,'Doctors & Other Health Professionals','2018-07-24 09:09:29',0,'2018-07-24 09:09:29',0),(243,1,7,'Drug Manufacturers','2018-07-24 09:09:29',0,'2018-07-24 09:09:29',0),(244,1,7,'Education','2018-07-24 09:09:29',0,'2018-07-24 09:09:29',0),(245,1,7,'Electric Utilities','2018-07-24 09:09:29',0,'2018-07-24 09:09:29',0),(246,1,7,'Electronics Manufacturing & Equipment','2018-07-24 09:09:29',0,'2018-07-24 09:09:29',0),(247,1,7,'Electronics','2018-07-24 09:09:29',0,'2018-07-24 09:09:29',0),(248,1,7,'Energy & Natural Resources','2018-07-24 09:09:29',0,'2018-07-24 09:09:29',0),(249,1,7,'Entertainment Industry','2018-07-24 09:09:29',0,'2018-07-24 09:09:29',0),(250,1,7,'Environment','2018-07-24 09:09:29',0,'2018-07-24 09:09:29',0),(251,1,7,'Farm Bureaus','2018-07-24 09:09:29',0,'2018-07-24 09:09:29',0),(252,1,7,'Farming','2018-07-24 09:09:29',0,'2018-07-24 09:09:29',0),(253,1,7,'Finance / Credit Companies','2018-07-24 09:09:29',0,'2018-07-24 09:09:29',0),(254,1,7,'Finance','2018-07-24 09:09:29',0,'2018-07-24 09:09:29',0),(255,1,7,'Food & Beverage','2018-07-24 09:09:29',0,'2018-07-24 09:09:29',0),(256,1,7,'Food Processing & Sales','2018-07-24 09:09:29',0,'2018-07-24 09:09:29',0),(257,1,7,'Food Products Manufacturing','2018-07-24 09:09:29',0,'2018-07-24 09:09:29',0),(258,1,7,'Food Stores','2018-07-24 09:09:29',0,'2018-07-24 09:09:29',0),(259,1,7,'For-profit Education','2018-07-24 09:09:29',0,'2018-07-24 09:09:29',0),(260,1,7,'For-profit Prisons','2018-07-24 09:09:29',0,'2018-07-24 09:09:29',0),(261,1,7,'Foreign & Defense Policy','2018-07-24 09:09:29',0,'2018-07-24 09:09:29',0),(262,1,7,'Forestry & Forest Products','2018-07-24 09:09:29',0,'2018-07-24 09:09:29',0),(263,1,7,'Foundations','2018-07-24 09:09:29',0,'2018-07-24 09:09:29',0),(264,1,7,'Funeral Services','2018-07-24 09:09:29',0,'2018-07-24 09:09:29',0),(265,1,7,'Gambling & Casinos','2018-07-24 09:09:29',0,'2018-07-24 09:09:29',0),(266,1,7,'Gambling','2018-07-24 09:09:29',0,'2018-07-24 09:09:29',0),(267,1,7,'Garbage Collection/Waste Management','2018-07-24 09:09:29',0,'2018-07-24 09:09:29',0),(268,1,7,'Gas & Oil','2018-07-24 09:09:29',0,'2018-07-24 09:09:29',0),(269,1,7,'Gay & Lesbian Rights & Issues','2018-07-24 09:09:29',0,'2018-07-24 09:09:29',0),(270,1,7,'General Contractors','2018-07-24 09:09:29',0,'2018-07-24 09:09:29',0),(271,1,7,'Government Employee Unions','2018-07-24 09:09:29',0,'2018-07-24 09:09:29',0),(272,1,7,'Government Employees','2018-07-24 09:09:29',0,'2018-07-24 09:09:29',0),(273,1,7,'Gun Control','2018-07-24 09:09:29',0,'2018-07-24 09:09:29',0),(274,1,7,'Gun Rights','2018-07-24 09:09:29',0,'2018-07-24 09:09:29',0),(275,1,7,'Health','2018-07-24 09:09:29',0,'2018-07-24 09:09:29',0),(276,1,7,'Health Professionals','2018-07-24 09:09:29',0,'2018-07-24 09:09:29',0),(277,1,7,'Health Services/HMOs','2018-07-24 09:09:29',0,'2018-07-24 09:09:29',0),(278,1,7,'Hedge Funds','2018-07-24 09:09:29',0,'2018-07-24 09:09:29',0),(279,1,7,'HMOs & Health Care Services','2018-07-24 09:09:29',0,'2018-07-24 09:09:29',0),(280,1,7,'Home Builders','2018-07-24 09:09:29',0,'2018-07-24 09:09:29',0),(281,1,7,'Hospitals & Nursing Homes','2018-07-24 09:09:29',0,'2018-07-24 09:09:29',0),(282,1,7,'Hotels','2018-07-24 09:09:29',0,'2018-07-24 09:09:29',0),(283,1,7,'Human Rights','2018-07-24 09:09:29',0,'2018-07-24 09:09:29',0),(284,1,7,'Ideological/Single-Issue','2018-07-24 09:09:29',0,'2018-07-24 09:09:29',0),(285,1,7,'Indian Gaming','2018-07-24 09:09:29',0,'2018-07-24 09:09:29',0),(286,1,7,'Industrial Unions','2018-07-24 09:09:29',0,'2018-07-24 09:09:29',0),(287,1,7,'Insurance','2018-07-24 09:09:29',0,'2018-07-24 09:09:29',0),(288,1,7,'Internet','2018-07-24 09:09:29',0,'2018-07-24 09:09:29',0),(289,1,7,'Israel Policy','2018-07-24 09:09:29',0,'2018-07-24 09:09:29',0),(290,1,7,'Labor','2018-07-24 09:09:29',0,'2018-07-24 09:09:29',0),(291,1,7,'Lawyers & Lobbyists','2018-07-24 09:09:29',0,'2018-07-24 09:09:29',0),(292,1,7,'Lawyers / Law Firms','2018-07-24 09:09:29',0,'2018-07-24 09:09:29',0),(293,1,7,'Leadership PACs','2018-07-24 09:09:29',0,'2018-07-24 09:09:29',0),(294,1,7,'Liberal/Democratic','2018-07-24 09:09:29',0,'2018-07-24 09:09:29',0),(295,1,7,'Liquor','2018-07-24 09:09:29',0,'2018-07-24 09:09:29',0),(296,1,7,'Livestock','2018-07-24 09:09:29',0,'2018-07-24 09:09:29',0),(297,1,7,'Lobbyists','2018-07-24 09:09:29',0,'2018-07-24 09:09:29',0),(298,1,7,'Lodging / Tourism','2018-07-24 09:09:29',0,'2018-07-24 09:09:29',0),(299,1,7,'Logging','2018-07-24 09:09:29',0,'2018-07-24 09:09:29',0),(300,1,7,'Manufacturing','2018-07-24 09:09:29',0,'2018-07-24 09:09:29',0),(301,1,7,'Marine Transport','2018-07-24 09:09:29',0,'2018-07-24 09:09:29',0),(302,1,7,'Meat processing & products','2018-07-24 09:09:29',0,'2018-07-24 09:09:29',0),(303,1,7,'Medical Supplies','2018-07-24 09:09:29',0,'2018-07-24 09:09:29',0),(304,1,7,'Mining','2018-07-24 09:09:29',0,'2018-07-24 09:09:29',0),(305,1,7,'Misc Business','2018-07-24 09:09:29',0,'2018-07-24 09:09:29',0),(306,1,7,'Misc Finance','2018-07-24 09:09:29',0,'2018-07-24 09:09:29',0),(307,1,7,'Misc Manufacturing & Distributing','2018-07-24 09:09:29',0,'2018-07-24 09:09:29',0),(308,1,7,'Misc Unions','2018-07-24 09:09:29',0,'2018-07-24 09:09:29',0),(309,1,7,'Miscellaneous Defense','2018-07-24 09:09:29',0,'2018-07-24 09:09:29',0),(310,1,7,'Miscellaneous Services','2018-07-24 09:09:29',0,'2018-07-24 09:09:29',0),(311,1,7,'Mortgage Bankers & Brokers','2018-07-24 09:09:29',0,'2018-07-24 09:09:29',0),(312,1,7,'Motion Picture Production & Distribution','2018-07-24 09:09:29',0,'2018-07-24 09:09:29',0),(313,1,7,'Music Production','2018-07-24 09:09:29',0,'2018-07-24 09:09:29',0),(314,1,7,'Natural Gas Pipelines','2018-07-24 09:09:29',0,'2018-07-24 09:09:29',0),(315,1,7,'Newspaper','2018-07-24 09:09:29',0,'2018-07-24 09:09:29',0),(316,1,7,'Non-profits','2018-07-24 09:09:29',0,'2018-07-24 09:09:29',0),(317,1,7,'Nurses','2018-07-24 09:09:29',0,'2018-07-24 09:09:29',0),(318,1,7,'Nursing Homes/Hospitals','2018-07-24 09:09:29',0,'2018-07-24 09:09:29',0),(319,1,7,'Nutritional & Dietary Supplements','2018-07-24 09:09:29',0,'2018-07-24 09:09:29',0),(320,1,7,'Oil & Gas','2018-07-24 09:09:29',0,'2018-07-24 09:09:29',0),(321,1,7,'Payday Lenders','2018-07-24 09:09:29',0,'2018-07-24 09:09:29',0),(322,1,7,'Pharmaceutical Manufacturing','2018-07-24 09:09:29',0,'2018-07-24 09:09:29',0),(323,1,7,'Pharmaceuticals / Health Products','2018-07-24 09:09:29',0,'2018-07-24 09:09:29',0),(324,1,7,'Phone Companies','2018-07-24 09:09:29',0,'2018-07-24 09:09:29',0),(325,1,7,'Physicians & Other Health Professionals','2018-07-24 09:09:29',0,'2018-07-24 09:09:29',0),(326,1,7,'Postal Unions','2018-07-24 09:09:29',0,'2018-07-24 09:09:29',0),(327,1,7,'Poultry & Eggs','2018-07-24 09:09:29',0,'2018-07-24 09:09:29',0),(328,1,7,'Power Utilities','2018-07-24 09:09:29',0,'2018-07-24 09:09:29',0),(329,1,7,'Printing & Publishing','2018-07-24 09:09:29',0,'2018-07-24 09:09:29',0),(330,1,7,'Private Equity & Investment Firms','2018-07-24 09:09:29',0,'2018-07-24 09:09:29',0),(331,1,7,'Pro-Israel','2018-07-24 09:09:29',0,'2018-07-24 09:09:29',0),(332,1,7,'Professional Sports','2018-07-24 09:09:29',0,'2018-07-24 09:09:29',0),(333,1,7,'Progressive/Democratic','2018-07-24 09:09:29',0,'2018-07-24 09:09:29',0),(334,1,7,'Public Employees','2018-07-24 09:09:29',0,'2018-07-24 09:09:29',0),(335,1,7,'Public Sector Unions','2018-07-24 09:09:29',0,'2018-07-24 09:09:29',0),(336,1,7,'Publishing & Printing','2018-07-24 09:09:29',0,'2018-07-24 09:09:29',0),(337,1,7,'Radio/TV Stations','2018-07-24 09:09:29',0,'2018-07-24 09:09:29',0),(338,1,7,'Railroads','2018-07-24 09:09:29',0,'2018-07-24 09:09:29',0),(339,1,7,'Real Estate','2018-07-24 09:09:29',0,'2018-07-24 09:09:29',0),(340,1,7,'Record Companies/Singers','2018-07-24 09:09:29',0,'2018-07-24 09:09:29',0),(341,1,7,'Recorded Music & Music Production','2018-07-24 09:09:29',0,'2018-07-24 09:09:29',0),(342,1,7,'Recreation / Live Entertainment','2018-07-24 09:09:29',0,'2018-07-24 09:09:29',0),(343,1,7,'Religious Organizations/Clergy','2018-07-24 09:09:29',0,'2018-07-24 09:09:29',0),(344,1,7,'Republican Candidate Committees','2018-07-24 09:09:29',0,'2018-07-24 09:09:29',0),(345,1,7,'Republican Leadership PACs','2018-07-24 09:09:29',0,'2018-07-24 09:09:29',0),(346,1,7,'Republican/Conservative','2018-07-24 09:09:29',0,'2018-07-24 09:09:29',0),(347,1,7,'Residential Construction','2018-07-24 09:09:29',0,'2018-07-24 09:09:29',0),(348,1,7,'Restaurants & Drinking Establishments','2018-07-24 09:09:29',0,'2018-07-24 09:09:29',0),(349,1,7,'Retail Sales','2018-07-24 09:09:29',0,'2018-07-24 09:09:29',0),(350,1,7,'Retired','2018-07-24 09:09:29',0,'2018-07-24 09:09:29',0),(351,1,7,'Savings & Loans','2018-07-24 09:09:29',0,'2018-07-24 09:09:29',0),(352,1,7,'Schools/Education','2018-07-24 09:09:29',0,'2018-07-24 09:09:29',0),(353,1,7,'Sea Transport','2018-07-24 09:09:29',0,'2018-07-24 09:09:29',0),(354,1,7,'Securities & Investment','2018-07-24 09:09:29',0,'2018-07-24 09:09:29',0),(355,1,7,'Special Trade Contractors','2018-07-24 09:09:29',0,'2018-07-24 09:09:29',0),(356,1,7,'Sports','2018-07-24 09:09:29',0,'2018-07-24 09:09:29',0),(357,1,7,'Steel Production','2018-07-24 09:09:29',0,'2018-07-24 09:09:29',0),(358,1,7,'Stock Brokers/Investment Industry','2018-07-24 09:09:29',0,'2018-07-24 09:09:29',0),(359,1,7,'Student Loan Companies','2018-07-24 09:09:29',0,'2018-07-24 09:09:29',0),(360,1,7,'Sugar Cane & Sugar Beets','2018-07-24 09:09:29',0,'2018-07-24 09:09:29',0),(361,1,7,'Teachers Unions','2018-07-24 09:09:29',0,'2018-07-24 09:09:29',0),(362,1,7,'Teachers/Education','2018-07-24 09:09:29',0,'2018-07-24 09:09:29',0),(363,1,7,'Telecom Services & Equipment','2018-07-24 09:09:29',0,'2018-07-24 09:09:29',0),(364,1,7,'Telephone Utilities','2018-07-24 09:09:29',0,'2018-07-24 09:09:29',0),(365,1,7,'Textiles','2018-07-24 09:09:29',0,'2018-07-24 09:09:29',0),(366,1,7,'Timber','2018-07-24 09:09:29',0,'2018-07-24 09:09:29',0),(367,1,7,'Tobacco','2018-07-24 09:09:29',0,'2018-07-24 09:09:29',0),(368,1,7,'Transportation','2018-07-24 09:09:29',0,'2018-07-24 09:09:29',0),(369,1,7,'Transportation Unions','2018-07-24 09:09:29',0,'2018-07-24 09:09:29',0),(370,1,7,'Trash Collection/Waste Management','2018-07-24 09:09:29',0,'2018-07-24 09:09:29',0),(371,1,7,'Trucking','2018-07-24 09:09:29',0,'2018-07-24 09:09:29',0),(372,1,7,'TV / Movies / Music','2018-07-24 09:09:29',0,'2018-07-24 09:09:29',0),(373,1,7,'TV Production','2018-07-24 09:09:29',0,'2018-07-24 09:09:29',0),(374,1,7,'Unions','2018-07-24 09:09:29',0,'2018-07-24 09:09:29',0),(375,1,7,'Unions','2018-07-24 09:09:29',0,'2018-07-24 09:09:29',0),(376,1,7,'Unions','2018-07-24 09:09:29',0,'2018-07-24 09:09:29',0),(377,1,7,'Unions','2018-07-24 09:09:29',0,'2018-07-24 09:09:29',0),(378,1,7,'Unions','2018-07-24 09:09:29',0,'2018-07-24 09:09:29',0),(379,1,7,'Unions','2018-07-24 09:09:29',0,'2018-07-24 09:09:29',0),(380,1,7,'Unions','2018-07-24 09:09:29',0,'2018-07-24 09:09:29',0),(381,1,7,'Unions','2018-07-24 09:09:29',0,'2018-07-24 09:09:29',0),(382,1,7,'Universities','2018-07-24 09:09:29',0,'2018-07-24 09:09:29',0),(383,1,7,'Vegetables & Fruits','2018-07-24 09:09:29',0,'2018-07-24 09:09:29',0),(384,1,7,'Venture Capital','2018-07-24 09:09:29',0,'2018-07-24 09:09:29',0),(385,1,7,'Waste Management','2018-07-24 09:09:29',0,'2018-07-24 09:09:29',0),(386,1,7,'Wine','2018-07-24 09:09:29',0,'2018-07-24 09:09:29',0),(387,1,7,'Women\'s Issues','2018-07-24 09:09:29',0,'2018-07-24 09:09:29',0);
/*!40000 ALTER TABLE `SLString` ENABLE KEYS */;
UNLOCK TABLES;

--
-- Table structure for table `StringList`
--

DROP TABLE IF EXISTS `StringList`;
/*!40101 SET @saved_cs_client     = @@character_set_client */;
/*!40101 SET character_set_client = utf8 */;
CREATE TABLE `StringList` (
  `SLID` bigint(20) NOT NULL AUTO_INCREMENT,
  `BID` bigint(20) NOT NULL DEFAULT '0',
  `Name` varchar(50) NOT NULL DEFAULT '',
  `LastModTime` timestamp NOT NULL DEFAULT CURRENT_TIMESTAMP ON UPDATE CURRENT_TIMESTAMP,
  `LastModBy` bigint(20) NOT NULL DEFAULT '0',
  `CreateTS` timestamp NOT NULL DEFAULT CURRENT_TIMESTAMP,
  `CreateBy` bigint(20) NOT NULL DEFAULT '0',
  PRIMARY KEY (`SLID`)
) ENGINE=InnoDB AUTO_INCREMENT=8 DEFAULT CHARSET=utf8;
/*!40101 SET character_set_client = @saved_cs_client */;

--
-- Dumping data for table `StringList`
--

LOCK TABLES `StringList` WRITE;
/*!40000 ALTER TABLE `StringList` DISABLE KEYS */;
INSERT INTO `StringList` VALUES (1,1,'HowFound','2018-06-12 18:01:26',0,'2018-06-12 18:01:26',0),(2,1,'ApplDeny','2018-06-12 18:01:26',0,'2018-06-12 18:01:26',0),(3,1,'WhyLeaving','2018-06-12 18:01:26',0,'2018-06-12 18:01:26',0),(4,1,'WhyChoose','2018-06-12 18:01:26',0,'2018-06-12 18:01:26',0),(5,1,'ProspectLost','2018-06-12 18:01:26',0,'2018-06-12 18:01:26',0),(6,1,'RollerMsgs','2018-07-23 16:14:19',-99998,'2018-07-23 16:14:19',-99998),(7,1,'Industries','2018-07-24 09:09:29',0,'2018-07-24 09:09:29',0);
/*!40000 ALTER TABLE `StringList` ENABLE KEYS */;
UNLOCK TABLES;

--
-- Table structure for table `SubAR`
--

DROP TABLE IF EXISTS `SubAR`;
/*!40101 SET @saved_cs_client     = @@character_set_client */;
/*!40101 SET character_set_client = utf8 */;
CREATE TABLE `SubAR` (
  `SARID` bigint(20) NOT NULL AUTO_INCREMENT,
  `ARID` bigint(20) NOT NULL DEFAULT '0',
  `SubARID` bigint(20) NOT NULL DEFAULT '0',
  `BID` bigint(20) NOT NULL DEFAULT '0',
  `LastModTime` timestamp NOT NULL DEFAULT CURRENT_TIMESTAMP ON UPDATE CURRENT_TIMESTAMP,
  `LastModBy` bigint(20) NOT NULL DEFAULT '0',
  `CreateTS` timestamp NOT NULL DEFAULT CURRENT_TIMESTAMP,
  `CreateBy` bigint(20) NOT NULL DEFAULT '0',
  PRIMARY KEY (`SARID`)
) ENGINE=InnoDB AUTO_INCREMENT=3 DEFAULT CHARSET=utf8;
/*!40101 SET character_set_client = @saved_cs_client */;

--
-- Dumping data for table `SubAR`
--

LOCK TABLES `SubAR` WRITE;
/*!40000 ALTER TABLE `SubAR` DISABLE KEYS */;
INSERT INTO `SubAR` VALUES (1,15,14,1,'2017-11-10 23:24:23',0,'2017-11-10 23:24:23',0),(2,37,36,1,'2017-11-10 23:24:23',0,'2017-11-10 23:24:23',0);
/*!40000 ALTER TABLE `SubAR` ENABLE KEYS */;
UNLOCK TABLES;

--
-- Table structure for table `TBind`
--

DROP TABLE IF EXISTS `TBind`;
/*!40101 SET @saved_cs_client     = @@character_set_client */;
/*!40101 SET character_set_client = utf8 */;
CREATE TABLE `TBind` (
  `TBID` bigint(20) NOT NULL AUTO_INCREMENT,
  `BID` bigint(20) NOT NULL DEFAULT '0',
  `SourceElemType` bigint(20) NOT NULL DEFAULT '0',
  `SourceElemID` bigint(20) NOT NULL DEFAULT '0',
  `AssocElemType` bigint(20) NOT NULL DEFAULT '0',
  `AssocElemID` bigint(20) NOT NULL DEFAULT '0',
  `DtStart` datetime NOT NULL DEFAULT '1970-01-01 00:00:00',
  `DtStop` datetime NOT NULL DEFAULT '2066-01-01 00:00:00',
  `FLAGS` bigint(20) NOT NULL DEFAULT '0',
  `LastModTime` timestamp NOT NULL DEFAULT CURRENT_TIMESTAMP ON UPDATE CURRENT_TIMESTAMP,
  `LastModBy` bigint(20) NOT NULL DEFAULT '0',
  `CreateTS` timestamp NOT NULL DEFAULT CURRENT_TIMESTAMP,
  `CreateBy` bigint(20) NOT NULL DEFAULT '0',
  PRIMARY KEY (`TBID`)
) ENGINE=InnoDB AUTO_INCREMENT=8 DEFAULT CHARSET=utf8;
/*!40101 SET character_set_client = @saved_cs_client */;

--
-- Dumping data for table `TBind`
--

LOCK TABLES `TBind` WRITE;
/*!40000 ALTER TABLE `TBind` DISABLE KEYS */;
INSERT INTO `TBind` VALUES (1,1,1,1,15,1,'2018-07-05 00:00:00','9999-12-31 00:00:00',0,'2019-04-18 23:18:27',0,'2019-04-18 23:18:27',0),(2,1,1,1,14,1,'2018-07-05 00:00:00','9999-12-31 00:00:00',0,'2019-04-18 23:18:27',0,'2019-04-18 23:18:27',0),(3,1,1,2,15,2,'2018-07-05 00:00:00','9999-12-31 00:00:00',0,'2019-04-18 23:18:27',0,'2019-04-18 23:18:27',0),(4,1,1,2,14,2,'2018-07-05 00:00:00','9999-12-31 00:00:00',0,'2019-04-18 23:18:27',0,'2019-04-18 23:18:27',0),(5,1,1,3,15,3,'2018-07-05 00:00:00','9999-12-31 00:00:00',0,'2019-04-18 23:18:27',0,'2019-04-18 23:18:27',0),(6,1,1,3,14,3,'2018-07-05 00:00:00','9999-12-31 00:00:00',0,'2019-04-18 23:18:27',0,'2019-04-18 23:18:27',0),(7,1,1,4,15,4,'2018-07-05 00:00:00','9999-12-31 00:00:00',0,'2019-04-18 23:18:27',0,'2019-04-18 23:18:27',0);
/*!40000 ALTER TABLE `TBind` ENABLE KEYS */;
UNLOCK TABLES;

--
-- Table structure for table `TWS`
--

DROP TABLE IF EXISTS `TWS`;
/*!40101 SET @saved_cs_client     = @@character_set_client */;
/*!40101 SET character_set_client = utf8 */;
CREATE TABLE `TWS` (
  `TWSID` bigint(20) NOT NULL AUTO_INCREMENT,
  `Owner` varchar(256) NOT NULL DEFAULT '',
  `OwnerData` varchar(256) NOT NULL DEFAULT '',
  `WorkerName` varchar(256) NOT NULL DEFAULT '',
  `ActivateTime` datetime NOT NULL DEFAULT CURRENT_TIMESTAMP,
  `Node` varchar(256) NOT NULL DEFAULT '',
  `FLAGS` bigint(20) NOT NULL DEFAULT '0',
  `DtActivated` datetime NOT NULL DEFAULT CURRENT_TIMESTAMP,
  `DtCompleted` datetime NOT NULL DEFAULT CURRENT_TIMESTAMP,
  `DtCreate` datetime NOT NULL DEFAULT CURRENT_TIMESTAMP,
  `DtLastUpdate` datetime NOT NULL DEFAULT CURRENT_TIMESTAMP ON UPDATE CURRENT_TIMESTAMP,
  PRIMARY KEY (`TWSID`)
) ENGINE=InnoDB AUTO_INCREMENT=14 DEFAULT CHARSET=utf8;
/*!40101 SET character_set_client = @saved_cs_client */;

--
-- Dumping data for table `TWS`
--

LOCK TABLES `TWS` WRITE;
/*!40000 ALTER TABLE `TWS` DISABLE KEYS */;
INSERT INTO `TWS` VALUES (6,'RARBcacheBot','','RARBcacheBot','2019-04-19 00:09:40','Steves-MacBook-Pro-2.local',4,'2019-04-19 00:04:40','2019-04-19 00:04:40','2018-06-02 13:09:58','2019-04-18 17:04:39'),(7,'ARSliceCacheBot','','ARSliceCacheBot','2019-04-19 00:09:40','Steves-MacBook-Pro-2.local',4,'2019-04-19 00:04:40','2019-04-19 00:04:40','2018-06-02 13:09:58','2019-04-18 17:04:39'),(9,'ManualTaskBot','','ManualTaskBot','2019-04-19 23:59:39','Steves-MacBook-Pro-2.local',4,'2019-04-18 23:59:39','2019-04-18 23:59:39','2018-06-02 13:09:58','2019-04-18 16:59:39'),(11,'SecDepCacheBot','','SecDepCacheBot','2019-04-19 00:09:40','Steves-MacBook-Pro-2.local',4,'2019-04-19 00:04:40','2019-04-19 00:04:40','2018-06-02 13:09:58','2019-04-18 17:04:39'),(12,'AcctSliceCacheBot','','AcctSliceCacheBot','2019-04-19 00:09:40','Steves-MacBook-Pro-2.local',4,'2019-04-19 00:04:40','2019-04-19 00:04:40','2018-06-02 13:09:58','2019-04-18 17:04:39');
/*!40000 ALTER TABLE `TWS` ENABLE KEYS */;
UNLOCK TABLES;

--
-- Table structure for table `Task`
--

DROP TABLE IF EXISTS `Task`;
/*!40101 SET @saved_cs_client     = @@character_set_client */;
/*!40101 SET character_set_client = utf8 */;
CREATE TABLE `Task` (
  `TID` bigint(20) NOT NULL AUTO_INCREMENT,
  `BID` bigint(20) NOT NULL DEFAULT '0',
  `TLID` bigint(20) NOT NULL DEFAULT '0',
  `Name` varchar(256) NOT NULL DEFAULT '',
  `Worker` varchar(80) NOT NULL DEFAULT '',
  `DtDue` datetime NOT NULL DEFAULT '1970-01-01 00:00:00',
  `DtPreDue` datetime NOT NULL DEFAULT '1970-01-01 00:00:00',
  `DtDone` datetime NOT NULL DEFAULT '1970-01-01 00:00:00',
  `DtPreDone` datetime NOT NULL DEFAULT '1970-01-01 00:00:00',
  `FLAGS` bigint(20) NOT NULL DEFAULT '0',
  `DoneUID` bigint(20) NOT NULL DEFAULT '0',
  `PreDoneUID` bigint(20) NOT NULL DEFAULT '0',
  `Comment` varchar(2048) NOT NULL DEFAULT '',
  `LastModTime` timestamp NOT NULL DEFAULT CURRENT_TIMESTAMP ON UPDATE CURRENT_TIMESTAMP,
  `LastModBy` bigint(20) NOT NULL DEFAULT '0',
  `CreateTS` timestamp NOT NULL DEFAULT CURRENT_TIMESTAMP,
  `CreateBy` bigint(20) NOT NULL DEFAULT '0',
  PRIMARY KEY (`TID`)
) ENGINE=InnoDB AUTO_INCREMENT=101 DEFAULT CHARSET=utf8;
/*!40101 SET character_set_client = @saved_cs_client */;

--
-- Dumping data for table `Task`
--

LOCK TABLES `Task` WRITE;
/*!40000 ALTER TABLE `Task` DISABLE KEYS */;
INSERT INTO `Task` VALUES (1,1,1,'Tie closing SECDEP balance to bank SECDEP balance','ManualTaskBot','2018-07-31 20:00:00','2018-07-20 20:00:00','0000-00-00 00:00:00','0000-00-00 00:00:00',6,0,0,'','2019-04-18 23:18:30',0,'2019-04-18 23:18:30',0),(2,1,1,'Review all receivables for accuracy','ManualTaskBot','2018-07-31 20:00:00','2018-07-20 20:00:00','0000-00-00 00:00:00','0000-00-00 00:00:00',6,0,0,'','2019-04-18 23:18:30',0,'2019-04-18 23:18:30',0),(3,1,1,'Compare total cash deposits to bank statement','ManualTaskBot','2018-07-31 20:00:00','2018-07-20 20:00:00','0000-00-00 00:00:00','0000-00-00 00:00:00',6,0,0,'','2019-04-18 23:18:30',0,'2019-04-18 23:18:30',0),(4,1,1,'Confirm all Lease Concessions are document in resident\'s lease','ManualTaskBot','2018-07-31 07:00:00','2018-07-20 07:00:00','0000-00-00 00:00:00','0000-00-00 00:00:00',6,0,0,'','2019-04-18 23:18:30',0,'2019-04-18 23:18:30',0),(5,1,1,'Tie all Bar/Spa/F&B deposits in POS Lavu to Rent Roll Deposits','ManualTaskBot','2018-07-31 07:00:00','2018-07-20 07:00:00','0000-00-00 00:00:00','0000-00-00 00:00:00',6,0,0,'','2019-04-18 23:18:30',0,'2019-04-18 23:18:30',0),(6,1,1,'Make certain that all suspense accounts have been closed out','ManualTaskBot','2018-07-31 07:00:00','2018-07-20 07:00:00','0000-00-00 00:00:00','0000-00-00 00:00:00',6,0,0,'','2019-04-18 23:18:30',0,'2019-04-18 23:18:30',0),(7,1,1,'Compile all workpapers for the foregoing confirmations, and file as YYYY-MM-DD [3-letter property] Rent Roll Work Papers','ManualTaskBot','2018-07-31 07:00:00','2018-07-20 07:00:00','0000-00-00 00:00:00','0000-00-00 00:00:00',6,0,0,'','2019-04-18 23:18:30',0,'2019-04-18 23:18:30',0),(8,1,1,'Print Rent Roll Activity Report','ManualTaskBot','2018-07-31 07:00:00','2018-07-20 07:00:00','0000-00-00 00:00:00','0000-00-00 00:00:00',6,0,0,'','2019-04-18 23:18:30',0,'2019-04-18 23:18:30',0),(9,1,1,'Print Rent Roll Report','ManualTaskBot','2018-07-31 07:00:00','2018-07-20 07:00:00','0000-00-00 00:00:00','0000-00-00 00:00:00',6,0,0,'','2019-04-18 23:18:30',0,'2019-04-18 23:18:30',0),(10,1,1,'File PDFs for the reports as YYY-MM-DD [3-letter-property] Rent Roll','ManualTaskBot','2018-07-31 07:00:00','2018-07-20 07:00:00','0000-00-00 00:00:00','0000-00-00 00:00:00',6,0,0,'','2019-04-18 23:18:30',0,'2019-04-18 23:18:30',0),(11,1,2,'Tie closing SECDEP balance to bank SECDEP balance','ManualTaskBot','2018-08-31 20:00:00','2018-08-20 20:00:00','0000-00-00 00:00:00','0000-00-00 00:00:00',6,0,0,'','2019-04-18 23:18:30',0,'2019-04-18 23:18:30',0),(12,1,2,'Review all receivables for accuracy','ManualTaskBot','2018-08-31 20:00:00','2018-08-20 20:00:00','0000-00-00 00:00:00','0000-00-00 00:00:00',6,0,0,'','2019-04-18 23:18:30',0,'2019-04-18 23:18:30',0),(13,1,2,'Compare total cash deposits to bank statement','ManualTaskBot','2018-08-31 20:00:00','2018-08-20 20:00:00','0000-00-00 00:00:00','0000-00-00 00:00:00',6,0,0,'','2019-04-18 23:18:30',0,'2019-04-18 23:18:30',0),(14,1,2,'Confirm all Lease Concessions are document in resident\'s lease','ManualTaskBot','2018-08-31 07:00:00','2018-08-20 07:00:00','0000-00-00 00:00:00','0000-00-00 00:00:00',6,0,0,'','2019-04-18 23:18:30',0,'2019-04-18 23:18:30',0),(15,1,2,'Tie all Bar/Spa/F&B deposits in POS Lavu to Rent Roll Deposits','ManualTaskBot','2018-08-31 07:00:00','2018-08-20 07:00:00','0000-00-00 00:00:00','0000-00-00 00:00:00',6,0,0,'','2019-04-18 23:18:30',0,'2019-04-18 23:18:30',0),(16,1,2,'Make certain that all suspense accounts have been closed out','ManualTaskBot','2018-08-31 07:00:00','2018-08-20 07:00:00','0000-00-00 00:00:00','0000-00-00 00:00:00',6,0,0,'','2019-04-18 23:18:30',0,'2019-04-18 23:18:30',0),(17,1,2,'Compile all workpapers for the foregoing confirmations, and file as YYYY-MM-DD [3-letter property] Rent Roll Work Papers','ManualTaskBot','2018-08-31 07:00:00','2018-08-20 07:00:00','0000-00-00 00:00:00','0000-00-00 00:00:00',6,0,0,'','2019-04-18 23:18:30',0,'2019-04-18 23:18:30',0),(18,1,2,'Print Rent Roll Activity Report','ManualTaskBot','2018-08-31 07:00:00','2018-08-20 07:00:00','0000-00-00 00:00:00','0000-00-00 00:00:00',6,0,0,'','2019-04-18 23:18:30',0,'2019-04-18 23:18:30',0),(19,1,2,'Print Rent Roll Report','ManualTaskBot','2018-08-31 07:00:00','2018-08-20 07:00:00','0000-00-00 00:00:00','0000-00-00 00:00:00',6,0,0,'','2019-04-18 23:18:30',0,'2019-04-18 23:18:30',0),(20,1,2,'File PDFs for the reports as YYY-MM-DD [3-letter-property] Rent Roll','ManualTaskBot','2018-08-31 07:00:00','2018-08-20 07:00:00','0000-00-00 00:00:00','0000-00-00 00:00:00',6,0,0,'','2019-04-18 23:18:30',0,'2019-04-18 23:18:30',0),(21,1,3,'Tie closing SECDEP balance to bank SECDEP balance','ManualTaskBot','2018-09-30 20:00:00','2018-09-20 20:00:00','0000-00-00 00:00:00','0000-00-00 00:00:00',6,0,0,'','2019-04-18 23:18:30',0,'2019-04-18 23:18:30',0),(22,1,3,'Review all receivables for accuracy','ManualTaskBot','2018-09-30 20:00:00','2018-09-20 20:00:00','0000-00-00 00:00:00','0000-00-00 00:00:00',6,0,0,'','2019-04-18 23:18:30',0,'2019-04-18 23:18:30',0),(23,1,3,'Compare total cash deposits to bank statement','ManualTaskBot','2018-09-30 20:00:00','2018-09-20 20:00:00','0000-00-00 00:00:00','0000-00-00 00:00:00',6,0,0,'','2019-04-18 23:18:30',0,'2019-04-18 23:18:30',0),(24,1,3,'Confirm all Lease Concessions are document in resident\'s lease','ManualTaskBot','2018-09-30 07:00:00','2018-09-20 07:00:00','0000-00-00 00:00:00','0000-00-00 00:00:00',6,0,0,'','2019-04-18 23:18:30',0,'2019-04-18 23:18:30',0),(25,1,3,'Tie all Bar/Spa/F&B deposits in POS Lavu to Rent Roll Deposits','ManualTaskBot','2018-09-30 07:00:00','2018-09-20 07:00:00','0000-00-00 00:00:00','0000-00-00 00:00:00',6,0,0,'','2019-04-18 23:18:30',0,'2019-04-18 23:18:30',0),(26,1,3,'Make certain that all suspense accounts have been closed out','ManualTaskBot','2018-09-30 07:00:00','2018-09-20 07:00:00','0000-00-00 00:00:00','0000-00-00 00:00:00',6,0,0,'','2019-04-18 23:18:30',0,'2019-04-18 23:18:30',0),(27,1,3,'Compile all workpapers for the foregoing confirmations, and file as YYYY-MM-DD [3-letter property] Rent Roll Work Papers','ManualTaskBot','2018-09-30 07:00:00','2018-09-20 07:00:00','0000-00-00 00:00:00','0000-00-00 00:00:00',6,0,0,'','2019-04-18 23:18:30',0,'2019-04-18 23:18:30',0),(28,1,3,'Print Rent Roll Activity Report','ManualTaskBot','2018-09-30 07:00:00','2018-09-20 07:00:00','0000-00-00 00:00:00','0000-00-00 00:00:00',6,0,0,'','2019-04-18 23:18:30',0,'2019-04-18 23:18:30',0),(29,1,3,'Print Rent Roll Report','ManualTaskBot','2018-09-30 07:00:00','2018-09-20 07:00:00','0000-00-00 00:00:00','0000-00-00 00:00:00',6,0,0,'','2019-04-18 23:18:30',0,'2019-04-18 23:18:30',0),(30,1,3,'File PDFs for the reports as YYY-MM-DD [3-letter-property] Rent Roll','ManualTaskBot','2018-09-30 07:00:00','2018-09-20 07:00:00','0000-00-00 00:00:00','0000-00-00 00:00:00',6,0,0,'','2019-04-18 23:18:30',0,'2019-04-18 23:18:30',0),(31,1,4,'Tie closing SECDEP balance to bank SECDEP balance','ManualTaskBot','2018-10-31 20:00:00','2018-10-20 20:00:00','0000-00-00 00:00:00','0000-00-00 00:00:00',6,0,0,'','2019-04-18 23:18:30',0,'2019-04-18 23:18:30',0),(32,1,4,'Review all receivables for accuracy','ManualTaskBot','2018-10-31 20:00:00','2018-10-20 20:00:00','0000-00-00 00:00:00','0000-00-00 00:00:00',6,0,0,'','2019-04-18 23:18:30',0,'2019-04-18 23:18:30',0),(33,1,4,'Compare total cash deposits to bank statement','ManualTaskBot','2018-10-31 20:00:00','2018-10-20 20:00:00','0000-00-00 00:00:00','0000-00-00 00:00:00',6,0,0,'','2019-04-18 23:18:30',0,'2019-04-18 23:18:30',0),(34,1,4,'Confirm all Lease Concessions are document in resident\'s lease','ManualTaskBot','2018-10-31 07:00:00','2018-10-20 07:00:00','0000-00-00 00:00:00','0000-00-00 00:00:00',6,0,0,'','2019-04-18 23:18:30',0,'2019-04-18 23:18:30',0),(35,1,4,'Tie all Bar/Spa/F&B deposits in POS Lavu to Rent Roll Deposits','ManualTaskBot','2018-10-31 07:00:00','2018-10-20 07:00:00','0000-00-00 00:00:00','0000-00-00 00:00:00',6,0,0,'','2019-04-18 23:18:30',0,'2019-04-18 23:18:30',0),(36,1,4,'Make certain that all suspense accounts have been closed out','ManualTaskBot','2018-10-31 07:00:00','2018-10-20 07:00:00','0000-00-00 00:00:00','0000-00-00 00:00:00',6,0,0,'','2019-04-18 23:18:30',0,'2019-04-18 23:18:30',0),(37,1,4,'Compile all workpapers for the foregoing confirmations, and file as YYYY-MM-DD [3-letter property] Rent Roll Work Papers','ManualTaskBot','2018-10-31 07:00:00','2018-10-20 07:00:00','0000-00-00 00:00:00','0000-00-00 00:00:00',6,0,0,'','2019-04-18 23:18:30',0,'2019-04-18 23:18:30',0),(38,1,4,'Print Rent Roll Activity Report','ManualTaskBot','2018-10-31 07:00:00','2018-10-20 07:00:00','0000-00-00 00:00:00','0000-00-00 00:00:00',6,0,0,'','2019-04-18 23:18:30',0,'2019-04-18 23:18:30',0),(39,1,4,'Print Rent Roll Report','ManualTaskBot','2018-10-31 07:00:00','2018-10-20 07:00:00','0000-00-00 00:00:00','0000-00-00 00:00:00',6,0,0,'','2019-04-18 23:18:30',0,'2019-04-18 23:18:30',0),(40,1,4,'File PDFs for the reports as YYY-MM-DD [3-letter-property] Rent Roll','ManualTaskBot','2018-10-31 07:00:00','2018-10-20 07:00:00','0000-00-00 00:00:00','0000-00-00 00:00:00',6,0,0,'','2019-04-18 23:18:30',0,'2019-04-18 23:18:30',0),(41,1,5,'Tie closing SECDEP balance to bank SECDEP balance','ManualTaskBot','2018-11-30 20:00:00','2018-11-20 20:00:00','0000-00-00 00:00:00','0000-00-00 00:00:00',6,0,0,'','2019-04-18 23:18:30',0,'2019-04-18 23:18:30',0),(42,1,5,'Review all receivables for accuracy','ManualTaskBot','2018-11-30 20:00:00','2018-11-20 20:00:00','0000-00-00 00:00:00','0000-00-00 00:00:00',6,0,0,'','2019-04-18 23:18:30',0,'2019-04-18 23:18:30',0),(43,1,5,'Compare total cash deposits to bank statement','ManualTaskBot','2018-11-30 20:00:00','2018-11-20 20:00:00','0000-00-00 00:00:00','0000-00-00 00:00:00',6,0,0,'','2019-04-18 23:18:30',0,'2019-04-18 23:18:30',0),(44,1,5,'Confirm all Lease Concessions are document in resident\'s lease','ManualTaskBot','2018-11-30 07:00:00','2018-11-20 07:00:00','0000-00-00 00:00:00','0000-00-00 00:00:00',6,0,0,'','2019-04-18 23:18:30',0,'2019-04-18 23:18:30',0),(45,1,5,'Tie all Bar/Spa/F&B deposits in POS Lavu to Rent Roll Deposits','ManualTaskBot','2018-11-30 07:00:00','2018-11-20 07:00:00','0000-00-00 00:00:00','0000-00-00 00:00:00',6,0,0,'','2019-04-18 23:18:30',0,'2019-04-18 23:18:30',0),(46,1,5,'Make certain that all suspense accounts have been closed out','ManualTaskBot','2018-11-30 07:00:00','2018-11-20 07:00:00','0000-00-00 00:00:00','0000-00-00 00:00:00',6,0,0,'','2019-04-18 23:18:30',0,'2019-04-18 23:18:30',0),(47,1,5,'Compile all workpapers for the foregoing confirmations, and file as YYYY-MM-DD [3-letter property] Rent Roll Work Papers','ManualTaskBot','2018-11-30 07:00:00','2018-11-20 07:00:00','0000-00-00 00:00:00','0000-00-00 00:00:00',6,0,0,'','2019-04-18 23:18:30',0,'2019-04-18 23:18:30',0),(48,1,5,'Print Rent Roll Activity Report','ManualTaskBot','2018-11-30 07:00:00','2018-11-20 07:00:00','0000-00-00 00:00:00','0000-00-00 00:00:00',6,0,0,'','2019-04-18 23:18:30',0,'2019-04-18 23:18:30',0),(49,1,5,'Print Rent Roll Report','ManualTaskBot','2018-11-30 07:00:00','2018-11-20 07:00:00','0000-00-00 00:00:00','0000-00-00 00:00:00',6,0,0,'','2019-04-18 23:18:30',0,'2019-04-18 23:18:30',0),(50,1,5,'File PDFs for the reports as YYY-MM-DD [3-letter-property] Rent Roll','ManualTaskBot','2018-11-30 07:00:00','2018-11-20 07:00:00','0000-00-00 00:00:00','0000-00-00 00:00:00',6,0,0,'','2019-04-18 23:18:30',0,'2019-04-18 23:18:30',0),(51,1,6,'Tie closing SECDEP balance to bank SECDEP balance','ManualTaskBot','2018-12-31 20:00:00','2018-12-20 20:00:00','0000-00-00 00:00:00','0000-00-00 00:00:00',6,0,0,'','2019-04-18 23:18:30',0,'2019-04-18 23:18:30',0),(52,1,6,'Review all receivables for accuracy','ManualTaskBot','2018-12-31 20:00:00','2018-12-20 20:00:00','0000-00-00 00:00:00','0000-00-00 00:00:00',6,0,0,'','2019-04-18 23:18:30',0,'2019-04-18 23:18:30',0),(53,1,6,'Compare total cash deposits to bank statement','ManualTaskBot','2018-12-31 20:00:00','2018-12-20 20:00:00','0000-00-00 00:00:00','0000-00-00 00:00:00',6,0,0,'','2019-04-18 23:18:30',0,'2019-04-18 23:18:30',0),(54,1,6,'Confirm all Lease Concessions are document in resident\'s lease','ManualTaskBot','2018-12-31 07:00:00','2018-12-20 07:00:00','0000-00-00 00:00:00','0000-00-00 00:00:00',6,0,0,'','2019-04-18 23:18:30',0,'2019-04-18 23:18:30',0),(55,1,6,'Tie all Bar/Spa/F&B deposits in POS Lavu to Rent Roll Deposits','ManualTaskBot','2018-12-31 07:00:00','2018-12-20 07:00:00','0000-00-00 00:00:00','0000-00-00 00:00:00',6,0,0,'','2019-04-18 23:18:30',0,'2019-04-18 23:18:30',0),(56,1,6,'Make certain that all suspense accounts have been closed out','ManualTaskBot','2018-12-31 07:00:00','2018-12-20 07:00:00','0000-00-00 00:00:00','0000-00-00 00:00:00',6,0,0,'','2019-04-18 23:18:30',0,'2019-04-18 23:18:30',0),(57,1,6,'Compile all workpapers for the foregoing confirmations, and file as YYYY-MM-DD [3-letter property] Rent Roll Work Papers','ManualTaskBot','2018-12-31 07:00:00','2018-12-20 07:00:00','0000-00-00 00:00:00','0000-00-00 00:00:00',6,0,0,'','2019-04-18 23:18:30',0,'2019-04-18 23:18:30',0),(58,1,6,'Print Rent Roll Activity Report','ManualTaskBot','2018-12-31 07:00:00','2018-12-20 07:00:00','0000-00-00 00:00:00','0000-00-00 00:00:00',6,0,0,'','2019-04-18 23:18:30',0,'2019-04-18 23:18:30',0),(59,1,6,'Print Rent Roll Report','ManualTaskBot','2018-12-31 07:00:00','2018-12-20 07:00:00','0000-00-00 00:00:00','0000-00-00 00:00:00',6,0,0,'','2019-04-18 23:18:30',0,'2019-04-18 23:18:30',0),(60,1,6,'File PDFs for the reports as YYY-MM-DD [3-letter-property] Rent Roll','ManualTaskBot','2018-12-31 07:00:00','2018-12-20 07:00:00','0000-00-00 00:00:00','0000-00-00 00:00:00',6,0,0,'','2019-04-18 23:18:30',0,'2019-04-18 23:18:30',0),(61,1,7,'Tie closing SECDEP balance to bank SECDEP balance','ManualTaskBot','2019-01-31 20:00:00','2019-01-20 20:00:00','0000-00-00 00:00:00','0000-00-00 00:00:00',6,0,0,'','2019-04-18 23:18:30',0,'2019-04-18 23:18:30',0),(62,1,7,'Review all receivables for accuracy','ManualTaskBot','2019-01-31 20:00:00','2019-01-20 20:00:00','0000-00-00 00:00:00','0000-00-00 00:00:00',6,0,0,'','2019-04-18 23:18:30',0,'2019-04-18 23:18:30',0),(63,1,7,'Compare total cash deposits to bank statement','ManualTaskBot','2019-01-31 20:00:00','2019-01-20 20:00:00','0000-00-00 00:00:00','0000-00-00 00:00:00',6,0,0,'','2019-04-18 23:18:30',0,'2019-04-18 23:18:30',0),(64,1,7,'Confirm all Lease Concessions are document in resident\'s lease','ManualTaskBot','2019-01-31 07:00:00','2019-01-20 07:00:00','0000-00-00 00:00:00','0000-00-00 00:00:00',6,0,0,'','2019-04-18 23:18:30',0,'2019-04-18 23:18:30',0),(65,1,7,'Tie all Bar/Spa/F&B deposits in POS Lavu to Rent Roll Deposits','ManualTaskBot','2019-01-31 07:00:00','2019-01-20 07:00:00','0000-00-00 00:00:00','0000-00-00 00:00:00',6,0,0,'','2019-04-18 23:18:30',0,'2019-04-18 23:18:30',0),(66,1,7,'Make certain that all suspense accounts have been closed out','ManualTaskBot','2019-01-31 07:00:00','2019-01-20 07:00:00','0000-00-00 00:00:00','0000-00-00 00:00:00',6,0,0,'','2019-04-18 23:18:30',0,'2019-04-18 23:18:30',0),(67,1,7,'Compile all workpapers for the foregoing confirmations, and file as YYYY-MM-DD [3-letter property] Rent Roll Work Papers','ManualTaskBot','2019-01-31 07:00:00','2019-01-20 07:00:00','0000-00-00 00:00:00','0000-00-00 00:00:00',6,0,0,'','2019-04-18 23:18:30',0,'2019-04-18 23:18:30',0),(68,1,7,'Print Rent Roll Activity Report','ManualTaskBot','2019-01-31 07:00:00','2019-01-20 07:00:00','0000-00-00 00:00:00','0000-00-00 00:00:00',6,0,0,'','2019-04-18 23:18:30',0,'2019-04-18 23:18:30',0),(69,1,7,'Print Rent Roll Report','ManualTaskBot','2019-01-31 07:00:00','2019-01-20 07:00:00','0000-00-00 00:00:00','0000-00-00 00:00:00',6,0,0,'','2019-04-18 23:18:30',0,'2019-04-18 23:18:30',0),(70,1,7,'File PDFs for the reports as YYY-MM-DD [3-letter-property] Rent Roll','ManualTaskBot','2019-01-31 07:00:00','2019-01-20 07:00:00','0000-00-00 00:00:00','0000-00-00 00:00:00',6,0,0,'','2019-04-18 23:18:30',0,'2019-04-18 23:18:30',0),(71,1,8,'Tie closing SECDEP balance to bank SECDEP balance','ManualTaskBot','2019-02-28 20:00:00','2019-02-20 20:00:00','0000-00-00 00:00:00','0000-00-00 00:00:00',6,0,0,'','2019-04-18 23:18:30',0,'2019-04-18 23:18:30',0),(72,1,8,'Review all receivables for accuracy','ManualTaskBot','2019-02-28 20:00:00','2019-02-20 20:00:00','0000-00-00 00:00:00','0000-00-00 00:00:00',6,0,0,'','2019-04-18 23:18:30',0,'2019-04-18 23:18:30',0),(73,1,8,'Compare total cash deposits to bank statement','ManualTaskBot','2019-02-28 20:00:00','2019-02-20 20:00:00','0000-00-00 00:00:00','0000-00-00 00:00:00',6,0,0,'','2019-04-18 23:18:30',0,'2019-04-18 23:18:30',0),(74,1,8,'Confirm all Lease Concessions are document in resident\'s lease','ManualTaskBot','2019-02-28 07:00:00','2019-02-20 07:00:00','0000-00-00 00:00:00','0000-00-00 00:00:00',6,0,0,'','2019-04-18 23:18:30',0,'2019-04-18 23:18:30',0),(75,1,8,'Tie all Bar/Spa/F&B deposits in POS Lavu to Rent Roll Deposits','ManualTaskBot','2019-02-28 07:00:00','2019-02-20 07:00:00','0000-00-00 00:00:00','0000-00-00 00:00:00',6,0,0,'','2019-04-18 23:18:30',0,'2019-04-18 23:18:30',0),(76,1,8,'Make certain that all suspense accounts have been closed out','ManualTaskBot','2019-02-28 07:00:00','2019-02-20 07:00:00','0000-00-00 00:00:00','0000-00-00 00:00:00',6,0,0,'','2019-04-18 23:18:30',0,'2019-04-18 23:18:30',0),(77,1,8,'Compile all workpapers for the foregoing confirmations, and file as YYYY-MM-DD [3-letter property] Rent Roll Work Papers','ManualTaskBot','2019-02-28 07:00:00','2019-02-20 07:00:00','0000-00-00 00:00:00','0000-00-00 00:00:00',6,0,0,'','2019-04-18 23:18:30',0,'2019-04-18 23:18:30',0),(78,1,8,'Print Rent Roll Activity Report','ManualTaskBot','2019-02-28 07:00:00','2019-02-20 07:00:00','0000-00-00 00:00:00','0000-00-00 00:00:00',6,0,0,'','2019-04-18 23:18:30',0,'2019-04-18 23:18:30',0),(79,1,8,'Print Rent Roll Report','ManualTaskBot','2019-02-28 07:00:00','2019-02-20 07:00:00','0000-00-00 00:00:00','0000-00-00 00:00:00',6,0,0,'','2019-04-18 23:18:30',0,'2019-04-18 23:18:30',0),(80,1,8,'File PDFs for the reports as YYY-MM-DD [3-letter-property] Rent Roll','ManualTaskBot','2019-02-28 07:00:00','2019-02-20 07:00:00','0000-00-00 00:00:00','0000-00-00 00:00:00',6,0,0,'','2019-04-18 23:18:30',0,'2019-04-18 23:18:30',0),(81,1,9,'Tie closing SECDEP balance to bank SECDEP balance','ManualTaskBot','2019-03-31 20:00:00','2019-03-20 20:00:00','0000-00-00 00:00:00','0000-00-00 00:00:00',6,0,0,'','2019-04-18 23:18:30',0,'2019-04-18 23:18:30',0),(82,1,9,'Review all receivables for accuracy','ManualTaskBot','2019-03-31 20:00:00','2019-03-20 20:00:00','0000-00-00 00:00:00','0000-00-00 00:00:00',6,0,0,'','2019-04-18 23:18:30',0,'2019-04-18 23:18:30',0),(83,1,9,'Compare total cash deposits to bank statement','ManualTaskBot','2019-03-31 20:00:00','2019-03-20 20:00:00','0000-00-00 00:00:00','0000-00-00 00:00:00',6,0,0,'','2019-04-18 23:18:30',0,'2019-04-18 23:18:30',0),(84,1,9,'Confirm all Lease Concessions are document in resident\'s lease','ManualTaskBot','2019-03-31 07:00:00','2019-03-20 07:00:00','0000-00-00 00:00:00','0000-00-00 00:00:00',6,0,0,'','2019-04-18 23:18:30',0,'2019-04-18 23:18:30',0),(85,1,9,'Tie all Bar/Spa/F&B deposits in POS Lavu to Rent Roll Deposits','ManualTaskBot','2019-03-31 07:00:00','2019-03-20 07:00:00','0000-00-00 00:00:00','0000-00-00 00:00:00',6,0,0,'','2019-04-18 23:18:30',0,'2019-04-18 23:18:30',0),(86,1,9,'Make certain that all suspense accounts have been closed out','ManualTaskBot','2019-03-31 07:00:00','2019-03-20 07:00:00','0000-00-00 00:00:00','0000-00-00 00:00:00',6,0,0,'','2019-04-18 23:18:30',0,'2019-04-18 23:18:30',0),(87,1,9,'Compile all workpapers for the foregoing confirmations, and file as YYYY-MM-DD [3-letter property] Rent Roll Work Papers','ManualTaskBot','2019-03-31 07:00:00','2019-03-20 07:00:00','0000-00-00 00:00:00','0000-00-00 00:00:00',6,0,0,'','2019-04-18 23:18:30',0,'2019-04-18 23:18:30',0),(88,1,9,'Print Rent Roll Activity Report','ManualTaskBot','2019-03-31 07:00:00','2019-03-20 07:00:00','0000-00-00 00:00:00','0000-00-00 00:00:00',6,0,0,'','2019-04-18 23:18:30',0,'2019-04-18 23:18:30',0),(89,1,9,'Print Rent Roll Report','ManualTaskBot','2019-03-31 07:00:00','2019-03-20 07:00:00','0000-00-00 00:00:00','0000-00-00 00:00:00',6,0,0,'','2019-04-18 23:18:30',0,'2019-04-18 23:18:30',0),(90,1,9,'File PDFs for the reports as YYY-MM-DD [3-letter-property] Rent Roll','ManualTaskBot','2019-03-31 07:00:00','2019-03-20 07:00:00','0000-00-00 00:00:00','0000-00-00 00:00:00',6,0,0,'','2019-04-18 23:18:30',0,'2019-04-18 23:18:30',0),(91,1,10,'Tie closing SECDEP balance to bank SECDEP balance','ManualTaskBot','2019-04-30 20:00:00','2019-04-20 20:00:00','0000-00-00 00:00:00','0000-00-00 00:00:00',6,0,0,'','2019-04-18 23:18:30',0,'2019-04-18 23:18:30',0),(92,1,10,'Review all receivables for accuracy','ManualTaskBot','2019-04-30 20:00:00','2019-04-20 20:00:00','0000-00-00 00:00:00','0000-00-00 00:00:00',6,0,0,'','2019-04-18 23:18:30',0,'2019-04-18 23:18:30',0),(93,1,10,'Compare total cash deposits to bank statement','ManualTaskBot','2019-04-30 20:00:00','2019-04-20 20:00:00','0000-00-00 00:00:00','0000-00-00 00:00:00',6,0,0,'','2019-04-18 23:18:30',0,'2019-04-18 23:18:30',0),(94,1,10,'Confirm all Lease Concessions are document in resident\'s lease','ManualTaskBot','2019-04-30 07:00:00','2019-04-20 07:00:00','0000-00-00 00:00:00','0000-00-00 00:00:00',6,0,0,'','2019-04-18 23:18:30',0,'2019-04-18 23:18:30',0),(95,1,10,'Tie all Bar/Spa/F&B deposits in POS Lavu to Rent Roll Deposits','ManualTaskBot','2019-04-30 07:00:00','2019-04-20 07:00:00','0000-00-00 00:00:00','0000-00-00 00:00:00',6,0,0,'','2019-04-18 23:18:30',0,'2019-04-18 23:18:30',0),(96,1,10,'Make certain that all suspense accounts have been closed out','ManualTaskBot','2019-04-30 07:00:00','2019-04-20 07:00:00','0000-00-00 00:00:00','0000-00-00 00:00:00',6,0,0,'','2019-04-18 23:18:30',0,'2019-04-18 23:18:30',0),(97,1,10,'Compile all workpapers for the foregoing confirmations, and file as YYYY-MM-DD [3-letter property] Rent Roll Work Papers','ManualTaskBot','2019-04-30 07:00:00','2019-04-20 07:00:00','0000-00-00 00:00:00','0000-00-00 00:00:00',6,0,0,'','2019-04-18 23:18:30',0,'2019-04-18 23:18:30',0),(98,1,10,'Print Rent Roll Activity Report','ManualTaskBot','2019-04-30 07:00:00','2019-04-20 07:00:00','0000-00-00 00:00:00','0000-00-00 00:00:00',6,0,0,'','2019-04-18 23:18:30',0,'2019-04-18 23:18:30',0),(99,1,10,'Print Rent Roll Report','ManualTaskBot','2019-04-30 07:00:00','2019-04-20 07:00:00','0000-00-00 00:00:00','0000-00-00 00:00:00',6,0,0,'','2019-04-18 23:18:30',0,'2019-04-18 23:18:30',0),(100,1,10,'File PDFs for the reports as YYY-MM-DD [3-letter-property] Rent Roll','ManualTaskBot','2019-04-30 07:00:00','2019-04-20 07:00:00','0000-00-00 00:00:00','0000-00-00 00:00:00',6,0,0,'','2019-04-18 23:18:30',0,'2019-04-18 23:18:30',0);
/*!40000 ALTER TABLE `Task` ENABLE KEYS */;
UNLOCK TABLES;

--
-- Table structure for table `TaskDescriptor`
--

DROP TABLE IF EXISTS `TaskDescriptor`;
/*!40101 SET @saved_cs_client     = @@character_set_client */;
/*!40101 SET character_set_client = utf8 */;
CREATE TABLE `TaskDescriptor` (
  `TDID` bigint(20) NOT NULL AUTO_INCREMENT,
  `BID` bigint(20) NOT NULL DEFAULT '0',
  `TLDID` bigint(20) NOT NULL DEFAULT '0',
  `Name` varchar(256) NOT NULL DEFAULT '',
  `Worker` varchar(80) NOT NULL DEFAULT '',
  `EpochDue` datetime NOT NULL DEFAULT '1970-01-01 00:00:00',
  `EpochPreDue` datetime NOT NULL DEFAULT '1970-01-01 00:00:00',
  `FLAGS` bigint(20) NOT NULL DEFAULT '0',
  `Comment` varchar(2048) NOT NULL DEFAULT '',
  `LastModTime` timestamp NOT NULL DEFAULT CURRENT_TIMESTAMP ON UPDATE CURRENT_TIMESTAMP,
  `LastModBy` bigint(20) NOT NULL DEFAULT '0',
  `CreateTS` timestamp NOT NULL DEFAULT CURRENT_TIMESTAMP,
  `CreateBy` bigint(20) NOT NULL DEFAULT '0',
  PRIMARY KEY (`TDID`)
) ENGINE=InnoDB AUTO_INCREMENT=12 DEFAULT CHARSET=utf8;
/*!40101 SET character_set_client = @saved_cs_client */;

--
-- Dumping data for table `TaskDescriptor`
--

LOCK TABLES `TaskDescriptor` WRITE;
/*!40000 ALTER TABLE `TaskDescriptor` DISABLE KEYS */;
INSERT INTO `TaskDescriptor` VALUES (1,1,1,'Tie closing SECDEP balance to bank SECDEP balance','ManualTaskBot','2018-01-31 20:00:00','2018-01-20 20:00:00',6,'','2018-10-01 20:22:40',211,'2018-03-14 19:50:32',0),(2,1,1,'Review all receivables for accuracy','ManualTaskBot','2018-01-31 20:00:00','2018-01-20 20:00:00',6,'(provide comment for any receivables more than 30 days old','2018-10-01 20:22:44',211,'2018-03-14 19:50:32',0),(3,1,1,'Compare total cash deposits to bank statement','ManualTaskBot','2018-01-31 20:00:00','2018-01-20 20:00:00',6,'','2018-10-01 20:22:47',211,'2018-03-14 19:50:32',0),(5,1,1,'Confirm all Lease Concessions are document in resident\'s lease','ManualTaskBot','2018-05-31 07:00:00','2018-05-20 07:00:00',6,' or make certain that you have a Report for any After-Lease Concessions occurring during the month','2018-10-01 20:22:50',211,'2018-05-29 18:24:26',211),(6,1,1,'Tie all Bar/Spa/F&B deposits in POS Lavu to Rent Roll Deposits','ManualTaskBot','2018-05-31 07:00:00','2018-05-20 07:00:00',6,'','2018-10-01 20:23:02',211,'2018-05-29 18:25:05',211),(7,1,1,'Make certain that all suspense accounts have been closed out','ManualTaskBot','2018-05-31 07:00:00','2018-05-20 07:00:00',6,'','2018-10-01 20:23:06',211,'2018-05-29 18:25:30',211),(8,1,1,'Compile all workpapers for the foregoing confirmations, and file as YYYY-MM-DD [3-letter property] Rent Roll Work Papers','ManualTaskBot','2018-05-31 07:00:00','2018-05-20 07:00:00',6,'','2018-10-01 20:23:09',211,'2018-05-29 18:25:57',211),(9,1,1,'Print Rent Roll Activity Report','ManualTaskBot','2018-05-31 07:00:00','2018-05-20 07:00:00',6,'','2018-10-01 20:23:12',211,'2018-05-29 18:30:54',211),(10,1,1,'Print Rent Roll Report','ManualTaskBot','2018-05-31 07:00:00','2018-05-20 07:00:00',6,'','2018-10-01 20:23:15',211,'2018-05-29 18:31:18',211),(11,1,1,'File PDFs for the reports as YYY-MM-DD [3-letter-property] Rent Roll','ManualTaskBot','2018-05-31 07:00:00','2018-05-20 07:00:00',6,'','2018-10-01 20:23:18',211,'2018-05-29 18:32:06',211);
/*!40000 ALTER TABLE `TaskDescriptor` ENABLE KEYS */;
UNLOCK TABLES;

--
-- Table structure for table `TaskList`
--

DROP TABLE IF EXISTS `TaskList`;
/*!40101 SET @saved_cs_client     = @@character_set_client */;
/*!40101 SET character_set_client = utf8 */;
CREATE TABLE `TaskList` (
  `TLID` bigint(20) NOT NULL AUTO_INCREMENT,
  `BID` bigint(20) NOT NULL DEFAULT '0',
  `PTLID` bigint(20) NOT NULL DEFAULT '0',
  `TLDID` bigint(20) NOT NULL DEFAULT '0',
  `Name` varchar(256) NOT NULL DEFAULT '',
  `Cycle` bigint(20) NOT NULL DEFAULT '0',
  `DtDue` datetime NOT NULL DEFAULT '1970-01-01 00:00:00',
  `DtPreDue` datetime NOT NULL DEFAULT '1970-01-01 00:00:00',
  `DtDone` datetime NOT NULL DEFAULT '1970-01-01 00:00:00',
  `DtPreDone` datetime NOT NULL DEFAULT '1970-01-01 00:00:00',
  `FLAGS` bigint(20) NOT NULL DEFAULT '0',
  `DoneUID` bigint(20) NOT NULL DEFAULT '0',
  `PreDoneUID` bigint(20) NOT NULL DEFAULT '0',
  `EmailList` varchar(2048) NOT NULL DEFAULT '',
  `DtLastNotify` datetime NOT NULL DEFAULT '1970-01-01 00:00:00',
  `DurWait` bigint(20) NOT NULL DEFAULT '86400000000000',
  `Comment` varchar(2048) NOT NULL DEFAULT '',
  `LastModTime` timestamp NOT NULL DEFAULT CURRENT_TIMESTAMP ON UPDATE CURRENT_TIMESTAMP,
  `LastModBy` bigint(20) NOT NULL DEFAULT '0',
  `CreateTS` timestamp NOT NULL DEFAULT CURRENT_TIMESTAMP,
  `CreateBy` bigint(20) NOT NULL DEFAULT '0',
  PRIMARY KEY (`TLID`)
) ENGINE=InnoDB AUTO_INCREMENT=11 DEFAULT CHARSET=utf8;
/*!40101 SET character_set_client = @saved_cs_client */;

--
-- Dumping data for table `TaskList`
--

LOCK TABLES `TaskList` WRITE;
/*!40000 ALTER TABLE `TaskList` DISABLE KEYS */;
INSERT INTO `TaskList` VALUES (1,1,0,1,'Monthly Close',6,'2018-07-31 17:00:00','2018-07-20 17:00:00','0000-00-00 00:00:00','0000-00-00 00:00:00',6,0,0,'','0000-00-00 00:00:00',86400000000000,'','2019-04-18 23:18:30',0,'2019-04-18 23:18:30',0),(2,1,1,1,'Monthly Close',6,'2018-08-31 17:00:00','2018-08-20 17:00:00','0000-00-00 00:00:00','0000-00-00 00:00:00',6,0,0,'','0000-00-00 00:00:00',86400000000000,'','2019-04-18 23:18:30',0,'2019-04-18 23:18:30',0),(3,1,1,1,'Monthly Close',6,'2018-09-30 17:00:00','2018-09-20 17:00:00','0000-00-00 00:00:00','0000-00-00 00:00:00',6,0,0,'','0000-00-00 00:00:00',86400000000000,'','2019-04-18 23:18:30',0,'2019-04-18 23:18:30',0),(4,1,1,1,'Monthly Close',6,'2018-10-31 17:00:00','2018-10-20 17:00:00','0000-00-00 00:00:00','0000-00-00 00:00:00',6,0,0,'','0000-00-00 00:00:00',86400000000000,'','2019-04-18 23:18:30',0,'2019-04-18 23:18:30',0),(5,1,1,1,'Monthly Close',6,'2018-11-30 17:00:00','2018-11-20 17:00:00','0000-00-00 00:00:00','0000-00-00 00:00:00',6,0,0,'','0000-00-00 00:00:00',86400000000000,'','2019-04-18 23:18:30',0,'2019-04-18 23:18:30',0),(6,1,1,1,'Monthly Close',6,'2018-12-31 17:00:00','2018-12-20 17:00:00','0000-00-00 00:00:00','0000-00-00 00:00:00',6,0,0,'','0000-00-00 00:00:00',86400000000000,'','2019-04-18 23:18:30',0,'2019-04-18 23:18:30',0),(7,1,1,1,'Monthly Close',6,'2019-01-31 17:00:00','2019-01-20 17:00:00','0000-00-00 00:00:00','0000-00-00 00:00:00',6,0,0,'','0000-00-00 00:00:00',86400000000000,'','2019-04-18 23:18:30',0,'2019-04-18 23:18:30',0),(8,1,1,1,'Monthly Close',6,'2019-02-28 17:00:00','2019-02-20 17:00:00','0000-00-00 00:00:00','0000-00-00 00:00:00',6,0,0,'','0000-00-00 00:00:00',86400000000000,'','2019-04-18 23:18:30',0,'2019-04-18 23:18:30',0),(9,1,1,1,'Monthly Close',6,'2019-03-31 17:00:00','2019-03-20 17:00:00','0000-00-00 00:00:00','0000-00-00 00:00:00',6,0,0,'','0000-00-00 00:00:00',86400000000000,'','2019-04-18 23:18:30',0,'2019-04-18 23:18:30',0),(10,1,1,1,'Monthly Close',6,'2019-04-30 17:00:00','2019-04-20 17:00:00','0000-00-00 00:00:00','0000-00-00 00:00:00',6,0,0,'','0000-00-00 00:00:00',86400000000000,'','2019-04-18 23:18:30',0,'2019-04-18 23:18:30',0);
/*!40000 ALTER TABLE `TaskList` ENABLE KEYS */;
UNLOCK TABLES;

--
-- Table structure for table `TaskListDefinition`
--

DROP TABLE IF EXISTS `TaskListDefinition`;
/*!40101 SET @saved_cs_client     = @@character_set_client */;
/*!40101 SET character_set_client = utf8 */;
CREATE TABLE `TaskListDefinition` (
  `TLDID` bigint(20) NOT NULL AUTO_INCREMENT,
  `BID` bigint(20) NOT NULL DEFAULT '0',
  `Name` varchar(256) NOT NULL DEFAULT '',
  `Cycle` bigint(20) NOT NULL DEFAULT '0',
  `Epoch` datetime NOT NULL DEFAULT '1970-01-01 00:00:00',
  `EpochDue` datetime NOT NULL DEFAULT '1970-01-01 00:00:00',
  `EpochPreDue` datetime NOT NULL DEFAULT '1970-01-01 00:00:00',
  `FLAGS` bigint(20) NOT NULL DEFAULT '0',
  `EmailList` varchar(2048) NOT NULL DEFAULT '',
  `DurWait` bigint(20) NOT NULL DEFAULT '86400000000000',
  `Comment` varchar(2048) NOT NULL DEFAULT '',
  `LastModTime` timestamp NOT NULL DEFAULT CURRENT_TIMESTAMP ON UPDATE CURRENT_TIMESTAMP,
  `LastModBy` bigint(20) NOT NULL DEFAULT '0',
  `CreateTS` timestamp NOT NULL DEFAULT CURRENT_TIMESTAMP,
  `CreateBy` bigint(20) NOT NULL DEFAULT '0',
  PRIMARY KEY (`TLDID`)
) ENGINE=InnoDB AUTO_INCREMENT=3 DEFAULT CHARSET=utf8;
/*!40101 SET character_set_client = @saved_cs_client */;

--
-- Dumping data for table `TaskListDefinition`
--

LOCK TABLES `TaskListDefinition` WRITE;
/*!40000 ALTER TABLE `TaskListDefinition` DISABLE KEYS */;
INSERT INTO `TaskListDefinition` VALUES (1,1,'Monthly Close',6,'2018-01-01 00:00:00','2018-01-31 17:00:00','2018-01-20 17:00:00',6,'',86400000000000,'','2018-05-29 18:39:32',211,'2018-03-14 19:50:32',0),(2,1,'Tucasa Apts Period Close',6,'2018-01-01 00:00:00','2018-01-31 00:00:00','2018-01-20 00:00:00',7,'bounce@simulator.amazonses.com',86400000000000,'','2018-05-29 18:15:32',0,'2018-05-29 18:15:32',0);
/*!40000 ALTER TABLE `TaskListDefinition` ENABLE KEYS */;
UNLOCK TABLES;

--
-- Table structure for table `Tax`
--

DROP TABLE IF EXISTS `Tax`;
/*!40101 SET @saved_cs_client     = @@character_set_client */;
/*!40101 SET character_set_client = utf8 */;
CREATE TABLE `Tax` (
  `TAXID` bigint(20) NOT NULL AUTO_INCREMENT,
  `BID` bigint(20) NOT NULL DEFAULT '0',
  `Name` varchar(50) DEFAULT NULL,
  `TaxingAuthority` varchar(100) DEFAULT NULL,
  `TaxingAuthorityAddress` varchar(256) DEFAULT NULL,
  `FilingDate` date NOT NULL DEFAULT '1970-01-01',
  `FilingCycle` bigint(20) NOT NULL DEFAULT '0',
  `Instructions` varchar(1024) NOT NULL DEFAULT '',
  `LastModTime` timestamp NOT NULL DEFAULT CURRENT_TIMESTAMP ON UPDATE CURRENT_TIMESTAMP,
  `LastModBy` bigint(20) NOT NULL DEFAULT '0',
  `CreateTS` timestamp NOT NULL DEFAULT CURRENT_TIMESTAMP,
  `CreateBy` bigint(20) NOT NULL DEFAULT '0',
  PRIMARY KEY (`TAXID`)
) ENGINE=InnoDB DEFAULT CHARSET=utf8;
/*!40101 SET character_set_client = @saved_cs_client */;

--
-- Dumping data for table `Tax`
--

LOCK TABLES `Tax` WRITE;
/*!40000 ALTER TABLE `Tax` DISABLE KEYS */;
/*!40000 ALTER TABLE `Tax` ENABLE KEYS */;
UNLOCK TABLES;

--
-- Table structure for table `TaxRate`
--

DROP TABLE IF EXISTS `TaxRate`;
/*!40101 SET @saved_cs_client     = @@character_set_client */;
/*!40101 SET character_set_client = utf8 */;
CREATE TABLE `TaxRate` (
  `TAXID` bigint(20) NOT NULL DEFAULT '0',
  `BID` bigint(20) NOT NULL DEFAULT '0',
  `DtStart` date NOT NULL DEFAULT '1970-01-01',
  `DtStop` date NOT NULL DEFAULT '1970-01-01',
  `Rate` decimal(19,4) NOT NULL DEFAULT '0.0000',
  `Fee` decimal(19,4) NOT NULL DEFAULT '0.0000',
  `Formula` varchar(256) NOT NULL DEFAULT '',
  `LastModTime` timestamp NOT NULL DEFAULT CURRENT_TIMESTAMP ON UPDATE CURRENT_TIMESTAMP,
  `LastModBy` bigint(20) NOT NULL DEFAULT '0',
  `CreateTS` timestamp NOT NULL DEFAULT CURRENT_TIMESTAMP,
  `CreateBy` bigint(20) NOT NULL DEFAULT '0'
) ENGINE=InnoDB DEFAULT CHARSET=utf8;
/*!40101 SET character_set_client = @saved_cs_client */;

--
-- Dumping data for table `TaxRate`
--

LOCK TABLES `TaxRate` WRITE;
/*!40000 ALTER TABLE `TaxRate` DISABLE KEYS */;
/*!40000 ALTER TABLE `TaxRate` ENABLE KEYS */;
UNLOCK TABLES;

--
-- Table structure for table `Transactant`
--

DROP TABLE IF EXISTS `Transactant`;
/*!40101 SET @saved_cs_client     = @@character_set_client */;
/*!40101 SET character_set_client = utf8 */;
CREATE TABLE `Transactant` (
  `TCID` bigint(20) NOT NULL AUTO_INCREMENT,
  `BID` bigint(20) NOT NULL DEFAULT '0',
  `NLID` bigint(20) NOT NULL DEFAULT '0',
  `FirstName` varchar(100) NOT NULL DEFAULT '',
  `MiddleName` varchar(100) NOT NULL DEFAULT '',
  `LastName` varchar(100) NOT NULL DEFAULT '',
  `PreferredName` varchar(100) NOT NULL DEFAULT '',
  `CompanyName` varchar(100) NOT NULL DEFAULT '',
  `IsCompany` tinyint(1) NOT NULL DEFAULT '0',
  `PrimaryEmail` varchar(100) NOT NULL DEFAULT '',
  `SecondaryEmail` varchar(100) NOT NULL DEFAULT '',
  `WorkPhone` varchar(100) NOT NULL DEFAULT '',
  `CellPhone` varchar(100) NOT NULL DEFAULT '',
  `Address` varchar(100) NOT NULL DEFAULT '',
  `Address2` varchar(100) NOT NULL DEFAULT '',
  `City` varchar(100) NOT NULL DEFAULT '',
  `State` char(25) NOT NULL DEFAULT '',
  `PostalCode` varchar(100) NOT NULL DEFAULT '',
  `Country` varchar(100) NOT NULL DEFAULT '',
  `Website` varchar(100) NOT NULL DEFAULT '',
  `FLAGS` bigint(20) NOT NULL DEFAULT '0',
  `Comment` varchar(2048) NOT NULL DEFAULT '',
  `LastModTime` timestamp NOT NULL DEFAULT CURRENT_TIMESTAMP ON UPDATE CURRENT_TIMESTAMP,
  `LastModBy` bigint(20) NOT NULL DEFAULT '0',
  `CreateTS` timestamp NOT NULL DEFAULT CURRENT_TIMESTAMP,
  `CreateBy` bigint(20) NOT NULL DEFAULT '0',
  PRIMARY KEY (`TCID`)
) ENGINE=InnoDB AUTO_INCREMENT=5 DEFAULT CHARSET=utf8;
/*!40101 SET character_set_client = @saved_cs_client */;

--
-- Dumping data for table `Transactant`
--

LOCK TABLES `Transactant` WRITE;
/*!40000 ALTER TABLE `Transactant` DISABLE KEYS */;
INSERT INTO `Transactant` VALUES (1,1,0,'Shawnna','Tien','Finley','Billi','Dell Computer Corporation',0,'SFinley7846@abiz.com','ShawnnaF535@yahoo.com','(837) 908-5901','(408) 759-1833','17627 South Carolina','','Fort Lauderdale','RI','98081','USA','',0,'','2019-04-19 00:05:21',211,'2019-04-18 23:18:27',0),(2,1,0,'Francine','Deandra','Pruitt','Traci','Sovereign Bancorp Inc.',0,'FPruitt6296@comcast.net','FrancinePruitt381@comcast.net','(763) 482-6022','(997) 628-9382','66385 8th','','Brighton','UT','54425','USA','',0,'','2019-04-18 23:18:27',0,'2019-04-18 23:18:27',0),(3,1,0,'Sheena','Jacquetta','Golden','Ngoc','Sun Healthcare Group Inc.',0,'SGolden3848@hotmail.com','SheenaGolden718@aol.com','(213) 603-0319','(664) 361-7042','71226 5th','','Jackson','IA','28162','USA','',0,'','2019-04-18 23:18:27',0,'2019-04-18 23:18:27',0),(4,1,0,'Jessica','Darrel','Wilder','Mauricio','National Commerce Financial Corporation',0,'JessicaW3595@bdiddy.com','JessicaWilder0@gmail.com','(873) 838-2040','(983) 479-5521','88816 Holly','','Little Rock','VT','23237','USA','',0,'','2019-04-18 23:18:27',0,'2019-04-18 23:18:27',0);
/*!40000 ALTER TABLE `Transactant` ENABLE KEYS */;
UNLOCK TABLES;

--
-- Table structure for table `User`
--

DROP TABLE IF EXISTS `User`;
/*!40101 SET @saved_cs_client     = @@character_set_client */;
/*!40101 SET character_set_client = utf8 */;
CREATE TABLE `User` (
  `TCID` bigint(20) NOT NULL,
  `BID` bigint(20) NOT NULL DEFAULT '0',
  `Points` bigint(20) NOT NULL DEFAULT '0',
  `DateofBirth` date NOT NULL DEFAULT '1970-01-01',
  `EmergencyContactName` varchar(100) NOT NULL DEFAULT '',
  `EmergencyContactAddress` varchar(100) NOT NULL DEFAULT '',
  `EmergencyContactTelephone` varchar(100) NOT NULL DEFAULT '',
  `EmergencyContactEmail` varchar(100) NOT NULL DEFAULT '',
  `AlternateEmailAddress` varchar(100) NOT NULL DEFAULT '',
  `EligibleFutureUser` tinyint(1) NOT NULL DEFAULT '1',
  `FLAGS` bigint(20) NOT NULL DEFAULT '0',
  `Industry` bigint(20) NOT NULL DEFAULT '0',
  `SourceSLSID` bigint(20) NOT NULL DEFAULT '0',
  `LastModTime` timestamp NOT NULL DEFAULT CURRENT_TIMESTAMP ON UPDATE CURRENT_TIMESTAMP,
  `LastModBy` bigint(20) NOT NULL DEFAULT '0',
  `CreateTS` timestamp NOT NULL DEFAULT CURRENT_TIMESTAMP,
  `CreateBy` bigint(20) NOT NULL DEFAULT '0',
  PRIMARY KEY (`TCID`)
) ENGINE=InnoDB DEFAULT CHARSET=utf8;
/*!40101 SET character_set_client = @saved_cs_client */;

--
-- Dumping data for table `User`
--

LOCK TABLES `User` WRITE;
/*!40000 ALTER TABLE `User` DISABLE KEYS */;
INSERT INTO `User` VALUES (1,1,0,'1987-10-28','Tamesha Clemons','65648 Hill,Norwich,MA 27887','(785) 671-3890','TClemons8122@comcast.net','8033 9th,Anchorage,MD 31847',1,0,327,14,'2019-04-19 00:05:21',211,'2019-04-18 23:18:27',0),(2,1,0,'1987-10-19','Mitchel Kirby','46372 Maple,Aurora,UT 22540','(700) 102-7194','MKirby6322@abiz.com','4647 S 100,College Station,DC 40456',1,0,347,65,'2019-04-18 23:18:27',0,'2019-04-18 23:18:27',0),(3,1,0,'1987-05-24','Lance Bishop','7312 Redwood,Fort Worth,OK 55089','(824) 785-0744','LanceB7856@comcast.net','14605 Pioneer,Westminster,MD 24728',0,0,237,48,'2019-04-18 23:18:27',0,'2019-04-18 23:18:27',0),(4,1,0,'1960-04-04','Lesli Barrera','56999 Shore,Mobile,MA 39106','(694) 511-0122','LesliBarrera97@aol.com','41739 Rhode Island,Naperville,SD 40495',0,0,258,25,'2019-04-18 23:18:27',0,'2019-04-18 23:18:27',0);
/*!40000 ALTER TABLE `User` ENABLE KEYS */;
UNLOCK TABLES;

--
-- Table structure for table `Vehicle`
--

DROP TABLE IF EXISTS `Vehicle`;
/*!40101 SET @saved_cs_client     = @@character_set_client */;
/*!40101 SET character_set_client = utf8 */;
CREATE TABLE `Vehicle` (
  `VID` bigint(20) NOT NULL AUTO_INCREMENT,
  `TCID` bigint(20) NOT NULL DEFAULT '0',
  `BID` bigint(20) NOT NULL DEFAULT '0',
  `VehicleType` varchar(80) NOT NULL DEFAULT '',
  `VehicleMake` varchar(80) NOT NULL DEFAULT '',
  `VehicleModel` varchar(80) NOT NULL DEFAULT '',
  `VehicleColor` varchar(80) NOT NULL DEFAULT '',
  `VehicleYear` bigint(20) NOT NULL DEFAULT '0',
  `VIN` varchar(20) NOT NULL DEFAULT '',
  `LicensePlateState` varchar(80) NOT NULL DEFAULT '',
  `LicensePlateNumber` varchar(80) NOT NULL DEFAULT '',
  `ParkingPermitNumber` varchar(80) NOT NULL DEFAULT '',
  `DtStart` date NOT NULL DEFAULT '1970-01-01',
  `DtStop` date NOT NULL DEFAULT '1970-01-01',
  `LastModTime` timestamp NOT NULL DEFAULT CURRENT_TIMESTAMP ON UPDATE CURRENT_TIMESTAMP,
  `LastModBy` bigint(20) NOT NULL DEFAULT '0',
  `CreateTS` timestamp NOT NULL DEFAULT CURRENT_TIMESTAMP,
  `CreateBy` bigint(20) NOT NULL DEFAULT '0',
  PRIMARY KEY (`VID`)
) ENGINE=InnoDB AUTO_INCREMENT=5 DEFAULT CHARSET=utf8;
/*!40101 SET character_set_client = @saved_cs_client */;

--
-- Dumping data for table `Vehicle`
--

LOCK TABLES `Vehicle` WRITE;
/*!40000 ALTER TABLE `Vehicle` DISABLE KEYS */;
INSERT INTO `Vehicle` VALUES (1,1,1,'car','Mercedes-Benz','M-Class','Blue',2000,'ZBNFITYA404OTKAD','KY','9E36CD6','1111824','2018-07-05','2019-07-01','2019-04-18 23:18:27',0,'2019-04-18 23:18:27',0),(2,2,1,'car','Cadillac','STS-V','Blue',2009,'U6YTN575OQ22DQWG','WV','6Z3O5A6','9326814','2018-07-05','2019-07-01','2019-04-18 23:18:27',0,'2019-04-18 23:18:27',0),(3,3,1,'car','Lincoln','Continental','Red',1990,'WKKTAOF1249Q6OVM','AK','1CEJ805','9268877','2018-07-05','2019-07-01','2019-04-18 23:18:27',0,'2019-04-18 23:18:27',0),(4,4,1,'car','Pontiac','Grand Prix','Red',1994,'VTL0ZPP3Y8BCHXJ2','OH','R2W6J75','6616445','2018-07-05','2019-07-01','2019-04-18 23:18:27',0,'2019-04-18 23:18:27',0);
/*!40000 ALTER TABLE `Vehicle` ENABLE KEYS */;
UNLOCK TABLES;
/*!40103 SET TIME_ZONE=@OLD_TIME_ZONE */;

/*!40101 SET SQL_MODE=@OLD_SQL_MODE */;
/*!40014 SET FOREIGN_KEY_CHECKS=@OLD_FOREIGN_KEY_CHECKS */;
/*!40014 SET UNIQUE_CHECKS=@OLD_UNIQUE_CHECKS */;
/*!40101 SET CHARACTER_SET_CLIENT=@OLD_CHARACTER_SET_CLIENT */;
/*!40101 SET CHARACTER_SET_RESULTS=@OLD_CHARACTER_SET_RESULTS */;
/*!40101 SET COLLATION_CONNECTION=@OLD_COLLATION_CONNECTION */;
/*!40111 SET SQL_NOTES=@OLD_SQL_NOTES */;

-- Dump completed on 2019-05-04 17:49:36
