-- MySQL dump 10.13  Distrib 5.7.22, for osx10.12 (x86_64)
--
-- Host: localhost    Database: rentroll
-- ------------------------------------------------------
-- Server version	5.7.22

/*!40101 SET @OLD_CHARACTER_SET_CLIENT=@@CHARACTER_SET_CLIENT */;
/*!40101 SET @OLD_CHARACTER_SET_RESULTS=@@CHARACTER_SET_RESULTS */;
/*!40101 SET @OLD_COLLATION_CONNECTION=@@COLLATION_CONNECTION */;
/*!40101 SET NAMES utf8 */;
/*!40103 SET @OLD_TIME_ZONE=@@TIME_ZONE */;
/*!40103 SET TIME_ZONE='+00:00' */;
/*!40014 SET @OLD_UNIQUE_CHECKS=@@UNIQUE_CHECKS, UNIQUE_CHECKS=0 */;
/*!40014 SET @OLD_FOREIGN_KEY_CHECKS=@@FOREIGN_KEY_CHECKS, FOREIGN_KEY_CHECKS=0 */;
/*!40101 SET @OLD_SQL_MODE=@@SQL_MODE, SQL_MODE='NO_AUTO_VALUE_ON_ZERO' */;
/*!40111 SET @OLD_SQL_NOTES=@@SQL_NOTES, SQL_NOTES=0 */;

--
-- Table structure for table `AR`
--

DROP TABLE IF EXISTS `AR`;
/*!40101 SET @saved_cs_client     = @@character_set_client */;
/*!40101 SET character_set_client = utf8 */;
CREATE TABLE `AR` (
  `ARID` bigint(20) NOT NULL AUTO_INCREMENT,
  `BID` bigint(20) NOT NULL DEFAULT '0',
  `Name` varchar(100) NOT NULL DEFAULT '',
  `SubARID` bigint(20) NOT NULL DEFAULT '0',
  `ARType` smallint(6) NOT NULL DEFAULT '0',
  `RARequired` smallint(6) NOT NULL DEFAULT '0',
  `DebitLID` bigint(20) NOT NULL DEFAULT '0',
  `CreditLID` bigint(20) NOT NULL DEFAULT '0',
  `Description` varchar(1024) NOT NULL DEFAULT '',
  `DtStart` datetime NOT NULL DEFAULT '1970-01-01 00:00:00',
  `DtStop` datetime NOT NULL DEFAULT '9999-12-31 00:00:00',
  `FLAGS` bigint(20) NOT NULL DEFAULT '0',
  `DefaultAmount` decimal(19,4) NOT NULL DEFAULT '0.0000',
  `LastModTime` timestamp NOT NULL DEFAULT CURRENT_TIMESTAMP ON UPDATE CURRENT_TIMESTAMP,
  `LastModBy` bigint(20) NOT NULL DEFAULT '0',
  `CreateTS` timestamp NOT NULL DEFAULT CURRENT_TIMESTAMP,
  `CreateBy` bigint(20) NOT NULL DEFAULT '0',
  `DefaultRentCycle` smallint(6) NOT NULL DEFAULT '0',
  `DefaultProrationCycle` smallint(6) NOT NULL DEFAULT '0',
  PRIMARY KEY (`ARID`)
) ENGINE=InnoDB AUTO_INCREMENT=50 DEFAULT CHARSET=utf8;
/*!40101 SET character_set_client = @saved_cs_client */;

--
-- Dumping data for table `AR`
--

LOCK TABLES `AR` WRITE;
/*!40000 ALTER TABLE `AR` DISABLE KEYS */;
INSERT INTO `AR` VALUES (1,1,'Application Fee',0,0,0,9,46,'','1900-01-01 00:00:00','9999-12-30 00:00:00',64,15.0000,'2018-08-15 02:53:15',211,'2017-11-10 23:24:23',0,0,0),(2,1,'Application Fee (no assessment)',0,1,0,7,46,'Application fee taken, no assessment made','0000-00-00 00:00:00','9999-12-31 00:00:00',5,0.0000,'2017-11-27 21:49:03',0,'2017-11-10 23:24:23',0,0,0),(3,1,'Apply Payment',0,1,0,10,9,'','1900-01-01 00:00:00','9999-12-30 00:00:00',64,0.0000,'2018-08-15 02:59:12',211,'2017-11-10 23:24:23',0,0,0),(4,1,'Bad Debt Write-Off',0,2,0,71,9,'','0000-00-00 00:00:00','9999-12-31 00:00:00',0,0.0000,'2017-11-27 21:49:03',0,'2017-11-10 23:24:23',0,0,0),(5,1,'Bank Service Fee (Deposit Account)',0,2,0,72,4,'','0000-00-00 00:00:00','9999-12-31 00:00:00',0,0.0000,'2017-11-27 21:49:03',0,'2017-11-10 23:24:23',0,0,0),(6,1,'Bank Service Fee (Operating Account)',0,2,0,72,3,'','0000-00-00 00:00:00','9999-12-31 00:00:00',0,0.0000,'2017-11-27 21:49:03',0,'2017-11-10 23:24:23',0,0,0),(7,1,'Broken Window charge',0,0,0,9,59,'','1900-01-01 00:00:00','9999-12-30 00:00:00',64,0.0000,'2018-08-15 03:00:40',211,'2017-11-10 23:24:23',0,0,0),(8,1,'Damage Fee',0,0,0,9,59,'','1900-01-01 00:00:00','9999-12-30 00:00:00',64,0.0000,'2018-08-15 03:01:10',211,'2017-11-10 23:24:23',0,0,0),(9,1,'Deposit to Deposit Account (FRB96953)',0,1,0,4,6,'','0000-00-00 00:00:00','9999-12-31 00:00:00',0,0.0000,'2017-11-27 21:49:03',0,'2017-11-10 23:24:23',0,0,0),(10,1,'Deposit to Operating Account (FRB54320)',0,1,0,3,6,'','0000-00-00 00:00:00','9999-12-31 00:00:00',0,0.0000,'2017-11-27 21:49:03',0,'2017-11-10 23:24:23',0,0,0),(11,1,'Electric Base Fee',0,0,0,9,36,'','0000-00-00 00:00:00','9999-12-31 00:00:00',0,0.0000,'2017-11-27 21:49:03',0,'2017-11-10 23:24:23',0,0,0),(12,1,'Electric Overage',0,0,0,9,37,'','1900-01-01 00:00:00','9999-12-30 00:00:00',64,0.0000,'2018-08-15 03:01:56',211,'2017-11-10 23:24:23',0,0,0),(13,1,'Eviction Fee Reimbursement',0,0,0,9,56,'','0000-00-00 00:00:00','9999-12-31 00:00:00',0,0.0000,'2017-11-27 21:49:03',0,'2017-11-10 23:24:23',0,0,0),(14,1,'Auto-Generated Floating Deposit Assessment',0,3,0,9,12,'','0000-00-00 00:00:00','9999-12-31 00:00:00',0,0.0000,'2017-11-27 21:49:03',0,'2017-11-10 23:24:23',0,0,0),(15,1,'Receive Floating Security Deposit',0,1,0,6,9,'','0000-00-00 00:00:00','9999-12-31 00:00:00',13,0.0000,'2017-11-27 21:49:03',0,'2017-11-10 23:24:23',0,0,0),(16,1,'Gas Base Fee',0,0,0,9,40,'','1900-01-01 00:00:00','9999-12-29 00:00:00',2,50.0000,'2018-07-23 16:16:36',211,'2017-11-10 23:24:23',0,6,4),(17,1,'Gas Base Overage',0,0,0,9,41,'','1900-01-01 00:00:00','9999-12-30 00:00:00',64,0.0000,'2018-08-15 03:02:36',211,'2017-11-10 23:24:23',0,0,0),(18,1,'Insufficient Funds Fee',0,0,0,9,48,'','1900-01-01 00:00:00','9999-12-29 00:00:00',64,25.0000,'2018-08-15 03:03:11',211,'2017-11-10 23:24:23',0,0,0),(19,1,'Late Fee',0,0,0,9,47,'','1900-01-01 00:00:00','9999-12-30 00:00:00',64,5.0000,'2018-08-15 03:03:22',211,'2017-11-10 23:24:23',0,0,0),(20,1,'Month to Month Fee',0,0,0,9,49,'','0000-00-00 00:00:00','9999-12-31 00:00:00',0,0.0000,'2017-11-27 21:49:03',0,'2017-11-10 23:24:23',0,0,0),(21,1,'No Show / Termination Fee',0,0,0,9,51,'','1900-01-01 00:00:00','9999-12-30 00:00:00',64,0.0000,'2018-08-15 03:03:52',211,'2017-11-10 23:24:23',0,0,0),(22,1,'Other Special Tenant Charges',0,0,0,9,61,'','0000-00-00 00:00:00','9999-12-31 00:00:00',0,0.0000,'2017-11-27 21:49:03',0,'2017-11-10 23:24:23',0,0,0),(23,1,'Pet Fee',0,0,0,9,52,'','1900-01-01 00:00:00','9999-12-31 00:00:00',192,50.0000,'2018-07-04 04:13:35',211,'2017-11-10 23:24:23',0,0,0),(24,1,'Pet Rent',0,0,0,9,53,'','1900-01-01 00:00:00','9999-12-30 00:00:00',144,10.0000,'2018-07-23 16:16:52',211,'2017-11-10 23:24:23',0,6,4),(25,1,'Receive a Payment',0,1,0,6,10,'','0000-00-00 00:00:00','9999-12-31 00:00:00',0,0.0000,'2017-11-27 21:49:03',0,'2017-11-10 23:24:23',0,0,0),(26,1,'Rent Non-Taxable',0,0,0,9,18,'','1900-01-01 00:00:00','9999-12-30 00:00:00',16,0.0000,'2018-07-23 16:14:54',211,'2017-11-10 23:24:23',0,6,4),(27,1,'Rent Taxable',0,0,0,9,17,'','1900-01-01 00:00:00','9999-12-30 00:00:00',16,0.0000,'2018-07-23 16:15:28',211,'2017-11-10 23:24:23',0,4,0),(28,1,'Security Deposit Assessment',0,0,0,9,11,'normal deposit','1900-01-01 00:00:00','9999-12-30 00:00:00',96,0.0000,'2018-08-15 03:04:36',211,'2017-11-10 23:24:23',0,0,0),(29,1,'Security Deposit Forfeiture',0,0,0,11,58,'Forfeit','0000-00-00 00:00:00','9999-12-31 00:00:00',0,0.0000,'2017-11-27 21:49:03',0,'2017-11-10 23:24:23',0,0,0),(30,1,'Security Deposit Refund',0,0,0,11,5,'Refund','0000-00-00 00:00:00','9999-12-31 00:00:00',0,0.0000,'2017-11-27 21:49:03',0,'2017-11-10 23:24:23',0,0,0),(31,1,'Special Cleaning Fee',0,0,0,9,55,'','0000-00-00 00:00:00','9999-12-31 00:00:00',0,0.0000,'2017-11-27 21:49:03',0,'2017-11-10 23:24:23',0,0,0),(32,1,'Tenant Expense Chargeback',0,0,0,9,54,'','0000-00-00 00:00:00','9999-12-31 00:00:00',0,0.0000,'2017-11-27 21:49:03',0,'2017-11-10 23:24:23',0,0,0),(33,1,'Vending Income',0,1,0,7,65,'','0000-00-00 00:00:00','9999-12-31 00:00:00',5,0.0000,'2017-11-27 21:49:03',0,'2017-11-10 23:24:23',0,0,0),(34,1,'Water and Sewer Base Fee',0,0,0,9,38,'','0000-00-00 00:00:00','9999-12-31 00:00:00',0,0.0000,'2017-11-27 21:49:03',0,'2017-11-10 23:24:23',0,0,0),(35,1,'Water and Sewer Overage',0,0,0,9,39,'','1900-01-01 00:00:00','9999-12-30 00:00:00',64,0.0000,'2018-08-15 03:05:54',211,'2017-11-10 23:24:23',0,0,0),(36,1,'Auto-gen Application Fee Asmt',0,3,0,9,46,'','0000-00-00 00:00:00','9999-12-31 00:00:00',0,0.0000,'2017-11-27 21:49:03',0,'2017-11-10 23:24:23',0,0,0),(37,1,'Receive Application Fee (auto-gen asmt)',0,1,0,6,9,'Application fee taken, autogen asmt','0000-00-00 00:00:00','9999-12-31 00:00:00',13,0.0000,'2017-11-27 21:49:03',0,'2017-11-10 23:24:23',0,0,0),(38,1,'XFER  Operating to SecDep',0,2,0,4,3,'Move money from Operating acct to Sec Dep','0000-00-00 00:00:00','9999-12-31 00:00:00',0,0.0000,'2017-11-27 21:49:03',0,'2017-11-10 23:24:23',0,0,0),(39,1,'Vehicle Registration Fee',0,0,3,9,75,'','2018-01-01 00:00:00','9999-12-31 00:00:00',320,10.0000,'2018-07-04 04:14:56',211,'2018-07-03 02:47:47',211,0,0),(40,1,'Rent ST000',0,0,0,9,18,'Default rent assessment for rentable type RType000','1970-01-01 00:00:00','9999-12-30 00:00:00',16,1000.0000,'2018-08-15 03:07:17',211,'2018-07-27 06:49:30',0,6,4),(41,1,'Rent ST001',0,0,0,9,18,'Default rent assessment for rentable type RType001','1970-01-01 00:00:00','9999-12-30 00:00:00',16,1500.0000,'2018-08-15 03:07:28',211,'2018-07-27 06:49:30',0,6,4),(42,1,'Rent ST002',0,0,0,9,18,'Default rent assessment for rentable type RType002','1970-01-01 00:00:00','9999-12-30 00:00:00',16,1750.0000,'2018-08-15 03:07:40',211,'2018-07-27 06:49:30',0,6,4),(43,1,'Rent ST003',0,0,0,9,18,'Default rent assessment for rentable type RType003','1970-01-01 00:00:00','9999-12-30 00:00:00',16,2500.0000,'2018-08-15 03:16:30',211,'2018-07-27 06:49:30',0,6,4),(44,1,'Rent CP000',0,0,0,9,18,'Default rent assessment for rentable type Car Port 000','1970-01-01 00:00:00','9999-12-30 00:00:00',16,35.0000,'2018-08-15 03:16:45',211,'2018-07-27 06:49:30',0,6,4),(45,1,'Rent ST000',0,0,0,9,18,'Default rent assessment for rentable type RType000','1970-01-01 00:00:00','9999-12-31 00:00:00',20,1000.0000,'2018-08-28 07:25:36',0,'2018-08-28 07:25:36',0,6,4),(46,1,'Rent ST001',0,0,0,9,18,'Default rent assessment for rentable type RType001','1970-01-01 00:00:00','9999-12-31 00:00:00',20,1500.0000,'2018-08-28 07:25:36',0,'2018-08-28 07:25:36',0,6,4),(47,1,'Rent ST002',0,0,0,9,18,'Default rent assessment for rentable type RType002','1970-01-01 00:00:00','9999-12-31 00:00:00',20,1750.0000,'2018-08-28 07:25:36',0,'2018-08-28 07:25:36',0,6,4),(48,1,'Rent ST003',0,0,0,9,18,'Default rent assessment for rentable type RType003','1970-01-01 00:00:00','9999-12-31 00:00:00',20,2500.0000,'2018-08-28 07:25:36',0,'2018-08-28 07:25:36',0,6,4),(49,1,'Rent CP000',0,0,0,9,18,'Default rent assessment for rentable type Car Port 000','1970-01-01 00:00:00','9999-12-31 00:00:00',20,0.0000,'2018-08-28 07:25:36',0,'2018-08-28 07:25:36',0,0,0);
/*!40000 ALTER TABLE `AR` ENABLE KEYS */;
UNLOCK TABLES;

--
-- Table structure for table `AssessmentTax`
--

DROP TABLE IF EXISTS `AssessmentTax`;
/*!40101 SET @saved_cs_client     = @@character_set_client */;
/*!40101 SET character_set_client = utf8 */;
CREATE TABLE `AssessmentTax` (
  `ASMID` bigint(20) NOT NULL DEFAULT '0',
  `BID` bigint(20) NOT NULL DEFAULT '0',
  `TAXID` bigint(20) NOT NULL DEFAULT '0',
  `FLAGS` bigint(20) NOT NULL DEFAULT '0',
  `OverrideTaxApprover` mediumint(9) NOT NULL DEFAULT '0',
  `OverrideAmount` decimal(19,4) NOT NULL DEFAULT '0.0000',
  `LastModTime` timestamp NOT NULL DEFAULT CURRENT_TIMESTAMP ON UPDATE CURRENT_TIMESTAMP,
  `LastModBy` bigint(20) NOT NULL DEFAULT '0',
  `CreateTS` timestamp NOT NULL DEFAULT CURRENT_TIMESTAMP,
  `CreateBy` bigint(20) NOT NULL DEFAULT '0'
) ENGINE=InnoDB DEFAULT CHARSET=utf8;
/*!40101 SET character_set_client = @saved_cs_client */;

--
-- Dumping data for table `AssessmentTax`
--

LOCK TABLES `AssessmentTax` WRITE;
/*!40000 ALTER TABLE `AssessmentTax` DISABLE KEYS */;
/*!40000 ALTER TABLE `AssessmentTax` ENABLE KEYS */;
UNLOCK TABLES;

--
-- Table structure for table `Assessments`
--

DROP TABLE IF EXISTS `Assessments`;
/*!40101 SET @saved_cs_client     = @@character_set_client */;
/*!40101 SET character_set_client = utf8 */;
CREATE TABLE `Assessments` (
  `ASMID` bigint(20) NOT NULL AUTO_INCREMENT,
  `PASMID` bigint(20) NOT NULL DEFAULT '0',
  `RPASMID` bigint(20) NOT NULL DEFAULT '0',
  `AGRCPTID` bigint(20) NOT NULL DEFAULT '0',
  `BID` bigint(20) NOT NULL DEFAULT '0',
  `RID` bigint(20) NOT NULL DEFAULT '0',
  `AssocElemType` bigint(20) NOT NULL DEFAULT '0',
  `AssocElemID` bigint(20) NOT NULL DEFAULT '0',
  `RAID` bigint(20) NOT NULL DEFAULT '0',
  `Amount` decimal(19,4) NOT NULL DEFAULT '0.0000',
  `Start` datetime NOT NULL DEFAULT '1970-01-01 00:00:00',
  `Stop` datetime NOT NULL DEFAULT '2066-01-01 00:00:00',
  `RentCycle` smallint(6) NOT NULL DEFAULT '0',
  `ProrationCycle` smallint(6) NOT NULL DEFAULT '0',
  `InvoiceNo` bigint(20) NOT NULL DEFAULT '0',
  `AcctRule` varchar(200) NOT NULL DEFAULT '',
  `ARID` bigint(20) NOT NULL DEFAULT '0',
  `FLAGS` bigint(20) NOT NULL DEFAULT '0',
  `Comment` varchar(256) NOT NULL DEFAULT '',
  `LastModTime` timestamp NOT NULL DEFAULT CURRENT_TIMESTAMP ON UPDATE CURRENT_TIMESTAMP,
  `LastModBy` bigint(20) NOT NULL DEFAULT '0',
  `CreateTS` timestamp NOT NULL DEFAULT CURRENT_TIMESTAMP,
  `CreateBy` bigint(20) NOT NULL DEFAULT '0',
  PRIMARY KEY (`ASMID`)
) ENGINE=InnoDB AUTO_INCREMENT=182 DEFAULT CHARSET=utf8;
/*!40101 SET character_set_client = @saved_cs_client */;

--
-- Dumping data for table `Assessments`
--

LOCK TABLES `Assessments` WRITE;
/*!40000 ALTER TABLE `Assessments` DISABLE KEYS */;
INSERT INTO `Assessments` VALUES (1,0,0,0,1,1,0,0,1,1000.0000,'2018-03-01 00:00:00','2020-03-01 00:00:00',6,4,0,'',26,0,'','2018-08-28 07:25:36',0,'2018-08-28 07:25:36',0),(2,1,0,0,1,1,0,0,1,1000.0000,'2018-03-01 00:00:00','2018-03-02 00:00:00',6,4,0,'',26,2,'','2018-08-28 07:25:43',0,'2018-08-28 07:25:36',0),(3,1,0,0,1,1,0,0,1,1000.0000,'2018-04-01 00:00:00','2018-04-02 00:00:00',6,4,0,'',26,2,'','2018-08-28 07:25:43',0,'2018-08-28 07:25:36',0),(4,1,0,0,1,1,0,0,1,1000.0000,'2018-05-01 00:00:00','2018-05-02 00:00:00',6,4,0,'',26,2,'','2018-08-28 07:25:43',0,'2018-08-28 07:25:36',0),(5,1,0,0,1,1,0,0,1,1000.0000,'2018-06-01 00:00:00','2018-06-02 00:00:00',6,4,0,'',26,2,'','2018-08-28 07:25:43',0,'2018-08-28 07:25:36',0),(6,1,0,0,1,1,0,0,1,1000.0000,'2018-07-01 00:00:00','2018-07-02 00:00:00',6,4,0,'',26,2,'','2018-08-28 07:25:43',0,'2018-08-28 07:25:36',0),(7,1,0,0,1,1,0,0,1,1000.0000,'2018-08-01 00:00:00','2018-08-02 00:00:00',6,4,0,'',26,2,'','2018-08-28 07:25:43',0,'2018-08-28 07:25:36',0),(8,0,0,0,1,1,0,0,1,2000.0000,'2018-02-13 00:00:00','2018-02-13 00:00:00',0,0,0,'',28,2,'','2018-08-28 07:25:43',0,'2018-08-28 07:25:36',0),(9,0,0,0,1,1,14,1,1,10.0000,'2018-03-01 00:00:00','2020-03-01 00:00:00',6,4,0,'',24,8,'','2018-08-28 07:25:36',0,'2018-08-28 07:25:36',0),(10,9,0,0,1,1,14,1,1,10.0000,'2018-03-01 00:00:00','2018-03-02 00:00:00',6,4,0,'',24,2,'','2018-08-28 07:25:43',0,'2018-08-28 07:25:36',0),(11,9,0,0,1,1,14,1,1,10.0000,'2018-04-01 00:00:00','2018-04-02 00:00:00',6,4,0,'',24,2,'','2018-08-28 07:25:43',0,'2018-08-28 07:25:36',0),(12,9,0,0,1,1,14,1,1,10.0000,'2018-05-01 00:00:00','2018-05-02 00:00:00',6,4,0,'',24,2,'','2018-08-28 07:25:43',0,'2018-08-28 07:25:36',0),(13,9,0,0,1,1,14,1,1,10.0000,'2018-06-01 00:00:00','2018-06-02 00:00:00',6,4,0,'',24,2,'','2018-08-28 07:25:43',0,'2018-08-28 07:25:36',0),(14,9,0,0,1,1,14,1,1,10.0000,'2018-07-01 00:00:00','2018-07-02 00:00:00',6,4,0,'',24,2,'','2018-08-28 07:25:43',0,'2018-08-28 07:25:36',0),(15,9,0,0,1,1,14,1,1,10.0000,'2018-08-01 00:00:00','2018-08-02 00:00:00',6,4,0,'',24,2,'','2018-08-28 07:25:43',0,'2018-08-28 07:25:36',0),(16,0,0,0,1,1,0,0,1,571.4300,'2018-02-13 00:00:00','2018-02-13 00:00:00',0,0,0,'',26,2,'prorated for 16 of 28 days','2018-08-28 07:25:43',0,'2018-08-28 07:25:36',0),(17,0,0,0,1,1,14,1,1,50.0000,'2018-02-13 00:00:00','2018-02-13 00:00:00',0,0,0,'',23,2,'','2018-08-28 07:25:43',0,'2018-08-28 07:25:36',0),(18,0,0,0,1,1,14,1,1,5.7100,'2018-02-13 00:00:00','2018-02-13 00:00:00',0,0,0,'',24,2,'prorated for 16 of 28 days','2018-08-28 07:25:43',0,'2018-08-28 07:25:36',0),(19,0,0,0,1,1,15,1,1,10.0000,'2018-02-13 00:00:00','2018-02-13 00:00:00',0,0,0,'',39,2,'','2018-08-28 07:25:43',0,'2018-08-28 07:25:36',0),(20,0,0,0,1,2,0,0,2,1000.0000,'2018-03-01 00:00:00','2020-03-01 00:00:00',6,4,0,'',26,0,'','2018-08-28 07:25:36',0,'2018-08-28 07:25:36',0),(21,20,0,0,1,2,0,0,2,1000.0000,'2018-03-01 00:00:00','2018-03-02 00:00:00',6,4,0,'',26,2,'','2018-08-28 07:25:44',0,'2018-08-28 07:25:36',0),(22,20,0,0,1,2,0,0,2,1000.0000,'2018-04-01 00:00:00','2018-04-02 00:00:00',6,4,0,'',26,2,'','2018-08-28 07:25:44',0,'2018-08-28 07:25:36',0),(23,20,0,0,1,2,0,0,2,1000.0000,'2018-05-01 00:00:00','2018-05-02 00:00:00',6,4,0,'',26,2,'','2018-08-28 07:25:44',0,'2018-08-28 07:25:36',0),(24,20,0,0,1,2,0,0,2,1000.0000,'2018-06-01 00:00:00','2018-06-02 00:00:00',6,4,0,'',26,2,'','2018-08-28 07:25:44',0,'2018-08-28 07:25:36',0),(25,20,0,0,1,2,0,0,2,1000.0000,'2018-07-01 00:00:00','2018-07-02 00:00:00',6,4,0,'',26,2,'','2018-08-28 07:25:44',0,'2018-08-28 07:25:36',0),(26,20,0,0,1,2,0,0,2,1000.0000,'2018-08-01 00:00:00','2018-08-02 00:00:00',6,4,0,'',26,2,'','2018-08-28 07:25:44',0,'2018-08-28 07:25:36',0),(27,0,0,0,1,2,0,0,2,2000.0000,'2018-02-13 00:00:00','2018-02-13 00:00:00',0,0,0,'',28,2,'','2018-08-28 07:25:43',0,'2018-08-28 07:25:36',0),(28,0,0,0,1,2,14,2,2,10.0000,'2018-03-01 00:00:00','2020-03-01 00:00:00',6,4,0,'',24,8,'','2018-08-28 07:25:36',0,'2018-08-28 07:25:36',0),(29,28,0,0,1,2,14,2,2,10.0000,'2018-03-01 00:00:00','2018-03-02 00:00:00',6,4,0,'',24,2,'','2018-08-28 07:25:44',0,'2018-08-28 07:25:36',0),(30,28,0,0,1,2,14,2,2,10.0000,'2018-04-01 00:00:00','2018-04-02 00:00:00',6,4,0,'',24,2,'','2018-08-28 07:25:44',0,'2018-08-28 07:25:36',0),(31,28,0,0,1,2,14,2,2,10.0000,'2018-05-01 00:00:00','2018-05-02 00:00:00',6,4,0,'',24,2,'','2018-08-28 07:25:44',0,'2018-08-28 07:25:36',0),(32,28,0,0,1,2,14,2,2,10.0000,'2018-06-01 00:00:00','2018-06-02 00:00:00',6,4,0,'',24,2,'','2018-08-28 07:25:44',0,'2018-08-28 07:25:36',0),(33,28,0,0,1,2,14,2,2,10.0000,'2018-07-01 00:00:00','2018-07-02 00:00:00',6,4,0,'',24,2,'','2018-08-28 07:25:44',0,'2018-08-28 07:25:36',0),(34,28,0,0,1,2,14,2,2,10.0000,'2018-08-01 00:00:00','2018-08-02 00:00:00',6,4,0,'',24,2,'','2018-08-28 07:25:44',0,'2018-08-28 07:25:36',0),(35,0,0,0,1,2,0,0,2,571.4300,'2018-02-13 00:00:00','2018-02-13 00:00:00',0,0,0,'',26,2,'prorated for 16 of 28 days','2018-08-28 07:25:43',0,'2018-08-28 07:25:36',0),(36,0,0,0,1,2,14,2,2,50.0000,'2018-02-13 00:00:00','2018-02-13 00:00:00',0,0,0,'',23,2,'','2018-08-28 07:25:44',0,'2018-08-28 07:25:36',0),(37,0,0,0,1,2,14,2,2,5.7100,'2018-02-13 00:00:00','2018-02-13 00:00:00',0,0,0,'',24,2,'prorated for 16 of 28 days','2018-08-28 07:25:44',0,'2018-08-28 07:25:36',0),(38,0,0,0,1,2,15,2,2,10.0000,'2018-02-13 00:00:00','2018-02-13 00:00:00',0,0,0,'',39,2,'','2018-08-28 07:25:44',0,'2018-08-28 07:25:36',0),(39,0,0,0,1,2,15,3,2,10.0000,'2018-02-13 00:00:00','2018-02-13 00:00:00',0,0,0,'',39,2,'','2018-08-28 07:25:44',0,'2018-08-28 07:25:36',0),(40,0,0,0,1,3,0,0,3,1000.0000,'2018-03-01 00:00:00','2020-03-01 00:00:00',6,4,0,'',26,0,'','2018-08-28 07:25:36',0,'2018-08-28 07:25:36',0),(41,40,0,0,1,3,0,0,3,1000.0000,'2018-03-01 00:00:00','2018-03-02 00:00:00',6,4,0,'',26,2,'','2018-08-28 07:25:45',0,'2018-08-28 07:25:36',0),(42,40,0,0,1,3,0,0,3,1000.0000,'2018-04-01 00:00:00','2018-04-02 00:00:00',6,4,0,'',26,2,'','2018-08-28 07:25:45',0,'2018-08-28 07:25:36',0),(43,40,0,0,1,3,0,0,3,1000.0000,'2018-05-01 00:00:00','2018-05-02 00:00:00',6,4,0,'',26,2,'','2018-08-28 07:25:45',0,'2018-08-28 07:25:36',0),(44,40,0,0,1,3,0,0,3,1000.0000,'2018-06-01 00:00:00','2018-06-02 00:00:00',6,4,0,'',26,2,'','2018-08-28 07:25:45',0,'2018-08-28 07:25:36',0),(45,40,0,0,1,3,0,0,3,1000.0000,'2018-07-01 00:00:00','2018-07-02 00:00:00',6,4,0,'',26,2,'','2018-08-28 07:25:45',0,'2018-08-28 07:25:36',0),(46,40,0,0,1,3,0,0,3,1000.0000,'2018-08-01 00:00:00','2018-08-02 00:00:00',6,4,0,'',26,2,'','2018-08-28 07:25:45',0,'2018-08-28 07:25:36',0),(47,0,0,0,1,3,0,0,3,2000.0000,'2018-02-13 00:00:00','2018-02-13 00:00:00',0,0,0,'',28,2,'','2018-08-28 07:25:45',0,'2018-08-28 07:25:36',0),(48,0,0,0,1,3,14,3,3,10.0000,'2018-03-01 00:00:00','2020-03-01 00:00:00',6,4,0,'',24,8,'','2018-08-28 07:25:36',0,'2018-08-28 07:25:36',0),(49,48,0,0,1,3,14,3,3,10.0000,'2018-03-01 00:00:00','2018-03-02 00:00:00',6,4,0,'',24,2,'','2018-08-28 07:25:45',0,'2018-08-28 07:25:36',0),(50,48,0,0,1,3,14,3,3,10.0000,'2018-04-01 00:00:00','2018-04-02 00:00:00',6,4,0,'',24,2,'','2018-08-28 07:25:45',0,'2018-08-28 07:25:37',0),(51,48,0,0,1,3,14,3,3,10.0000,'2018-05-01 00:00:00','2018-05-02 00:00:00',6,4,0,'',24,2,'','2018-08-28 07:25:45',0,'2018-08-28 07:25:37',0),(52,48,0,0,1,3,14,3,3,10.0000,'2018-06-01 00:00:00','2018-06-02 00:00:00',6,4,0,'',24,2,'','2018-08-28 07:25:45',0,'2018-08-28 07:25:37',0),(53,48,0,0,1,3,14,3,3,10.0000,'2018-07-01 00:00:00','2018-07-02 00:00:00',6,4,0,'',24,2,'','2018-08-28 07:25:45',0,'2018-08-28 07:25:37',0),(54,48,0,0,1,3,14,3,3,10.0000,'2018-08-01 00:00:00','2018-08-02 00:00:00',6,4,0,'',24,2,'','2018-08-28 07:25:45',0,'2018-08-28 07:25:37',0),(55,0,0,0,1,3,0,0,3,571.4300,'2018-02-13 00:00:00','2018-02-13 00:00:00',0,0,0,'',26,2,'prorated for 16 of 28 days','2018-08-28 07:25:45',0,'2018-08-28 07:25:37',0),(56,0,0,0,1,3,14,3,3,50.0000,'2018-02-13 00:00:00','2018-02-13 00:00:00',0,0,0,'',23,2,'','2018-08-28 07:25:45',0,'2018-08-28 07:25:37',0),(57,0,0,0,1,3,14,3,3,5.7100,'2018-02-13 00:00:00','2018-02-13 00:00:00',0,0,0,'',24,2,'prorated for 16 of 28 days','2018-08-28 07:25:45',0,'2018-08-28 07:25:37',0),(58,0,0,0,1,3,15,4,3,10.0000,'2018-02-13 00:00:00','2018-02-13 00:00:00',0,0,0,'',39,2,'','2018-08-28 07:25:45',0,'2018-08-28 07:25:37',0),(59,0,0,0,1,4,0,0,4,1500.0000,'2018-03-01 00:00:00','2020-03-01 00:00:00',6,4,0,'',26,0,'','2018-08-28 07:25:37',0,'2018-08-28 07:25:37',0),(60,59,0,0,1,4,0,0,4,1500.0000,'2018-03-01 00:00:00','2018-03-02 00:00:00',6,4,0,'',26,2,'','2018-08-28 07:25:45',0,'2018-08-28 07:25:37',0),(61,59,0,0,1,4,0,0,4,1500.0000,'2018-04-01 00:00:00','2018-04-02 00:00:00',6,4,0,'',26,2,'','2018-08-28 07:25:45',0,'2018-08-28 07:25:37',0),(62,59,0,0,1,4,0,0,4,1500.0000,'2018-05-01 00:00:00','2018-05-02 00:00:00',6,4,0,'',26,2,'','2018-08-28 07:25:45',0,'2018-08-28 07:25:37',0),(63,59,0,0,1,4,0,0,4,1500.0000,'2018-06-01 00:00:00','2018-06-02 00:00:00',6,4,0,'',26,2,'','2018-08-28 07:25:45',0,'2018-08-28 07:25:37',0),(64,59,0,0,1,4,0,0,4,1500.0000,'2018-07-01 00:00:00','2018-07-02 00:00:00',6,4,0,'',26,2,'','2018-08-28 07:25:45',0,'2018-08-28 07:25:37',0),(65,59,0,0,1,4,0,0,4,1500.0000,'2018-08-01 00:00:00','2018-08-02 00:00:00',6,4,0,'',26,2,'','2018-08-28 07:25:45',0,'2018-08-28 07:25:37',0),(66,0,0,0,1,4,0,0,4,3000.0000,'2018-02-13 00:00:00','2018-02-13 00:00:00',0,0,0,'',28,2,'','2018-08-28 07:25:45',0,'2018-08-28 07:25:37',0),(67,0,0,0,1,4,14,4,4,10.0000,'2018-03-01 00:00:00','2020-03-01 00:00:00',6,4,0,'',24,8,'','2018-08-28 07:25:37',0,'2018-08-28 07:25:37',0),(68,67,0,0,1,4,14,4,4,10.0000,'2018-03-01 00:00:00','2018-03-02 00:00:00',6,4,0,'',24,2,'','2018-08-28 07:25:45',0,'2018-08-28 07:25:37',0),(69,67,0,0,1,4,14,4,4,10.0000,'2018-04-01 00:00:00','2018-04-02 00:00:00',6,4,0,'',24,2,'','2018-08-28 07:25:45',0,'2018-08-28 07:25:37',0),(70,67,0,0,1,4,14,4,4,10.0000,'2018-05-01 00:00:00','2018-05-02 00:00:00',6,4,0,'',24,2,'','2018-08-28 07:25:45',0,'2018-08-28 07:25:37',0),(71,67,0,0,1,4,14,4,4,10.0000,'2018-06-01 00:00:00','2018-06-02 00:00:00',6,4,0,'',24,2,'','2018-08-28 07:25:45',0,'2018-08-28 07:25:37',0),(72,67,0,0,1,4,14,4,4,10.0000,'2018-07-01 00:00:00','2018-07-02 00:00:00',6,4,0,'',24,2,'','2018-08-28 07:25:45',0,'2018-08-28 07:25:37',0),(73,67,0,0,1,4,14,4,4,10.0000,'2018-08-01 00:00:00','2018-08-02 00:00:00',6,4,0,'',24,2,'','2018-08-28 07:25:45',0,'2018-08-28 07:25:37',0),(74,0,0,0,1,4,0,0,4,857.1400,'2018-02-13 00:00:00','2018-02-13 00:00:00',0,0,0,'',26,2,'prorated for 16 of 28 days','2018-08-28 07:25:45',0,'2018-08-28 07:25:37',0),(75,0,0,0,1,4,14,4,4,50.0000,'2018-02-13 00:00:00','2018-02-13 00:00:00',0,0,0,'',23,2,'','2018-08-28 07:25:45',0,'2018-08-28 07:25:37',0),(76,0,0,0,1,4,14,4,4,5.7100,'2018-02-13 00:00:00','2018-02-13 00:00:00',0,0,0,'',24,2,'prorated for 16 of 28 days','2018-08-28 07:25:45',0,'2018-08-28 07:25:37',0),(77,0,0,0,1,4,15,5,4,10.0000,'2018-02-13 00:00:00','2018-02-13 00:00:00',0,0,0,'',39,2,'','2018-08-28 07:25:45',0,'2018-08-28 07:25:37',0),(78,0,0,0,1,5,0,0,5,1500.0000,'2018-03-01 00:00:00','2020-03-01 00:00:00',6,4,0,'',26,0,'','2018-08-28 07:25:37',0,'2018-08-28 07:25:37',0),(79,78,0,0,1,5,0,0,5,1500.0000,'2018-03-01 00:00:00','2018-03-02 00:00:00',6,4,0,'',26,2,'','2018-08-28 07:25:44',0,'2018-08-28 07:25:37',0),(80,78,0,0,1,5,0,0,5,1500.0000,'2018-04-01 00:00:00','2018-04-02 00:00:00',6,4,0,'',26,2,'','2018-08-28 07:25:44',0,'2018-08-28 07:25:37',0),(81,78,0,0,1,5,0,0,5,1500.0000,'2018-05-01 00:00:00','2018-05-02 00:00:00',6,4,0,'',26,2,'','2018-08-28 07:25:44',0,'2018-08-28 07:25:37',0),(82,78,0,0,1,5,0,0,5,1500.0000,'2018-06-01 00:00:00','2018-06-02 00:00:00',6,4,0,'',26,2,'','2018-08-28 07:25:44',0,'2018-08-28 07:25:37',0),(83,78,0,0,1,5,0,0,5,1500.0000,'2018-07-01 00:00:00','2018-07-02 00:00:00',6,4,0,'',26,2,'','2018-08-28 07:25:44',0,'2018-08-28 07:25:37',0),(84,78,0,0,1,5,0,0,5,1500.0000,'2018-08-01 00:00:00','2018-08-02 00:00:00',6,4,0,'',26,2,'','2018-08-28 07:25:44',0,'2018-08-28 07:25:37',0),(85,0,0,0,1,5,0,0,5,3000.0000,'2018-02-13 00:00:00','2018-02-13 00:00:00',0,0,0,'',28,2,'','2018-08-28 07:25:44',0,'2018-08-28 07:25:37',0),(86,0,0,0,1,5,0,0,5,857.1400,'2018-02-13 00:00:00','2018-02-13 00:00:00',0,0,0,'',26,2,'prorated for 16 of 28 days','2018-08-28 07:25:44',0,'2018-08-28 07:25:37',0),(87,0,0,0,1,5,15,6,5,10.0000,'2018-02-13 00:00:00','2018-02-13 00:00:00',0,0,0,'',39,2,'','2018-08-28 07:25:44',0,'2018-08-28 07:25:37',0),(88,0,0,0,1,6,0,0,6,1750.0000,'2018-03-01 00:00:00','2020-03-01 00:00:00',6,4,0,'',26,0,'','2018-08-28 07:25:37',0,'2018-08-28 07:25:37',0),(89,88,0,0,1,6,0,0,6,1750.0000,'2018-03-01 00:00:00','2018-03-02 00:00:00',6,4,0,'',26,2,'','2018-08-28 07:25:45',0,'2018-08-28 07:25:37',0),(90,88,0,0,1,6,0,0,6,1750.0000,'2018-04-01 00:00:00','2018-04-02 00:00:00',6,4,0,'',26,2,'','2018-08-28 07:25:45',0,'2018-08-28 07:25:37',0),(91,88,0,0,1,6,0,0,6,1750.0000,'2018-05-01 00:00:00','2018-05-02 00:00:00',6,4,0,'',26,2,'','2018-08-28 07:25:45',0,'2018-08-28 07:25:37',0),(92,88,0,0,1,6,0,0,6,1750.0000,'2018-06-01 00:00:00','2018-06-02 00:00:00',6,4,0,'',26,2,'','2018-08-28 07:25:45',0,'2018-08-28 07:25:37',0),(93,88,0,0,1,6,0,0,6,1750.0000,'2018-07-01 00:00:00','2018-07-02 00:00:00',6,4,0,'',26,2,'','2018-08-28 07:25:45',0,'2018-08-28 07:25:37',0),(94,88,0,0,1,6,0,0,6,1750.0000,'2018-08-01 00:00:00','2018-08-02 00:00:00',6,4,0,'',26,2,'','2018-08-28 07:25:45',0,'2018-08-28 07:25:37',0),(95,0,0,0,1,6,0,0,6,3500.0000,'2018-02-13 00:00:00','2018-02-13 00:00:00',0,0,0,'',28,2,'','2018-08-28 07:25:45',0,'2018-08-28 07:25:37',0),(96,0,0,0,1,6,0,0,6,1000.0000,'2018-02-13 00:00:00','2018-02-13 00:00:00',0,0,0,'',26,2,'prorated for 16 of 28 days','2018-08-28 07:25:45',0,'2018-08-28 07:25:37',0),(97,0,0,0,1,6,15,7,6,10.0000,'2018-02-13 00:00:00','2018-02-13 00:00:00',0,0,0,'',39,2,'','2018-08-28 07:25:45',0,'2018-08-28 07:25:37',0),(98,0,0,0,1,7,0,0,7,1750.0000,'2018-03-01 00:00:00','2020-03-01 00:00:00',6,4,0,'',26,0,'','2018-08-28 07:25:38',0,'2018-08-28 07:25:38',0),(99,98,0,0,1,7,0,0,7,1750.0000,'2018-03-01 00:00:00','2018-03-02 00:00:00',6,4,0,'',26,2,'','2018-08-28 07:25:45',0,'2018-08-28 07:25:38',0),(100,98,0,0,1,7,0,0,7,1750.0000,'2018-04-01 00:00:00','2018-04-02 00:00:00',6,4,0,'',26,2,'','2018-08-28 07:25:45',0,'2018-08-28 07:25:38',0),(101,98,0,0,1,7,0,0,7,1750.0000,'2018-05-01 00:00:00','2018-05-02 00:00:00',6,4,0,'',26,2,'','2018-08-28 07:25:45',0,'2018-08-28 07:25:38',0),(102,98,0,0,1,7,0,0,7,1750.0000,'2018-06-01 00:00:00','2018-06-02 00:00:00',6,4,0,'',26,2,'','2018-08-28 07:25:45',0,'2018-08-28 07:25:38',0),(103,98,0,0,1,7,0,0,7,1750.0000,'2018-07-01 00:00:00','2018-07-02 00:00:00',6,4,0,'',26,2,'','2018-08-28 07:25:45',0,'2018-08-28 07:25:38',0),(104,98,0,0,1,7,0,0,7,1750.0000,'2018-08-01 00:00:00','2018-08-02 00:00:00',6,4,0,'',26,2,'','2018-08-28 07:25:45',0,'2018-08-28 07:25:38',0),(105,0,0,0,1,7,0,0,7,3500.0000,'2018-02-13 00:00:00','2018-02-13 00:00:00',0,0,0,'',28,2,'','2018-08-28 07:25:45',0,'2018-08-28 07:25:38',0),(106,0,0,0,1,7,0,0,7,1000.0000,'2018-02-13 00:00:00','2018-02-13 00:00:00',0,0,0,'',26,2,'prorated for 16 of 28 days','2018-08-28 07:25:45',0,'2018-08-28 07:25:38',0),(107,0,0,0,1,7,15,8,7,10.0000,'2018-02-13 00:00:00','2018-02-13 00:00:00',0,0,0,'',39,2,'','2018-08-28 07:25:45',0,'2018-08-28 07:25:38',0),(108,0,0,0,1,8,0,0,8,2500.0000,'2018-03-01 00:00:00','2020-03-01 00:00:00',6,4,0,'',26,0,'','2018-08-28 07:25:38',0,'2018-08-28 07:25:38',0),(109,108,0,0,1,8,0,0,8,2500.0000,'2018-03-01 00:00:00','2018-03-02 00:00:00',6,4,0,'',26,2,'','2018-08-28 07:25:44',0,'2018-08-28 07:25:38',0),(110,108,0,0,1,8,0,0,8,2500.0000,'2018-04-01 00:00:00','2018-04-02 00:00:00',6,4,0,'',26,2,'','2018-08-28 07:25:44',0,'2018-08-28 07:25:38',0),(111,108,0,0,1,8,0,0,8,2500.0000,'2018-05-01 00:00:00','2018-05-02 00:00:00',6,4,0,'',26,2,'','2018-08-28 07:25:44',0,'2018-08-28 07:25:38',0),(112,108,0,0,1,8,0,0,8,2500.0000,'2018-06-01 00:00:00','2018-06-02 00:00:00',6,4,0,'',26,2,'','2018-08-28 07:25:44',0,'2018-08-28 07:25:38',0),(113,108,0,0,1,8,0,0,8,2500.0000,'2018-07-01 00:00:00','2018-07-02 00:00:00',6,4,0,'',26,2,'','2018-08-28 07:25:44',0,'2018-08-28 07:25:38',0),(114,108,0,0,1,8,0,0,8,2500.0000,'2018-08-01 00:00:00','2018-08-02 00:00:00',6,4,0,'',26,2,'','2018-08-28 07:25:44',0,'2018-08-28 07:25:38',0),(115,0,0,0,1,8,0,0,8,5000.0000,'2018-02-13 00:00:00','2018-02-13 00:00:00',0,0,0,'',28,2,'','2018-08-28 07:25:44',0,'2018-08-28 07:25:38',0),(116,0,0,0,1,8,14,5,8,10.0000,'2018-03-01 00:00:00','2020-03-01 00:00:00',6,4,0,'',24,8,'','2018-08-28 07:25:38',0,'2018-08-28 07:25:38',0),(117,116,0,0,1,8,14,5,8,10.0000,'2018-03-01 00:00:00','2018-03-02 00:00:00',6,4,0,'',24,2,'','2018-08-28 07:25:44',0,'2018-08-28 07:25:38',0),(118,116,0,0,1,8,14,5,8,10.0000,'2018-04-01 00:00:00','2018-04-02 00:00:00',6,4,0,'',24,2,'','2018-08-28 07:25:44',0,'2018-08-28 07:25:38',0),(119,116,0,0,1,8,14,5,8,10.0000,'2018-05-01 00:00:00','2018-05-02 00:00:00',6,4,0,'',24,2,'','2018-08-28 07:25:44',0,'2018-08-28 07:25:38',0),(120,116,0,0,1,8,14,5,8,10.0000,'2018-06-01 00:00:00','2018-06-02 00:00:00',6,4,0,'',24,2,'','2018-08-28 07:25:44',0,'2018-08-28 07:25:38',0),(121,116,0,0,1,8,14,5,8,10.0000,'2018-07-01 00:00:00','2018-07-02 00:00:00',6,4,0,'',24,2,'','2018-08-28 07:25:44',0,'2018-08-28 07:25:38',0),(122,116,0,0,1,8,14,5,8,10.0000,'2018-08-01 00:00:00','2018-08-02 00:00:00',6,4,0,'',24,2,'','2018-08-28 07:25:44',0,'2018-08-28 07:25:38',0),(123,0,0,0,1,8,0,0,8,1428.5700,'2018-02-13 00:00:00','2018-02-13 00:00:00',0,0,0,'',26,2,'prorated for 16 of 28 days','2018-08-28 07:25:44',0,'2018-08-28 07:25:38',0),(124,0,0,0,1,8,14,5,8,50.0000,'2018-02-13 00:00:00','2018-02-13 00:00:00',0,0,0,'',23,2,'','2018-08-28 07:25:44',0,'2018-08-28 07:25:38',0),(125,0,0,0,1,8,14,5,8,5.7100,'2018-02-13 00:00:00','2018-02-13 00:00:00',0,0,0,'',24,2,'prorated for 16 of 28 days','2018-08-28 07:25:44',0,'2018-08-28 07:25:38',0),(126,0,0,0,1,8,15,9,8,10.0000,'2018-02-13 00:00:00','2018-02-13 00:00:00',0,0,0,'',39,2,'','2018-08-28 07:25:44',0,'2018-08-28 07:25:38',0),(127,0,0,0,1,9,0,0,9,2500.0000,'2018-03-01 00:00:00','2020-03-01 00:00:00',6,4,0,'',26,0,'','2018-08-28 07:25:38',0,'2018-08-28 07:25:38',0),(128,127,0,0,1,9,0,0,9,2500.0000,'2018-03-01 00:00:00','2018-03-02 00:00:00',6,4,0,'',26,2,'','2018-08-28 07:25:43',0,'2018-08-28 07:25:38',0),(129,127,0,0,1,9,0,0,9,2500.0000,'2018-04-01 00:00:00','2018-04-02 00:00:00',6,4,0,'',26,2,'','2018-08-28 07:25:43',0,'2018-08-28 07:25:38',0),(130,127,0,0,1,9,0,0,9,2500.0000,'2018-05-01 00:00:00','2018-05-02 00:00:00',6,4,0,'',26,2,'','2018-08-28 07:25:43',0,'2018-08-28 07:25:38',0),(131,127,0,0,1,9,0,0,9,2500.0000,'2018-06-01 00:00:00','2018-06-02 00:00:00',6,4,0,'',26,2,'','2018-08-28 07:25:43',0,'2018-08-28 07:25:38',0),(132,127,0,0,1,9,0,0,9,2500.0000,'2018-07-01 00:00:00','2018-07-02 00:00:00',6,4,0,'',26,2,'','2018-08-28 07:25:43',0,'2018-08-28 07:25:38',0),(133,127,0,0,1,9,0,0,9,2500.0000,'2018-08-01 00:00:00','2018-08-02 00:00:00',6,4,0,'',26,2,'','2018-08-28 07:25:43',0,'2018-08-28 07:25:38',0),(134,0,0,0,1,9,0,0,9,5000.0000,'2018-02-13 00:00:00','2018-02-13 00:00:00',0,0,0,'',28,2,'','2018-08-28 07:25:43',0,'2018-08-28 07:25:38',0),(135,0,0,0,1,9,14,6,9,10.0000,'2018-03-01 00:00:00','2020-03-01 00:00:00',6,4,0,'',24,8,'','2018-08-28 07:25:38',0,'2018-08-28 07:25:38',0),(136,135,0,0,1,9,14,6,9,10.0000,'2018-03-01 00:00:00','2018-03-02 00:00:00',6,4,0,'',24,2,'','2018-08-28 07:25:43',0,'2018-08-28 07:25:38',0),(137,135,0,0,1,9,14,6,9,10.0000,'2018-04-01 00:00:00','2018-04-02 00:00:00',6,4,0,'',24,2,'','2018-08-28 07:25:43',0,'2018-08-28 07:25:38',0),(138,135,0,0,1,9,14,6,9,10.0000,'2018-05-01 00:00:00','2018-05-02 00:00:00',6,4,0,'',24,2,'','2018-08-28 07:25:43',0,'2018-08-28 07:25:38',0),(139,135,0,0,1,9,14,6,9,10.0000,'2018-06-01 00:00:00','2018-06-02 00:00:00',6,4,0,'',24,2,'','2018-08-28 07:25:43',0,'2018-08-28 07:25:38',0),(140,135,0,0,1,9,14,6,9,10.0000,'2018-07-01 00:00:00','2018-07-02 00:00:00',6,4,0,'',24,2,'','2018-08-28 07:25:43',0,'2018-08-28 07:25:38',0),(141,135,0,0,1,9,14,6,9,10.0000,'2018-08-01 00:00:00','2018-08-02 00:00:00',6,4,0,'',24,2,'','2018-08-28 07:25:43',0,'2018-08-28 07:25:38',0),(142,0,0,0,1,9,0,0,9,1428.5700,'2018-02-13 00:00:00','2018-02-13 00:00:00',0,0,0,'',26,2,'prorated for 16 of 28 days','2018-08-28 07:25:43',0,'2018-08-28 07:25:38',0),(143,0,0,0,1,9,14,6,9,50.0000,'2018-02-13 00:00:00','2018-02-13 00:00:00',0,0,0,'',23,2,'','2018-08-28 07:25:43',0,'2018-08-28 07:25:38',0),(144,0,0,0,1,9,14,6,9,5.7100,'2018-02-13 00:00:00','2018-02-13 00:00:00',0,0,0,'',24,2,'prorated for 16 of 28 days','2018-08-28 07:25:43',0,'2018-08-28 07:25:38',0),(145,0,0,0,1,9,15,10,9,10.0000,'2018-02-13 00:00:00','2018-02-13 00:00:00',0,0,0,'',39,2,'','2018-08-28 07:25:43',0,'2018-08-28 07:25:38',0),(146,0,0,0,1,10,0,0,10,2500.0000,'2018-03-01 00:00:00','2020-03-01 00:00:00',6,4,0,'',26,0,'','2018-08-28 07:25:39',0,'2018-08-28 07:25:39',0),(147,146,0,0,1,10,0,0,10,2500.0000,'2018-03-01 00:00:00','2018-03-02 00:00:00',6,4,0,'',26,2,'','2018-08-28 07:25:44',0,'2018-08-28 07:25:39',0),(148,146,0,0,1,10,0,0,10,2500.0000,'2018-04-01 00:00:00','2018-04-02 00:00:00',6,4,0,'',26,2,'','2018-08-28 07:25:44',0,'2018-08-28 07:25:39',0),(149,146,0,0,1,10,0,0,10,2500.0000,'2018-05-01 00:00:00','2018-05-02 00:00:00',6,4,0,'',26,2,'','2018-08-28 07:25:44',0,'2018-08-28 07:25:39',0),(150,146,0,0,1,10,0,0,10,2500.0000,'2018-06-01 00:00:00','2018-06-02 00:00:00',6,4,0,'',26,2,'','2018-08-28 07:25:44',0,'2018-08-28 07:25:39',0),(151,146,0,0,1,10,0,0,10,2500.0000,'2018-07-01 00:00:00','2018-07-02 00:00:00',6,4,0,'',26,2,'','2018-08-28 07:25:44',0,'2018-08-28 07:25:39',0),(152,146,0,0,1,10,0,0,10,2500.0000,'2018-08-01 00:00:00','2018-08-02 00:00:00',6,4,0,'',26,2,'','2018-08-28 07:25:44',0,'2018-08-28 07:25:39',0),(153,0,0,0,1,10,0,0,10,5000.0000,'2018-02-13 00:00:00','2018-02-13 00:00:00',0,0,0,'',28,2,'','2018-08-28 07:25:44',0,'2018-08-28 07:25:39',0),(154,0,0,0,1,10,14,7,10,10.0000,'2018-03-01 00:00:00','2020-03-01 00:00:00',6,4,0,'',24,8,'','2018-08-28 07:25:39',0,'2018-08-28 07:25:39',0),(155,154,0,0,1,10,14,7,10,10.0000,'2018-03-01 00:00:00','2018-03-02 00:00:00',6,4,0,'',24,2,'','2018-08-28 07:25:44',0,'2018-08-28 07:25:39',0),(156,154,0,0,1,10,14,7,10,10.0000,'2018-04-01 00:00:00','2018-04-02 00:00:00',6,4,0,'',24,2,'','2018-08-28 07:25:44',0,'2018-08-28 07:25:39',0),(157,154,0,0,1,10,14,7,10,10.0000,'2018-05-01 00:00:00','2018-05-02 00:00:00',6,4,0,'',24,2,'','2018-08-28 07:25:44',0,'2018-08-28 07:25:39',0),(158,154,0,0,1,10,14,7,10,10.0000,'2018-06-01 00:00:00','2018-06-02 00:00:00',6,4,0,'',24,2,'','2018-08-28 07:25:44',0,'2018-08-28 07:25:39',0),(159,154,0,0,1,10,14,7,10,10.0000,'2018-07-01 00:00:00','2018-07-02 00:00:00',6,4,0,'',24,2,'','2018-08-28 07:25:44',0,'2018-08-28 07:25:39',0),(160,154,0,0,1,10,14,7,10,10.0000,'2018-08-01 00:00:00','2018-08-02 00:00:00',6,4,0,'',24,2,'','2018-08-28 07:25:44',0,'2018-08-28 07:25:39',0),(161,0,0,0,1,10,0,0,10,1428.5700,'2018-02-13 00:00:00','2018-02-13 00:00:00',0,0,0,'',26,2,'prorated for 16 of 28 days','2018-08-28 07:25:44',0,'2018-08-28 07:25:39',0),(162,0,0,0,1,10,14,7,10,50.0000,'2018-02-13 00:00:00','2018-02-13 00:00:00',0,0,0,'',23,2,'','2018-08-28 07:25:44',0,'2018-08-28 07:25:39',0),(163,0,0,0,1,10,14,7,10,5.7100,'2018-02-13 00:00:00','2018-02-13 00:00:00',0,0,0,'',24,2,'prorated for 16 of 28 days','2018-08-28 07:25:44',0,'2018-08-28 07:25:39',0),(164,0,0,0,1,10,15,11,10,10.0000,'2018-02-13 00:00:00','2018-02-13 00:00:00',0,0,0,'',39,2,'','2018-08-28 07:25:44',0,'2018-08-28 07:25:39',0),(165,108,0,0,1,8,0,0,8,2500.0000,'2019-03-01 00:00:00','2019-03-01 00:00:00',6,4,0,'',26,0,'','2019-03-22 21:32:18',-1,'2019-03-22 21:32:18',-1),(166,127,0,0,1,9,0,0,9,2500.0000,'2019-03-01 00:00:00','2019-03-01 00:00:00',6,4,0,'',26,0,'','2019-03-22 21:32:18',-1,'2019-03-22 21:32:18',-1),(167,146,0,0,1,10,0,0,10,2500.0000,'2019-03-01 00:00:00','2019-03-01 00:00:00',6,4,0,'',26,0,'','2019-03-22 21:32:18',-1,'2019-03-22 21:32:18',-1),(168,88,0,0,1,6,0,0,6,1750.0000,'2019-03-01 00:00:00','2019-03-01 00:00:00',6,4,0,'',26,0,'','2019-03-22 21:32:18',-1,'2019-03-22 21:32:18',-1),(169,98,0,0,1,7,0,0,7,1750.0000,'2019-03-01 00:00:00','2019-03-01 00:00:00',6,4,0,'',26,0,'','2019-03-22 21:32:18',-1,'2019-03-22 21:32:18',-1),(170,59,0,0,1,4,0,0,4,1500.0000,'2019-03-01 00:00:00','2019-03-01 00:00:00',6,4,0,'',26,0,'','2019-03-22 21:32:18',-1,'2019-03-22 21:32:18',-1),(171,78,0,0,1,5,0,0,5,1500.0000,'2019-03-01 00:00:00','2019-03-01 00:00:00',6,4,0,'',26,0,'','2019-03-22 21:32:18',-1,'2019-03-22 21:32:18',-1),(172,1,0,0,1,1,0,0,1,1000.0000,'2019-03-01 00:00:00','2019-03-01 00:00:00',6,4,0,'',26,0,'','2019-03-22 21:32:18',-1,'2019-03-22 21:32:18',-1),(173,20,0,0,1,2,0,0,2,1000.0000,'2019-03-01 00:00:00','2019-03-01 00:00:00',6,4,0,'',26,0,'','2019-03-22 21:32:18',-1,'2019-03-22 21:32:18',-1),(174,40,0,0,1,3,0,0,3,1000.0000,'2019-03-01 00:00:00','2019-03-01 00:00:00',6,4,0,'',26,0,'','2019-03-22 21:32:18',-1,'2019-03-22 21:32:18',-1),(175,9,0,0,1,1,14,1,1,10.0000,'2019-03-01 00:00:00','2019-03-01 00:00:00',6,4,0,'',24,0,'','2019-03-22 21:32:18',-1,'2019-03-22 21:32:18',-1),(176,28,0,0,1,2,14,2,2,10.0000,'2019-03-01 00:00:00','2019-03-01 00:00:00',6,4,0,'',24,0,'','2019-03-22 21:32:18',-1,'2019-03-22 21:32:18',-1),(177,48,0,0,1,3,14,3,3,10.0000,'2019-03-01 00:00:00','2019-03-01 00:00:00',6,4,0,'',24,0,'','2019-03-22 21:32:18',-1,'2019-03-22 21:32:18',-1),(178,67,0,0,1,4,14,4,4,10.0000,'2019-03-01 00:00:00','2019-03-01 00:00:00',6,4,0,'',24,0,'','2019-03-22 21:32:18',-1,'2019-03-22 21:32:18',-1),(179,116,0,0,1,8,14,5,8,10.0000,'2019-03-01 00:00:00','2019-03-01 00:00:00',6,4,0,'',24,0,'','2019-03-22 21:32:18',-1,'2019-03-22 21:32:18',-1),(180,135,0,0,1,9,14,6,9,10.0000,'2019-03-01 00:00:00','2019-03-01 00:00:00',6,4,0,'',24,0,'','2019-03-22 21:32:18',-1,'2019-03-22 21:32:18',-1),(181,154,0,0,1,10,14,7,10,10.0000,'2019-03-01 00:00:00','2019-03-01 00:00:00',6,4,0,'',24,0,'','2019-03-22 21:32:18',-1,'2019-03-22 21:32:18',-1);
/*!40000 ALTER TABLE `Assessments` ENABLE KEYS */;
UNLOCK TABLES;

--
-- Table structure for table `AvailabilityTypes`
--

DROP TABLE IF EXISTS `AvailabilityTypes`;
/*!40101 SET @saved_cs_client     = @@character_set_client */;
/*!40101 SET character_set_client = utf8 */;
CREATE TABLE `AvailabilityTypes` (
  `AVAILID` bigint(20) NOT NULL AUTO_INCREMENT,
  `BID` bigint(20) NOT NULL,
  `Name` varchar(100) NOT NULL DEFAULT '',
  `LastModTime` timestamp NOT NULL DEFAULT CURRENT_TIMESTAMP ON UPDATE CURRENT_TIMESTAMP,
  `LastModBy` bigint(20) NOT NULL DEFAULT '0',
  `CreateTS` timestamp NOT NULL DEFAULT CURRENT_TIMESTAMP,
  `CreateBy` bigint(20) NOT NULL DEFAULT '0',
  PRIMARY KEY (`AVAILID`)
) ENGINE=InnoDB DEFAULT CHARSET=utf8;
/*!40101 SET character_set_client = @saved_cs_client */;

--
-- Dumping data for table `AvailabilityTypes`
--

LOCK TABLES `AvailabilityTypes` WRITE;
/*!40000 ALTER TABLE `AvailabilityTypes` DISABLE KEYS */;
/*!40000 ALTER TABLE `AvailabilityTypes` ENABLE KEYS */;
UNLOCK TABLES;

--
-- Table structure for table `Building`
--

DROP TABLE IF EXISTS `Building`;
/*!40101 SET @saved_cs_client     = @@character_set_client */;
/*!40101 SET character_set_client = utf8 */;
CREATE TABLE `Building` (
  `BLDGID` bigint(20) NOT NULL AUTO_INCREMENT,
  `BID` bigint(20) NOT NULL DEFAULT '0',
  `Address` varchar(100) NOT NULL DEFAULT '',
  `Address2` varchar(100) NOT NULL DEFAULT '',
  `City` varchar(100) NOT NULL DEFAULT '',
  `State` char(25) NOT NULL DEFAULT '',
  `PostalCode` varchar(100) NOT NULL DEFAULT '',
  `Country` varchar(100) NOT NULL DEFAULT '',
  `LastModTime` timestamp NOT NULL DEFAULT CURRENT_TIMESTAMP ON UPDATE CURRENT_TIMESTAMP,
  `LastModBy` bigint(20) NOT NULL DEFAULT '0',
  `CreateTS` timestamp NOT NULL DEFAULT CURRENT_TIMESTAMP,
  `CreateBy` bigint(20) NOT NULL DEFAULT '0',
  PRIMARY KEY (`BLDGID`)
) ENGINE=InnoDB DEFAULT CHARSET=utf8;
/*!40101 SET character_set_client = @saved_cs_client */;

--
-- Dumping data for table `Building`
--

LOCK TABLES `Building` WRITE;
/*!40000 ALTER TABLE `Building` DISABLE KEYS */;
/*!40000 ALTER TABLE `Building` ENABLE KEYS */;
UNLOCK TABLES;

--
-- Table structure for table `Business`
--

DROP TABLE IF EXISTS `Business`;
/*!40101 SET @saved_cs_client     = @@character_set_client */;
/*!40101 SET character_set_client = utf8 */;
CREATE TABLE `Business` (
  `BID` bigint(20) NOT NULL AUTO_INCREMENT,
  `BUD` varchar(100) NOT NULL DEFAULT '',
  `Name` varchar(100) NOT NULL DEFAULT '',
  `DefaultRentCycle` smallint(6) NOT NULL DEFAULT '0',
  `DefaultProrationCycle` smallint(6) NOT NULL DEFAULT '0',
  `DefaultGSRPC` smallint(6) NOT NULL DEFAULT '0',
  `ClosePeriodTLID` bigint(20) NOT NULL DEFAULT '0',
  `LastModTime` timestamp NOT NULL DEFAULT CURRENT_TIMESTAMP ON UPDATE CURRENT_TIMESTAMP,
  `LastModBy` bigint(20) NOT NULL DEFAULT '0',
  `CreateTS` timestamp NOT NULL DEFAULT CURRENT_TIMESTAMP,
  `CreateBy` bigint(20) NOT NULL DEFAULT '0',
  `FLAGS` bigint(20) NOT NULL DEFAULT '0',
  PRIMARY KEY (`BID`)
) ENGINE=InnoDB AUTO_INCREMENT=2 DEFAULT CHARSET=utf8;
/*!40101 SET character_set_client = @saved_cs_client */;

--
-- Dumping data for table `Business`
--

LOCK TABLES `Business` WRITE;
/*!40000 ALTER TABLE `Business` DISABLE KEYS */;
INSERT INTO `Business` VALUES (1,'REX','JGM First, LLC',6,4,4,1,'2018-06-05 23:06:51',0,'2017-11-10 23:24:22',0,1);
/*!40000 ALTER TABLE `Business` ENABLE KEYS */;
UNLOCK TABLES;

--
-- Table structure for table `BusinessAssessments`
--

DROP TABLE IF EXISTS `BusinessAssessments`;
/*!40101 SET @saved_cs_client     = @@character_set_client */;
/*!40101 SET character_set_client = utf8 */;
CREATE TABLE `BusinessAssessments` (
  `BID` bigint(20) NOT NULL DEFAULT '0',
  `ATypeLID` bigint(20) NOT NULL DEFAULT '0',
  `LastModTime` timestamp NOT NULL DEFAULT CURRENT_TIMESTAMP ON UPDATE CURRENT_TIMESTAMP,
  `LastModBy` bigint(20) NOT NULL DEFAULT '0',
  `CreateTS` timestamp NOT NULL DEFAULT CURRENT_TIMESTAMP,
  `CreateBy` bigint(20) NOT NULL DEFAULT '0'
) ENGINE=InnoDB DEFAULT CHARSET=utf8;
/*!40101 SET character_set_client = @saved_cs_client */;

--
-- Dumping data for table `BusinessAssessments`
--

LOCK TABLES `BusinessAssessments` WRITE;
/*!40000 ALTER TABLE `BusinessAssessments` DISABLE KEYS */;
/*!40000 ALTER TABLE `BusinessAssessments` ENABLE KEYS */;
UNLOCK TABLES;

--
-- Table structure for table `BusinessPaymentTypes`
--

DROP TABLE IF EXISTS `BusinessPaymentTypes`;
/*!40101 SET @saved_cs_client     = @@character_set_client */;
/*!40101 SET character_set_client = utf8 */;
CREATE TABLE `BusinessPaymentTypes` (
  `BID` bigint(20) NOT NULL DEFAULT '0',
  `PMTID` mediumint(9) NOT NULL DEFAULT '0',
  `LastModTime` timestamp NOT NULL DEFAULT CURRENT_TIMESTAMP ON UPDATE CURRENT_TIMESTAMP,
  `LastModBy` bigint(20) NOT NULL DEFAULT '0',
  `CreateTS` timestamp NOT NULL DEFAULT CURRENT_TIMESTAMP,
  `CreateBy` bigint(20) NOT NULL DEFAULT '0'
) ENGINE=InnoDB DEFAULT CHARSET=utf8;
/*!40101 SET character_set_client = @saved_cs_client */;

--
-- Dumping data for table `BusinessPaymentTypes`
--

LOCK TABLES `BusinessPaymentTypes` WRITE;
/*!40000 ALTER TABLE `BusinessPaymentTypes` DISABLE KEYS */;
/*!40000 ALTER TABLE `BusinessPaymentTypes` ENABLE KEYS */;
UNLOCK TABLES;

--
-- Table structure for table `BusinessProperties`
--

DROP TABLE IF EXISTS `BusinessProperties`;
/*!40101 SET @saved_cs_client     = @@character_set_client */;
/*!40101 SET character_set_client = utf8 */;
CREATE TABLE `BusinessProperties` (
  `BPID` bigint(20) NOT NULL AUTO_INCREMENT,
  `BID` bigint(20) NOT NULL DEFAULT '0',
  `Name` varchar(100) NOT NULL DEFAULT '',
  `FLAGS` bigint(20) NOT NULL DEFAULT '0',
  `Data` json DEFAULT NULL,
  `LastModTime` timestamp NOT NULL DEFAULT CURRENT_TIMESTAMP ON UPDATE CURRENT_TIMESTAMP,
  `LastModBy` bigint(20) NOT NULL DEFAULT '0',
  `CreateTS` timestamp NOT NULL DEFAULT CURRENT_TIMESTAMP,
  `CreateBy` bigint(20) NOT NULL DEFAULT '0',
  PRIMARY KEY (`BPID`)
) ENGINE=InnoDB AUTO_INCREMENT=2 DEFAULT CHARSET=utf8;
/*!40101 SET character_set_client = @saved_cs_client */;

--
-- Dumping data for table `BusinessProperties`
--

LOCK TABLES `BusinessProperties` WRITE;
/*!40000 ALTER TABLE `BusinessProperties` DISABLE KEYS */;
INSERT INTO `BusinessProperties` VALUES (1,1,'general',0,'{\"Epochs\": {\"Daily\": \"2017-01-01T00:00:00Z\", \"Weekly\": \"2017-01-01T00:00:00Z\", \"Yearly\": \"2017-01-01T00:00:00Z\", \"Monthly\": \"2017-01-01T00:00:00Z\", \"Quarterly\": \"2017-01-01T00:00:00Z\"}, \"PetFees\": [\"Pet Fee\", \"Pet Rent\"], \"VehicleFees\": [\"Vehicle Registration Fee\"]}','2018-08-28 07:25:35',0,'2018-08-28 07:25:35',0);
/*!40000 ALTER TABLE `BusinessProperties` ENABLE KEYS */;
UNLOCK TABLES;

--
-- Table structure for table `ClosePeriod`
--

DROP TABLE IF EXISTS `ClosePeriod`;
/*!40101 SET @saved_cs_client     = @@character_set_client */;
/*!40101 SET character_set_client = utf8 */;
CREATE TABLE `ClosePeriod` (
  `CPID` bigint(20) NOT NULL AUTO_INCREMENT,
  `BID` bigint(20) NOT NULL DEFAULT '0',
  `TLID` bigint(20) NOT NULL DEFAULT '0',
  `Dt` datetime NOT NULL DEFAULT '1970-01-01 00:00:00',
  `LastModTime` timestamp NOT NULL DEFAULT CURRENT_TIMESTAMP ON UPDATE CURRENT_TIMESTAMP,
  `LastModBy` bigint(20) NOT NULL DEFAULT '0',
  `CreateTS` timestamp NOT NULL DEFAULT CURRENT_TIMESTAMP,
  `CreateBy` bigint(20) NOT NULL DEFAULT '0',
  PRIMARY KEY (`CPID`)
) ENGINE=InnoDB DEFAULT CHARSET=utf8;
/*!40101 SET character_set_client = @saved_cs_client */;

--
-- Dumping data for table `ClosePeriod`
--

LOCK TABLES `ClosePeriod` WRITE;
/*!40000 ALTER TABLE `ClosePeriod` DISABLE KEYS */;
/*!40000 ALTER TABLE `ClosePeriod` ENABLE KEYS */;
UNLOCK TABLES;

--
-- Table structure for table `CommissionLedger`
--

DROP TABLE IF EXISTS `CommissionLedger`;
/*!40101 SET @saved_cs_client     = @@character_set_client */;
/*!40101 SET character_set_client = utf8 */;
CREATE TABLE `CommissionLedger` (
  `CLID` bigint(20) NOT NULL AUTO_INCREMENT,
  `BID` bigint(20) NOT NULL DEFAULT '0',
  `RAID` bigint(20) NOT NULL DEFAULT '0',
  `RID` bigint(20) NOT NULL DEFAULT '0',
  `Salesperson` varchar(100) NOT NULL DEFAULT '',
  `Percent` decimal(19,4) NOT NULL DEFAULT '0.0000',
  `Amount` decimal(19,4) NOT NULL DEFAULT '0.0000',
  `PaymentDueDate` date NOT NULL DEFAULT '1970-01-01',
  `LastModTime` timestamp NOT NULL DEFAULT CURRENT_TIMESTAMP ON UPDATE CURRENT_TIMESTAMP,
  `LastModBy` bigint(20) NOT NULL DEFAULT '0',
  `CreateTS` timestamp NOT NULL DEFAULT CURRENT_TIMESTAMP,
  `CreateBy` bigint(20) NOT NULL DEFAULT '0',
  PRIMARY KEY (`CLID`)
) ENGINE=InnoDB DEFAULT CHARSET=utf8;
/*!40101 SET character_set_client = @saved_cs_client */;

--
-- Dumping data for table `CommissionLedger`
--

LOCK TABLES `CommissionLedger` WRITE;
/*!40000 ALTER TABLE `CommissionLedger` DISABLE KEYS */;
/*!40000 ALTER TABLE `CommissionLedger` ENABLE KEYS */;
UNLOCK TABLES;

--
-- Table structure for table `CustomAttr`
--

DROP TABLE IF EXISTS `CustomAttr`;
/*!40101 SET @saved_cs_client     = @@character_set_client */;
/*!40101 SET character_set_client = utf8 */;
CREATE TABLE `CustomAttr` (
  `CID` bigint(20) NOT NULL AUTO_INCREMENT,
  `BID` bigint(20) NOT NULL DEFAULT '0',
  `Type` smallint(6) NOT NULL DEFAULT '0',
  `Name` varchar(100) NOT NULL DEFAULT '',
  `Value` varchar(256) NOT NULL DEFAULT '',
  `Units` varchar(256) NOT NULL DEFAULT '',
  `LastModTime` timestamp NOT NULL DEFAULT CURRENT_TIMESTAMP ON UPDATE CURRENT_TIMESTAMP,
  `LastModBy` bigint(20) NOT NULL DEFAULT '0',
  `CreateTS` timestamp NOT NULL DEFAULT CURRENT_TIMESTAMP,
  `CreateBy` bigint(20) NOT NULL DEFAULT '0',
  PRIMARY KEY (`CID`)
) ENGINE=InnoDB DEFAULT CHARSET=utf8;
/*!40101 SET character_set_client = @saved_cs_client */;

--
-- Dumping data for table `CustomAttr`
--

LOCK TABLES `CustomAttr` WRITE;
/*!40000 ALTER TABLE `CustomAttr` DISABLE KEYS */;
/*!40000 ALTER TABLE `CustomAttr` ENABLE KEYS */;
UNLOCK TABLES;

--
-- Table structure for table `CustomAttrRef`
--

DROP TABLE IF EXISTS `CustomAttrRef`;
/*!40101 SET @saved_cs_client     = @@character_set_client */;
/*!40101 SET character_set_client = utf8 */;
CREATE TABLE `CustomAttrRef` (
  `ElementType` bigint(20) NOT NULL,
  `BID` bigint(20) NOT NULL DEFAULT '0',
  `ID` bigint(20) NOT NULL,
  `CID` bigint(20) NOT NULL,
  `LastModTime` timestamp NOT NULL DEFAULT CURRENT_TIMESTAMP ON UPDATE CURRENT_TIMESTAMP,
  `LastModBy` bigint(20) NOT NULL DEFAULT '0',
  `CreateTS` timestamp NOT NULL DEFAULT CURRENT_TIMESTAMP,
  `CreateBy` bigint(20) NOT NULL DEFAULT '0',
  `CARID` bigint(20) NOT NULL AUTO_INCREMENT,
  PRIMARY KEY (`CARID`)
) ENGINE=InnoDB DEFAULT CHARSET=utf8;
/*!40101 SET character_set_client = @saved_cs_client */;

--
-- Dumping data for table `CustomAttrRef`
--

LOCK TABLES `CustomAttrRef` WRITE;
/*!40000 ALTER TABLE `CustomAttrRef` DISABLE KEYS */;
/*!40000 ALTER TABLE `CustomAttrRef` ENABLE KEYS */;
UNLOCK TABLES;

--
-- Table structure for table `DemandSource`
--

DROP TABLE IF EXISTS `DemandSource`;
/*!40101 SET @saved_cs_client     = @@character_set_client */;
/*!40101 SET character_set_client = utf8 */;
CREATE TABLE `DemandSource` (
  `SourceSLSID` bigint(20) NOT NULL AUTO_INCREMENT,
  `BID` bigint(20) NOT NULL DEFAULT '0',
  `Name` varchar(100) DEFAULT NULL,
  `Industry` varchar(100) DEFAULT NULL,
  `LastModTime` timestamp NOT NULL DEFAULT CURRENT_TIMESTAMP ON UPDATE CURRENT_TIMESTAMP,
  `LastModBy` bigint(20) NOT NULL DEFAULT '0',
  `CreateTS` timestamp NOT NULL DEFAULT CURRENT_TIMESTAMP,
  `CreateBy` bigint(20) NOT NULL DEFAULT '0',
  PRIMARY KEY (`SourceSLSID`)
) ENGINE=InnoDB DEFAULT CHARSET=utf8;
/*!40101 SET character_set_client = @saved_cs_client */;

--
-- Dumping data for table `DemandSource`
--

LOCK TABLES `DemandSource` WRITE;
/*!40000 ALTER TABLE `DemandSource` DISABLE KEYS */;
/*!40000 ALTER TABLE `DemandSource` ENABLE KEYS */;
UNLOCK TABLES;

--
-- Table structure for table `Deposit`
--

DROP TABLE IF EXISTS `Deposit`;
/*!40101 SET @saved_cs_client     = @@character_set_client */;
/*!40101 SET character_set_client = utf8 */;
CREATE TABLE `Deposit` (
  `DID` bigint(20) NOT NULL AUTO_INCREMENT,
  `BID` bigint(20) NOT NULL DEFAULT '0',
  `DEPID` bigint(20) NOT NULL DEFAULT '0',
  `DPMID` bigint(20) NOT NULL DEFAULT '0',
  `Dt` date NOT NULL DEFAULT '1970-01-01',
  `Amount` decimal(19,4) NOT NULL DEFAULT '0.0000',
  `ClearedAmount` decimal(19,4) NOT NULL DEFAULT '0.0000',
  `FLAGS` bigint(20) NOT NULL DEFAULT '0',
  `LastModTime` timestamp NOT NULL DEFAULT CURRENT_TIMESTAMP ON UPDATE CURRENT_TIMESTAMP,
  `LastModBy` bigint(20) NOT NULL DEFAULT '0',
  `CreateTS` timestamp NOT NULL DEFAULT CURRENT_TIMESTAMP,
  `CreateBy` bigint(20) NOT NULL DEFAULT '0',
  PRIMARY KEY (`DID`)
) ENGINE=InnoDB AUTO_INCREMENT=9 DEFAULT CHARSET=utf8;
/*!40101 SET character_set_client = @saved_cs_client */;

--
-- Dumping data for table `Deposit`
--

LOCK TABLES `Deposit` WRITE;
/*!40000 ALTER TABLE `Deposit` DISABLE KEYS */;
INSERT INTO `Deposit` VALUES (1,1,2,1,'2018-02-13',10214.2500,0.0000,0,'2018-08-28 07:25:45',0,'2018-08-28 07:25:45',0),(2,1,1,1,'2018-02-13',34000.0000,0.0000,0,'2018-08-28 07:25:47',0,'2018-08-28 07:25:47',0),(3,1,2,1,'2018-03-01',17070.0000,0.0000,0,'2018-08-28 07:25:47',0,'2018-08-28 07:25:47',0),(4,1,2,1,'2018-04-01',17070.0000,0.0000,0,'2018-08-28 07:25:49',0,'2018-08-28 07:25:49',0),(5,1,2,1,'2018-05-01',17070.0000,0.0000,0,'2018-08-28 07:25:49',0,'2018-08-28 07:25:49',0),(6,1,2,1,'2018-06-01',17070.0000,0.0000,0,'2018-08-28 07:25:50',0,'2018-08-28 07:25:50',0),(7,1,2,1,'2018-07-01',17070.0000,0.0000,0,'2018-08-28 07:25:51',0,'2018-08-28 07:25:51',0),(8,1,2,1,'2018-08-01',17070.0000,0.0000,0,'2018-08-28 07:25:51',0,'2018-08-28 07:25:51',0);
/*!40000 ALTER TABLE `Deposit` ENABLE KEYS */;
UNLOCK TABLES;

--
-- Table structure for table `DepositMethod`
--

DROP TABLE IF EXISTS `DepositMethod`;
/*!40101 SET @saved_cs_client     = @@character_set_client */;
/*!40101 SET character_set_client = utf8 */;
CREATE TABLE `DepositMethod` (
  `DPMID` bigint(20) NOT NULL AUTO_INCREMENT,
  `BID` bigint(20) NOT NULL DEFAULT '0',
  `Method` varchar(50) NOT NULL DEFAULT '',
  `LastModTime` timestamp NOT NULL DEFAULT CURRENT_TIMESTAMP ON UPDATE CURRENT_TIMESTAMP,
  `LastModBy` bigint(20) NOT NULL DEFAULT '0',
  `CreateTS` timestamp NOT NULL DEFAULT CURRENT_TIMESTAMP,
  `CreateBy` bigint(20) NOT NULL DEFAULT '0',
  PRIMARY KEY (`DPMID`)
) ENGINE=InnoDB AUTO_INCREMENT=5 DEFAULT CHARSET=utf8;
/*!40101 SET character_set_client = @saved_cs_client */;

--
-- Dumping data for table `DepositMethod`
--

LOCK TABLES `DepositMethod` WRITE;
/*!40000 ALTER TABLE `DepositMethod` DISABLE KEYS */;
INSERT INTO `DepositMethod` VALUES (1,1,'Hand Delivery','2017-11-10 23:24:23',0,'2017-11-10 23:24:23',0),(2,1,'Scanned/Electronic Batch','2017-11-10 23:24:23',0,'2017-11-10 23:24:23',0),(3,1,'ACH','2017-11-10 23:24:23',0,'2017-11-10 23:24:23',0),(4,1,'US Mail','2017-11-10 23:24:23',0,'2017-11-10 23:24:23',0);
/*!40000 ALTER TABLE `DepositMethod` ENABLE KEYS */;
UNLOCK TABLES;

--
-- Table structure for table `DepositPart`
--

DROP TABLE IF EXISTS `DepositPart`;
/*!40101 SET @saved_cs_client     = @@character_set_client */;
/*!40101 SET character_set_client = utf8 */;
CREATE TABLE `DepositPart` (
  `DPID` bigint(20) NOT NULL AUTO_INCREMENT,
  `DID` bigint(20) NOT NULL DEFAULT '0',
  `BID` bigint(20) NOT NULL DEFAULT '0',
  `RCPTID` bigint(20) NOT NULL DEFAULT '0',
  `LastModTime` timestamp NOT NULL DEFAULT CURRENT_TIMESTAMP ON UPDATE CURRENT_TIMESTAMP,
  `LastModBy` bigint(20) NOT NULL DEFAULT '0',
  `CreateTS` timestamp NOT NULL DEFAULT CURRENT_TIMESTAMP,
  `CreateBy` bigint(20) NOT NULL DEFAULT '0',
  PRIMARY KEY (`DPID`)
) ENGINE=InnoDB AUTO_INCREMENT=148 DEFAULT CHARSET=utf8;
/*!40101 SET character_set_client = @saved_cs_client */;

--
-- Dumping data for table `DepositPart`
--

LOCK TABLES `DepositPart` WRITE;
/*!40000 ALTER TABLE `DepositPart` DISABLE KEYS */;
INSERT INTO `DepositPart` VALUES (1,1,1,14,'2018-08-28 07:25:45',0,'2018-08-28 07:25:45',0),(2,1,1,15,'2018-08-28 07:25:46',0,'2018-08-28 07:25:46',0),(3,1,1,16,'2018-08-28 07:25:46',0,'2018-08-28 07:25:46',0),(4,1,1,17,'2018-08-28 07:25:46',0,'2018-08-28 07:25:46',0),(5,1,1,31,'2018-08-28 07:25:46',0,'2018-08-28 07:25:46',0),(6,1,1,32,'2018-08-28 07:25:46',0,'2018-08-28 07:25:46',0),(7,1,1,33,'2018-08-28 07:25:46',0,'2018-08-28 07:25:46',0),(8,1,1,34,'2018-08-28 07:25:46',0,'2018-08-28 07:25:46',0),(9,1,1,35,'2018-08-28 07:25:46',0,'2018-08-28 07:25:46',0),(10,1,1,49,'2018-08-28 07:25:46',0,'2018-08-28 07:25:46',0),(11,1,1,50,'2018-08-28 07:25:46',0,'2018-08-28 07:25:46',0),(12,1,1,51,'2018-08-28 07:25:46',0,'2018-08-28 07:25:46',0),(13,1,1,52,'2018-08-28 07:25:46',0,'2018-08-28 07:25:46',0),(14,1,1,66,'2018-08-28 07:25:46',0,'2018-08-28 07:25:46',0),(15,1,1,67,'2018-08-28 07:25:46',0,'2018-08-28 07:25:46',0),(16,1,1,68,'2018-08-28 07:25:46',0,'2018-08-28 07:25:46',0),(17,1,1,69,'2018-08-28 07:25:46',0,'2018-08-28 07:25:46',0),(18,1,1,77,'2018-08-28 07:25:46',0,'2018-08-28 07:25:46',0),(19,1,1,78,'2018-08-28 07:25:46',0,'2018-08-28 07:25:46',0),(20,1,1,86,'2018-08-28 07:25:46',0,'2018-08-28 07:25:46',0),(21,1,1,87,'2018-08-28 07:25:46',0,'2018-08-28 07:25:46',0),(22,1,1,95,'2018-08-28 07:25:46',0,'2018-08-28 07:25:46',0),(23,1,1,96,'2018-08-28 07:25:46',0,'2018-08-28 07:25:46',0),(24,1,1,110,'2018-08-28 07:25:46',0,'2018-08-28 07:25:46',0),(25,1,1,111,'2018-08-28 07:25:46',0,'2018-08-28 07:25:46',0),(26,1,1,112,'2018-08-28 07:25:46',0,'2018-08-28 07:25:46',0),(27,1,1,113,'2018-08-28 07:25:46',0,'2018-08-28 07:25:46',0),(28,1,1,127,'2018-08-28 07:25:46',0,'2018-08-28 07:25:46',0),(29,1,1,128,'2018-08-28 07:25:46',0,'2018-08-28 07:25:46',0),(30,1,1,129,'2018-08-28 07:25:46',0,'2018-08-28 07:25:46',0),(31,1,1,130,'2018-08-28 07:25:46',0,'2018-08-28 07:25:46',0),(32,1,1,144,'2018-08-28 07:25:46',0,'2018-08-28 07:25:46',0),(33,1,1,145,'2018-08-28 07:25:47',0,'2018-08-28 07:25:47',0),(34,1,1,146,'2018-08-28 07:25:47',0,'2018-08-28 07:25:47',0),(35,1,1,147,'2018-08-28 07:25:47',0,'2018-08-28 07:25:47',0),(36,2,1,7,'2018-08-28 07:25:47',0,'2018-08-28 07:25:47',0),(37,2,1,24,'2018-08-28 07:25:47',0,'2018-08-28 07:25:47',0),(38,2,1,42,'2018-08-28 07:25:47',0,'2018-08-28 07:25:47',0),(39,2,1,59,'2018-08-28 07:25:47',0,'2018-08-28 07:25:47',0),(40,2,1,76,'2018-08-28 07:25:47',0,'2018-08-28 07:25:47',0),(41,2,1,85,'2018-08-28 07:25:47',0,'2018-08-28 07:25:47',0),(42,2,1,94,'2018-08-28 07:25:47',0,'2018-08-28 07:25:47',0),(43,2,1,103,'2018-08-28 07:25:47',0,'2018-08-28 07:25:47',0),(44,2,1,120,'2018-08-28 07:25:47',0,'2018-08-28 07:25:47',0),(45,2,1,137,'2018-08-28 07:25:47',0,'2018-08-28 07:25:47',0),(46,3,1,1,'2018-08-28 07:25:47',0,'2018-08-28 07:25:47',0),(47,3,1,8,'2018-08-28 07:25:47',0,'2018-08-28 07:25:47',0),(48,3,1,18,'2018-08-28 07:25:47',0,'2018-08-28 07:25:47',0),(49,3,1,25,'2018-08-28 07:25:47',0,'2018-08-28 07:25:47',0),(50,3,1,36,'2018-08-28 07:25:47',0,'2018-08-28 07:25:47',0),(51,3,1,43,'2018-08-28 07:25:47',0,'2018-08-28 07:25:47',0),(52,3,1,53,'2018-08-28 07:25:47',0,'2018-08-28 07:25:47',0),(53,3,1,60,'2018-08-28 07:25:47',0,'2018-08-28 07:25:47',0),(54,3,1,70,'2018-08-28 07:25:47',0,'2018-08-28 07:25:47',0),(55,3,1,79,'2018-08-28 07:25:47',0,'2018-08-28 07:25:47',0),(56,3,1,88,'2018-08-28 07:25:47',0,'2018-08-28 07:25:47',0),(57,3,1,97,'2018-08-28 07:25:47',0,'2018-08-28 07:25:47',0),(58,3,1,104,'2018-08-28 07:25:47',0,'2018-08-28 07:25:47',0),(59,3,1,114,'2018-08-28 07:25:47',0,'2018-08-28 07:25:47',0),(60,3,1,121,'2018-08-28 07:25:49',0,'2018-08-28 07:25:49',0),(61,3,1,131,'2018-08-28 07:25:49',0,'2018-08-28 07:25:49',0),(62,3,1,138,'2018-08-28 07:25:49',0,'2018-08-28 07:25:49',0),(63,4,1,2,'2018-08-28 07:25:49',0,'2018-08-28 07:25:49',0),(64,4,1,9,'2018-08-28 07:25:49',0,'2018-08-28 07:25:49',0),(65,4,1,19,'2018-08-28 07:25:49',0,'2018-08-28 07:25:49',0),(66,4,1,26,'2018-08-28 07:25:49',0,'2018-08-28 07:25:49',0),(67,4,1,37,'2018-08-28 07:25:49',0,'2018-08-28 07:25:49',0),(68,4,1,44,'2018-08-28 07:25:49',0,'2018-08-28 07:25:49',0),(69,4,1,54,'2018-08-28 07:25:49',0,'2018-08-28 07:25:49',0),(70,4,1,61,'2018-08-28 07:25:49',0,'2018-08-28 07:25:49',0),(71,4,1,71,'2018-08-28 07:25:49',0,'2018-08-28 07:25:49',0),(72,4,1,80,'2018-08-28 07:25:49',0,'2018-08-28 07:25:49',0),(73,4,1,89,'2018-08-28 07:25:49',0,'2018-08-28 07:25:49',0),(74,4,1,98,'2018-08-28 07:25:49',0,'2018-08-28 07:25:49',0),(75,4,1,105,'2018-08-28 07:25:49',0,'2018-08-28 07:25:49',0),(76,4,1,115,'2018-08-28 07:25:49',0,'2018-08-28 07:25:49',0),(77,4,1,122,'2018-08-28 07:25:49',0,'2018-08-28 07:25:49',0),(78,4,1,132,'2018-08-28 07:25:49',0,'2018-08-28 07:25:49',0),(79,4,1,139,'2018-08-28 07:25:49',0,'2018-08-28 07:25:49',0),(80,5,1,3,'2018-08-28 07:25:49',0,'2018-08-28 07:25:49',0),(81,5,1,10,'2018-08-28 07:25:49',0,'2018-08-28 07:25:49',0),(82,5,1,20,'2018-08-28 07:25:50',0,'2018-08-28 07:25:50',0),(83,5,1,27,'2018-08-28 07:25:50',0,'2018-08-28 07:25:50',0),(84,5,1,38,'2018-08-28 07:25:50',0,'2018-08-28 07:25:50',0),(85,5,1,45,'2018-08-28 07:25:50',0,'2018-08-28 07:25:50',0),(86,5,1,55,'2018-08-28 07:25:50',0,'2018-08-28 07:25:50',0),(87,5,1,62,'2018-08-28 07:25:50',0,'2018-08-28 07:25:50',0),(88,5,1,72,'2018-08-28 07:25:50',0,'2018-08-28 07:25:50',0),(89,5,1,81,'2018-08-28 07:25:50',0,'2018-08-28 07:25:50',0),(90,5,1,90,'2018-08-28 07:25:50',0,'2018-08-28 07:25:50',0),(91,5,1,99,'2018-08-28 07:25:50',0,'2018-08-28 07:25:50',0),(92,5,1,106,'2018-08-28 07:25:50',0,'2018-08-28 07:25:50',0),(93,5,1,116,'2018-08-28 07:25:50',0,'2018-08-28 07:25:50',0),(94,5,1,123,'2018-08-28 07:25:50',0,'2018-08-28 07:25:50',0),(95,5,1,133,'2018-08-28 07:25:50',0,'2018-08-28 07:25:50',0),(96,5,1,140,'2018-08-28 07:25:50',0,'2018-08-28 07:25:50',0),(97,6,1,4,'2018-08-28 07:25:50',0,'2018-08-28 07:25:50',0),(98,6,1,11,'2018-08-28 07:25:50',0,'2018-08-28 07:25:50',0),(99,6,1,21,'2018-08-28 07:25:50',0,'2018-08-28 07:25:50',0),(100,6,1,28,'2018-08-28 07:25:50',0,'2018-08-28 07:25:50',0),(101,6,1,39,'2018-08-28 07:25:50',0,'2018-08-28 07:25:50',0),(102,6,1,46,'2018-08-28 07:25:50',0,'2018-08-28 07:25:50',0),(103,6,1,56,'2018-08-28 07:25:50',0,'2018-08-28 07:25:50',0),(104,6,1,63,'2018-08-28 07:25:50',0,'2018-08-28 07:25:50',0),(105,6,1,73,'2018-08-28 07:25:50',0,'2018-08-28 07:25:50',0),(106,6,1,82,'2018-08-28 07:25:50',0,'2018-08-28 07:25:50',0),(107,6,1,91,'2018-08-28 07:25:50',0,'2018-08-28 07:25:50',0),(108,6,1,100,'2018-08-28 07:25:50',0,'2018-08-28 07:25:50',0),(109,6,1,107,'2018-08-28 07:25:50',0,'2018-08-28 07:25:50',0),(110,6,1,117,'2018-08-28 07:25:50',0,'2018-08-28 07:25:50',0),(111,6,1,124,'2018-08-28 07:25:50',0,'2018-08-28 07:25:50',0),(112,6,1,134,'2018-08-28 07:25:50',0,'2018-08-28 07:25:50',0),(113,6,1,141,'2018-08-28 07:25:50',0,'2018-08-28 07:25:50',0),(114,7,1,5,'2018-08-28 07:25:51',0,'2018-08-28 07:25:51',0),(115,7,1,12,'2018-08-28 07:25:51',0,'2018-08-28 07:25:51',0),(116,7,1,22,'2018-08-28 07:25:51',0,'2018-08-28 07:25:51',0),(117,7,1,29,'2018-08-28 07:25:51',0,'2018-08-28 07:25:51',0),(118,7,1,40,'2018-08-28 07:25:51',0,'2018-08-28 07:25:51',0),(119,7,1,47,'2018-08-28 07:25:51',0,'2018-08-28 07:25:51',0),(120,7,1,57,'2018-08-28 07:25:51',0,'2018-08-28 07:25:51',0),(121,7,1,64,'2018-08-28 07:25:51',0,'2018-08-28 07:25:51',0),(122,7,1,74,'2018-08-28 07:25:51',0,'2018-08-28 07:25:51',0),(123,7,1,83,'2018-08-28 07:25:51',0,'2018-08-28 07:25:51',0),(124,7,1,92,'2018-08-28 07:25:51',0,'2018-08-28 07:25:51',0),(125,7,1,101,'2018-08-28 07:25:51',0,'2018-08-28 07:25:51',0),(126,7,1,108,'2018-08-28 07:25:51',0,'2018-08-28 07:25:51',0),(127,7,1,118,'2018-08-28 07:25:51',0,'2018-08-28 07:25:51',0),(128,7,1,125,'2018-08-28 07:25:51',0,'2018-08-28 07:25:51',0),(129,7,1,135,'2018-08-28 07:25:51',0,'2018-08-28 07:25:51',0),(130,7,1,142,'2018-08-28 07:25:51',0,'2018-08-28 07:25:51',0),(131,8,1,6,'2018-08-28 07:25:51',0,'2018-08-28 07:25:51',0),(132,8,1,13,'2018-08-28 07:25:51',0,'2018-08-28 07:25:51',0),(133,8,1,23,'2018-08-28 07:25:51',0,'2018-08-28 07:25:51',0),(134,8,1,30,'2018-08-28 07:25:51',0,'2018-08-28 07:25:51',0),(135,8,1,41,'2018-08-28 07:25:51',0,'2018-08-28 07:25:51',0),(136,8,1,48,'2018-08-28 07:25:51',0,'2018-08-28 07:25:51',0),(137,8,1,58,'2018-08-28 07:25:51',0,'2018-08-28 07:25:51',0),(138,8,1,65,'2018-08-28 07:25:51',0,'2018-08-28 07:25:51',0),(139,8,1,75,'2018-08-28 07:25:51',0,'2018-08-28 07:25:51',0),(140,8,1,84,'2018-08-28 07:25:51',0,'2018-08-28 07:25:51',0),(141,8,1,93,'2018-08-28 07:25:51',0,'2018-08-28 07:25:51',0),(142,8,1,102,'2018-08-28 07:25:51',0,'2018-08-28 07:25:51',0),(143,8,1,109,'2018-08-28 07:25:51',0,'2018-08-28 07:25:51',0),(144,8,1,119,'2018-08-28 07:25:51',0,'2018-08-28 07:25:51',0),(145,8,1,126,'2018-08-28 07:25:51',0,'2018-08-28 07:25:51',0),(146,8,1,136,'2018-08-28 07:25:52',0,'2018-08-28 07:25:52',0),(147,8,1,143,'2018-08-28 07:25:52',0,'2018-08-28 07:25:52',0);
/*!40000 ALTER TABLE `DepositPart` ENABLE KEYS */;
UNLOCK TABLES;

--
-- Table structure for table `Depository`
--

DROP TABLE IF EXISTS `Depository`;
/*!40101 SET @saved_cs_client     = @@character_set_client */;
/*!40101 SET character_set_client = utf8 */;
CREATE TABLE `Depository` (
  `DEPID` bigint(20) NOT NULL AUTO_INCREMENT,
  `BID` bigint(20) NOT NULL DEFAULT '0',
  `LID` bigint(20) NOT NULL DEFAULT '0',
  `Name` varchar(256) DEFAULT NULL,
  `AccountNo` varchar(256) DEFAULT NULL,
  `LastModTime` timestamp NOT NULL DEFAULT CURRENT_TIMESTAMP ON UPDATE CURRENT_TIMESTAMP,
  `LastModBy` bigint(20) NOT NULL DEFAULT '0',
  `CreateTS` timestamp NOT NULL DEFAULT CURRENT_TIMESTAMP,
  `CreateBy` bigint(20) NOT NULL DEFAULT '0',
  PRIMARY KEY (`DEPID`)
) ENGINE=InnoDB AUTO_INCREMENT=3 DEFAULT CHARSET=utf8;
/*!40101 SET character_set_client = @saved_cs_client */;

--
-- Dumping data for table `Depository`
--

LOCK TABLES `Depository` WRITE;
/*!40000 ALTER TABLE `Depository` DISABLE KEYS */;
INSERT INTO `Depository` VALUES (1,1,3,'Wells Fargo','987654321','2017-11-10 23:24:23',0,'2017-11-10 23:24:23',0),(2,1,4,'Bank Of America','12345678','2017-11-10 23:24:23',0,'2017-11-10 23:24:23',0);
/*!40000 ALTER TABLE `Depository` ENABLE KEYS */;
UNLOCK TABLES;

--
-- Table structure for table `Expense`
--

DROP TABLE IF EXISTS `Expense`;
/*!40101 SET @saved_cs_client     = @@character_set_client */;
/*!40101 SET character_set_client = utf8 */;
CREATE TABLE `Expense` (
  `EXPID` bigint(20) NOT NULL AUTO_INCREMENT,
  `RPEXPID` bigint(20) NOT NULL DEFAULT '0',
  `BID` bigint(20) NOT NULL DEFAULT '0',
  `RID` bigint(20) NOT NULL DEFAULT '0',
  `RAID` bigint(20) NOT NULL DEFAULT '0',
  `Amount` decimal(19,4) NOT NULL DEFAULT '0.0000',
  `Dt` datetime NOT NULL DEFAULT '1970-01-01 00:00:00',
  `AcctRule` varchar(200) NOT NULL DEFAULT '',
  `ARID` bigint(20) NOT NULL DEFAULT '0',
  `FLAGS` bigint(20) NOT NULL DEFAULT '0',
  `Comment` varchar(256) NOT NULL DEFAULT '',
  `LastModTime` timestamp NOT NULL DEFAULT CURRENT_TIMESTAMP ON UPDATE CURRENT_TIMESTAMP,
  `LastModBy` bigint(20) NOT NULL DEFAULT '0',
  `CreateTS` timestamp NOT NULL DEFAULT CURRENT_TIMESTAMP,
  `CreateBy` bigint(20) NOT NULL DEFAULT '0',
  PRIMARY KEY (`EXPID`)
) ENGINE=InnoDB DEFAULT CHARSET=utf8;
/*!40101 SET character_set_client = @saved_cs_client */;

--
-- Dumping data for table `Expense`
--

LOCK TABLES `Expense` WRITE;
/*!40000 ALTER TABLE `Expense` DISABLE KEYS */;
/*!40000 ALTER TABLE `Expense` ENABLE KEYS */;
UNLOCK TABLES;

--
-- Table structure for table `Flow`
--

DROP TABLE IF EXISTS `Flow`;
/*!40101 SET @saved_cs_client     = @@character_set_client */;
/*!40101 SET character_set_client = utf8 */;
CREATE TABLE `Flow` (
  `FlowID` bigint(20) NOT NULL AUTO_INCREMENT,
  `BID` bigint(20) NOT NULL DEFAULT '0',
  `UserRefNo` varchar(50) NOT NULL DEFAULT '',
  `FlowType` varchar(50) NOT NULL DEFAULT '',
  `ID` bigint(20) NOT NULL DEFAULT '0',
  `Data` json DEFAULT NULL,
  `LastModTime` timestamp NOT NULL DEFAULT CURRENT_TIMESTAMP ON UPDATE CURRENT_TIMESTAMP,
  `LastModBy` bigint(20) NOT NULL DEFAULT '0',
  `CreateTS` timestamp NOT NULL DEFAULT CURRENT_TIMESTAMP,
  `CreateBy` bigint(20) NOT NULL DEFAULT '0',
  PRIMARY KEY (`FlowID`)
) ENGINE=InnoDB DEFAULT CHARSET=latin1;
/*!40101 SET character_set_client = @saved_cs_client */;

--
-- Dumping data for table `Flow`
--

LOCK TABLES `Flow` WRITE;
/*!40000 ALTER TABLE `Flow` DISABLE KEYS */;
/*!40000 ALTER TABLE `Flow` ENABLE KEYS */;
UNLOCK TABLES;

--
-- Table structure for table `GLAccount`
--

DROP TABLE IF EXISTS `GLAccount`;
/*!40101 SET @saved_cs_client     = @@character_set_client */;
/*!40101 SET character_set_client = utf8 */;
CREATE TABLE `GLAccount` (
  `LID` bigint(20) NOT NULL AUTO_INCREMENT,
  `PLID` bigint(20) NOT NULL DEFAULT '0',
  `BID` bigint(20) NOT NULL DEFAULT '0',
  `RAID` bigint(20) NOT NULL DEFAULT '0',
  `TCID` bigint(20) NOT NULL DEFAULT '0',
  `GLNumber` varchar(100) NOT NULL DEFAULT '',
  `Name` varchar(100) NOT NULL DEFAULT '',
  `AcctType` varchar(100) NOT NULL DEFAULT '',
  `AllowPost` tinyint(1) NOT NULL DEFAULT '0',
  `FLAGS` bigint(20) NOT NULL DEFAULT '0',
  `Description` varchar(1024) NOT NULL DEFAULT '',
  `LastModTime` timestamp NOT NULL DEFAULT CURRENT_TIMESTAMP ON UPDATE CURRENT_TIMESTAMP,
  `LastModBy` bigint(20) NOT NULL DEFAULT '0',
  `CreateTS` timestamp NOT NULL DEFAULT CURRENT_TIMESTAMP,
  `CreateBy` bigint(20) NOT NULL DEFAULT '0',
  PRIMARY KEY (`LID`)
) ENGINE=InnoDB AUTO_INCREMENT=76 DEFAULT CHARSET=utf8;
/*!40101 SET character_set_client = @saved_cs_client */;

--
-- Dumping data for table `GLAccount`
--

LOCK TABLES `GLAccount` WRITE;
/*!40000 ALTER TABLE `GLAccount` DISABLE KEYS */;
INSERT INTO `GLAccount` VALUES (1,0,1,0,0,'10000','Cash','Cash',0,0,'','2017-11-10 23:24:22',0,'2017-11-10 23:24:22',0),(2,0,1,0,0,'10100','Petty Cash','Cash',1,0,'','2017-11-10 23:24:22',0,'2017-11-10 23:24:22',0),(3,1,1,0,0,'10104','FRB 54320 (operating account)','Bank Account',1,0,'','2017-11-10 23:24:22',0,'2017-11-10 23:24:22',0),(4,1,1,0,0,'10105','FRB 96953 (deposit account)','Bank Account',1,0,'','2017-11-10 23:24:22',0,'2017-11-10 23:24:22',0),(5,1,1,0,0,'10199','Security Deposit Refund','Cash',1,0,'','2017-11-10 23:24:22',0,'2017-11-10 23:24:22',0),(6,1,1,0,0,'10999','Undeposited Funds','Cash',1,0,'','2017-11-10 23:24:22',0,'2017-11-10 23:24:22',0),(7,0,1,0,0,'11000','Credit Cards Funds in Transit','Cash',1,0,'','2017-11-10 23:24:22',0,'2017-11-10 23:24:22',0),(8,0,1,0,0,'12000','Accounts Receivable','Accounts Receivable',0,0,'','2017-11-10 23:24:22',0,'2017-11-10 23:24:22',0),(9,8,1,0,0,'12001','Rent Roll Receivables','Accounts Receivable',1,0,'','2017-11-10 23:24:22',0,'2017-11-10 23:24:22',0),(10,0,1,0,0,'12999','Unapplied Funds','Asset',1,0,'','2017-11-10 23:24:22',0,'2017-11-10 23:24:22',0),(11,0,1,0,0,'30000','Security Deposit Liability','Liability Security Deposit',1,0,'','2017-11-10 23:24:22',0,'2017-11-10 23:24:22',0),(12,0,1,0,0,'30001','Floating Security Deposits','Liability Security Deposit',1,0,'Sec Dep posted before rentable identified','2017-11-10 23:24:22',0,'2017-11-10 23:24:22',0),(13,0,1,0,0,'30100','Collected Taxes','Liabilities',0,0,'','2017-11-10 23:24:22',0,'2017-11-10 23:24:22',0),(14,13,1,0,0,'30101','Sales Taxes Collected','Liabilities',1,0,'','2017-11-10 23:24:22',0,'2017-11-10 23:24:22',0),(15,13,1,0,0,'30102','Transient Occupancy Taxes Collected','Liabilities',1,0,'','2017-11-10 23:24:22',0,'2017-11-10 23:24:22',0),(16,13,1,0,0,'30199','Other Collected Taxes','Liabilities',1,0,'','2017-11-10 23:24:22',0,'2017-11-10 23:24:22',0),(17,0,1,0,0,'41000','Gross Scheduled Rent-Taxable','Income',1,0,'','2017-11-10 23:24:22',0,'2017-11-10 23:24:22',0),(18,0,1,0,0,'41001','Gross Scheduled Rent-Not Taxable','Income',1,0,'','2017-11-10 23:24:22',0,'2017-11-10 23:24:22',0),(19,0,1,0,0,'41100','Unit Income Offsets','Income Offset',0,0,'','2017-11-10 23:24:22',0,'2017-11-10 23:24:22',0),(20,19,1,0,0,'41101','Vacancy','Income Offset',1,0,'','2017-11-10 23:24:22',0,'2017-11-10 23:24:22',0),(21,19,1,0,0,'41102','Loss (Gain) to Lease','Income Offset',1,0,'','2017-11-10 23:24:22',0,'2017-11-10 23:24:22',0),(22,19,1,0,0,'41103','Employee Concessions','Income Offset',1,0,'','2017-11-10 23:24:22',0,'2017-11-10 23:24:22',0),(23,19,1,0,0,'41104','Resident Concessions','Income Offset',1,0,'','2017-11-10 23:24:22',0,'2017-11-10 23:24:22',0),(24,19,1,0,0,'41105','Owner Concession','Income Offset',1,0,'','2017-11-10 23:24:22',0,'2017-11-10 23:24:22',0),(25,19,1,0,0,'41106','Administrative Concession','Income Offset',1,0,'','2017-11-10 23:24:22',0,'2017-11-10 23:24:22',0),(26,19,1,0,0,'41107','Off Line Renovations','Income Offset',1,0,'','2017-11-10 23:24:22',0,'2017-11-10 23:24:22',0),(27,19,1,0,0,'41108','Off Line Maintenance','Income Offset',1,0,'','2017-11-10 23:24:22',0,'2017-11-10 23:24:22',0),(28,19,1,0,0,'41199','Othe Income Offsets','Income Offset',1,0,'','2017-11-10 23:24:22',0,'2017-11-10 23:24:22',0),(29,0,1,0,0,'41200','Service Fees','Income',0,0,'','2017-11-10 23:24:22',0,'2017-11-10 23:24:22',0),(30,29,1,0,0,'41201','Broadcast and IT Services','Income',1,0,'','2017-11-10 23:24:22',0,'2017-11-10 23:24:22',0),(31,29,1,0,0,'41202','Food Services','Income',1,0,'','2017-11-10 23:24:22',0,'2017-11-10 23:24:22',0),(32,29,1,0,0,'41203','Linen Services','Income',1,0,'','2017-11-10 23:24:22',0,'2017-11-10 23:24:22',0),(33,29,1,0,0,'41204','Wash N Fold Services','Income',1,0,'','2017-11-10 23:24:22',0,'2017-11-10 23:24:22',0),(34,29,1,0,0,'41299','Other Service Fees','Income',1,0,'','2017-11-10 23:24:22',0,'2017-11-10 23:24:22',0),(35,0,1,0,0,'41300','Utility Fees','Income',0,0,'','2017-11-10 23:24:22',0,'2017-11-10 23:24:22',0),(36,35,1,0,0,'41301','Electric Base Fee','Income',1,0,'','2017-11-10 23:24:22',0,'2017-11-10 23:24:22',0),(37,35,1,0,0,'41302','Electric Overage','Income',1,0,'','2017-11-10 23:24:22',0,'2017-11-10 23:24:22',0),(38,35,1,0,0,'41303','Water and Sewer Base Fee','Income',1,0,'','2017-11-10 23:24:22',0,'2017-11-10 23:24:22',0),(39,35,1,0,0,'41304','Water and Sewer Overage','Income',1,0,'','2017-11-10 23:24:22',0,'2017-11-10 23:24:22',0),(40,35,1,0,0,'41305','Gas Base Fee','Income',1,0,'','2017-11-10 23:24:22',0,'2017-11-10 23:24:22',0),(41,35,1,0,0,'41306','Gas Overage','Income',1,0,'','2017-11-10 23:24:22',0,'2017-11-10 23:24:22',0),(42,35,1,0,0,'41307','Trash Collection Base Fee','Income',1,0,'','2017-11-10 23:24:22',0,'2017-11-10 23:24:22',0),(43,35,1,0,0,'41308','Trash Collection Overage','Income',1,0,'','2017-11-10 23:24:22',0,'2017-11-10 23:24:22',0),(44,35,1,0,0,'41399','Other Utility Fee','Income',1,0,'','2017-11-10 23:24:22',0,'2017-11-10 23:24:22',0),(45,0,1,0,0,'41400','Special Tenant Charges','Income',0,0,'','2017-11-10 23:24:22',0,'2017-11-10 23:24:22',0),(46,45,1,0,0,'41401','Application Fees','Income',1,0,'','2017-11-10 23:24:22',0,'2017-11-10 23:24:22',0),(47,45,1,0,0,'41402','Late Fees','Income',1,0,'','2017-11-10 23:24:22',0,'2017-11-10 23:24:22',0),(48,45,1,0,0,'41403','Insufficient Funds Fee','Income',1,0,'','2017-11-10 23:24:22',0,'2017-11-10 23:24:22',0),(49,45,1,0,0,'41404','Month to Month Fee','Income',1,0,'','2017-11-10 23:24:22',0,'2017-11-10 23:24:22',0),(50,45,1,0,0,'41405','Rentable Specialties','Income',1,0,'','2017-11-10 23:24:22',0,'2017-11-10 23:24:22',0),(51,45,1,0,0,'41406','No Show or Termination Fee','Income',1,0,'','2017-11-10 23:24:22',0,'2017-11-10 23:24:22',0),(52,45,1,0,0,'41407','Pet Fees','Income',1,0,'','2017-11-10 23:24:22',0,'2017-11-10 23:24:22',0),(53,45,1,0,0,'41408','Pet Rent','Income',1,0,'','2017-11-10 23:24:22',0,'2017-11-10 23:24:22',0),(54,45,1,0,0,'41409','Tenant Expense Chargeback','Income',1,0,'','2017-11-10 23:24:22',0,'2017-11-10 23:24:22',0),(55,45,1,0,0,'41410','Special Cleaning Fee','Income',1,0,'','2017-11-10 23:24:22',0,'2017-11-10 23:24:22',0),(56,45,1,0,0,'41411','Eviction Fee Reimbursement','Income',1,0,'','2017-11-10 23:24:22',0,'2017-11-10 23:24:22',0),(57,45,1,0,0,'41412','Extra Person Charge','Income',1,0,'','2017-11-10 23:24:22',0,'2017-11-10 23:24:22',0),(58,45,1,0,0,'41413','Security Deposit Forfeiture','Income',1,0,'','2017-11-10 23:24:22',0,'2017-11-10 23:24:22',0),(59,45,1,0,0,'41414','Damage Fee','Income',1,0,'','2017-11-10 23:24:22',0,'2017-11-10 23:24:22',0),(60,45,1,0,0,'41415','CAM Fees','Income',1,0,'','2017-11-10 23:24:22',0,'2017-11-10 23:24:22',0),(61,45,1,0,0,'41499','Other Special Tenant Charges','Income',1,0,'','2017-11-10 23:24:22',0,'2017-11-10 23:24:22',0),(62,0,1,0,0,'42000','Business Income','Income',0,0,'','2017-11-10 23:24:22',0,'2017-11-10 23:24:22',0),(63,62,1,0,0,'42100','Convenience Store','Income',1,0,'','2017-11-10 23:24:22',0,'2017-11-10 23:24:22',0),(64,62,1,0,0,'42200','Fitness Center Revenue','Income',1,0,'','2017-11-10 23:24:22',0,'2017-11-10 23:24:22',0),(65,62,1,0,0,'42300','Vending Income','Income',1,0,'','2017-11-10 23:24:22',0,'2017-11-10 23:24:22',0),(66,62,1,0,0,'42400','Restaurant Sales','Income',1,0,'','2017-11-10 23:24:22',0,'2017-11-10 23:24:22',0),(67,62,1,0,0,'42500','Bar Sales','Income',1,0,'','2017-11-10 23:24:22',0,'2017-11-10 23:24:22',0),(68,62,1,0,0,'42600','Spa Sales','Income',1,0,'','2017-11-10 23:24:22',0,'2017-11-10 23:24:22',0),(69,0,1,0,0,'50000','Expenses','Expenses',0,0,'','2017-11-10 23:24:22',0,'2017-11-10 23:24:22',0),(70,69,1,0,0,'50001','Cash Over/Short','Expenses',1,0,'','2017-11-10 23:24:22',0,'2017-11-10 23:24:22',0),(71,69,1,0,0,'50002','Bad Debt','Expenses',1,0,'','2017-11-10 23:24:22',0,'2017-11-10 23:24:22',0),(72,69,1,0,0,'50003','Bank Service Fee','Expenses',1,0,'','2017-11-10 23:24:22',0,'2017-11-10 23:24:22',0),(73,69,1,0,0,'50999','Other Expenses','Expenses',1,0,'','2017-11-10 23:24:22',0,'2017-11-10 23:24:22',0),(74,0,1,0,0,'999911','test 1','Cash',1,0,'laskdjf','2017-11-10 23:24:22',0,'2017-11-10 23:24:22',0),(75,45,1,0,0,'41416','Vehicle Fees','Income',1,0,'Vehicle Registration fees','2018-07-03 02:45:37',211,'2018-07-03 02:45:37',211);
/*!40000 ALTER TABLE `GLAccount` ENABLE KEYS */;
UNLOCK TABLES;

--
-- Table structure for table `Invoice`
--

DROP TABLE IF EXISTS `Invoice`;
/*!40101 SET @saved_cs_client     = @@character_set_client */;
/*!40101 SET character_set_client = utf8 */;
CREATE TABLE `Invoice` (
  `InvoiceNo` bigint(20) NOT NULL AUTO_INCREMENT,
  `BID` bigint(20) NOT NULL DEFAULT '0',
  `Dt` date NOT NULL DEFAULT '1970-01-01',
  `DtDue` date NOT NULL DEFAULT '1970-01-01',
  `Amount` decimal(19,4) NOT NULL DEFAULT '0.0000',
  `DeliveredBy` varchar(256) NOT NULL DEFAULT '',
  `LastModTime` timestamp NOT NULL DEFAULT CURRENT_TIMESTAMP ON UPDATE CURRENT_TIMESTAMP,
  `LastModBy` bigint(20) NOT NULL DEFAULT '0',
  `CreateTS` timestamp NOT NULL DEFAULT CURRENT_TIMESTAMP,
  `CreateBy` bigint(20) NOT NULL DEFAULT '0',
  PRIMARY KEY (`InvoiceNo`)
) ENGINE=InnoDB DEFAULT CHARSET=utf8;
/*!40101 SET character_set_client = @saved_cs_client */;

--
-- Dumping data for table `Invoice`
--

LOCK TABLES `Invoice` WRITE;
/*!40000 ALTER TABLE `Invoice` DISABLE KEYS */;
/*!40000 ALTER TABLE `Invoice` ENABLE KEYS */;
UNLOCK TABLES;

--
-- Table structure for table `InvoiceAssessment`
--

DROP TABLE IF EXISTS `InvoiceAssessment`;
/*!40101 SET @saved_cs_client     = @@character_set_client */;
/*!40101 SET character_set_client = utf8 */;
CREATE TABLE `InvoiceAssessment` (
  `InvoiceNo` bigint(20) NOT NULL DEFAULT '0',
  `BID` bigint(20) NOT NULL DEFAULT '0',
  `ASMID` bigint(20) NOT NULL DEFAULT '0',
  `LastModTime` timestamp NOT NULL DEFAULT CURRENT_TIMESTAMP ON UPDATE CURRENT_TIMESTAMP,
  `LastModBy` bigint(20) NOT NULL DEFAULT '0',
  `CreateTS` timestamp NOT NULL DEFAULT CURRENT_TIMESTAMP,
  `CreateBy` bigint(20) NOT NULL DEFAULT '0',
  `InvoiceASMID` bigint(20) NOT NULL AUTO_INCREMENT,
  PRIMARY KEY (`InvoiceASMID`)
) ENGINE=InnoDB DEFAULT CHARSET=utf8;
/*!40101 SET character_set_client = @saved_cs_client */;

--
-- Dumping data for table `InvoiceAssessment`
--

LOCK TABLES `InvoiceAssessment` WRITE;
/*!40000 ALTER TABLE `InvoiceAssessment` DISABLE KEYS */;
/*!40000 ALTER TABLE `InvoiceAssessment` ENABLE KEYS */;
UNLOCK TABLES;

--
-- Table structure for table `InvoicePayor`
--

DROP TABLE IF EXISTS `InvoicePayor`;
/*!40101 SET @saved_cs_client     = @@character_set_client */;
/*!40101 SET character_set_client = utf8 */;
CREATE TABLE `InvoicePayor` (
  `InvoiceNo` bigint(20) NOT NULL DEFAULT '0',
  `BID` bigint(20) NOT NULL DEFAULT '0',
  `PID` bigint(20) NOT NULL DEFAULT '0',
  `LastModTime` timestamp NOT NULL DEFAULT CURRENT_TIMESTAMP ON UPDATE CURRENT_TIMESTAMP,
  `LastModBy` bigint(20) NOT NULL DEFAULT '0',
  `CreateTS` timestamp NOT NULL DEFAULT CURRENT_TIMESTAMP,
  `CreateBy` bigint(20) NOT NULL DEFAULT '0',
  `InvoicePayorID` bigint(20) NOT NULL AUTO_INCREMENT,
  PRIMARY KEY (`InvoicePayorID`)
) ENGINE=InnoDB DEFAULT CHARSET=utf8;
/*!40101 SET character_set_client = @saved_cs_client */;

--
-- Dumping data for table `InvoicePayor`
--

LOCK TABLES `InvoicePayor` WRITE;
/*!40000 ALTER TABLE `InvoicePayor` DISABLE KEYS */;
/*!40000 ALTER TABLE `InvoicePayor` ENABLE KEYS */;
UNLOCK TABLES;

--
-- Table structure for table `Journal`
--

DROP TABLE IF EXISTS `Journal`;
/*!40101 SET @saved_cs_client     = @@character_set_client */;
/*!40101 SET character_set_client = utf8 */;
CREATE TABLE `Journal` (
  `JID` bigint(20) NOT NULL AUTO_INCREMENT,
  `BID` bigint(20) NOT NULL DEFAULT '0',
  `Dt` datetime NOT NULL DEFAULT '1970-01-01 00:00:00',
  `Amount` decimal(19,4) NOT NULL DEFAULT '0.0000',
  `Type` smallint(6) NOT NULL DEFAULT '0',
  `ID` bigint(20) NOT NULL DEFAULT '0',
  `Comment` varchar(256) NOT NULL DEFAULT '',
  `LastModTime` timestamp NOT NULL DEFAULT CURRENT_TIMESTAMP ON UPDATE CURRENT_TIMESTAMP,
  `LastModBy` bigint(20) NOT NULL DEFAULT '0',
  `CreateTS` timestamp NOT NULL DEFAULT CURRENT_TIMESTAMP,
  `CreateBy` bigint(20) NOT NULL DEFAULT '0',
  PRIMARY KEY (`JID`)
) ENGINE=InnoDB AUTO_INCREMENT=606 DEFAULT CHARSET=utf8;
/*!40101 SET character_set_client = @saved_cs_client */;

--
-- Dumping data for table `Journal`
--

LOCK TABLES `Journal` WRITE;
/*!40000 ALTER TABLE `Journal` DISABLE KEYS */;
INSERT INTO `Journal` VALUES (1,1,'2018-03-01 00:00:00',1000.0000,1,2,'','2018-08-28 07:25:36',0,'2018-08-28 07:25:36',0),(2,1,'2018-04-01 00:00:00',1000.0000,1,3,'','2018-08-28 07:25:36',0,'2018-08-28 07:25:36',0),(3,1,'2018-05-01 00:00:00',1000.0000,1,4,'','2018-08-28 07:25:36',0,'2018-08-28 07:25:36',0),(4,1,'2018-06-01 00:00:00',1000.0000,1,5,'','2018-08-28 07:25:36',0,'2018-08-28 07:25:36',0),(5,1,'2018-07-01 00:00:00',1000.0000,1,6,'','2018-08-28 07:25:36',0,'2018-08-28 07:25:36',0),(6,1,'2018-08-01 00:00:00',1000.0000,1,7,'','2018-08-28 07:25:36',0,'2018-08-28 07:25:36',0),(7,1,'2018-02-13 00:00:00',2000.0000,1,8,'','2018-08-28 07:25:36',0,'2018-08-28 07:25:36',0),(8,1,'2018-03-01 00:00:00',10.0000,1,10,'','2018-08-28 07:25:36',0,'2018-08-28 07:25:36',0),(9,1,'2018-04-01 00:00:00',10.0000,1,11,'','2018-08-28 07:25:36',0,'2018-08-28 07:25:36',0),(10,1,'2018-05-01 00:00:00',10.0000,1,12,'','2018-08-28 07:25:36',0,'2018-08-28 07:25:36',0),(11,1,'2018-06-01 00:00:00',10.0000,1,13,'','2018-08-28 07:25:36',0,'2018-08-28 07:25:36',0),(12,1,'2018-07-01 00:00:00',10.0000,1,14,'','2018-08-28 07:25:36',0,'2018-08-28 07:25:36',0),(13,1,'2018-08-01 00:00:00',10.0000,1,15,'','2018-08-28 07:25:36',0,'2018-08-28 07:25:36',0),(14,1,'2018-02-13 00:00:00',571.4300,1,16,'','2018-08-28 07:25:36',0,'2018-08-28 07:25:36',0),(15,1,'2018-02-13 00:00:00',50.0000,1,17,'','2018-08-28 07:25:36',0,'2018-08-28 07:25:36',0),(16,1,'2018-02-13 00:00:00',5.7100,1,18,'','2018-08-28 07:25:36',0,'2018-08-28 07:25:36',0),(17,1,'2018-02-13 00:00:00',10.0000,1,19,'','2018-08-28 07:25:36',0,'2018-08-28 07:25:36',0),(18,1,'2018-03-01 00:00:00',1000.0000,1,21,'','2018-08-28 07:25:36',0,'2018-08-28 07:25:36',0),(19,1,'2018-04-01 00:00:00',1000.0000,1,22,'','2018-08-28 07:25:36',0,'2018-08-28 07:25:36',0),(20,1,'2018-05-01 00:00:00',1000.0000,1,23,'','2018-08-28 07:25:36',0,'2018-08-28 07:25:36',0),(21,1,'2018-06-01 00:00:00',1000.0000,1,24,'','2018-08-28 07:25:36',0,'2018-08-28 07:25:36',0),(22,1,'2018-07-01 00:00:00',1000.0000,1,25,'','2018-08-28 07:25:36',0,'2018-08-28 07:25:36',0),(23,1,'2018-08-01 00:00:00',1000.0000,1,26,'','2018-08-28 07:25:36',0,'2018-08-28 07:25:36',0),(24,1,'2018-02-13 00:00:00',2000.0000,1,27,'','2018-08-28 07:25:36',0,'2018-08-28 07:25:36',0),(25,1,'2018-03-01 00:00:00',10.0000,1,29,'','2018-08-28 07:25:36',0,'2018-08-28 07:25:36',0),(26,1,'2018-04-01 00:00:00',10.0000,1,30,'','2018-08-28 07:25:36',0,'2018-08-28 07:25:36',0),(27,1,'2018-05-01 00:00:00',10.0000,1,31,'','2018-08-28 07:25:36',0,'2018-08-28 07:25:36',0),(28,1,'2018-06-01 00:00:00',10.0000,1,32,'','2018-08-28 07:25:36',0,'2018-08-28 07:25:36',0),(29,1,'2018-07-01 00:00:00',10.0000,1,33,'','2018-08-28 07:25:36',0,'2018-08-28 07:25:36',0),(30,1,'2018-08-01 00:00:00',10.0000,1,34,'','2018-08-28 07:25:36',0,'2018-08-28 07:25:36',0),(31,1,'2018-02-13 00:00:00',571.4300,1,35,'','2018-08-28 07:25:36',0,'2018-08-28 07:25:36',0),(32,1,'2018-02-13 00:00:00',50.0000,1,36,'','2018-08-28 07:25:36',0,'2018-08-28 07:25:36',0),(33,1,'2018-02-13 00:00:00',5.7100,1,37,'','2018-08-28 07:25:36',0,'2018-08-28 07:25:36',0),(34,1,'2018-02-13 00:00:00',10.0000,1,38,'','2018-08-28 07:25:36',0,'2018-08-28 07:25:36',0),(35,1,'2018-02-13 00:00:00',10.0000,1,39,'','2018-08-28 07:25:36',0,'2018-08-28 07:25:36',0),(36,1,'2018-03-01 00:00:00',1000.0000,1,41,'','2018-08-28 07:25:36',0,'2018-08-28 07:25:36',0),(37,1,'2018-04-01 00:00:00',1000.0000,1,42,'','2018-08-28 07:25:36',0,'2018-08-28 07:25:36',0),(38,1,'2018-05-01 00:00:00',1000.0000,1,43,'','2018-08-28 07:25:36',0,'2018-08-28 07:25:36',0),(39,1,'2018-06-01 00:00:00',1000.0000,1,44,'','2018-08-28 07:25:36',0,'2018-08-28 07:25:36',0),(40,1,'2018-07-01 00:00:00',1000.0000,1,45,'','2018-08-28 07:25:36',0,'2018-08-28 07:25:36',0),(41,1,'2018-08-01 00:00:00',1000.0000,1,46,'','2018-08-28 07:25:36',0,'2018-08-28 07:25:36',0),(42,1,'2018-02-13 00:00:00',2000.0000,1,47,'','2018-08-28 07:25:36',0,'2018-08-28 07:25:36',0),(43,1,'2018-03-01 00:00:00',10.0000,1,49,'','2018-08-28 07:25:36',0,'2018-08-28 07:25:36',0),(44,1,'2018-04-01 00:00:00',10.0000,1,50,'','2018-08-28 07:25:37',0,'2018-08-28 07:25:37',0),(45,1,'2018-05-01 00:00:00',10.0000,1,51,'','2018-08-28 07:25:37',0,'2018-08-28 07:25:37',0),(46,1,'2018-06-01 00:00:00',10.0000,1,52,'','2018-08-28 07:25:37',0,'2018-08-28 07:25:37',0),(47,1,'2018-07-01 00:00:00',10.0000,1,53,'','2018-08-28 07:25:37',0,'2018-08-28 07:25:37',0),(48,1,'2018-08-01 00:00:00',10.0000,1,54,'','2018-08-28 07:25:37',0,'2018-08-28 07:25:37',0),(49,1,'2018-02-13 00:00:00',571.4300,1,55,'','2018-08-28 07:25:37',0,'2018-08-28 07:25:37',0),(50,1,'2018-02-13 00:00:00',50.0000,1,56,'','2018-08-28 07:25:37',0,'2018-08-28 07:25:37',0),(51,1,'2018-02-13 00:00:00',5.7100,1,57,'','2018-08-28 07:25:37',0,'2018-08-28 07:25:37',0),(52,1,'2018-02-13 00:00:00',10.0000,1,58,'','2018-08-28 07:25:37',0,'2018-08-28 07:25:37',0),(53,1,'2018-03-01 00:00:00',1500.0000,1,60,'','2018-08-28 07:25:37',0,'2018-08-28 07:25:37',0),(54,1,'2018-04-01 00:00:00',1500.0000,1,61,'','2018-08-28 07:25:37',0,'2018-08-28 07:25:37',0),(55,1,'2018-05-01 00:00:00',1500.0000,1,62,'','2018-08-28 07:25:37',0,'2018-08-28 07:25:37',0),(56,1,'2018-06-01 00:00:00',1500.0000,1,63,'','2018-08-28 07:25:37',0,'2018-08-28 07:25:37',0),(57,1,'2018-07-01 00:00:00',1500.0000,1,64,'','2018-08-28 07:25:37',0,'2018-08-28 07:25:37',0),(58,1,'2018-08-01 00:00:00',1500.0000,1,65,'','2018-08-28 07:25:37',0,'2018-08-28 07:25:37',0),(59,1,'2018-02-13 00:00:00',3000.0000,1,66,'','2018-08-28 07:25:37',0,'2018-08-28 07:25:37',0),(60,1,'2018-03-01 00:00:00',10.0000,1,68,'','2018-08-28 07:25:37',0,'2018-08-28 07:25:37',0),(61,1,'2018-04-01 00:00:00',10.0000,1,69,'','2018-08-28 07:25:37',0,'2018-08-28 07:25:37',0),(62,1,'2018-05-01 00:00:00',10.0000,1,70,'','2018-08-28 07:25:37',0,'2018-08-28 07:25:37',0),(63,1,'2018-06-01 00:00:00',10.0000,1,71,'','2018-08-28 07:25:37',0,'2018-08-28 07:25:37',0),(64,1,'2018-07-01 00:00:00',10.0000,1,72,'','2018-08-28 07:25:37',0,'2018-08-28 07:25:37',0),(65,1,'2018-08-01 00:00:00',10.0000,1,73,'','2018-08-28 07:25:37',0,'2018-08-28 07:25:37',0),(66,1,'2018-02-13 00:00:00',857.1400,1,74,'','2018-08-28 07:25:37',0,'2018-08-28 07:25:37',0),(67,1,'2018-02-13 00:00:00',50.0000,1,75,'','2018-08-28 07:25:37',0,'2018-08-28 07:25:37',0),(68,1,'2018-02-13 00:00:00',5.7100,1,76,'','2018-08-28 07:25:37',0,'2018-08-28 07:25:37',0),(69,1,'2018-02-13 00:00:00',10.0000,1,77,'','2018-08-28 07:25:37',0,'2018-08-28 07:25:37',0),(70,1,'2018-03-01 00:00:00',1500.0000,1,79,'','2018-08-28 07:25:37',0,'2018-08-28 07:25:37',0),(71,1,'2018-04-01 00:00:00',1500.0000,1,80,'','2018-08-28 07:25:37',0,'2018-08-28 07:25:37',0),(72,1,'2018-05-01 00:00:00',1500.0000,1,81,'','2018-08-28 07:25:37',0,'2018-08-28 07:25:37',0),(73,1,'2018-06-01 00:00:00',1500.0000,1,82,'','2018-08-28 07:25:37',0,'2018-08-28 07:25:37',0),(74,1,'2018-07-01 00:00:00',1500.0000,1,83,'','2018-08-28 07:25:37',0,'2018-08-28 07:25:37',0),(75,1,'2018-08-01 00:00:00',1500.0000,1,84,'','2018-08-28 07:25:37',0,'2018-08-28 07:25:37',0),(76,1,'2018-02-13 00:00:00',3000.0000,1,85,'','2018-08-28 07:25:37',0,'2018-08-28 07:25:37',0),(77,1,'2018-02-13 00:00:00',857.1400,1,86,'','2018-08-28 07:25:37',0,'2018-08-28 07:25:37',0),(78,1,'2018-02-13 00:00:00',10.0000,1,87,'','2018-08-28 07:25:37',0,'2018-08-28 07:25:37',0),(79,1,'2018-03-01 00:00:00',1750.0000,1,89,'','2018-08-28 07:25:37',0,'2018-08-28 07:25:37',0),(80,1,'2018-04-01 00:00:00',1750.0000,1,90,'','2018-08-28 07:25:37',0,'2018-08-28 07:25:37',0),(81,1,'2018-05-01 00:00:00',1750.0000,1,91,'','2018-08-28 07:25:37',0,'2018-08-28 07:25:37',0),(82,1,'2018-06-01 00:00:00',1750.0000,1,92,'','2018-08-28 07:25:37',0,'2018-08-28 07:25:37',0),(83,1,'2018-07-01 00:00:00',1750.0000,1,93,'','2018-08-28 07:25:37',0,'2018-08-28 07:25:37',0),(84,1,'2018-08-01 00:00:00',1750.0000,1,94,'','2018-08-28 07:25:37',0,'2018-08-28 07:25:37',0),(85,1,'2018-02-13 00:00:00',3500.0000,1,95,'','2018-08-28 07:25:37',0,'2018-08-28 07:25:37',0),(86,1,'2018-02-13 00:00:00',1000.0000,1,96,'','2018-08-28 07:25:37',0,'2018-08-28 07:25:37',0),(87,1,'2018-02-13 00:00:00',10.0000,1,97,'','2018-08-28 07:25:37',0,'2018-08-28 07:25:37',0),(88,1,'2018-03-01 00:00:00',1750.0000,1,99,'','2018-08-28 07:25:38',0,'2018-08-28 07:25:38',0),(89,1,'2018-04-01 00:00:00',1750.0000,1,100,'','2018-08-28 07:25:38',0,'2018-08-28 07:25:38',0),(90,1,'2018-05-01 00:00:00',1750.0000,1,101,'','2018-08-28 07:25:38',0,'2018-08-28 07:25:38',0),(91,1,'2018-06-01 00:00:00',1750.0000,1,102,'','2018-08-28 07:25:38',0,'2018-08-28 07:25:38',0),(92,1,'2018-07-01 00:00:00',1750.0000,1,103,'','2018-08-28 07:25:38',0,'2018-08-28 07:25:38',0),(93,1,'2018-08-01 00:00:00',1750.0000,1,104,'','2018-08-28 07:25:38',0,'2018-08-28 07:25:38',0),(94,1,'2018-02-13 00:00:00',3500.0000,1,105,'','2018-08-28 07:25:38',0,'2018-08-28 07:25:38',0),(95,1,'2018-02-13 00:00:00',1000.0000,1,106,'','2018-08-28 07:25:38',0,'2018-08-28 07:25:38',0),(96,1,'2018-02-13 00:00:00',10.0000,1,107,'','2018-08-28 07:25:38',0,'2018-08-28 07:25:38',0),(97,1,'2018-03-01 00:00:00',2500.0000,1,109,'','2018-08-28 07:25:38',0,'2018-08-28 07:25:38',0),(98,1,'2018-04-01 00:00:00',2500.0000,1,110,'','2018-08-28 07:25:38',0,'2018-08-28 07:25:38',0),(99,1,'2018-05-01 00:00:00',2500.0000,1,111,'','2018-08-28 07:25:38',0,'2018-08-28 07:25:38',0),(100,1,'2018-06-01 00:00:00',2500.0000,1,112,'','2018-08-28 07:25:38',0,'2018-08-28 07:25:38',0),(101,1,'2018-07-01 00:00:00',2500.0000,1,113,'','2018-08-28 07:25:38',0,'2018-08-28 07:25:38',0),(102,1,'2018-08-01 00:00:00',2500.0000,1,114,'','2018-08-28 07:25:38',0,'2018-08-28 07:25:38',0),(103,1,'2018-02-13 00:00:00',5000.0000,1,115,'','2018-08-28 07:25:38',0,'2018-08-28 07:25:38',0),(104,1,'2018-03-01 00:00:00',10.0000,1,117,'','2018-08-28 07:25:38',0,'2018-08-28 07:25:38',0),(105,1,'2018-04-01 00:00:00',10.0000,1,118,'','2018-08-28 07:25:38',0,'2018-08-28 07:25:38',0),(106,1,'2018-05-01 00:00:00',10.0000,1,119,'','2018-08-28 07:25:38',0,'2018-08-28 07:25:38',0),(107,1,'2018-06-01 00:00:00',10.0000,1,120,'','2018-08-28 07:25:38',0,'2018-08-28 07:25:38',0),(108,1,'2018-07-01 00:00:00',10.0000,1,121,'','2018-08-28 07:25:38',0,'2018-08-28 07:25:38',0),(109,1,'2018-08-01 00:00:00',10.0000,1,122,'','2018-08-28 07:25:38',0,'2018-08-28 07:25:38',0),(110,1,'2018-02-13 00:00:00',1428.5700,1,123,'','2018-08-28 07:25:38',0,'2018-08-28 07:25:38',0),(111,1,'2018-02-13 00:00:00',50.0000,1,124,'','2018-08-28 07:25:38',0,'2018-08-28 07:25:38',0),(112,1,'2018-02-13 00:00:00',5.7100,1,125,'','2018-08-28 07:25:38',0,'2018-08-28 07:25:38',0),(113,1,'2018-02-13 00:00:00',10.0000,1,126,'','2018-08-28 07:25:38',0,'2018-08-28 07:25:38',0),(114,1,'2018-03-01 00:00:00',2500.0000,1,128,'','2018-08-28 07:25:38',0,'2018-08-28 07:25:38',0),(115,1,'2018-04-01 00:00:00',2500.0000,1,129,'','2018-08-28 07:25:38',0,'2018-08-28 07:25:38',0),(116,1,'2018-05-01 00:00:00',2500.0000,1,130,'','2018-08-28 07:25:38',0,'2018-08-28 07:25:38',0),(117,1,'2018-06-01 00:00:00',2500.0000,1,131,'','2018-08-28 07:25:38',0,'2018-08-28 07:25:38',0),(118,1,'2018-07-01 00:00:00',2500.0000,1,132,'','2018-08-28 07:25:38',0,'2018-08-28 07:25:38',0),(119,1,'2018-08-01 00:00:00',2500.0000,1,133,'','2018-08-28 07:25:38',0,'2018-08-28 07:25:38',0),(120,1,'2018-02-13 00:00:00',5000.0000,1,134,'','2018-08-28 07:25:38',0,'2018-08-28 07:25:38',0),(121,1,'2018-03-01 00:00:00',10.0000,1,136,'','2018-08-28 07:25:38',0,'2018-08-28 07:25:38',0),(122,1,'2018-04-01 00:00:00',10.0000,1,137,'','2018-08-28 07:25:38',0,'2018-08-28 07:25:38',0),(123,1,'2018-05-01 00:00:00',10.0000,1,138,'','2018-08-28 07:25:38',0,'2018-08-28 07:25:38',0),(124,1,'2018-06-01 00:00:00',10.0000,1,139,'','2018-08-28 07:25:38',0,'2018-08-28 07:25:38',0),(125,1,'2018-07-01 00:00:00',10.0000,1,140,'','2018-08-28 07:25:38',0,'2018-08-28 07:25:38',0),(126,1,'2018-08-01 00:00:00',10.0000,1,141,'','2018-08-28 07:25:38',0,'2018-08-28 07:25:38',0),(127,1,'2018-02-13 00:00:00',1428.5700,1,142,'','2018-08-28 07:25:38',0,'2018-08-28 07:25:38',0),(128,1,'2018-02-13 00:00:00',50.0000,1,143,'','2018-08-28 07:25:38',0,'2018-08-28 07:25:38',0),(129,1,'2018-02-13 00:00:00',5.7100,1,144,'','2018-08-28 07:25:38',0,'2018-08-28 07:25:38',0),(130,1,'2018-02-13 00:00:00',10.0000,1,145,'','2018-08-28 07:25:38',0,'2018-08-28 07:25:38',0),(131,1,'2018-03-01 00:00:00',2500.0000,1,147,'','2018-08-28 07:25:39',0,'2018-08-28 07:25:39',0),(132,1,'2018-04-01 00:00:00',2500.0000,1,148,'','2018-08-28 07:25:39',0,'2018-08-28 07:25:39',0),(133,1,'2018-05-01 00:00:00',2500.0000,1,149,'','2018-08-28 07:25:39',0,'2018-08-28 07:25:39',0),(134,1,'2018-06-01 00:00:00',2500.0000,1,150,'','2018-08-28 07:25:39',0,'2018-08-28 07:25:39',0),(135,1,'2018-07-01 00:00:00',2500.0000,1,151,'','2018-08-28 07:25:39',0,'2018-08-28 07:25:39',0),(136,1,'2018-08-01 00:00:00',2500.0000,1,152,'','2018-08-28 07:25:39',0,'2018-08-28 07:25:39',0),(137,1,'2018-02-13 00:00:00',5000.0000,1,153,'','2018-08-28 07:25:39',0,'2018-08-28 07:25:39',0),(138,1,'2018-03-01 00:00:00',10.0000,1,155,'','2018-08-28 07:25:39',0,'2018-08-28 07:25:39',0),(139,1,'2018-04-01 00:00:00',10.0000,1,156,'','2018-08-28 07:25:39',0,'2018-08-28 07:25:39',0),(140,1,'2018-05-01 00:00:00',10.0000,1,157,'','2018-08-28 07:25:39',0,'2018-08-28 07:25:39',0),(141,1,'2018-06-01 00:00:00',10.0000,1,158,'','2018-08-28 07:25:39',0,'2018-08-28 07:25:39',0),(142,1,'2018-07-01 00:00:00',10.0000,1,159,'','2018-08-28 07:25:39',0,'2018-08-28 07:25:39',0),(143,1,'2018-08-01 00:00:00',10.0000,1,160,'','2018-08-28 07:25:39',0,'2018-08-28 07:25:39',0),(144,1,'2018-02-13 00:00:00',1428.5700,1,161,'','2018-08-28 07:25:39',0,'2018-08-28 07:25:39',0),(145,1,'2018-02-13 00:00:00',50.0000,1,162,'','2018-08-28 07:25:39',0,'2018-08-28 07:25:39',0),(146,1,'2018-02-13 00:00:00',5.7100,1,163,'','2018-08-28 07:25:39',0,'2018-08-28 07:25:39',0),(147,1,'2018-02-13 00:00:00',10.0000,1,164,'','2018-08-28 07:25:39',0,'2018-08-28 07:25:39',0),(148,1,'2018-03-01 00:00:00',1000.0000,2,1,'','2018-08-28 07:25:39',0,'2018-08-28 07:25:39',0),(149,1,'2018-04-01 00:00:00',1000.0000,2,2,'','2018-08-28 07:25:39',0,'2018-08-28 07:25:39',0),(150,1,'2018-05-01 00:00:00',1000.0000,2,3,'','2018-08-28 07:25:39',0,'2018-08-28 07:25:39',0),(151,1,'2018-06-01 00:00:00',1000.0000,2,4,'','2018-08-28 07:25:39',0,'2018-08-28 07:25:39',0),(152,1,'2018-07-01 00:00:00',1000.0000,2,5,'','2018-08-28 07:25:39',0,'2018-08-28 07:25:39',0),(153,1,'2018-08-01 00:00:00',1000.0000,2,6,'','2018-08-28 07:25:39',0,'2018-08-28 07:25:39',0),(154,1,'2018-02-13 00:00:00',2000.0000,2,7,'','2018-08-28 07:25:39',0,'2018-08-28 07:25:39',0),(155,1,'2018-03-01 00:00:00',10.0000,2,8,'','2018-08-28 07:25:39',0,'2018-08-28 07:25:39',0),(156,1,'2018-04-01 00:00:00',10.0000,2,9,'','2018-08-28 07:25:39',0,'2018-08-28 07:25:39',0),(157,1,'2018-05-01 00:00:00',10.0000,2,10,'','2018-08-28 07:25:39',0,'2018-08-28 07:25:39',0),(158,1,'2018-06-01 00:00:00',10.0000,2,11,'','2018-08-28 07:25:39',0,'2018-08-28 07:25:39',0),(159,1,'2018-07-01 00:00:00',10.0000,2,12,'','2018-08-28 07:25:39',0,'2018-08-28 07:25:39',0),(160,1,'2018-08-01 00:00:00',10.0000,2,13,'','2018-08-28 07:25:39',0,'2018-08-28 07:25:39',0),(161,1,'2018-02-13 00:00:00',571.4300,2,14,'','2018-08-28 07:25:39',0,'2018-08-28 07:25:39',0),(162,1,'2018-02-13 00:00:00',50.0000,2,15,'','2018-08-28 07:25:39',0,'2018-08-28 07:25:39',0),(163,1,'2018-02-13 00:00:00',5.7100,2,16,'','2018-08-28 07:25:39',0,'2018-08-28 07:25:39',0),(164,1,'2018-02-13 00:00:00',10.0000,2,17,'','2018-08-28 07:25:39',0,'2018-08-28 07:25:39',0),(165,1,'2018-03-01 00:00:00',1000.0000,2,18,'','2018-08-28 07:25:39',0,'2018-08-28 07:25:39',0),(166,1,'2018-04-01 00:00:00',1000.0000,2,19,'','2018-08-28 07:25:39',0,'2018-08-28 07:25:39',0),(167,1,'2018-05-01 00:00:00',1000.0000,2,20,'','2018-08-28 07:25:39',0,'2018-08-28 07:25:39',0),(168,1,'2018-06-01 00:00:00',1000.0000,2,21,'','2018-08-28 07:25:40',0,'2018-08-28 07:25:40',0),(169,1,'2018-07-01 00:00:00',1000.0000,2,22,'','2018-08-28 07:25:40',0,'2018-08-28 07:25:40',0),(170,1,'2018-08-01 00:00:00',1000.0000,2,23,'','2018-08-28 07:25:40',0,'2018-08-28 07:25:40',0),(171,1,'2018-02-13 00:00:00',2000.0000,2,24,'','2018-08-28 07:25:40',0,'2018-08-28 07:25:40',0),(172,1,'2018-03-01 00:00:00',10.0000,2,25,'','2018-08-28 07:25:40',0,'2018-08-28 07:25:40',0),(173,1,'2018-04-01 00:00:00',10.0000,2,26,'','2018-08-28 07:25:40',0,'2018-08-28 07:25:40',0),(174,1,'2018-05-01 00:00:00',10.0000,2,27,'','2018-08-28 07:25:40',0,'2018-08-28 07:25:40',0),(175,1,'2018-06-01 00:00:00',10.0000,2,28,'','2018-08-28 07:25:40',0,'2018-08-28 07:25:40',0),(176,1,'2018-07-01 00:00:00',10.0000,2,29,'','2018-08-28 07:25:40',0,'2018-08-28 07:25:40',0),(177,1,'2018-08-01 00:00:00',10.0000,2,30,'','2018-08-28 07:25:40',0,'2018-08-28 07:25:40',0),(178,1,'2018-02-13 00:00:00',571.4300,2,31,'','2018-08-28 07:25:40',0,'2018-08-28 07:25:40',0),(179,1,'2018-02-13 00:00:00',50.0000,2,32,'','2018-08-28 07:25:40',0,'2018-08-28 07:25:40',0),(180,1,'2018-02-13 00:00:00',5.7100,2,33,'','2018-08-28 07:25:40',0,'2018-08-28 07:25:40',0),(181,1,'2018-02-13 00:00:00',10.0000,2,34,'','2018-08-28 07:25:40',0,'2018-08-28 07:25:40',0),(182,1,'2018-02-13 00:00:00',10.0000,2,35,'','2018-08-28 07:25:40',0,'2018-08-28 07:25:40',0),(183,1,'2018-03-01 00:00:00',1000.0000,2,36,'','2018-08-28 07:25:40',0,'2018-08-28 07:25:40',0),(184,1,'2018-04-01 00:00:00',1000.0000,2,37,'','2018-08-28 07:25:40',0,'2018-08-28 07:25:40',0),(185,1,'2018-05-01 00:00:00',1000.0000,2,38,'','2018-08-28 07:25:40',0,'2018-08-28 07:25:40',0),(186,1,'2018-06-01 00:00:00',1000.0000,2,39,'','2018-08-28 07:25:40',0,'2018-08-28 07:25:40',0),(187,1,'2018-07-01 00:00:00',1000.0000,2,40,'','2018-08-28 07:25:40',0,'2018-08-28 07:25:40',0),(188,1,'2018-08-01 00:00:00',1000.0000,2,41,'','2018-08-28 07:25:40',0,'2018-08-28 07:25:40',0),(189,1,'2018-02-13 00:00:00',2000.0000,2,42,'','2018-08-28 07:25:40',0,'2018-08-28 07:25:40',0),(190,1,'2018-03-01 00:00:00',10.0000,2,43,'','2018-08-28 07:25:40',0,'2018-08-28 07:25:40',0),(191,1,'2018-04-01 00:00:00',10.0000,2,44,'','2018-08-28 07:25:40',0,'2018-08-28 07:25:40',0),(192,1,'2018-05-01 00:00:00',10.0000,2,45,'','2018-08-28 07:25:40',0,'2018-08-28 07:25:40',0),(193,1,'2018-06-01 00:00:00',10.0000,2,46,'','2018-08-28 07:25:40',0,'2018-08-28 07:25:40',0),(194,1,'2018-07-01 00:00:00',10.0000,2,47,'','2018-08-28 07:25:40',0,'2018-08-28 07:25:40',0),(195,1,'2018-08-01 00:00:00',10.0000,2,48,'','2018-08-28 07:25:40',0,'2018-08-28 07:25:40',0),(196,1,'2018-02-13 00:00:00',571.4300,2,49,'','2018-08-28 07:25:40',0,'2018-08-28 07:25:40',0),(197,1,'2018-02-13 00:00:00',50.0000,2,50,'','2018-08-28 07:25:40',0,'2018-08-28 07:25:40',0),(198,1,'2018-02-13 00:00:00',5.7100,2,51,'','2018-08-28 07:25:40',0,'2018-08-28 07:25:40',0),(199,1,'2018-02-13 00:00:00',10.0000,2,52,'','2018-08-28 07:25:40',0,'2018-08-28 07:25:40',0),(200,1,'2018-03-01 00:00:00',1500.0000,2,53,'','2018-08-28 07:25:40',0,'2018-08-28 07:25:40',0),(201,1,'2018-04-01 00:00:00',1500.0000,2,54,'','2018-08-28 07:25:40',0,'2018-08-28 07:25:40',0),(202,1,'2018-05-01 00:00:00',1500.0000,2,55,'','2018-08-28 07:25:40',0,'2018-08-28 07:25:40',0),(203,1,'2018-06-01 00:00:00',1500.0000,2,56,'','2018-08-28 07:25:40',0,'2018-08-28 07:25:40',0),(204,1,'2018-07-01 00:00:00',1500.0000,2,57,'','2018-08-28 07:25:40',0,'2018-08-28 07:25:40',0),(205,1,'2018-08-01 00:00:00',1500.0000,2,58,'','2018-08-28 07:25:40',0,'2018-08-28 07:25:40',0),(206,1,'2018-02-13 00:00:00',3000.0000,2,59,'','2018-08-28 07:25:41',0,'2018-08-28 07:25:41',0),(207,1,'2018-03-01 00:00:00',10.0000,2,60,'','2018-08-28 07:25:41',0,'2018-08-28 07:25:41',0),(208,1,'2018-04-01 00:00:00',10.0000,2,61,'','2018-08-28 07:25:41',0,'2018-08-28 07:25:41',0),(209,1,'2018-05-01 00:00:00',10.0000,2,62,'','2018-08-28 07:25:41',0,'2018-08-28 07:25:41',0),(210,1,'2018-06-01 00:00:00',10.0000,2,63,'','2018-08-28 07:25:41',0,'2018-08-28 07:25:41',0),(211,1,'2018-07-01 00:00:00',10.0000,2,64,'','2018-08-28 07:25:41',0,'2018-08-28 07:25:41',0),(212,1,'2018-08-01 00:00:00',10.0000,2,65,'','2018-08-28 07:25:41',0,'2018-08-28 07:25:41',0),(213,1,'2018-02-13 00:00:00',857.1400,2,66,'','2018-08-28 07:25:41',0,'2018-08-28 07:25:41',0),(214,1,'2018-02-13 00:00:00',50.0000,2,67,'','2018-08-28 07:25:41',0,'2018-08-28 07:25:41',0),(215,1,'2018-02-13 00:00:00',5.7100,2,68,'','2018-08-28 07:25:41',0,'2018-08-28 07:25:41',0),(216,1,'2018-02-13 00:00:00',10.0000,2,69,'','2018-08-28 07:25:41',0,'2018-08-28 07:25:41',0),(217,1,'2018-03-01 00:00:00',1500.0000,2,70,'','2018-08-28 07:25:41',0,'2018-08-28 07:25:41',0),(218,1,'2018-04-01 00:00:00',1500.0000,2,71,'','2018-08-28 07:25:41',0,'2018-08-28 07:25:41',0),(219,1,'2018-05-01 00:00:00',1500.0000,2,72,'','2018-08-28 07:25:41',0,'2018-08-28 07:25:41',0),(220,1,'2018-06-01 00:00:00',1500.0000,2,73,'','2018-08-28 07:25:41',0,'2018-08-28 07:25:41',0),(221,1,'2018-07-01 00:00:00',1500.0000,2,74,'','2018-08-28 07:25:41',0,'2018-08-28 07:25:41',0),(222,1,'2018-08-01 00:00:00',1500.0000,2,75,'','2018-08-28 07:25:41',0,'2018-08-28 07:25:41',0),(223,1,'2018-02-13 00:00:00',3000.0000,2,76,'','2018-08-28 07:25:41',0,'2018-08-28 07:25:41',0),(224,1,'2018-02-13 00:00:00',857.1400,2,77,'','2018-08-28 07:25:41',0,'2018-08-28 07:25:41',0),(225,1,'2018-02-13 00:00:00',10.0000,2,78,'','2018-08-28 07:25:41',0,'2018-08-28 07:25:41',0),(226,1,'2018-03-01 00:00:00',1750.0000,2,79,'','2018-08-28 07:25:41',0,'2018-08-28 07:25:41',0),(227,1,'2018-04-01 00:00:00',1750.0000,2,80,'','2018-08-28 07:25:41',0,'2018-08-28 07:25:41',0),(228,1,'2018-05-01 00:00:00',1750.0000,2,81,'','2018-08-28 07:25:41',0,'2018-08-28 07:25:41',0),(229,1,'2018-06-01 00:00:00',1750.0000,2,82,'','2018-08-28 07:25:41',0,'2018-08-28 07:25:41',0),(230,1,'2018-07-01 00:00:00',1750.0000,2,83,'','2018-08-28 07:25:41',0,'2018-08-28 07:25:41',0),(231,1,'2018-08-01 00:00:00',1750.0000,2,84,'','2018-08-28 07:25:41',0,'2018-08-28 07:25:41',0),(232,1,'2018-02-13 00:00:00',3500.0000,2,85,'','2018-08-28 07:25:41',0,'2018-08-28 07:25:41',0),(233,1,'2018-02-13 00:00:00',1000.0000,2,86,'','2018-08-28 07:25:41',0,'2018-08-28 07:25:41',0),(234,1,'2018-02-13 00:00:00',10.0000,2,87,'','2018-08-28 07:25:41',0,'2018-08-28 07:25:41',0),(235,1,'2018-03-01 00:00:00',1750.0000,2,88,'','2018-08-28 07:25:41',0,'2018-08-28 07:25:41',0),(236,1,'2018-04-01 00:00:00',1750.0000,2,89,'','2018-08-28 07:25:41',0,'2018-08-28 07:25:41',0),(237,1,'2018-05-01 00:00:00',1750.0000,2,90,'','2018-08-28 07:25:41',0,'2018-08-28 07:25:41',0),(238,1,'2018-06-01 00:00:00',1750.0000,2,91,'','2018-08-28 07:25:41',0,'2018-08-28 07:25:41',0),(239,1,'2018-07-01 00:00:00',1750.0000,2,92,'','2018-08-28 07:25:41',0,'2018-08-28 07:25:41',0),(240,1,'2018-08-01 00:00:00',1750.0000,2,93,'','2018-08-28 07:25:41',0,'2018-08-28 07:25:41',0),(241,1,'2018-02-13 00:00:00',3500.0000,2,94,'','2018-08-28 07:25:41',0,'2018-08-28 07:25:41',0),(242,1,'2018-02-13 00:00:00',1000.0000,2,95,'','2018-08-28 07:25:41',0,'2018-08-28 07:25:41',0),(243,1,'2018-02-13 00:00:00',10.0000,2,96,'','2018-08-28 07:25:41',0,'2018-08-28 07:25:41',0),(244,1,'2018-03-01 00:00:00',2500.0000,2,97,'','2018-08-28 07:25:41',0,'2018-08-28 07:25:41',0),(245,1,'2018-04-01 00:00:00',2500.0000,2,98,'','2018-08-28 07:25:41',0,'2018-08-28 07:25:41',0),(246,1,'2018-05-01 00:00:00',2500.0000,2,99,'','2018-08-28 07:25:42',0,'2018-08-28 07:25:42',0),(247,1,'2018-06-01 00:00:00',2500.0000,2,100,'','2018-08-28 07:25:42',0,'2018-08-28 07:25:42',0),(248,1,'2018-07-01 00:00:00',2500.0000,2,101,'','2018-08-28 07:25:42',0,'2018-08-28 07:25:42',0),(249,1,'2018-08-01 00:00:00',2500.0000,2,102,'','2018-08-28 07:25:42',0,'2018-08-28 07:25:42',0),(250,1,'2018-02-13 00:00:00',5000.0000,2,103,'','2018-08-28 07:25:42',0,'2018-08-28 07:25:42',0),(251,1,'2018-03-01 00:00:00',10.0000,2,104,'','2018-08-28 07:25:42',0,'2018-08-28 07:25:42',0),(252,1,'2018-04-01 00:00:00',10.0000,2,105,'','2018-08-28 07:25:42',0,'2018-08-28 07:25:42',0),(253,1,'2018-05-01 00:00:00',10.0000,2,106,'','2018-08-28 07:25:42',0,'2018-08-28 07:25:42',0),(254,1,'2018-06-01 00:00:00',10.0000,2,107,'','2018-08-28 07:25:42',0,'2018-08-28 07:25:42',0),(255,1,'2018-07-01 00:00:00',10.0000,2,108,'','2018-08-28 07:25:42',0,'2018-08-28 07:25:42',0),(256,1,'2018-08-01 00:00:00',10.0000,2,109,'','2018-08-28 07:25:42',0,'2018-08-28 07:25:42',0),(257,1,'2018-02-13 00:00:00',1428.5700,2,110,'','2018-08-28 07:25:42',0,'2018-08-28 07:25:42',0),(258,1,'2018-02-13 00:00:00',50.0000,2,111,'','2018-08-28 07:25:42',0,'2018-08-28 07:25:42',0),(259,1,'2018-02-13 00:00:00',5.7100,2,112,'','2018-08-28 07:25:42',0,'2018-08-28 07:25:42',0),(260,1,'2018-02-13 00:00:00',10.0000,2,113,'','2018-08-28 07:25:42',0,'2018-08-28 07:25:42',0),(261,1,'2018-03-01 00:00:00',2500.0000,2,114,'','2018-08-28 07:25:42',0,'2018-08-28 07:25:42',0),(262,1,'2018-04-01 00:00:00',2500.0000,2,115,'','2018-08-28 07:25:42',0,'2018-08-28 07:25:42',0),(263,1,'2018-05-01 00:00:00',2500.0000,2,116,'','2018-08-28 07:25:42',0,'2018-08-28 07:25:42',0),(264,1,'2018-06-01 00:00:00',2500.0000,2,117,'','2018-08-28 07:25:42',0,'2018-08-28 07:25:42',0),(265,1,'2018-07-01 00:00:00',2500.0000,2,118,'','2018-08-28 07:25:42',0,'2018-08-28 07:25:42',0),(266,1,'2018-08-01 00:00:00',2500.0000,2,119,'','2018-08-28 07:25:42',0,'2018-08-28 07:25:42',0),(267,1,'2018-02-13 00:00:00',5000.0000,2,120,'','2018-08-28 07:25:42',0,'2018-08-28 07:25:42',0),(268,1,'2018-03-01 00:00:00',10.0000,2,121,'','2018-08-28 07:25:42',0,'2018-08-28 07:25:42',0),(269,1,'2018-04-01 00:00:00',10.0000,2,122,'','2018-08-28 07:25:42',0,'2018-08-28 07:25:42',0),(270,1,'2018-05-01 00:00:00',10.0000,2,123,'','2018-08-28 07:25:42',0,'2018-08-28 07:25:42',0),(271,1,'2018-06-01 00:00:00',10.0000,2,124,'','2018-08-28 07:25:42',0,'2018-08-28 07:25:42',0),(272,1,'2018-07-01 00:00:00',10.0000,2,125,'','2018-08-28 07:25:42',0,'2018-08-28 07:25:42',0),(273,1,'2018-08-01 00:00:00',10.0000,2,126,'','2018-08-28 07:25:42',0,'2018-08-28 07:25:42',0),(274,1,'2018-02-13 00:00:00',1428.5700,2,127,'','2018-08-28 07:25:42',0,'2018-08-28 07:25:42',0),(275,1,'2018-02-13 00:00:00',50.0000,2,128,'','2018-08-28 07:25:42',0,'2018-08-28 07:25:42',0),(276,1,'2018-02-13 00:00:00',5.7100,2,129,'','2018-08-28 07:25:42',0,'2018-08-28 07:25:42',0),(277,1,'2018-02-13 00:00:00',10.0000,2,130,'','2018-08-28 07:25:42',0,'2018-08-28 07:25:42',0),(278,1,'2018-03-01 00:00:00',2500.0000,2,131,'','2018-08-28 07:25:42',0,'2018-08-28 07:25:42',0),(279,1,'2018-04-01 00:00:00',2500.0000,2,132,'','2018-08-28 07:25:42',0,'2018-08-28 07:25:42',0),(280,1,'2018-05-01 00:00:00',2500.0000,2,133,'','2018-08-28 07:25:42',0,'2018-08-28 07:25:42',0),(281,1,'2018-06-01 00:00:00',2500.0000,2,134,'','2018-08-28 07:25:42',0,'2018-08-28 07:25:42',0),(282,1,'2018-07-01 00:00:00',2500.0000,2,135,'','2018-08-28 07:25:43',0,'2018-08-28 07:25:43',0),(283,1,'2018-08-01 00:00:00',2500.0000,2,136,'','2018-08-28 07:25:43',0,'2018-08-28 07:25:43',0),(284,1,'2018-02-13 00:00:00',5000.0000,2,137,'','2018-08-28 07:25:43',0,'2018-08-28 07:25:43',0),(285,1,'2018-03-01 00:00:00',10.0000,2,138,'','2018-08-28 07:25:43',0,'2018-08-28 07:25:43',0),(286,1,'2018-04-01 00:00:00',10.0000,2,139,'','2018-08-28 07:25:43',0,'2018-08-28 07:25:43',0),(287,1,'2018-05-01 00:00:00',10.0000,2,140,'','2018-08-28 07:25:43',0,'2018-08-28 07:25:43',0),(288,1,'2018-06-01 00:00:00',10.0000,2,141,'','2018-08-28 07:25:43',0,'2018-08-28 07:25:43',0),(289,1,'2018-07-01 00:00:00',10.0000,2,142,'','2018-08-28 07:25:43',0,'2018-08-28 07:25:43',0),(290,1,'2018-08-01 00:00:00',10.0000,2,143,'','2018-08-28 07:25:43',0,'2018-08-28 07:25:43',0),(291,1,'2018-02-13 00:00:00',1428.5700,2,144,'','2018-08-28 07:25:43',0,'2018-08-28 07:25:43',0),(292,1,'2018-02-13 00:00:00',50.0000,2,145,'','2018-08-28 07:25:43',0,'2018-08-28 07:25:43',0),(293,1,'2018-02-13 00:00:00',5.7100,2,146,'','2018-08-28 07:25:43',0,'2018-08-28 07:25:43',0),(294,1,'2018-02-13 00:00:00',10.0000,2,147,'','2018-08-28 07:25:43',0,'2018-08-28 07:25:43',0),(295,1,'2018-02-13 00:00:00',5000.0000,2,120,'','2018-08-28 07:25:43',0,'2018-08-28 07:25:43',0),(296,1,'2018-02-13 00:00:00',1428.5700,2,127,'','2018-08-28 07:25:43',0,'2018-08-28 07:25:43',0),(297,1,'2018-02-13 00:00:00',50.0000,2,128,'','2018-08-28 07:25:43',0,'2018-08-28 07:25:43',0),(298,1,'2018-02-13 00:00:00',5.7100,2,129,'','2018-08-28 07:25:43',0,'2018-08-28 07:25:43',0),(299,1,'2018-02-13 00:00:00',10.0000,2,130,'','2018-08-28 07:25:43',0,'2018-08-28 07:25:43',0),(300,1,'2018-03-01 00:00:00',2500.0000,2,114,'','2018-08-28 07:25:43',0,'2018-08-28 07:25:43',0),(301,1,'2018-03-01 00:00:00',10.0000,2,121,'','2018-08-28 07:25:43',0,'2018-08-28 07:25:43',0),(302,1,'2018-04-01 00:00:00',2500.0000,2,115,'','2018-08-28 07:25:43',0,'2018-08-28 07:25:43',0),(303,1,'2018-04-01 00:00:00',10.0000,2,122,'','2018-08-28 07:25:43',0,'2018-08-28 07:25:43',0),(304,1,'2018-05-01 00:00:00',2500.0000,2,116,'','2018-08-28 07:25:43',0,'2018-08-28 07:25:43',0),(305,1,'2018-05-01 00:00:00',10.0000,2,123,'','2018-08-28 07:25:43',0,'2018-08-28 07:25:43',0),(306,1,'2018-06-01 00:00:00',2500.0000,2,117,'','2018-08-28 07:25:43',0,'2018-08-28 07:25:43',0),(307,1,'2018-06-01 00:00:00',10.0000,2,124,'','2018-08-28 07:25:43',0,'2018-08-28 07:25:43',0),(308,1,'2018-07-01 00:00:00',2500.0000,2,118,'','2018-08-28 07:25:43',0,'2018-08-28 07:25:43',0),(309,1,'2018-07-01 00:00:00',10.0000,2,125,'','2018-08-28 07:25:43',0,'2018-08-28 07:25:43',0),(310,1,'2018-08-01 00:00:00',2500.0000,2,119,'','2018-08-28 07:25:43',0,'2018-08-28 07:25:43',0),(311,1,'2018-08-01 00:00:00',10.0000,2,126,'','2018-08-28 07:25:43',0,'2018-08-28 07:25:43',0),(312,1,'2018-02-13 00:00:00',2000.0000,2,7,'','2018-08-28 07:25:43',0,'2018-08-28 07:25:43',0),(313,1,'2018-02-13 00:00:00',571.4300,2,14,'','2018-08-28 07:25:43',0,'2018-08-28 07:25:43',0),(314,1,'2018-02-13 00:00:00',50.0000,2,15,'','2018-08-28 07:25:43',0,'2018-08-28 07:25:43',0),(315,1,'2018-02-13 00:00:00',5.7100,2,16,'','2018-08-28 07:25:43',0,'2018-08-28 07:25:43',0),(316,1,'2018-02-13 00:00:00',10.0000,2,17,'','2018-08-28 07:25:43',0,'2018-08-28 07:25:43',0),(317,1,'2018-03-01 00:00:00',1000.0000,2,1,'','2018-08-28 07:25:43',0,'2018-08-28 07:25:43',0),(318,1,'2018-03-01 00:00:00',10.0000,2,8,'','2018-08-28 07:25:43',0,'2018-08-28 07:25:43',0),(319,1,'2018-04-01 00:00:00',1000.0000,2,2,'','2018-08-28 07:25:43',0,'2018-08-28 07:25:43',0),(320,1,'2018-04-01 00:00:00',10.0000,2,9,'','2018-08-28 07:25:43',0,'2018-08-28 07:25:43',0),(321,1,'2018-05-01 00:00:00',1000.0000,2,3,'','2018-08-28 07:25:43',0,'2018-08-28 07:25:43',0),(322,1,'2018-05-01 00:00:00',10.0000,2,10,'','2018-08-28 07:25:43',0,'2018-08-28 07:25:43',0),(323,1,'2018-06-01 00:00:00',1000.0000,2,4,'','2018-08-28 07:25:43',0,'2018-08-28 07:25:43',0),(324,1,'2018-06-01 00:00:00',10.0000,2,11,'','2018-08-28 07:25:43',0,'2018-08-28 07:25:43',0),(325,1,'2018-07-01 00:00:00',1000.0000,2,5,'','2018-08-28 07:25:43',0,'2018-08-28 07:25:43',0),(326,1,'2018-07-01 00:00:00',10.0000,2,12,'','2018-08-28 07:25:43',0,'2018-08-28 07:25:43',0),(327,1,'2018-08-01 00:00:00',1000.0000,2,6,'','2018-08-28 07:25:43',0,'2018-08-28 07:25:43',0),(328,1,'2018-08-01 00:00:00',10.0000,2,13,'','2018-08-28 07:25:43',0,'2018-08-28 07:25:43',0),(329,1,'2018-02-13 00:00:00',2000.0000,2,24,'','2018-08-28 07:25:43',0,'2018-08-28 07:25:43',0),(330,1,'2018-02-13 00:00:00',571.4300,2,31,'','2018-08-28 07:25:43',0,'2018-08-28 07:25:43',0),(331,1,'2018-02-13 00:00:00',50.0000,2,32,'','2018-08-28 07:25:44',0,'2018-08-28 07:25:44',0),(332,1,'2018-02-13 00:00:00',5.7100,2,33,'','2018-08-28 07:25:44',0,'2018-08-28 07:25:44',0),(333,1,'2018-02-13 00:00:00',10.0000,2,34,'','2018-08-28 07:25:44',0,'2018-08-28 07:25:44',0),(334,1,'2018-02-13 00:00:00',10.0000,2,35,'','2018-08-28 07:25:44',0,'2018-08-28 07:25:44',0),(335,1,'2018-03-01 00:00:00',1000.0000,2,18,'','2018-08-28 07:25:44',0,'2018-08-28 07:25:44',0),(336,1,'2018-03-01 00:00:00',10.0000,2,25,'','2018-08-28 07:25:44',0,'2018-08-28 07:25:44',0),(337,1,'2018-04-01 00:00:00',1000.0000,2,19,'','2018-08-28 07:25:44',0,'2018-08-28 07:25:44',0),(338,1,'2018-04-01 00:00:00',10.0000,2,26,'','2018-08-28 07:25:44',0,'2018-08-28 07:25:44',0),(339,1,'2018-05-01 00:00:00',1000.0000,2,20,'','2018-08-28 07:25:44',0,'2018-08-28 07:25:44',0),(340,1,'2018-05-01 00:00:00',10.0000,2,27,'','2018-08-28 07:25:44',0,'2018-08-28 07:25:44',0),(341,1,'2018-06-01 00:00:00',1000.0000,2,21,'','2018-08-28 07:25:44',0,'2018-08-28 07:25:44',0),(342,1,'2018-06-01 00:00:00',10.0000,2,28,'','2018-08-28 07:25:44',0,'2018-08-28 07:25:44',0),(343,1,'2018-07-01 00:00:00',1000.0000,2,22,'','2018-08-28 07:25:44',0,'2018-08-28 07:25:44',0),(344,1,'2018-07-01 00:00:00',10.0000,2,29,'','2018-08-28 07:25:44',0,'2018-08-28 07:25:44',0),(345,1,'2018-08-01 00:00:00',1000.0000,2,23,'','2018-08-28 07:25:44',0,'2018-08-28 07:25:44',0),(346,1,'2018-08-01 00:00:00',10.0000,2,30,'','2018-08-28 07:25:44',0,'2018-08-28 07:25:44',0),(347,1,'2018-02-13 00:00:00',3000.0000,2,76,'','2018-08-28 07:25:44',0,'2018-08-28 07:25:44',0),(348,1,'2018-02-13 00:00:00',857.1400,2,77,'','2018-08-28 07:25:44',0,'2018-08-28 07:25:44',0),(349,1,'2018-02-13 00:00:00',10.0000,2,78,'','2018-08-28 07:25:44',0,'2018-08-28 07:25:44',0),(350,1,'2018-03-01 00:00:00',1500.0000,2,70,'','2018-08-28 07:25:44',0,'2018-08-28 07:25:44',0),(351,1,'2018-04-01 00:00:00',1500.0000,2,71,'','2018-08-28 07:25:44',0,'2018-08-28 07:25:44',0),(352,1,'2018-05-01 00:00:00',1500.0000,2,72,'','2018-08-28 07:25:44',0,'2018-08-28 07:25:44',0),(353,1,'2018-06-01 00:00:00',1500.0000,2,73,'','2018-08-28 07:25:44',0,'2018-08-28 07:25:44',0),(354,1,'2018-07-01 00:00:00',1500.0000,2,74,'','2018-08-28 07:25:44',0,'2018-08-28 07:25:44',0),(355,1,'2018-08-01 00:00:00',1500.0000,2,75,'','2018-08-28 07:25:44',0,'2018-08-28 07:25:44',0),(356,1,'2018-02-13 00:00:00',5000.0000,2,103,'','2018-08-28 07:25:44',0,'2018-08-28 07:25:44',0),(357,1,'2018-02-13 00:00:00',1428.5700,2,110,'','2018-08-28 07:25:44',0,'2018-08-28 07:25:44',0),(358,1,'2018-02-13 00:00:00',50.0000,2,111,'','2018-08-28 07:25:44',0,'2018-08-28 07:25:44',0),(359,1,'2018-02-13 00:00:00',5.7100,2,112,'','2018-08-28 07:25:44',0,'2018-08-28 07:25:44',0),(360,1,'2018-02-13 00:00:00',10.0000,2,113,'','2018-08-28 07:25:44',0,'2018-08-28 07:25:44',0),(361,1,'2018-03-01 00:00:00',2500.0000,2,97,'','2018-08-28 07:25:44',0,'2018-08-28 07:25:44',0),(362,1,'2018-03-01 00:00:00',10.0000,2,104,'','2018-08-28 07:25:44',0,'2018-08-28 07:25:44',0),(363,1,'2018-04-01 00:00:00',2500.0000,2,98,'','2018-08-28 07:25:44',0,'2018-08-28 07:25:44',0),(364,1,'2018-04-01 00:00:00',10.0000,2,105,'','2018-08-28 07:25:44',0,'2018-08-28 07:25:44',0),(365,1,'2018-05-01 00:00:00',2500.0000,2,99,'','2018-08-28 07:25:44',0,'2018-08-28 07:25:44',0),(366,1,'2018-05-01 00:00:00',10.0000,2,106,'','2018-08-28 07:25:44',0,'2018-08-28 07:25:44',0),(367,1,'2018-06-01 00:00:00',2500.0000,2,100,'','2018-08-28 07:25:44',0,'2018-08-28 07:25:44',0),(368,1,'2018-06-01 00:00:00',10.0000,2,107,'','2018-08-28 07:25:44',0,'2018-08-28 07:25:44',0),(369,1,'2018-07-01 00:00:00',2500.0000,2,101,'','2018-08-28 07:25:44',0,'2018-08-28 07:25:44',0),(370,1,'2018-07-01 00:00:00',10.0000,2,108,'','2018-08-28 07:25:44',0,'2018-08-28 07:25:44',0),(371,1,'2018-08-01 00:00:00',2500.0000,2,102,'','2018-08-28 07:25:44',0,'2018-08-28 07:25:44',0),(372,1,'2018-08-01 00:00:00',10.0000,2,109,'','2018-08-28 07:25:44',0,'2018-08-28 07:25:44',0),(373,1,'2018-02-13 00:00:00',5000.0000,2,137,'','2018-08-28 07:25:44',0,'2018-08-28 07:25:44',0),(374,1,'2018-02-13 00:00:00',1428.5700,2,144,'','2018-08-28 07:25:44',0,'2018-08-28 07:25:44',0),(375,1,'2018-02-13 00:00:00',50.0000,2,145,'','2018-08-28 07:25:44',0,'2018-08-28 07:25:44',0),(376,1,'2018-02-13 00:00:00',5.7100,2,146,'','2018-08-28 07:25:44',0,'2018-08-28 07:25:44',0),(377,1,'2018-02-13 00:00:00',10.0000,2,147,'','2018-08-28 07:25:44',0,'2018-08-28 07:25:44',0),(378,1,'2018-03-01 00:00:00',2500.0000,2,131,'','2018-08-28 07:25:44',0,'2018-08-28 07:25:44',0),(379,1,'2018-03-01 00:00:00',10.0000,2,138,'','2018-08-28 07:25:44',0,'2018-08-28 07:25:44',0),(380,1,'2018-04-01 00:00:00',2500.0000,2,132,'','2018-08-28 07:25:44',0,'2018-08-28 07:25:44',0),(381,1,'2018-04-01 00:00:00',10.0000,2,139,'','2018-08-28 07:25:44',0,'2018-08-28 07:25:44',0),(382,1,'2018-05-01 00:00:00',2500.0000,2,133,'','2018-08-28 07:25:44',0,'2018-08-28 07:25:44',0),(383,1,'2018-05-01 00:00:00',10.0000,2,140,'','2018-08-28 07:25:44',0,'2018-08-28 07:25:44',0),(384,1,'2018-06-01 00:00:00',2500.0000,2,134,'','2018-08-28 07:25:44',0,'2018-08-28 07:25:44',0),(385,1,'2018-06-01 00:00:00',10.0000,2,141,'','2018-08-28 07:25:44',0,'2018-08-28 07:25:44',0),(386,1,'2018-07-01 00:00:00',2500.0000,2,135,'','2018-08-28 07:25:44',0,'2018-08-28 07:25:44',0),(387,1,'2018-07-01 00:00:00',10.0000,2,142,'','2018-08-28 07:25:44',0,'2018-08-28 07:25:44',0),(388,1,'2018-08-01 00:00:00',2500.0000,2,136,'','2018-08-28 07:25:44',0,'2018-08-28 07:25:44',0),(389,1,'2018-08-01 00:00:00',10.0000,2,143,'','2018-08-28 07:25:44',0,'2018-08-28 07:25:44',0),(390,1,'2018-02-13 00:00:00',2000.0000,2,42,'','2018-08-28 07:25:45',0,'2018-08-28 07:25:45',0),(391,1,'2018-02-13 00:00:00',571.4300,2,49,'','2018-08-28 07:25:45',0,'2018-08-28 07:25:45',0),(392,1,'2018-02-13 00:00:00',50.0000,2,50,'','2018-08-28 07:25:45',0,'2018-08-28 07:25:45',0),(393,1,'2018-02-13 00:00:00',5.7100,2,51,'','2018-08-28 07:25:45',0,'2018-08-28 07:25:45',0),(394,1,'2018-02-13 00:00:00',10.0000,2,52,'','2018-08-28 07:25:45',0,'2018-08-28 07:25:45',0),(395,1,'2018-03-01 00:00:00',1000.0000,2,36,'','2018-08-28 07:25:45',0,'2018-08-28 07:25:45',0),(396,1,'2018-03-01 00:00:00',10.0000,2,43,'','2018-08-28 07:25:45',0,'2018-08-28 07:25:45',0),(397,1,'2018-04-01 00:00:00',1000.0000,2,37,'','2018-08-28 07:25:45',0,'2018-08-28 07:25:45',0),(398,1,'2018-04-01 00:00:00',10.0000,2,44,'','2018-08-28 07:25:45',0,'2018-08-28 07:25:45',0),(399,1,'2018-05-01 00:00:00',1000.0000,2,38,'','2018-08-28 07:25:45',0,'2018-08-28 07:25:45',0),(400,1,'2018-05-01 00:00:00',10.0000,2,45,'','2018-08-28 07:25:45',0,'2018-08-28 07:25:45',0),(401,1,'2018-06-01 00:00:00',1000.0000,2,39,'','2018-08-28 07:25:45',0,'2018-08-28 07:25:45',0),(402,1,'2018-06-01 00:00:00',10.0000,2,46,'','2018-08-28 07:25:45',0,'2018-08-28 07:25:45',0),(403,1,'2018-07-01 00:00:00',1000.0000,2,40,'','2018-08-28 07:25:45',0,'2018-08-28 07:25:45',0),(404,1,'2018-07-01 00:00:00',10.0000,2,47,'','2018-08-28 07:25:45',0,'2018-08-28 07:25:45',0),(405,1,'2018-08-01 00:00:00',1000.0000,2,41,'','2018-08-28 07:25:45',0,'2018-08-28 07:25:45',0),(406,1,'2018-08-01 00:00:00',10.0000,2,48,'','2018-08-28 07:25:45',0,'2018-08-28 07:25:45',0),(407,1,'2018-02-13 00:00:00',3000.0000,2,59,'','2018-08-28 07:25:45',0,'2018-08-28 07:25:45',0),(408,1,'2018-02-13 00:00:00',857.1400,2,66,'','2018-08-28 07:25:45',0,'2018-08-28 07:25:45',0),(409,1,'2018-02-13 00:00:00',50.0000,2,67,'','2018-08-28 07:25:45',0,'2018-08-28 07:25:45',0),(410,1,'2018-02-13 00:00:00',5.7100,2,68,'','2018-08-28 07:25:45',0,'2018-08-28 07:25:45',0),(411,1,'2018-02-13 00:00:00',10.0000,2,69,'','2018-08-28 07:25:45',0,'2018-08-28 07:25:45',0),(412,1,'2018-03-01 00:00:00',1500.0000,2,53,'','2018-08-28 07:25:45',0,'2018-08-28 07:25:45',0),(413,1,'2018-03-01 00:00:00',10.0000,2,60,'','2018-08-28 07:25:45',0,'2018-08-28 07:25:45',0),(414,1,'2018-04-01 00:00:00',1500.0000,2,54,'','2018-08-28 07:25:45',0,'2018-08-28 07:25:45',0),(415,1,'2018-04-01 00:00:00',10.0000,2,61,'','2018-08-28 07:25:45',0,'2018-08-28 07:25:45',0),(416,1,'2018-05-01 00:00:00',1500.0000,2,55,'','2018-08-28 07:25:45',0,'2018-08-28 07:25:45',0),(417,1,'2018-05-01 00:00:00',10.0000,2,62,'','2018-08-28 07:25:45',0,'2018-08-28 07:25:45',0),(418,1,'2018-06-01 00:00:00',1500.0000,2,56,'','2018-08-28 07:25:45',0,'2018-08-28 07:25:45',0),(419,1,'2018-06-01 00:00:00',10.0000,2,63,'','2018-08-28 07:25:45',0,'2018-08-28 07:25:45',0),(420,1,'2018-07-01 00:00:00',1500.0000,2,57,'','2018-08-28 07:25:45',0,'2018-08-28 07:25:45',0),(421,1,'2018-07-01 00:00:00',10.0000,2,64,'','2018-08-28 07:25:45',0,'2018-08-28 07:25:45',0),(422,1,'2018-08-01 00:00:00',1500.0000,2,58,'','2018-08-28 07:25:45',0,'2018-08-28 07:25:45',0),(423,1,'2018-08-01 00:00:00',10.0000,2,65,'','2018-08-28 07:25:45',0,'2018-08-28 07:25:45',0),(424,1,'2018-02-13 00:00:00',3500.0000,2,85,'','2018-08-28 07:25:45',0,'2018-08-28 07:25:45',0),(425,1,'2018-02-13 00:00:00',1000.0000,2,86,'','2018-08-28 07:25:45',0,'2018-08-28 07:25:45',0),(426,1,'2018-02-13 00:00:00',10.0000,2,87,'','2018-08-28 07:25:45',0,'2018-08-28 07:25:45',0),(427,1,'2018-03-01 00:00:00',1750.0000,2,79,'','2018-08-28 07:25:45',0,'2018-08-28 07:25:45',0),(428,1,'2018-04-01 00:00:00',1750.0000,2,80,'','2018-08-28 07:25:45',0,'2018-08-28 07:25:45',0),(429,1,'2018-05-01 00:00:00',1750.0000,2,81,'','2018-08-28 07:25:45',0,'2018-08-28 07:25:45',0),(430,1,'2018-06-01 00:00:00',1750.0000,2,82,'','2018-08-28 07:25:45',0,'2018-08-28 07:25:45',0),(431,1,'2018-07-01 00:00:00',1750.0000,2,83,'','2018-08-28 07:25:45',0,'2018-08-28 07:25:45',0),(432,1,'2018-08-01 00:00:00',1750.0000,2,84,'','2018-08-28 07:25:45',0,'2018-08-28 07:25:45',0),(433,1,'2018-02-13 00:00:00',3500.0000,2,94,'','2018-08-28 07:25:45',0,'2018-08-28 07:25:45',0),(434,1,'2018-02-13 00:00:00',1000.0000,2,95,'','2018-08-28 07:25:45',0,'2018-08-28 07:25:45',0),(435,1,'2018-02-13 00:00:00',10.0000,2,96,'','2018-08-28 07:25:45',0,'2018-08-28 07:25:45',0),(436,1,'2018-03-01 00:00:00',1750.0000,2,88,'','2018-08-28 07:25:45',0,'2018-08-28 07:25:45',0),(437,1,'2018-04-01 00:00:00',1750.0000,2,89,'','2018-08-28 07:25:45',0,'2018-08-28 07:25:45',0),(438,1,'2018-05-01 00:00:00',1750.0000,2,90,'','2018-08-28 07:25:45',0,'2018-08-28 07:25:45',0),(439,1,'2018-06-01 00:00:00',1750.0000,2,91,'','2018-08-28 07:25:45',0,'2018-08-28 07:25:45',0),(440,1,'2018-07-01 00:00:00',1750.0000,2,92,'','2018-08-28 07:25:45',0,'2018-08-28 07:25:45',0),(441,1,'2018-08-01 00:00:00',1750.0000,2,93,'','2018-08-28 07:25:45',0,'2018-08-28 07:25:45',0),(442,1,'2018-02-13 00:00:00',571.4300,4,14,'auto-transfer for deposit DEP-2','2018-08-28 07:25:45',0,'2018-08-28 07:25:45',0),(443,1,'2018-02-13 00:00:00',50.0000,4,15,'auto-transfer for deposit DEP-2','2018-08-28 07:25:46',0,'2018-08-28 07:25:46',0),(444,1,'2018-02-13 00:00:00',5.7100,4,16,'auto-transfer for deposit DEP-2','2018-08-28 07:25:46',0,'2018-08-28 07:25:46',0),(445,1,'2018-02-13 00:00:00',10.0000,4,17,'auto-transfer for deposit DEP-2','2018-08-28 07:25:46',0,'2018-08-28 07:25:46',0),(446,1,'2018-02-13 00:00:00',571.4300,4,31,'auto-transfer for deposit DEP-2','2018-08-28 07:25:46',0,'2018-08-28 07:25:46',0),(447,1,'2018-02-13 00:00:00',50.0000,4,32,'auto-transfer for deposit DEP-2','2018-08-28 07:25:46',0,'2018-08-28 07:25:46',0),(448,1,'2018-02-13 00:00:00',5.7100,4,33,'auto-transfer for deposit DEP-2','2018-08-28 07:25:46',0,'2018-08-28 07:25:46',0),(449,1,'2018-02-13 00:00:00',10.0000,4,34,'auto-transfer for deposit DEP-2','2018-08-28 07:25:46',0,'2018-08-28 07:25:46',0),(450,1,'2018-02-13 00:00:00',10.0000,4,35,'auto-transfer for deposit DEP-2','2018-08-28 07:25:46',0,'2018-08-28 07:25:46',0),(451,1,'2018-02-13 00:00:00',571.4300,4,49,'auto-transfer for deposit DEP-2','2018-08-28 07:25:46',0,'2018-08-28 07:25:46',0),(452,1,'2018-02-13 00:00:00',50.0000,4,50,'auto-transfer for deposit DEP-2','2018-08-28 07:25:46',0,'2018-08-28 07:25:46',0),(453,1,'2018-02-13 00:00:00',5.7100,4,51,'auto-transfer for deposit DEP-2','2018-08-28 07:25:46',0,'2018-08-28 07:25:46',0),(454,1,'2018-02-13 00:00:00',10.0000,4,52,'auto-transfer for deposit DEP-2','2018-08-28 07:25:46',0,'2018-08-28 07:25:46',0),(455,1,'2018-02-13 00:00:00',857.1400,4,66,'auto-transfer for deposit DEP-2','2018-08-28 07:25:46',0,'2018-08-28 07:25:46',0),(456,1,'2018-02-13 00:00:00',50.0000,4,67,'auto-transfer for deposit DEP-2','2018-08-28 07:25:46',0,'2018-08-28 07:25:46',0),(457,1,'2018-02-13 00:00:00',5.7100,4,68,'auto-transfer for deposit DEP-2','2018-08-28 07:25:46',0,'2018-08-28 07:25:46',0),(458,1,'2018-02-13 00:00:00',10.0000,4,69,'auto-transfer for deposit DEP-2','2018-08-28 07:25:46',0,'2018-08-28 07:25:46',0),(459,1,'2018-02-13 00:00:00',857.1400,4,77,'auto-transfer for deposit DEP-2','2018-08-28 07:25:46',0,'2018-08-28 07:25:46',0),(460,1,'2018-02-13 00:00:00',10.0000,4,78,'auto-transfer for deposit DEP-2','2018-08-28 07:25:46',0,'2018-08-28 07:25:46',0),(461,1,'2018-02-13 00:00:00',1000.0000,4,86,'auto-transfer for deposit DEP-2','2018-08-28 07:25:46',0,'2018-08-28 07:25:46',0),(462,1,'2018-02-13 00:00:00',10.0000,4,87,'auto-transfer for deposit DEP-2','2018-08-28 07:25:46',0,'2018-08-28 07:25:46',0),(463,1,'2018-02-13 00:00:00',1000.0000,4,95,'auto-transfer for deposit DEP-2','2018-08-28 07:25:46',0,'2018-08-28 07:25:46',0),(464,1,'2018-02-13 00:00:00',10.0000,4,96,'auto-transfer for deposit DEP-2','2018-08-28 07:25:46',0,'2018-08-28 07:25:46',0),(465,1,'2018-02-13 00:00:00',1428.5700,4,110,'auto-transfer for deposit DEP-2','2018-08-28 07:25:46',0,'2018-08-28 07:25:46',0),(466,1,'2018-02-13 00:00:00',50.0000,4,111,'auto-transfer for deposit DEP-2','2018-08-28 07:25:46',0,'2018-08-28 07:25:46',0),(467,1,'2018-02-13 00:00:00',5.7100,4,112,'auto-transfer for deposit DEP-2','2018-08-28 07:25:46',0,'2018-08-28 07:25:46',0),(468,1,'2018-02-13 00:00:00',10.0000,4,113,'auto-transfer for deposit DEP-2','2018-08-28 07:25:46',0,'2018-08-28 07:25:46',0),(469,1,'2018-02-13 00:00:00',1428.5700,4,127,'auto-transfer for deposit DEP-2','2018-08-28 07:25:46',0,'2018-08-28 07:25:46',0),(470,1,'2018-02-13 00:00:00',50.0000,4,128,'auto-transfer for deposit DEP-2','2018-08-28 07:25:46',0,'2018-08-28 07:25:46',0),(471,1,'2018-02-13 00:00:00',5.7100,4,129,'auto-transfer for deposit DEP-2','2018-08-28 07:25:46',0,'2018-08-28 07:25:46',0),(472,1,'2018-02-13 00:00:00',10.0000,4,130,'auto-transfer for deposit DEP-2','2018-08-28 07:25:46',0,'2018-08-28 07:25:46',0),(473,1,'2018-02-13 00:00:00',1428.5700,4,144,'auto-transfer for deposit DEP-2','2018-08-28 07:25:47',0,'2018-08-28 07:25:47',0),(474,1,'2018-02-13 00:00:00',50.0000,4,145,'auto-transfer for deposit DEP-2','2018-08-28 07:25:47',0,'2018-08-28 07:25:47',0),(475,1,'2018-02-13 00:00:00',5.7100,4,146,'auto-transfer for deposit DEP-2','2018-08-28 07:25:47',0,'2018-08-28 07:25:47',0),(476,1,'2018-02-13 00:00:00',10.0000,4,147,'auto-transfer for deposit DEP-2','2018-08-28 07:25:47',0,'2018-08-28 07:25:47',0),(477,1,'2018-02-13 00:00:00',2000.0000,4,7,'auto-transfer for deposit DEP-1','2018-08-28 07:25:47',0,'2018-08-28 07:25:47',0),(478,1,'2018-02-13 00:00:00',2000.0000,4,24,'auto-transfer for deposit DEP-1','2018-08-28 07:25:47',0,'2018-08-28 07:25:47',0),(479,1,'2018-02-13 00:00:00',2000.0000,4,42,'auto-transfer for deposit DEP-1','2018-08-28 07:25:47',0,'2018-08-28 07:25:47',0),(480,1,'2018-02-13 00:00:00',3000.0000,4,59,'auto-transfer for deposit DEP-1','2018-08-28 07:25:47',0,'2018-08-28 07:25:47',0),(481,1,'2018-02-13 00:00:00',3000.0000,4,76,'auto-transfer for deposit DEP-1','2018-08-28 07:25:47',0,'2018-08-28 07:25:47',0),(482,1,'2018-02-13 00:00:00',3500.0000,4,85,'auto-transfer for deposit DEP-1','2018-08-28 07:25:47',0,'2018-08-28 07:25:47',0),(483,1,'2018-02-13 00:00:00',3500.0000,4,94,'auto-transfer for deposit DEP-1','2018-08-28 07:25:47',0,'2018-08-28 07:25:47',0),(484,1,'2018-02-13 00:00:00',5000.0000,4,103,'auto-transfer for deposit DEP-1','2018-08-28 07:25:47',0,'2018-08-28 07:25:47',0),(485,1,'2018-02-13 00:00:00',5000.0000,4,120,'auto-transfer for deposit DEP-1','2018-08-28 07:25:47',0,'2018-08-28 07:25:47',0),(486,1,'2018-02-13 00:00:00',5000.0000,4,137,'auto-transfer for deposit DEP-1','2018-08-28 07:25:47',0,'2018-08-28 07:25:47',0),(487,1,'2018-03-01 00:00:00',1000.0000,4,1,'auto-transfer for deposit DEP-2','2018-08-28 07:25:47',0,'2018-08-28 07:25:47',0),(488,1,'2018-03-01 00:00:00',10.0000,4,8,'auto-transfer for deposit DEP-2','2018-08-28 07:25:47',0,'2018-08-28 07:25:47',0),(489,1,'2018-03-01 00:00:00',1000.0000,4,18,'auto-transfer for deposit DEP-2','2018-08-28 07:25:47',0,'2018-08-28 07:25:47',0),(490,1,'2018-03-01 00:00:00',10.0000,4,25,'auto-transfer for deposit DEP-2','2018-08-28 07:25:47',0,'2018-08-28 07:25:47',0),(491,1,'2018-03-01 00:00:00',1000.0000,4,36,'auto-transfer for deposit DEP-2','2018-08-28 07:25:47',0,'2018-08-28 07:25:47',0),(492,1,'2018-03-01 00:00:00',10.0000,4,43,'auto-transfer for deposit DEP-2','2018-08-28 07:25:47',0,'2018-08-28 07:25:47',0),(493,1,'2018-03-01 00:00:00',1500.0000,4,53,'auto-transfer for deposit DEP-2','2018-08-28 07:25:47',0,'2018-08-28 07:25:47',0),(494,1,'2018-03-01 00:00:00',10.0000,4,60,'auto-transfer for deposit DEP-2','2018-08-28 07:25:47',0,'2018-08-28 07:25:47',0),(495,1,'2018-03-01 00:00:00',1500.0000,4,70,'auto-transfer for deposit DEP-2','2018-08-28 07:25:47',0,'2018-08-28 07:25:47',0),(496,1,'2018-03-01 00:00:00',1750.0000,4,79,'auto-transfer for deposit DEP-2','2018-08-28 07:25:47',0,'2018-08-28 07:25:47',0),(497,1,'2018-03-01 00:00:00',1750.0000,4,88,'auto-transfer for deposit DEP-2','2018-08-28 07:25:47',0,'2018-08-28 07:25:47',0),(498,1,'2018-03-01 00:00:00',2500.0000,4,97,'auto-transfer for deposit DEP-2','2018-08-28 07:25:47',0,'2018-08-28 07:25:47',0),(499,1,'2018-03-01 00:00:00',10.0000,4,104,'auto-transfer for deposit DEP-2','2018-08-28 07:25:47',0,'2018-08-28 07:25:47',0),(500,1,'2018-03-01 00:00:00',2500.0000,4,114,'auto-transfer for deposit DEP-2','2018-08-28 07:25:47',0,'2018-08-28 07:25:47',0),(501,1,'2018-03-01 00:00:00',10.0000,4,121,'auto-transfer for deposit DEP-2','2018-08-28 07:25:49',0,'2018-08-28 07:25:49',0),(502,1,'2018-03-01 00:00:00',2500.0000,4,131,'auto-transfer for deposit DEP-2','2018-08-28 07:25:49',0,'2018-08-28 07:25:49',0),(503,1,'2018-03-01 00:00:00',10.0000,4,138,'auto-transfer for deposit DEP-2','2018-08-28 07:25:49',0,'2018-08-28 07:25:49',0),(504,1,'2018-04-01 00:00:00',1000.0000,4,2,'auto-transfer for deposit DEP-2','2018-08-28 07:25:49',0,'2018-08-28 07:25:49',0),(505,1,'2018-04-01 00:00:00',10.0000,4,9,'auto-transfer for deposit DEP-2','2018-08-28 07:25:49',0,'2018-08-28 07:25:49',0),(506,1,'2018-04-01 00:00:00',1000.0000,4,19,'auto-transfer for deposit DEP-2','2018-08-28 07:25:49',0,'2018-08-28 07:25:49',0),(507,1,'2018-04-01 00:00:00',10.0000,4,26,'auto-transfer for deposit DEP-2','2018-08-28 07:25:49',0,'2018-08-28 07:25:49',0),(508,1,'2018-04-01 00:00:00',1000.0000,4,37,'auto-transfer for deposit DEP-2','2018-08-28 07:25:49',0,'2018-08-28 07:25:49',0),(509,1,'2018-04-01 00:00:00',10.0000,4,44,'auto-transfer for deposit DEP-2','2018-08-28 07:25:49',0,'2018-08-28 07:25:49',0),(510,1,'2018-04-01 00:00:00',1500.0000,4,54,'auto-transfer for deposit DEP-2','2018-08-28 07:25:49',0,'2018-08-28 07:25:49',0),(511,1,'2018-04-01 00:00:00',10.0000,4,61,'auto-transfer for deposit DEP-2','2018-08-28 07:25:49',0,'2018-08-28 07:25:49',0),(512,1,'2018-04-01 00:00:00',1500.0000,4,71,'auto-transfer for deposit DEP-2','2018-08-28 07:25:49',0,'2018-08-28 07:25:49',0),(513,1,'2018-04-01 00:00:00',1750.0000,4,80,'auto-transfer for deposit DEP-2','2018-08-28 07:25:49',0,'2018-08-28 07:25:49',0),(514,1,'2018-04-01 00:00:00',1750.0000,4,89,'auto-transfer for deposit DEP-2','2018-08-28 07:25:49',0,'2018-08-28 07:25:49',0),(515,1,'2018-04-01 00:00:00',2500.0000,4,98,'auto-transfer for deposit DEP-2','2018-08-28 07:25:49',0,'2018-08-28 07:25:49',0),(516,1,'2018-04-01 00:00:00',10.0000,4,105,'auto-transfer for deposit DEP-2','2018-08-28 07:25:49',0,'2018-08-28 07:25:49',0),(517,1,'2018-04-01 00:00:00',2500.0000,4,115,'auto-transfer for deposit DEP-2','2018-08-28 07:25:49',0,'2018-08-28 07:25:49',0),(518,1,'2018-04-01 00:00:00',10.0000,4,122,'auto-transfer for deposit DEP-2','2018-08-28 07:25:49',0,'2018-08-28 07:25:49',0),(519,1,'2018-04-01 00:00:00',2500.0000,4,132,'auto-transfer for deposit DEP-2','2018-08-28 07:25:49',0,'2018-08-28 07:25:49',0),(520,1,'2018-04-01 00:00:00',10.0000,4,139,'auto-transfer for deposit DEP-2','2018-08-28 07:25:49',0,'2018-08-28 07:25:49',0),(521,1,'2018-05-01 00:00:00',1000.0000,4,3,'auto-transfer for deposit DEP-2','2018-08-28 07:25:49',0,'2018-08-28 07:25:49',0),(522,1,'2018-05-01 00:00:00',10.0000,4,10,'auto-transfer for deposit DEP-2','2018-08-28 07:25:50',0,'2018-08-28 07:25:50',0),(523,1,'2018-05-01 00:00:00',1000.0000,4,20,'auto-transfer for deposit DEP-2','2018-08-28 07:25:50',0,'2018-08-28 07:25:50',0),(524,1,'2018-05-01 00:00:00',10.0000,4,27,'auto-transfer for deposit DEP-2','2018-08-28 07:25:50',0,'2018-08-28 07:25:50',0),(525,1,'2018-05-01 00:00:00',1000.0000,4,38,'auto-transfer for deposit DEP-2','2018-08-28 07:25:50',0,'2018-08-28 07:25:50',0),(526,1,'2018-05-01 00:00:00',10.0000,4,45,'auto-transfer for deposit DEP-2','2018-08-28 07:25:50',0,'2018-08-28 07:25:50',0),(527,1,'2018-05-01 00:00:00',1500.0000,4,55,'auto-transfer for deposit DEP-2','2018-08-28 07:25:50',0,'2018-08-28 07:25:50',0),(528,1,'2018-05-01 00:00:00',10.0000,4,62,'auto-transfer for deposit DEP-2','2018-08-28 07:25:50',0,'2018-08-28 07:25:50',0),(529,1,'2018-05-01 00:00:00',1500.0000,4,72,'auto-transfer for deposit DEP-2','2018-08-28 07:25:50',0,'2018-08-28 07:25:50',0),(530,1,'2018-05-01 00:00:00',1750.0000,4,81,'auto-transfer for deposit DEP-2','2018-08-28 07:25:50',0,'2018-08-28 07:25:50',0),(531,1,'2018-05-01 00:00:00',1750.0000,4,90,'auto-transfer for deposit DEP-2','2018-08-28 07:25:50',0,'2018-08-28 07:25:50',0),(532,1,'2018-05-01 00:00:00',2500.0000,4,99,'auto-transfer for deposit DEP-2','2018-08-28 07:25:50',0,'2018-08-28 07:25:50',0),(533,1,'2018-05-01 00:00:00',10.0000,4,106,'auto-transfer for deposit DEP-2','2018-08-28 07:25:50',0,'2018-08-28 07:25:50',0),(534,1,'2018-05-01 00:00:00',2500.0000,4,116,'auto-transfer for deposit DEP-2','2018-08-28 07:25:50',0,'2018-08-28 07:25:50',0),(535,1,'2018-05-01 00:00:00',10.0000,4,123,'auto-transfer for deposit DEP-2','2018-08-28 07:25:50',0,'2018-08-28 07:25:50',0),(536,1,'2018-05-01 00:00:00',2500.0000,4,133,'auto-transfer for deposit DEP-2','2018-08-28 07:25:50',0,'2018-08-28 07:25:50',0),(537,1,'2018-05-01 00:00:00',10.0000,4,140,'auto-transfer for deposit DEP-2','2018-08-28 07:25:50',0,'2018-08-28 07:25:50',0),(538,1,'2018-06-01 00:00:00',1000.0000,4,4,'auto-transfer for deposit DEP-2','2018-08-28 07:25:50',0,'2018-08-28 07:25:50',0),(539,1,'2018-06-01 00:00:00',10.0000,4,11,'auto-transfer for deposit DEP-2','2018-08-28 07:25:50',0,'2018-08-28 07:25:50',0),(540,1,'2018-06-01 00:00:00',1000.0000,4,21,'auto-transfer for deposit DEP-2','2018-08-28 07:25:50',0,'2018-08-28 07:25:50',0),(541,1,'2018-06-01 00:00:00',10.0000,4,28,'auto-transfer for deposit DEP-2','2018-08-28 07:25:50',0,'2018-08-28 07:25:50',0),(542,1,'2018-06-01 00:00:00',1000.0000,4,39,'auto-transfer for deposit DEP-2','2018-08-28 07:25:50',0,'2018-08-28 07:25:50',0),(543,1,'2018-06-01 00:00:00',10.0000,4,46,'auto-transfer for deposit DEP-2','2018-08-28 07:25:50',0,'2018-08-28 07:25:50',0),(544,1,'2018-06-01 00:00:00',1500.0000,4,56,'auto-transfer for deposit DEP-2','2018-08-28 07:25:50',0,'2018-08-28 07:25:50',0),(545,1,'2018-06-01 00:00:00',10.0000,4,63,'auto-transfer for deposit DEP-2','2018-08-28 07:25:50',0,'2018-08-28 07:25:50',0),(546,1,'2018-06-01 00:00:00',1500.0000,4,73,'auto-transfer for deposit DEP-2','2018-08-28 07:25:50',0,'2018-08-28 07:25:50',0),(547,1,'2018-06-01 00:00:00',1750.0000,4,82,'auto-transfer for deposit DEP-2','2018-08-28 07:25:50',0,'2018-08-28 07:25:50',0),(548,1,'2018-06-01 00:00:00',1750.0000,4,91,'auto-transfer for deposit DEP-2','2018-08-28 07:25:50',0,'2018-08-28 07:25:50',0),(549,1,'2018-06-01 00:00:00',2500.0000,4,100,'auto-transfer for deposit DEP-2','2018-08-28 07:25:50',0,'2018-08-28 07:25:50',0),(550,1,'2018-06-01 00:00:00',10.0000,4,107,'auto-transfer for deposit DEP-2','2018-08-28 07:25:50',0,'2018-08-28 07:25:50',0),(551,1,'2018-06-01 00:00:00',2500.0000,4,117,'auto-transfer for deposit DEP-2','2018-08-28 07:25:50',0,'2018-08-28 07:25:50',0),(552,1,'2018-06-01 00:00:00',10.0000,4,124,'auto-transfer for deposit DEP-2','2018-08-28 07:25:50',0,'2018-08-28 07:25:50',0),(553,1,'2018-06-01 00:00:00',2500.0000,4,134,'auto-transfer for deposit DEP-2','2018-08-28 07:25:50',0,'2018-08-28 07:25:50',0),(554,1,'2018-06-01 00:00:00',10.0000,4,141,'auto-transfer for deposit DEP-2','2018-08-28 07:25:50',0,'2018-08-28 07:25:50',0),(555,1,'2018-07-01 00:00:00',1000.0000,4,5,'auto-transfer for deposit DEP-2','2018-08-28 07:25:51',0,'2018-08-28 07:25:51',0),(556,1,'2018-07-01 00:00:00',10.0000,4,12,'auto-transfer for deposit DEP-2','2018-08-28 07:25:51',0,'2018-08-28 07:25:51',0),(557,1,'2018-07-01 00:00:00',1000.0000,4,22,'auto-transfer for deposit DEP-2','2018-08-28 07:25:51',0,'2018-08-28 07:25:51',0),(558,1,'2018-07-01 00:00:00',10.0000,4,29,'auto-transfer for deposit DEP-2','2018-08-28 07:25:51',0,'2018-08-28 07:25:51',0),(559,1,'2018-07-01 00:00:00',1000.0000,4,40,'auto-transfer for deposit DEP-2','2018-08-28 07:25:51',0,'2018-08-28 07:25:51',0),(560,1,'2018-07-01 00:00:00',10.0000,4,47,'auto-transfer for deposit DEP-2','2018-08-28 07:25:51',0,'2018-08-28 07:25:51',0),(561,1,'2018-07-01 00:00:00',1500.0000,4,57,'auto-transfer for deposit DEP-2','2018-08-28 07:25:51',0,'2018-08-28 07:25:51',0),(562,1,'2018-07-01 00:00:00',10.0000,4,64,'auto-transfer for deposit DEP-2','2018-08-28 07:25:51',0,'2018-08-28 07:25:51',0),(563,1,'2018-07-01 00:00:00',1500.0000,4,74,'auto-transfer for deposit DEP-2','2018-08-28 07:25:51',0,'2018-08-28 07:25:51',0),(564,1,'2018-07-01 00:00:00',1750.0000,4,83,'auto-transfer for deposit DEP-2','2018-08-28 07:25:51',0,'2018-08-28 07:25:51',0),(565,1,'2018-07-01 00:00:00',1750.0000,4,92,'auto-transfer for deposit DEP-2','2018-08-28 07:25:51',0,'2018-08-28 07:25:51',0),(566,1,'2018-07-01 00:00:00',2500.0000,4,101,'auto-transfer for deposit DEP-2','2018-08-28 07:25:51',0,'2018-08-28 07:25:51',0),(567,1,'2018-07-01 00:00:00',10.0000,4,108,'auto-transfer for deposit DEP-2','2018-08-28 07:25:51',0,'2018-08-28 07:25:51',0),(568,1,'2018-07-01 00:00:00',2500.0000,4,118,'auto-transfer for deposit DEP-2','2018-08-28 07:25:51',0,'2018-08-28 07:25:51',0),(569,1,'2018-07-01 00:00:00',10.0000,4,125,'auto-transfer for deposit DEP-2','2018-08-28 07:25:51',0,'2018-08-28 07:25:51',0),(570,1,'2018-07-01 00:00:00',2500.0000,4,135,'auto-transfer for deposit DEP-2','2018-08-28 07:25:51',0,'2018-08-28 07:25:51',0),(571,1,'2018-07-01 00:00:00',10.0000,4,142,'auto-transfer for deposit DEP-2','2018-08-28 07:25:51',0,'2018-08-28 07:25:51',0),(572,1,'2018-08-01 00:00:00',1000.0000,4,6,'auto-transfer for deposit DEP-2','2018-08-28 07:25:51',0,'2018-08-28 07:25:51',0),(573,1,'2018-08-01 00:00:00',10.0000,4,13,'auto-transfer for deposit DEP-2','2018-08-28 07:25:51',0,'2018-08-28 07:25:51',0),(574,1,'2018-08-01 00:00:00',1000.0000,4,23,'auto-transfer for deposit DEP-2','2018-08-28 07:25:51',0,'2018-08-28 07:25:51',0),(575,1,'2018-08-01 00:00:00',10.0000,4,30,'auto-transfer for deposit DEP-2','2018-08-28 07:25:51',0,'2018-08-28 07:25:51',0),(576,1,'2018-08-01 00:00:00',1000.0000,4,41,'auto-transfer for deposit DEP-2','2018-08-28 07:25:51',0,'2018-08-28 07:25:51',0),(577,1,'2018-08-01 00:00:00',10.0000,4,48,'auto-transfer for deposit DEP-2','2018-08-28 07:25:51',0,'2018-08-28 07:25:51',0),(578,1,'2018-08-01 00:00:00',1500.0000,4,58,'auto-transfer for deposit DEP-2','2018-08-28 07:25:51',0,'2018-08-28 07:25:51',0),(579,1,'2018-08-01 00:00:00',10.0000,4,65,'auto-transfer for deposit DEP-2','2018-08-28 07:25:51',0,'2018-08-28 07:25:51',0),(580,1,'2018-08-01 00:00:00',1500.0000,4,75,'auto-transfer for deposit DEP-2','2018-08-28 07:25:51',0,'2018-08-28 07:25:51',0),(581,1,'2018-08-01 00:00:00',1750.0000,4,84,'auto-transfer for deposit DEP-2','2018-08-28 07:25:51',0,'2018-08-28 07:25:51',0),(582,1,'2018-08-01 00:00:00',1750.0000,4,93,'auto-transfer for deposit DEP-2','2018-08-28 07:25:51',0,'2018-08-28 07:25:51',0),(583,1,'2018-08-01 00:00:00',2500.0000,4,102,'auto-transfer for deposit DEP-2','2018-08-28 07:25:51',0,'2018-08-28 07:25:51',0),(584,1,'2018-08-01 00:00:00',10.0000,4,109,'auto-transfer for deposit DEP-2','2018-08-28 07:25:51',0,'2018-08-28 07:25:51',0),(585,1,'2018-08-01 00:00:00',2500.0000,4,119,'auto-transfer for deposit DEP-2','2018-08-28 07:25:51',0,'2018-08-28 07:25:51',0),(586,1,'2018-08-01 00:00:00',10.0000,4,126,'auto-transfer for deposit DEP-2','2018-08-28 07:25:52',0,'2018-08-28 07:25:52',0),(587,1,'2018-08-01 00:00:00',2500.0000,4,136,'auto-transfer for deposit DEP-2','2018-08-28 07:25:52',0,'2018-08-28 07:25:52',0),(588,1,'2018-08-01 00:00:00',10.0000,4,143,'auto-transfer for deposit DEP-2','2018-08-28 07:25:52',0,'2018-08-28 07:25:52',0),(589,1,'2019-03-01 00:00:00',2500.0000,1,165,'','2019-03-22 21:32:18',-1,'2019-03-22 21:32:18',-1),(590,1,'2019-03-01 00:00:00',2500.0000,1,166,'','2019-03-22 21:32:18',-1,'2019-03-22 21:32:18',-1),(591,1,'2019-03-01 00:00:00',2500.0000,1,167,'','2019-03-22 21:32:18',-1,'2019-03-22 21:32:18',-1),(592,1,'2019-03-01 00:00:00',1750.0000,1,168,'','2019-03-22 21:32:18',-1,'2019-03-22 21:32:18',-1),(593,1,'2019-03-01 00:00:00',1750.0000,1,169,'','2019-03-22 21:32:18',-1,'2019-03-22 21:32:18',-1),(594,1,'2019-03-01 00:00:00',1500.0000,1,170,'','2019-03-22 21:32:18',-1,'2019-03-22 21:32:18',-1),(595,1,'2019-03-01 00:00:00',1500.0000,1,171,'','2019-03-22 21:32:18',-1,'2019-03-22 21:32:18',-1),(596,1,'2019-03-01 00:00:00',1000.0000,1,172,'','2019-03-22 21:32:18',-1,'2019-03-22 21:32:18',-1),(597,1,'2019-03-01 00:00:00',1000.0000,1,173,'','2019-03-22 21:32:18',-1,'2019-03-22 21:32:18',-1),(598,1,'2019-03-01 00:00:00',1000.0000,1,174,'','2019-03-22 21:32:18',-1,'2019-03-22 21:32:18',-1),(599,1,'2019-03-01 00:00:00',10.0000,1,175,'','2019-03-22 21:32:18',-1,'2019-03-22 21:32:18',-1),(600,1,'2019-03-01 00:00:00',10.0000,1,176,'','2019-03-22 21:32:18',-1,'2019-03-22 21:32:18',-1),(601,1,'2019-03-01 00:00:00',10.0000,1,177,'','2019-03-22 21:32:18',-1,'2019-03-22 21:32:18',-1),(602,1,'2019-03-01 00:00:00',10.0000,1,178,'','2019-03-22 21:32:18',-1,'2019-03-22 21:32:18',-1),(603,1,'2019-03-01 00:00:00',10.0000,1,179,'','2019-03-22 21:32:18',-1,'2019-03-22 21:32:18',-1),(604,1,'2019-03-01 00:00:00',10.0000,1,180,'','2019-03-22 21:32:18',-1,'2019-03-22 21:32:18',-1),(605,1,'2019-03-01 00:00:00',10.0000,1,181,'','2019-03-22 21:32:18',-1,'2019-03-22 21:32:18',-1);
/*!40000 ALTER TABLE `Journal` ENABLE KEYS */;
UNLOCK TABLES;

--
-- Table structure for table `JournalAllocation`
--

DROP TABLE IF EXISTS `JournalAllocation`;
/*!40101 SET @saved_cs_client     = @@character_set_client */;
/*!40101 SET character_set_client = utf8 */;
CREATE TABLE `JournalAllocation` (
  `JAID` bigint(20) NOT NULL AUTO_INCREMENT,
  `BID` bigint(20) NOT NULL DEFAULT '0',
  `JID` bigint(20) NOT NULL DEFAULT '0',
  `RID` bigint(20) NOT NULL DEFAULT '0',
  `RAID` bigint(20) NOT NULL DEFAULT '0',
  `TCID` bigint(20) NOT NULL DEFAULT '0',
  `RCPTID` bigint(20) NOT NULL DEFAULT '0',
  `Amount` decimal(19,4) NOT NULL DEFAULT '0.0000',
  `ASMID` bigint(20) NOT NULL DEFAULT '0',
  `EXPID` bigint(20) NOT NULL DEFAULT '0',
  `AcctRule` varchar(200) NOT NULL DEFAULT '',
  `LastModTime` timestamp NOT NULL DEFAULT CURRENT_TIMESTAMP ON UPDATE CURRENT_TIMESTAMP,
  `LastModBy` bigint(20) NOT NULL DEFAULT '0',
  `CreateTS` timestamp NOT NULL DEFAULT CURRENT_TIMESTAMP,
  `CreateBy` bigint(20) NOT NULL DEFAULT '0',
  PRIMARY KEY (`JAID`)
) ENGINE=InnoDB AUTO_INCREMENT=606 DEFAULT CHARSET=utf8;
/*!40101 SET character_set_client = @saved_cs_client */;

--
-- Dumping data for table `JournalAllocation`
--

LOCK TABLES `JournalAllocation` WRITE;
/*!40000 ALTER TABLE `JournalAllocation` DISABLE KEYS */;
INSERT INTO `JournalAllocation` VALUES (1,1,1,1,1,0,0,1000.0000,2,0,'d 12001 1000.00, c 41001 1000.00','2018-08-28 07:25:36',0,'2018-08-28 07:25:36',0),(2,1,2,1,1,0,0,1000.0000,3,0,'d 12001 1000.00, c 41001 1000.00','2018-08-28 07:25:36',0,'2018-08-28 07:25:36',0),(3,1,3,1,1,0,0,1000.0000,4,0,'d 12001 1000.00, c 41001 1000.00','2018-08-28 07:25:36',0,'2018-08-28 07:25:36',0),(4,1,4,1,1,0,0,1000.0000,5,0,'d 12001 1000.00, c 41001 1000.00','2018-08-28 07:25:36',0,'2018-08-28 07:25:36',0),(5,1,5,1,1,0,0,1000.0000,6,0,'d 12001 1000.00, c 41001 1000.00','2018-08-28 07:25:36',0,'2018-08-28 07:25:36',0),(6,1,6,1,1,0,0,1000.0000,7,0,'d 12001 1000.00, c 41001 1000.00','2018-08-28 07:25:36',0,'2018-08-28 07:25:36',0),(7,1,7,1,1,0,0,2000.0000,8,0,'d 12001 2000.00, c 30000 2000.00','2018-08-28 07:25:36',0,'2018-08-28 07:25:36',0),(8,1,8,1,1,0,0,10.0000,10,0,'d 12001 10.00, c 41408 10.00','2018-08-28 07:25:36',0,'2018-08-28 07:25:36',0),(9,1,9,1,1,0,0,10.0000,11,0,'d 12001 10.00, c 41408 10.00','2018-08-28 07:25:36',0,'2018-08-28 07:25:36',0),(10,1,10,1,1,0,0,10.0000,12,0,'d 12001 10.00, c 41408 10.00','2018-08-28 07:25:36',0,'2018-08-28 07:25:36',0),(11,1,11,1,1,0,0,10.0000,13,0,'d 12001 10.00, c 41408 10.00','2018-08-28 07:25:36',0,'2018-08-28 07:25:36',0),(12,1,12,1,1,0,0,10.0000,14,0,'d 12001 10.00, c 41408 10.00','2018-08-28 07:25:36',0,'2018-08-28 07:25:36',0),(13,1,13,1,1,0,0,10.0000,15,0,'d 12001 10.00, c 41408 10.00','2018-08-28 07:25:36',0,'2018-08-28 07:25:36',0),(14,1,14,1,1,0,0,571.4300,16,0,'d 12001 571.43, c 41001 571.43','2018-08-28 07:25:36',0,'2018-08-28 07:25:36',0),(15,1,15,1,1,0,0,50.0000,17,0,'d 12001 50.00, c 41407 50.00','2018-08-28 07:25:36',0,'2018-08-28 07:25:36',0),(16,1,16,1,1,0,0,5.7100,18,0,'d 12001 5.71, c 41408 5.71','2018-08-28 07:25:36',0,'2018-08-28 07:25:36',0),(17,1,17,1,1,0,0,10.0000,19,0,'d 12001 10.00, c 41416 10.00','2018-08-28 07:25:36',0,'2018-08-28 07:25:36',0),(18,1,18,2,2,0,0,1000.0000,21,0,'d 12001 1000.00, c 41001 1000.00','2018-08-28 07:25:36',0,'2018-08-28 07:25:36',0),(19,1,19,2,2,0,0,1000.0000,22,0,'d 12001 1000.00, c 41001 1000.00','2018-08-28 07:25:36',0,'2018-08-28 07:25:36',0),(20,1,20,2,2,0,0,1000.0000,23,0,'d 12001 1000.00, c 41001 1000.00','2018-08-28 07:25:36',0,'2018-08-28 07:25:36',0),(21,1,21,2,2,0,0,1000.0000,24,0,'d 12001 1000.00, c 41001 1000.00','2018-08-28 07:25:36',0,'2018-08-28 07:25:36',0),(22,1,22,2,2,0,0,1000.0000,25,0,'d 12001 1000.00, c 41001 1000.00','2018-08-28 07:25:36',0,'2018-08-28 07:25:36',0),(23,1,23,2,2,0,0,1000.0000,26,0,'d 12001 1000.00, c 41001 1000.00','2018-08-28 07:25:36',0,'2018-08-28 07:25:36',0),(24,1,24,2,2,0,0,2000.0000,27,0,'d 12001 2000.00, c 30000 2000.00','2018-08-28 07:25:36',0,'2018-08-28 07:25:36',0),(25,1,25,2,2,0,0,10.0000,29,0,'d 12001 10.00, c 41408 10.00','2018-08-28 07:25:36',0,'2018-08-28 07:25:36',0),(26,1,26,2,2,0,0,10.0000,30,0,'d 12001 10.00, c 41408 10.00','2018-08-28 07:25:36',0,'2018-08-28 07:25:36',0),(27,1,27,2,2,0,0,10.0000,31,0,'d 12001 10.00, c 41408 10.00','2018-08-28 07:25:36',0,'2018-08-28 07:25:36',0),(28,1,28,2,2,0,0,10.0000,32,0,'d 12001 10.00, c 41408 10.00','2018-08-28 07:25:36',0,'2018-08-28 07:25:36',0),(29,1,29,2,2,0,0,10.0000,33,0,'d 12001 10.00, c 41408 10.00','2018-08-28 07:25:36',0,'2018-08-28 07:25:36',0),(30,1,30,2,2,0,0,10.0000,34,0,'d 12001 10.00, c 41408 10.00','2018-08-28 07:25:36',0,'2018-08-28 07:25:36',0),(31,1,31,2,2,0,0,571.4300,35,0,'d 12001 571.43, c 41001 571.43','2018-08-28 07:25:36',0,'2018-08-28 07:25:36',0),(32,1,32,2,2,0,0,50.0000,36,0,'d 12001 50.00, c 41407 50.00','2018-08-28 07:25:36',0,'2018-08-28 07:25:36',0),(33,1,33,2,2,0,0,5.7100,37,0,'d 12001 5.71, c 41408 5.71','2018-08-28 07:25:36',0,'2018-08-28 07:25:36',0),(34,1,34,2,2,0,0,10.0000,38,0,'d 12001 10.00, c 41416 10.00','2018-08-28 07:25:36',0,'2018-08-28 07:25:36',0),(35,1,35,2,2,0,0,10.0000,39,0,'d 12001 10.00, c 41416 10.00','2018-08-28 07:25:36',0,'2018-08-28 07:25:36',0),(36,1,36,3,3,0,0,1000.0000,41,0,'d 12001 1000.00, c 41001 1000.00','2018-08-28 07:25:36',0,'2018-08-28 07:25:36',0),(37,1,37,3,3,0,0,1000.0000,42,0,'d 12001 1000.00, c 41001 1000.00','2018-08-28 07:25:36',0,'2018-08-28 07:25:36',0),(38,1,38,3,3,0,0,1000.0000,43,0,'d 12001 1000.00, c 41001 1000.00','2018-08-28 07:25:36',0,'2018-08-28 07:25:36',0),(39,1,39,3,3,0,0,1000.0000,44,0,'d 12001 1000.00, c 41001 1000.00','2018-08-28 07:25:36',0,'2018-08-28 07:25:36',0),(40,1,40,3,3,0,0,1000.0000,45,0,'d 12001 1000.00, c 41001 1000.00','2018-08-28 07:25:36',0,'2018-08-28 07:25:36',0),(41,1,41,3,3,0,0,1000.0000,46,0,'d 12001 1000.00, c 41001 1000.00','2018-08-28 07:25:36',0,'2018-08-28 07:25:36',0),(42,1,42,3,3,0,0,2000.0000,47,0,'d 12001 2000.00, c 30000 2000.00','2018-08-28 07:25:36',0,'2018-08-28 07:25:36',0),(43,1,43,3,3,0,0,10.0000,49,0,'d 12001 10.00, c 41408 10.00','2018-08-28 07:25:36',0,'2018-08-28 07:25:36',0),(44,1,44,3,3,0,0,10.0000,50,0,'d 12001 10.00, c 41408 10.00','2018-08-28 07:25:37',0,'2018-08-28 07:25:37',0),(45,1,45,3,3,0,0,10.0000,51,0,'d 12001 10.00, c 41408 10.00','2018-08-28 07:25:37',0,'2018-08-28 07:25:37',0),(46,1,46,3,3,0,0,10.0000,52,0,'d 12001 10.00, c 41408 10.00','2018-08-28 07:25:37',0,'2018-08-28 07:25:37',0),(47,1,47,3,3,0,0,10.0000,53,0,'d 12001 10.00, c 41408 10.00','2018-08-28 07:25:37',0,'2018-08-28 07:25:37',0),(48,1,48,3,3,0,0,10.0000,54,0,'d 12001 10.00, c 41408 10.00','2018-08-28 07:25:37',0,'2018-08-28 07:25:37',0),(49,1,49,3,3,0,0,571.4300,55,0,'d 12001 571.43, c 41001 571.43','2018-08-28 07:25:37',0,'2018-08-28 07:25:37',0),(50,1,50,3,3,0,0,50.0000,56,0,'d 12001 50.00, c 41407 50.00','2018-08-28 07:25:37',0,'2018-08-28 07:25:37',0),(51,1,51,3,3,0,0,5.7100,57,0,'d 12001 5.71, c 41408 5.71','2018-08-28 07:25:37',0,'2018-08-28 07:25:37',0),(52,1,52,3,3,0,0,10.0000,58,0,'d 12001 10.00, c 41416 10.00','2018-08-28 07:25:37',0,'2018-08-28 07:25:37',0),(53,1,53,4,4,0,0,1500.0000,60,0,'d 12001 1500.00, c 41001 1500.00','2018-08-28 07:25:37',0,'2018-08-28 07:25:37',0),(54,1,54,4,4,0,0,1500.0000,61,0,'d 12001 1500.00, c 41001 1500.00','2018-08-28 07:25:37',0,'2018-08-28 07:25:37',0),(55,1,55,4,4,0,0,1500.0000,62,0,'d 12001 1500.00, c 41001 1500.00','2018-08-28 07:25:37',0,'2018-08-28 07:25:37',0),(56,1,56,4,4,0,0,1500.0000,63,0,'d 12001 1500.00, c 41001 1500.00','2018-08-28 07:25:37',0,'2018-08-28 07:25:37',0),(57,1,57,4,4,0,0,1500.0000,64,0,'d 12001 1500.00, c 41001 1500.00','2018-08-28 07:25:37',0,'2018-08-28 07:25:37',0),(58,1,58,4,4,0,0,1500.0000,65,0,'d 12001 1500.00, c 41001 1500.00','2018-08-28 07:25:37',0,'2018-08-28 07:25:37',0),(59,1,59,4,4,0,0,3000.0000,66,0,'d 12001 3000.00, c 30000 3000.00','2018-08-28 07:25:37',0,'2018-08-28 07:25:37',0),(60,1,60,4,4,0,0,10.0000,68,0,'d 12001 10.00, c 41408 10.00','2018-08-28 07:25:37',0,'2018-08-28 07:25:37',0),(61,1,61,4,4,0,0,10.0000,69,0,'d 12001 10.00, c 41408 10.00','2018-08-28 07:25:37',0,'2018-08-28 07:25:37',0),(62,1,62,4,4,0,0,10.0000,70,0,'d 12001 10.00, c 41408 10.00','2018-08-28 07:25:37',0,'2018-08-28 07:25:37',0),(63,1,63,4,4,0,0,10.0000,71,0,'d 12001 10.00, c 41408 10.00','2018-08-28 07:25:37',0,'2018-08-28 07:25:37',0),(64,1,64,4,4,0,0,10.0000,72,0,'d 12001 10.00, c 41408 10.00','2018-08-28 07:25:37',0,'2018-08-28 07:25:37',0),(65,1,65,4,4,0,0,10.0000,73,0,'d 12001 10.00, c 41408 10.00','2018-08-28 07:25:37',0,'2018-08-28 07:25:37',0),(66,1,66,4,4,0,0,857.1400,74,0,'d 12001 857.14, c 41001 857.14','2018-08-28 07:25:37',0,'2018-08-28 07:25:37',0),(67,1,67,4,4,0,0,50.0000,75,0,'d 12001 50.00, c 41407 50.00','2018-08-28 07:25:37',0,'2018-08-28 07:25:37',0),(68,1,68,4,4,0,0,5.7100,76,0,'d 12001 5.71, c 41408 5.71','2018-08-28 07:25:37',0,'2018-08-28 07:25:37',0),(69,1,69,4,4,0,0,10.0000,77,0,'d 12001 10.00, c 41416 10.00','2018-08-28 07:25:37',0,'2018-08-28 07:25:37',0),(70,1,70,5,5,0,0,1500.0000,79,0,'d 12001 1500.00, c 41001 1500.00','2018-08-28 07:25:37',0,'2018-08-28 07:25:37',0),(71,1,71,5,5,0,0,1500.0000,80,0,'d 12001 1500.00, c 41001 1500.00','2018-08-28 07:25:37',0,'2018-08-28 07:25:37',0),(72,1,72,5,5,0,0,1500.0000,81,0,'d 12001 1500.00, c 41001 1500.00','2018-08-28 07:25:37',0,'2018-08-28 07:25:37',0),(73,1,73,5,5,0,0,1500.0000,82,0,'d 12001 1500.00, c 41001 1500.00','2018-08-28 07:25:37',0,'2018-08-28 07:25:37',0),(74,1,74,5,5,0,0,1500.0000,83,0,'d 12001 1500.00, c 41001 1500.00','2018-08-28 07:25:37',0,'2018-08-28 07:25:37',0),(75,1,75,5,5,0,0,1500.0000,84,0,'d 12001 1500.00, c 41001 1500.00','2018-08-28 07:25:37',0,'2018-08-28 07:25:37',0),(76,1,76,5,5,0,0,3000.0000,85,0,'d 12001 3000.00, c 30000 3000.00','2018-08-28 07:25:37',0,'2018-08-28 07:25:37',0),(77,1,77,5,5,0,0,857.1400,86,0,'d 12001 857.14, c 41001 857.14','2018-08-28 07:25:37',0,'2018-08-28 07:25:37',0),(78,1,78,5,5,0,0,10.0000,87,0,'d 12001 10.00, c 41416 10.00','2018-08-28 07:25:37',0,'2018-08-28 07:25:37',0),(79,1,79,6,6,0,0,1750.0000,89,0,'d 12001 1750.00, c 41001 1750.00','2018-08-28 07:25:37',0,'2018-08-28 07:25:37',0),(80,1,80,6,6,0,0,1750.0000,90,0,'d 12001 1750.00, c 41001 1750.00','2018-08-28 07:25:37',0,'2018-08-28 07:25:37',0),(81,1,81,6,6,0,0,1750.0000,91,0,'d 12001 1750.00, c 41001 1750.00','2018-08-28 07:25:37',0,'2018-08-28 07:25:37',0),(82,1,82,6,6,0,0,1750.0000,92,0,'d 12001 1750.00, c 41001 1750.00','2018-08-28 07:25:37',0,'2018-08-28 07:25:37',0),(83,1,83,6,6,0,0,1750.0000,93,0,'d 12001 1750.00, c 41001 1750.00','2018-08-28 07:25:37',0,'2018-08-28 07:25:37',0),(84,1,84,6,6,0,0,1750.0000,94,0,'d 12001 1750.00, c 41001 1750.00','2018-08-28 07:25:37',0,'2018-08-28 07:25:37',0),(85,1,85,6,6,0,0,3500.0000,95,0,'d 12001 3500.00, c 30000 3500.00','2018-08-28 07:25:37',0,'2018-08-28 07:25:37',0),(86,1,86,6,6,0,0,1000.0000,96,0,'d 12001 1000.00, c 41001 1000.00','2018-08-28 07:25:37',0,'2018-08-28 07:25:37',0),(87,1,87,6,6,0,0,10.0000,97,0,'d 12001 10.00, c 41416 10.00','2018-08-28 07:25:37',0,'2018-08-28 07:25:37',0),(88,1,88,7,7,0,0,1750.0000,99,0,'d 12001 1750.00, c 41001 1750.00','2018-08-28 07:25:38',0,'2018-08-28 07:25:38',0),(89,1,89,7,7,0,0,1750.0000,100,0,'d 12001 1750.00, c 41001 1750.00','2018-08-28 07:25:38',0,'2018-08-28 07:25:38',0),(90,1,90,7,7,0,0,1750.0000,101,0,'d 12001 1750.00, c 41001 1750.00','2018-08-28 07:25:38',0,'2018-08-28 07:25:38',0),(91,1,91,7,7,0,0,1750.0000,102,0,'d 12001 1750.00, c 41001 1750.00','2018-08-28 07:25:38',0,'2018-08-28 07:25:38',0),(92,1,92,7,7,0,0,1750.0000,103,0,'d 12001 1750.00, c 41001 1750.00','2018-08-28 07:25:38',0,'2018-08-28 07:25:38',0),(93,1,93,7,7,0,0,1750.0000,104,0,'d 12001 1750.00, c 41001 1750.00','2018-08-28 07:25:38',0,'2018-08-28 07:25:38',0),(94,1,94,7,7,0,0,3500.0000,105,0,'d 12001 3500.00, c 30000 3500.00','2018-08-28 07:25:38',0,'2018-08-28 07:25:38',0),(95,1,95,7,7,0,0,1000.0000,106,0,'d 12001 1000.00, c 41001 1000.00','2018-08-28 07:25:38',0,'2018-08-28 07:25:38',0),(96,1,96,7,7,0,0,10.0000,107,0,'d 12001 10.00, c 41416 10.00','2018-08-28 07:25:38',0,'2018-08-28 07:25:38',0),(97,1,97,8,8,0,0,2500.0000,109,0,'d 12001 2500.00, c 41001 2500.00','2018-08-28 07:25:38',0,'2018-08-28 07:25:38',0),(98,1,98,8,8,0,0,2500.0000,110,0,'d 12001 2500.00, c 41001 2500.00','2018-08-28 07:25:38',0,'2018-08-28 07:25:38',0),(99,1,99,8,8,0,0,2500.0000,111,0,'d 12001 2500.00, c 41001 2500.00','2018-08-28 07:25:38',0,'2018-08-28 07:25:38',0),(100,1,100,8,8,0,0,2500.0000,112,0,'d 12001 2500.00, c 41001 2500.00','2018-08-28 07:25:38',0,'2018-08-28 07:25:38',0),(101,1,101,8,8,0,0,2500.0000,113,0,'d 12001 2500.00, c 41001 2500.00','2018-08-28 07:25:38',0,'2018-08-28 07:25:38',0),(102,1,102,8,8,0,0,2500.0000,114,0,'d 12001 2500.00, c 41001 2500.00','2018-08-28 07:25:38',0,'2018-08-28 07:25:38',0),(103,1,103,8,8,0,0,5000.0000,115,0,'d 12001 5000.00, c 30000 5000.00','2018-08-28 07:25:38',0,'2018-08-28 07:25:38',0),(104,1,104,8,8,0,0,10.0000,117,0,'d 12001 10.00, c 41408 10.00','2018-08-28 07:25:38',0,'2018-08-28 07:25:38',0),(105,1,105,8,8,0,0,10.0000,118,0,'d 12001 10.00, c 41408 10.00','2018-08-28 07:25:38',0,'2018-08-28 07:25:38',0),(106,1,106,8,8,0,0,10.0000,119,0,'d 12001 10.00, c 41408 10.00','2018-08-28 07:25:38',0,'2018-08-28 07:25:38',0),(107,1,107,8,8,0,0,10.0000,120,0,'d 12001 10.00, c 41408 10.00','2018-08-28 07:25:38',0,'2018-08-28 07:25:38',0),(108,1,108,8,8,0,0,10.0000,121,0,'d 12001 10.00, c 41408 10.00','2018-08-28 07:25:38',0,'2018-08-28 07:25:38',0),(109,1,109,8,8,0,0,10.0000,122,0,'d 12001 10.00, c 41408 10.00','2018-08-28 07:25:38',0,'2018-08-28 07:25:38',0),(110,1,110,8,8,0,0,1428.5700,123,0,'d 12001 1428.57, c 41001 1428.57','2018-08-28 07:25:38',0,'2018-08-28 07:25:38',0),(111,1,111,8,8,0,0,50.0000,124,0,'d 12001 50.00, c 41407 50.00','2018-08-28 07:25:38',0,'2018-08-28 07:25:38',0),(112,1,112,8,8,0,0,5.7100,125,0,'d 12001 5.71, c 41408 5.71','2018-08-28 07:25:38',0,'2018-08-28 07:25:38',0),(113,1,113,8,8,0,0,10.0000,126,0,'d 12001 10.00, c 41416 10.00','2018-08-28 07:25:38',0,'2018-08-28 07:25:38',0),(114,1,114,9,9,0,0,2500.0000,128,0,'d 12001 2500.00, c 41001 2500.00','2018-08-28 07:25:38',0,'2018-08-28 07:25:38',0),(115,1,115,9,9,0,0,2500.0000,129,0,'d 12001 2500.00, c 41001 2500.00','2018-08-28 07:25:38',0,'2018-08-28 07:25:38',0),(116,1,116,9,9,0,0,2500.0000,130,0,'d 12001 2500.00, c 41001 2500.00','2018-08-28 07:25:38',0,'2018-08-28 07:25:38',0),(117,1,117,9,9,0,0,2500.0000,131,0,'d 12001 2500.00, c 41001 2500.00','2018-08-28 07:25:38',0,'2018-08-28 07:25:38',0),(118,1,118,9,9,0,0,2500.0000,132,0,'d 12001 2500.00, c 41001 2500.00','2018-08-28 07:25:38',0,'2018-08-28 07:25:38',0),(119,1,119,9,9,0,0,2500.0000,133,0,'d 12001 2500.00, c 41001 2500.00','2018-08-28 07:25:38',0,'2018-08-28 07:25:38',0),(120,1,120,9,9,0,0,5000.0000,134,0,'d 12001 5000.00, c 30000 5000.00','2018-08-28 07:25:38',0,'2018-08-28 07:25:38',0),(121,1,121,9,9,0,0,10.0000,136,0,'d 12001 10.00, c 41408 10.00','2018-08-28 07:25:38',0,'2018-08-28 07:25:38',0),(122,1,122,9,9,0,0,10.0000,137,0,'d 12001 10.00, c 41408 10.00','2018-08-28 07:25:38',0,'2018-08-28 07:25:38',0),(123,1,123,9,9,0,0,10.0000,138,0,'d 12001 10.00, c 41408 10.00','2018-08-28 07:25:38',0,'2018-08-28 07:25:38',0),(124,1,124,9,9,0,0,10.0000,139,0,'d 12001 10.00, c 41408 10.00','2018-08-28 07:25:38',0,'2018-08-28 07:25:38',0),(125,1,125,9,9,0,0,10.0000,140,0,'d 12001 10.00, c 41408 10.00','2018-08-28 07:25:38',0,'2018-08-28 07:25:38',0),(126,1,126,9,9,0,0,10.0000,141,0,'d 12001 10.00, c 41408 10.00','2018-08-28 07:25:38',0,'2018-08-28 07:25:38',0),(127,1,127,9,9,0,0,1428.5700,142,0,'d 12001 1428.57, c 41001 1428.57','2018-08-28 07:25:38',0,'2018-08-28 07:25:38',0),(128,1,128,9,9,0,0,50.0000,143,0,'d 12001 50.00, c 41407 50.00','2018-08-28 07:25:38',0,'2018-08-28 07:25:38',0),(129,1,129,9,9,0,0,5.7100,144,0,'d 12001 5.71, c 41408 5.71','2018-08-28 07:25:38',0,'2018-08-28 07:25:38',0),(130,1,130,9,9,0,0,10.0000,145,0,'d 12001 10.00, c 41416 10.00','2018-08-28 07:25:39',0,'2018-08-28 07:25:39',0),(131,1,131,10,10,0,0,2500.0000,147,0,'d 12001 2500.00, c 41001 2500.00','2018-08-28 07:25:39',0,'2018-08-28 07:25:39',0),(132,1,132,10,10,0,0,2500.0000,148,0,'d 12001 2500.00, c 41001 2500.00','2018-08-28 07:25:39',0,'2018-08-28 07:25:39',0),(133,1,133,10,10,0,0,2500.0000,149,0,'d 12001 2500.00, c 41001 2500.00','2018-08-28 07:25:39',0,'2018-08-28 07:25:39',0),(134,1,134,10,10,0,0,2500.0000,150,0,'d 12001 2500.00, c 41001 2500.00','2018-08-28 07:25:39',0,'2018-08-28 07:25:39',0),(135,1,135,10,10,0,0,2500.0000,151,0,'d 12001 2500.00, c 41001 2500.00','2018-08-28 07:25:39',0,'2018-08-28 07:25:39',0),(136,1,136,10,10,0,0,2500.0000,152,0,'d 12001 2500.00, c 41001 2500.00','2018-08-28 07:25:39',0,'2018-08-28 07:25:39',0),(137,1,137,10,10,0,0,5000.0000,153,0,'d 12001 5000.00, c 30000 5000.00','2018-08-28 07:25:39',0,'2018-08-28 07:25:39',0),(138,1,138,10,10,0,0,10.0000,155,0,'d 12001 10.00, c 41408 10.00','2018-08-28 07:25:39',0,'2018-08-28 07:25:39',0),(139,1,139,10,10,0,0,10.0000,156,0,'d 12001 10.00, c 41408 10.00','2018-08-28 07:25:39',0,'2018-08-28 07:25:39',0),(140,1,140,10,10,0,0,10.0000,157,0,'d 12001 10.00, c 41408 10.00','2018-08-28 07:25:39',0,'2018-08-28 07:25:39',0),(141,1,141,10,10,0,0,10.0000,158,0,'d 12001 10.00, c 41408 10.00','2018-08-28 07:25:39',0,'2018-08-28 07:25:39',0),(142,1,142,10,10,0,0,10.0000,159,0,'d 12001 10.00, c 41408 10.00','2018-08-28 07:25:39',0,'2018-08-28 07:25:39',0),(143,1,143,10,10,0,0,10.0000,160,0,'d 12001 10.00, c 41408 10.00','2018-08-28 07:25:39',0,'2018-08-28 07:25:39',0),(144,1,144,10,10,0,0,1428.5700,161,0,'d 12001 1428.57, c 41001 1428.57','2018-08-28 07:25:39',0,'2018-08-28 07:25:39',0),(145,1,145,10,10,0,0,50.0000,162,0,'d 12001 50.00, c 41407 50.00','2018-08-28 07:25:39',0,'2018-08-28 07:25:39',0),(146,1,146,10,10,0,0,5.7100,163,0,'d 12001 5.71, c 41408 5.71','2018-08-28 07:25:39',0,'2018-08-28 07:25:39',0),(147,1,147,10,10,0,0,10.0000,164,0,'d 12001 10.00, c 41416 10.00','2018-08-28 07:25:39',0,'2018-08-28 07:25:39',0),(148,1,148,0,0,1,0,1000.0000,0,0,'d 10999 _, c 12999 _','2018-08-28 07:25:39',0,'2018-08-28 07:25:39',0),(149,1,149,0,0,1,0,1000.0000,0,0,'d 10999 _, c 12999 _','2018-08-28 07:25:39',0,'2018-08-28 07:25:39',0),(150,1,150,0,0,1,0,1000.0000,0,0,'d 10999 _, c 12999 _','2018-08-28 07:25:39',0,'2018-08-28 07:25:39',0),(151,1,151,0,0,1,0,1000.0000,0,0,'d 10999 _, c 12999 _','2018-08-28 07:25:39',0,'2018-08-28 07:25:39',0),(152,1,152,0,0,1,0,1000.0000,0,0,'d 10999 _, c 12999 _','2018-08-28 07:25:39',0,'2018-08-28 07:25:39',0),(153,1,153,0,0,1,0,1000.0000,0,0,'d 10999 _, c 12999 _','2018-08-28 07:25:39',0,'2018-08-28 07:25:39',0),(154,1,154,0,0,1,0,2000.0000,0,0,'d 10999 _, c 12999 _','2018-08-28 07:25:39',0,'2018-08-28 07:25:39',0),(155,1,155,0,0,1,0,10.0000,0,0,'d 10999 _, c 12999 _','2018-08-28 07:25:39',0,'2018-08-28 07:25:39',0),(156,1,156,0,0,1,0,10.0000,0,0,'d 10999 _, c 12999 _','2018-08-28 07:25:39',0,'2018-08-28 07:25:39',0),(157,1,157,0,0,1,0,10.0000,0,0,'d 10999 _, c 12999 _','2018-08-28 07:25:39',0,'2018-08-28 07:25:39',0),(158,1,158,0,0,1,0,10.0000,0,0,'d 10999 _, c 12999 _','2018-08-28 07:25:39',0,'2018-08-28 07:25:39',0),(159,1,159,0,0,1,0,10.0000,0,0,'d 10999 _, c 12999 _','2018-08-28 07:25:39',0,'2018-08-28 07:25:39',0),(160,1,160,0,0,1,0,10.0000,0,0,'d 10999 _, c 12999 _','2018-08-28 07:25:39',0,'2018-08-28 07:25:39',0),(161,1,161,0,0,1,0,571.4300,0,0,'d 10999 _, c 12999 _','2018-08-28 07:25:39',0,'2018-08-28 07:25:39',0),(162,1,162,0,0,1,0,50.0000,0,0,'d 10999 _, c 12999 _','2018-08-28 07:25:39',0,'2018-08-28 07:25:39',0),(163,1,163,0,0,1,0,5.7100,0,0,'d 10999 _, c 12999 _','2018-08-28 07:25:39',0,'2018-08-28 07:25:39',0),(164,1,164,0,0,1,0,10.0000,0,0,'d 10999 _, c 12999 _','2018-08-28 07:25:39',0,'2018-08-28 07:25:39',0),(165,1,165,0,0,2,0,1000.0000,0,0,'d 10999 _, c 12999 _','2018-08-28 07:25:39',0,'2018-08-28 07:25:39',0),(166,1,166,0,0,2,0,1000.0000,0,0,'d 10999 _, c 12999 _','2018-08-28 07:25:39',0,'2018-08-28 07:25:39',0),(167,1,167,0,0,2,0,1000.0000,0,0,'d 10999 _, c 12999 _','2018-08-28 07:25:39',0,'2018-08-28 07:25:39',0),(168,1,168,0,0,2,0,1000.0000,0,0,'d 10999 _, c 12999 _','2018-08-28 07:25:40',0,'2018-08-28 07:25:40',0),(169,1,169,0,0,2,0,1000.0000,0,0,'d 10999 _, c 12999 _','2018-08-28 07:25:40',0,'2018-08-28 07:25:40',0),(170,1,170,0,0,2,0,1000.0000,0,0,'d 10999 _, c 12999 _','2018-08-28 07:25:40',0,'2018-08-28 07:25:40',0),(171,1,171,0,0,2,0,2000.0000,0,0,'d 10999 _, c 12999 _','2018-08-28 07:25:40',0,'2018-08-28 07:25:40',0),(172,1,172,0,0,2,0,10.0000,0,0,'d 10999 _, c 12999 _','2018-08-28 07:25:40',0,'2018-08-28 07:25:40',0),(173,1,173,0,0,2,0,10.0000,0,0,'d 10999 _, c 12999 _','2018-08-28 07:25:40',0,'2018-08-28 07:25:40',0),(174,1,174,0,0,2,0,10.0000,0,0,'d 10999 _, c 12999 _','2018-08-28 07:25:40',0,'2018-08-28 07:25:40',0),(175,1,175,0,0,2,0,10.0000,0,0,'d 10999 _, c 12999 _','2018-08-28 07:25:40',0,'2018-08-28 07:25:40',0),(176,1,176,0,0,2,0,10.0000,0,0,'d 10999 _, c 12999 _','2018-08-28 07:25:40',0,'2018-08-28 07:25:40',0),(177,1,177,0,0,2,0,10.0000,0,0,'d 10999 _, c 12999 _','2018-08-28 07:25:40',0,'2018-08-28 07:25:40',0),(178,1,178,0,0,2,0,571.4300,0,0,'d 10999 _, c 12999 _','2018-08-28 07:25:40',0,'2018-08-28 07:25:40',0),(179,1,179,0,0,2,0,50.0000,0,0,'d 10999 _, c 12999 _','2018-08-28 07:25:40',0,'2018-08-28 07:25:40',0),(180,1,180,0,0,2,0,5.7100,0,0,'d 10999 _, c 12999 _','2018-08-28 07:25:40',0,'2018-08-28 07:25:40',0),(181,1,181,0,0,2,0,10.0000,0,0,'d 10999 _, c 12999 _','2018-08-28 07:25:40',0,'2018-08-28 07:25:40',0),(182,1,182,0,0,2,0,10.0000,0,0,'d 10999 _, c 12999 _','2018-08-28 07:25:40',0,'2018-08-28 07:25:40',0),(183,1,183,0,0,3,0,1000.0000,0,0,'d 10999 _, c 12999 _','2018-08-28 07:25:40',0,'2018-08-28 07:25:40',0),(184,1,184,0,0,3,0,1000.0000,0,0,'d 10999 _, c 12999 _','2018-08-28 07:25:40',0,'2018-08-28 07:25:40',0),(185,1,185,0,0,3,0,1000.0000,0,0,'d 10999 _, c 12999 _','2018-08-28 07:25:40',0,'2018-08-28 07:25:40',0),(186,1,186,0,0,3,0,1000.0000,0,0,'d 10999 _, c 12999 _','2018-08-28 07:25:40',0,'2018-08-28 07:25:40',0),(187,1,187,0,0,3,0,1000.0000,0,0,'d 10999 _, c 12999 _','2018-08-28 07:25:40',0,'2018-08-28 07:25:40',0),(188,1,188,0,0,3,0,1000.0000,0,0,'d 10999 _, c 12999 _','2018-08-28 07:25:40',0,'2018-08-28 07:25:40',0),(189,1,189,0,0,3,0,2000.0000,0,0,'d 10999 _, c 12999 _','2018-08-28 07:25:40',0,'2018-08-28 07:25:40',0),(190,1,190,0,0,3,0,10.0000,0,0,'d 10999 _, c 12999 _','2018-08-28 07:25:40',0,'2018-08-28 07:25:40',0),(191,1,191,0,0,3,0,10.0000,0,0,'d 10999 _, c 12999 _','2018-08-28 07:25:40',0,'2018-08-28 07:25:40',0),(192,1,192,0,0,3,0,10.0000,0,0,'d 10999 _, c 12999 _','2018-08-28 07:25:40',0,'2018-08-28 07:25:40',0),(193,1,193,0,0,3,0,10.0000,0,0,'d 10999 _, c 12999 _','2018-08-28 07:25:40',0,'2018-08-28 07:25:40',0),(194,1,194,0,0,3,0,10.0000,0,0,'d 10999 _, c 12999 _','2018-08-28 07:25:40',0,'2018-08-28 07:25:40',0),(195,1,195,0,0,3,0,10.0000,0,0,'d 10999 _, c 12999 _','2018-08-28 07:25:40',0,'2018-08-28 07:25:40',0),(196,1,196,0,0,3,0,571.4300,0,0,'d 10999 _, c 12999 _','2018-08-28 07:25:40',0,'2018-08-28 07:25:40',0),(197,1,197,0,0,3,0,50.0000,0,0,'d 10999 _, c 12999 _','2018-08-28 07:25:40',0,'2018-08-28 07:25:40',0),(198,1,198,0,0,3,0,5.7100,0,0,'d 10999 _, c 12999 _','2018-08-28 07:25:40',0,'2018-08-28 07:25:40',0),(199,1,199,0,0,3,0,10.0000,0,0,'d 10999 _, c 12999 _','2018-08-28 07:25:40',0,'2018-08-28 07:25:40',0),(200,1,200,0,0,4,0,1500.0000,0,0,'d 10999 _, c 12999 _','2018-08-28 07:25:40',0,'2018-08-28 07:25:40',0),(201,1,201,0,0,4,0,1500.0000,0,0,'d 10999 _, c 12999 _','2018-08-28 07:25:40',0,'2018-08-28 07:25:40',0),(202,1,202,0,0,4,0,1500.0000,0,0,'d 10999 _, c 12999 _','2018-08-28 07:25:40',0,'2018-08-28 07:25:40',0),(203,1,203,0,0,4,0,1500.0000,0,0,'d 10999 _, c 12999 _','2018-08-28 07:25:40',0,'2018-08-28 07:25:40',0),(204,1,204,0,0,4,0,1500.0000,0,0,'d 10999 _, c 12999 _','2018-08-28 07:25:40',0,'2018-08-28 07:25:40',0),(205,1,205,0,0,4,0,1500.0000,0,0,'d 10999 _, c 12999 _','2018-08-28 07:25:40',0,'2018-08-28 07:25:40',0),(206,1,206,0,0,4,0,3000.0000,0,0,'d 10999 _, c 12999 _','2018-08-28 07:25:41',0,'2018-08-28 07:25:41',0),(207,1,207,0,0,4,0,10.0000,0,0,'d 10999 _, c 12999 _','2018-08-28 07:25:41',0,'2018-08-28 07:25:41',0),(208,1,208,0,0,4,0,10.0000,0,0,'d 10999 _, c 12999 _','2018-08-28 07:25:41',0,'2018-08-28 07:25:41',0),(209,1,209,0,0,4,0,10.0000,0,0,'d 10999 _, c 12999 _','2018-08-28 07:25:41',0,'2018-08-28 07:25:41',0),(210,1,210,0,0,4,0,10.0000,0,0,'d 10999 _, c 12999 _','2018-08-28 07:25:41',0,'2018-08-28 07:25:41',0),(211,1,211,0,0,4,0,10.0000,0,0,'d 10999 _, c 12999 _','2018-08-28 07:25:41',0,'2018-08-28 07:25:41',0),(212,1,212,0,0,4,0,10.0000,0,0,'d 10999 _, c 12999 _','2018-08-28 07:25:41',0,'2018-08-28 07:25:41',0),(213,1,213,0,0,4,0,857.1400,0,0,'d 10999 _, c 12999 _','2018-08-28 07:25:41',0,'2018-08-28 07:25:41',0),(214,1,214,0,0,4,0,50.0000,0,0,'d 10999 _, c 12999 _','2018-08-28 07:25:41',0,'2018-08-28 07:25:41',0),(215,1,215,0,0,4,0,5.7100,0,0,'d 10999 _, c 12999 _','2018-08-28 07:25:41',0,'2018-08-28 07:25:41',0),(216,1,216,0,0,4,0,10.0000,0,0,'d 10999 _, c 12999 _','2018-08-28 07:25:41',0,'2018-08-28 07:25:41',0),(217,1,217,0,0,5,0,1500.0000,0,0,'d 10999 _, c 12999 _','2018-08-28 07:25:41',0,'2018-08-28 07:25:41',0),(218,1,218,0,0,5,0,1500.0000,0,0,'d 10999 _, c 12999 _','2018-08-28 07:25:41',0,'2018-08-28 07:25:41',0),(219,1,219,0,0,5,0,1500.0000,0,0,'d 10999 _, c 12999 _','2018-08-28 07:25:41',0,'2018-08-28 07:25:41',0),(220,1,220,0,0,5,0,1500.0000,0,0,'d 10999 _, c 12999 _','2018-08-28 07:25:41',0,'2018-08-28 07:25:41',0),(221,1,221,0,0,5,0,1500.0000,0,0,'d 10999 _, c 12999 _','2018-08-28 07:25:41',0,'2018-08-28 07:25:41',0),(222,1,222,0,0,5,0,1500.0000,0,0,'d 10999 _, c 12999 _','2018-08-28 07:25:41',0,'2018-08-28 07:25:41',0),(223,1,223,0,0,5,0,3000.0000,0,0,'d 10999 _, c 12999 _','2018-08-28 07:25:41',0,'2018-08-28 07:25:41',0),(224,1,224,0,0,5,0,857.1400,0,0,'d 10999 _, c 12999 _','2018-08-28 07:25:41',0,'2018-08-28 07:25:41',0),(225,1,225,0,0,5,0,10.0000,0,0,'d 10999 _, c 12999 _','2018-08-28 07:25:41',0,'2018-08-28 07:25:41',0),(226,1,226,0,0,6,0,1750.0000,0,0,'d 10999 _, c 12999 _','2018-08-28 07:25:41',0,'2018-08-28 07:25:41',0),(227,1,227,0,0,6,0,1750.0000,0,0,'d 10999 _, c 12999 _','2018-08-28 07:25:41',0,'2018-08-28 07:25:41',0),(228,1,228,0,0,6,0,1750.0000,0,0,'d 10999 _, c 12999 _','2018-08-28 07:25:41',0,'2018-08-28 07:25:41',0),(229,1,229,0,0,6,0,1750.0000,0,0,'d 10999 _, c 12999 _','2018-08-28 07:25:41',0,'2018-08-28 07:25:41',0),(230,1,230,0,0,6,0,1750.0000,0,0,'d 10999 _, c 12999 _','2018-08-28 07:25:41',0,'2018-08-28 07:25:41',0),(231,1,231,0,0,6,0,1750.0000,0,0,'d 10999 _, c 12999 _','2018-08-28 07:25:41',0,'2018-08-28 07:25:41',0),(232,1,232,0,0,6,0,3500.0000,0,0,'d 10999 _, c 12999 _','2018-08-28 07:25:41',0,'2018-08-28 07:25:41',0),(233,1,233,0,0,6,0,1000.0000,0,0,'d 10999 _, c 12999 _','2018-08-28 07:25:41',0,'2018-08-28 07:25:41',0),(234,1,234,0,0,6,0,10.0000,0,0,'d 10999 _, c 12999 _','2018-08-28 07:25:41',0,'2018-08-28 07:25:41',0),(235,1,235,0,0,7,0,1750.0000,0,0,'d 10999 _, c 12999 _','2018-08-28 07:25:41',0,'2018-08-28 07:25:41',0),(236,1,236,0,0,7,0,1750.0000,0,0,'d 10999 _, c 12999 _','2018-08-28 07:25:41',0,'2018-08-28 07:25:41',0),(237,1,237,0,0,7,0,1750.0000,0,0,'d 10999 _, c 12999 _','2018-08-28 07:25:41',0,'2018-08-28 07:25:41',0),(238,1,238,0,0,7,0,1750.0000,0,0,'d 10999 _, c 12999 _','2018-08-28 07:25:41',0,'2018-08-28 07:25:41',0),(239,1,239,0,0,7,0,1750.0000,0,0,'d 10999 _, c 12999 _','2018-08-28 07:25:41',0,'2018-08-28 07:25:41',0),(240,1,240,0,0,7,0,1750.0000,0,0,'d 10999 _, c 12999 _','2018-08-28 07:25:41',0,'2018-08-28 07:25:41',0),(241,1,241,0,0,7,0,3500.0000,0,0,'d 10999 _, c 12999 _','2018-08-28 07:25:41',0,'2018-08-28 07:25:41',0),(242,1,242,0,0,7,0,1000.0000,0,0,'d 10999 _, c 12999 _','2018-08-28 07:25:41',0,'2018-08-28 07:25:41',0),(243,1,243,0,0,7,0,10.0000,0,0,'d 10999 _, c 12999 _','2018-08-28 07:25:41',0,'2018-08-28 07:25:41',0),(244,1,244,0,0,8,0,2500.0000,0,0,'d 10999 _, c 12999 _','2018-08-28 07:25:41',0,'2018-08-28 07:25:41',0),(245,1,245,0,0,8,0,2500.0000,0,0,'d 10999 _, c 12999 _','2018-08-28 07:25:41',0,'2018-08-28 07:25:41',0),(246,1,246,0,0,8,0,2500.0000,0,0,'d 10999 _, c 12999 _','2018-08-28 07:25:42',0,'2018-08-28 07:25:42',0),(247,1,247,0,0,8,0,2500.0000,0,0,'d 10999 _, c 12999 _','2018-08-28 07:25:42',0,'2018-08-28 07:25:42',0),(248,1,248,0,0,8,0,2500.0000,0,0,'d 10999 _, c 12999 _','2018-08-28 07:25:42',0,'2018-08-28 07:25:42',0),(249,1,249,0,0,8,0,2500.0000,0,0,'d 10999 _, c 12999 _','2018-08-28 07:25:42',0,'2018-08-28 07:25:42',0),(250,1,250,0,0,8,0,5000.0000,0,0,'d 10999 _, c 12999 _','2018-08-28 07:25:42',0,'2018-08-28 07:25:42',0),(251,1,251,0,0,8,0,10.0000,0,0,'d 10999 _, c 12999 _','2018-08-28 07:25:42',0,'2018-08-28 07:25:42',0),(252,1,252,0,0,8,0,10.0000,0,0,'d 10999 _, c 12999 _','2018-08-28 07:25:42',0,'2018-08-28 07:25:42',0),(253,1,253,0,0,8,0,10.0000,0,0,'d 10999 _, c 12999 _','2018-08-28 07:25:42',0,'2018-08-28 07:25:42',0),(254,1,254,0,0,8,0,10.0000,0,0,'d 10999 _, c 12999 _','2018-08-28 07:25:42',0,'2018-08-28 07:25:42',0),(255,1,255,0,0,8,0,10.0000,0,0,'d 10999 _, c 12999 _','2018-08-28 07:25:42',0,'2018-08-28 07:25:42',0),(256,1,256,0,0,8,0,10.0000,0,0,'d 10999 _, c 12999 _','2018-08-28 07:25:42',0,'2018-08-28 07:25:42',0),(257,1,257,0,0,8,0,1428.5700,0,0,'d 10999 _, c 12999 _','2018-08-28 07:25:42',0,'2018-08-28 07:25:42',0),(258,1,258,0,0,8,0,50.0000,0,0,'d 10999 _, c 12999 _','2018-08-28 07:25:42',0,'2018-08-28 07:25:42',0),(259,1,259,0,0,8,0,5.7100,0,0,'d 10999 _, c 12999 _','2018-08-28 07:25:42',0,'2018-08-28 07:25:42',0),(260,1,260,0,0,8,0,10.0000,0,0,'d 10999 _, c 12999 _','2018-08-28 07:25:42',0,'2018-08-28 07:25:42',0),(261,1,261,0,0,9,0,2500.0000,0,0,'d 10999 _, c 12999 _','2018-08-28 07:25:42',0,'2018-08-28 07:25:42',0),(262,1,262,0,0,9,0,2500.0000,0,0,'d 10999 _, c 12999 _','2018-08-28 07:25:42',0,'2018-08-28 07:25:42',0),(263,1,263,0,0,9,0,2500.0000,0,0,'d 10999 _, c 12999 _','2018-08-28 07:25:42',0,'2018-08-28 07:25:42',0),(264,1,264,0,0,9,0,2500.0000,0,0,'d 10999 _, c 12999 _','2018-08-28 07:25:42',0,'2018-08-28 07:25:42',0),(265,1,265,0,0,9,0,2500.0000,0,0,'d 10999 _, c 12999 _','2018-08-28 07:25:42',0,'2018-08-28 07:25:42',0),(266,1,266,0,0,9,0,2500.0000,0,0,'d 10999 _, c 12999 _','2018-08-28 07:25:42',0,'2018-08-28 07:25:42',0),(267,1,267,0,0,9,0,5000.0000,0,0,'d 10999 _, c 12999 _','2018-08-28 07:25:42',0,'2018-08-28 07:25:42',0),(268,1,268,0,0,9,0,10.0000,0,0,'d 10999 _, c 12999 _','2018-08-28 07:25:42',0,'2018-08-28 07:25:42',0),(269,1,269,0,0,9,0,10.0000,0,0,'d 10999 _, c 12999 _','2018-08-28 07:25:42',0,'2018-08-28 07:25:42',0),(270,1,270,0,0,9,0,10.0000,0,0,'d 10999 _, c 12999 _','2018-08-28 07:25:42',0,'2018-08-28 07:25:42',0),(271,1,271,0,0,9,0,10.0000,0,0,'d 10999 _, c 12999 _','2018-08-28 07:25:42',0,'2018-08-28 07:25:42',0),(272,1,272,0,0,9,0,10.0000,0,0,'d 10999 _, c 12999 _','2018-08-28 07:25:42',0,'2018-08-28 07:25:42',0),(273,1,273,0,0,9,0,10.0000,0,0,'d 10999 _, c 12999 _','2018-08-28 07:25:42',0,'2018-08-28 07:25:42',0),(274,1,274,0,0,9,0,1428.5700,0,0,'d 10999 _, c 12999 _','2018-08-28 07:25:42',0,'2018-08-28 07:25:42',0),(275,1,275,0,0,9,0,50.0000,0,0,'d 10999 _, c 12999 _','2018-08-28 07:25:42',0,'2018-08-28 07:25:42',0),(276,1,276,0,0,9,0,5.7100,0,0,'d 10999 _, c 12999 _','2018-08-28 07:25:42',0,'2018-08-28 07:25:42',0),(277,1,277,0,0,9,0,10.0000,0,0,'d 10999 _, c 12999 _','2018-08-28 07:25:42',0,'2018-08-28 07:25:42',0),(278,1,278,0,0,10,0,2500.0000,0,0,'d 10999 _, c 12999 _','2018-08-28 07:25:42',0,'2018-08-28 07:25:42',0),(279,1,279,0,0,10,0,2500.0000,0,0,'d 10999 _, c 12999 _','2018-08-28 07:25:42',0,'2018-08-28 07:25:42',0),(280,1,280,0,0,10,0,2500.0000,0,0,'d 10999 _, c 12999 _','2018-08-28 07:25:42',0,'2018-08-28 07:25:42',0),(281,1,281,0,0,10,0,2500.0000,0,0,'d 10999 _, c 12999 _','2018-08-28 07:25:42',0,'2018-08-28 07:25:42',0),(282,1,282,0,0,10,0,2500.0000,0,0,'d 10999 _, c 12999 _','2018-08-28 07:25:43',0,'2018-08-28 07:25:43',0),(283,1,283,0,0,10,0,2500.0000,0,0,'d 10999 _, c 12999 _','2018-08-28 07:25:43',0,'2018-08-28 07:25:43',0),(284,1,284,0,0,10,0,5000.0000,0,0,'d 10999 _, c 12999 _','2018-08-28 07:25:43',0,'2018-08-28 07:25:43',0),(285,1,285,0,0,10,0,10.0000,0,0,'d 10999 _, c 12999 _','2018-08-28 07:25:43',0,'2018-08-28 07:25:43',0),(286,1,286,0,0,10,0,10.0000,0,0,'d 10999 _, c 12999 _','2018-08-28 07:25:43',0,'2018-08-28 07:25:43',0),(287,1,287,0,0,10,0,10.0000,0,0,'d 10999 _, c 12999 _','2018-08-28 07:25:43',0,'2018-08-28 07:25:43',0),(288,1,288,0,0,10,0,10.0000,0,0,'d 10999 _, c 12999 _','2018-08-28 07:25:43',0,'2018-08-28 07:25:43',0),(289,1,289,0,0,10,0,10.0000,0,0,'d 10999 _, c 12999 _','2018-08-28 07:25:43',0,'2018-08-28 07:25:43',0),(290,1,290,0,0,10,0,10.0000,0,0,'d 10999 _, c 12999 _','2018-08-28 07:25:43',0,'2018-08-28 07:25:43',0),(291,1,291,0,0,10,0,1428.5700,0,0,'d 10999 _, c 12999 _','2018-08-28 07:25:43',0,'2018-08-28 07:25:43',0),(292,1,292,0,0,10,0,50.0000,0,0,'d 10999 _, c 12999 _','2018-08-28 07:25:43',0,'2018-08-28 07:25:43',0),(293,1,293,0,0,10,0,5.7100,0,0,'d 10999 _, c 12999 _','2018-08-28 07:25:43',0,'2018-08-28 07:25:43',0),(294,1,294,0,0,10,0,10.0000,0,0,'d 10999 _, c 12999 _','2018-08-28 07:25:43',0,'2018-08-28 07:25:43',0),(295,1,295,9,9,9,120,5000.0000,134,0,'ASM(134) d 12999 5000.00,c 12001 5000.00','2018-08-28 07:25:43',0,'2018-08-28 07:25:43',0),(296,1,296,9,9,9,127,1428.5700,142,0,'ASM(142) d 12999 1428.57,c 12001 1428.57','2018-08-28 07:25:43',0,'2018-08-28 07:25:43',0),(297,1,297,9,9,9,128,50.0000,143,0,'ASM(143) d 12999 50.00,c 12001 50.00','2018-08-28 07:25:43',0,'2018-08-28 07:25:43',0),(298,1,298,9,9,9,129,5.7100,144,0,'ASM(144) d 12999 5.71,c 12001 5.71','2018-08-28 07:25:43',0,'2018-08-28 07:25:43',0),(299,1,299,9,9,9,130,10.0000,145,0,'ASM(145) d 12999 10.00,c 12001 10.00','2018-08-28 07:25:43',0,'2018-08-28 07:25:43',0),(300,1,300,9,9,9,114,2500.0000,128,0,'ASM(128) d 12999 2500.00,c 12001 2500.00','2018-08-28 07:25:43',0,'2018-08-28 07:25:43',0),(301,1,301,9,9,9,121,10.0000,136,0,'ASM(136) d 12999 10.00,c 12001 10.00','2018-08-28 07:25:43',0,'2018-08-28 07:25:43',0),(302,1,302,9,9,9,115,2500.0000,129,0,'ASM(129) d 12999 2500.00,c 12001 2500.00','2018-08-28 07:25:43',0,'2018-08-28 07:25:43',0),(303,1,303,9,9,9,122,10.0000,137,0,'ASM(137) d 12999 10.00,c 12001 10.00','2018-08-28 07:25:43',0,'2018-08-28 07:25:43',0),(304,1,304,9,9,9,116,2500.0000,130,0,'ASM(130) d 12999 2500.00,c 12001 2500.00','2018-08-28 07:25:43',0,'2018-08-28 07:25:43',0),(305,1,305,9,9,9,123,10.0000,138,0,'ASM(138) d 12999 10.00,c 12001 10.00','2018-08-28 07:25:43',0,'2018-08-28 07:25:43',0),(306,1,306,9,9,9,117,2500.0000,131,0,'ASM(131) d 12999 2500.00,c 12001 2500.00','2018-08-28 07:25:43',0,'2018-08-28 07:25:43',0),(307,1,307,9,9,9,124,10.0000,139,0,'ASM(139) d 12999 10.00,c 12001 10.00','2018-08-28 07:25:43',0,'2018-08-28 07:25:43',0),(308,1,308,9,9,9,118,2500.0000,132,0,'ASM(132) d 12999 2500.00,c 12001 2500.00','2018-08-28 07:25:43',0,'2018-08-28 07:25:43',0),(309,1,309,9,9,9,125,10.0000,140,0,'ASM(140) d 12999 10.00,c 12001 10.00','2018-08-28 07:25:43',0,'2018-08-28 07:25:43',0),(310,1,310,9,9,9,119,2500.0000,133,0,'ASM(133) d 12999 2500.00,c 12001 2500.00','2018-08-28 07:25:43',0,'2018-08-28 07:25:43',0),(311,1,311,9,9,9,126,10.0000,141,0,'ASM(141) d 12999 10.00,c 12001 10.00','2018-08-28 07:25:43',0,'2018-08-28 07:25:43',0),(312,1,312,1,1,1,7,2000.0000,8,0,'ASM(8) d 12999 2000.00,c 12001 2000.00','2018-08-28 07:25:43',0,'2018-08-28 07:25:43',0),(313,1,313,1,1,1,14,571.4300,16,0,'ASM(16) d 12999 571.43,c 12001 571.43','2018-08-28 07:25:43',0,'2018-08-28 07:25:43',0),(314,1,314,1,1,1,15,50.0000,17,0,'ASM(17) d 12999 50.00,c 12001 50.00','2018-08-28 07:25:43',0,'2018-08-28 07:25:43',0),(315,1,315,1,1,1,16,5.7100,18,0,'ASM(18) d 12999 5.71,c 12001 5.71','2018-08-28 07:25:43',0,'2018-08-28 07:25:43',0),(316,1,316,1,1,1,17,10.0000,19,0,'ASM(19) d 12999 10.00,c 12001 10.00','2018-08-28 07:25:43',0,'2018-08-28 07:25:43',0),(317,1,317,1,1,1,1,1000.0000,2,0,'ASM(2) d 12999 1000.00,c 12001 1000.00','2018-08-28 07:25:43',0,'2018-08-28 07:25:43',0),(318,1,318,1,1,1,8,10.0000,10,0,'ASM(10) d 12999 10.00,c 12001 10.00','2018-08-28 07:25:43',0,'2018-08-28 07:25:43',0),(319,1,319,1,1,1,2,1000.0000,3,0,'ASM(3) d 12999 1000.00,c 12001 1000.00','2018-08-28 07:25:43',0,'2018-08-28 07:25:43',0),(320,1,320,1,1,1,9,10.0000,11,0,'ASM(11) d 12999 10.00,c 12001 10.00','2018-08-28 07:25:43',0,'2018-08-28 07:25:43',0),(321,1,321,1,1,1,3,1000.0000,4,0,'ASM(4) d 12999 1000.00,c 12001 1000.00','2018-08-28 07:25:43',0,'2018-08-28 07:25:43',0),(322,1,322,1,1,1,10,10.0000,12,0,'ASM(12) d 12999 10.00,c 12001 10.00','2018-08-28 07:25:43',0,'2018-08-28 07:25:43',0),(323,1,323,1,1,1,4,1000.0000,5,0,'ASM(5) d 12999 1000.00,c 12001 1000.00','2018-08-28 07:25:43',0,'2018-08-28 07:25:43',0),(324,1,324,1,1,1,11,10.0000,13,0,'ASM(13) d 12999 10.00,c 12001 10.00','2018-08-28 07:25:43',0,'2018-08-28 07:25:43',0),(325,1,325,1,1,1,5,1000.0000,6,0,'ASM(6) d 12999 1000.00,c 12001 1000.00','2018-08-28 07:25:43',0,'2018-08-28 07:25:43',0),(326,1,326,1,1,1,12,10.0000,14,0,'ASM(14) d 12999 10.00,c 12001 10.00','2018-08-28 07:25:43',0,'2018-08-28 07:25:43',0),(327,1,327,1,1,1,6,1000.0000,7,0,'ASM(7) d 12999 1000.00,c 12001 1000.00','2018-08-28 07:25:43',0,'2018-08-28 07:25:43',0),(328,1,328,1,1,1,13,10.0000,15,0,'ASM(15) d 12999 10.00,c 12001 10.00','2018-08-28 07:25:43',0,'2018-08-28 07:25:43',0),(329,1,329,2,2,2,24,2000.0000,27,0,'ASM(27) d 12999 2000.00,c 12001 2000.00','2018-08-28 07:25:43',0,'2018-08-28 07:25:43',0),(330,1,330,2,2,2,31,571.4300,35,0,'ASM(35) d 12999 571.43,c 12001 571.43','2018-08-28 07:25:43',0,'2018-08-28 07:25:43',0),(331,1,331,2,2,2,32,50.0000,36,0,'ASM(36) d 12999 50.00,c 12001 50.00','2018-08-28 07:25:44',0,'2018-08-28 07:25:44',0),(332,1,332,2,2,2,33,5.7100,37,0,'ASM(37) d 12999 5.71,c 12001 5.71','2018-08-28 07:25:44',0,'2018-08-28 07:25:44',0),(333,1,333,2,2,2,34,10.0000,38,0,'ASM(38) d 12999 10.00,c 12001 10.00','2018-08-28 07:25:44',0,'2018-08-28 07:25:44',0),(334,1,334,2,2,2,35,10.0000,39,0,'ASM(39) d 12999 10.00,c 12001 10.00','2018-08-28 07:25:44',0,'2018-08-28 07:25:44',0),(335,1,335,2,2,2,18,1000.0000,21,0,'ASM(21) d 12999 1000.00,c 12001 1000.00','2018-08-28 07:25:44',0,'2018-08-28 07:25:44',0),(336,1,336,2,2,2,25,10.0000,29,0,'ASM(29) d 12999 10.00,c 12001 10.00','2018-08-28 07:25:44',0,'2018-08-28 07:25:44',0),(337,1,337,2,2,2,19,1000.0000,22,0,'ASM(22) d 12999 1000.00,c 12001 1000.00','2018-08-28 07:25:44',0,'2018-08-28 07:25:44',0),(338,1,338,2,2,2,26,10.0000,30,0,'ASM(30) d 12999 10.00,c 12001 10.00','2018-08-28 07:25:44',0,'2018-08-28 07:25:44',0),(339,1,339,2,2,2,20,1000.0000,23,0,'ASM(23) d 12999 1000.00,c 12001 1000.00','2018-08-28 07:25:44',0,'2018-08-28 07:25:44',0),(340,1,340,2,2,2,27,10.0000,31,0,'ASM(31) d 12999 10.00,c 12001 10.00','2018-08-28 07:25:44',0,'2018-08-28 07:25:44',0),(341,1,341,2,2,2,21,1000.0000,24,0,'ASM(24) d 12999 1000.00,c 12001 1000.00','2018-08-28 07:25:44',0,'2018-08-28 07:25:44',0),(342,1,342,2,2,2,28,10.0000,32,0,'ASM(32) d 12999 10.00,c 12001 10.00','2018-08-28 07:25:44',0,'2018-08-28 07:25:44',0),(343,1,343,2,2,2,22,1000.0000,25,0,'ASM(25) d 12999 1000.00,c 12001 1000.00','2018-08-28 07:25:44',0,'2018-08-28 07:25:44',0),(344,1,344,2,2,2,29,10.0000,33,0,'ASM(33) d 12999 10.00,c 12001 10.00','2018-08-28 07:25:44',0,'2018-08-28 07:25:44',0),(345,1,345,2,2,2,23,1000.0000,26,0,'ASM(26) d 12999 1000.00,c 12001 1000.00','2018-08-28 07:25:44',0,'2018-08-28 07:25:44',0),(346,1,346,2,2,2,30,10.0000,34,0,'ASM(34) d 12999 10.00,c 12001 10.00','2018-08-28 07:25:44',0,'2018-08-28 07:25:44',0),(347,1,347,5,5,5,76,3000.0000,85,0,'ASM(85) d 12999 3000.00,c 12001 3000.00','2018-08-28 07:25:44',0,'2018-08-28 07:25:44',0),(348,1,348,5,5,5,77,857.1400,86,0,'ASM(86) d 12999 857.14,c 12001 857.14','2018-08-28 07:25:44',0,'2018-08-28 07:25:44',0),(349,1,349,5,5,5,78,10.0000,87,0,'ASM(87) d 12999 10.00,c 12001 10.00','2018-08-28 07:25:44',0,'2018-08-28 07:25:44',0),(350,1,350,5,5,5,70,1500.0000,79,0,'ASM(79) d 12999 1500.00,c 12001 1500.00','2018-08-28 07:25:44',0,'2018-08-28 07:25:44',0),(351,1,351,5,5,5,71,1500.0000,80,0,'ASM(80) d 12999 1500.00,c 12001 1500.00','2018-08-28 07:25:44',0,'2018-08-28 07:25:44',0),(352,1,352,5,5,5,72,1500.0000,81,0,'ASM(81) d 12999 1500.00,c 12001 1500.00','2018-08-28 07:25:44',0,'2018-08-28 07:25:44',0),(353,1,353,5,5,5,73,1500.0000,82,0,'ASM(82) d 12999 1500.00,c 12001 1500.00','2018-08-28 07:25:44',0,'2018-08-28 07:25:44',0),(354,1,354,5,5,5,74,1500.0000,83,0,'ASM(83) d 12999 1500.00,c 12001 1500.00','2018-08-28 07:25:44',0,'2018-08-28 07:25:44',0),(355,1,355,5,5,5,75,1500.0000,84,0,'ASM(84) d 12999 1500.00,c 12001 1500.00','2018-08-28 07:25:44',0,'2018-08-28 07:25:44',0),(356,1,356,8,8,8,103,5000.0000,115,0,'ASM(115) d 12999 5000.00,c 12001 5000.00','2018-08-28 07:25:44',0,'2018-08-28 07:25:44',0),(357,1,357,8,8,8,110,1428.5700,123,0,'ASM(123) d 12999 1428.57,c 12001 1428.57','2018-08-28 07:25:44',0,'2018-08-28 07:25:44',0),(358,1,358,8,8,8,111,50.0000,124,0,'ASM(124) d 12999 50.00,c 12001 50.00','2018-08-28 07:25:44',0,'2018-08-28 07:25:44',0),(359,1,359,8,8,8,112,5.7100,125,0,'ASM(125) d 12999 5.71,c 12001 5.71','2018-08-28 07:25:44',0,'2018-08-28 07:25:44',0),(360,1,360,8,8,8,113,10.0000,126,0,'ASM(126) d 12999 10.00,c 12001 10.00','2018-08-28 07:25:44',0,'2018-08-28 07:25:44',0),(361,1,361,8,8,8,97,2500.0000,109,0,'ASM(109) d 12999 2500.00,c 12001 2500.00','2018-08-28 07:25:44',0,'2018-08-28 07:25:44',0),(362,1,362,8,8,8,104,10.0000,117,0,'ASM(117) d 12999 10.00,c 12001 10.00','2018-08-28 07:25:44',0,'2018-08-28 07:25:44',0),(363,1,363,8,8,8,98,2500.0000,110,0,'ASM(110) d 12999 2500.00,c 12001 2500.00','2018-08-28 07:25:44',0,'2018-08-28 07:25:44',0),(364,1,364,8,8,8,105,10.0000,118,0,'ASM(118) d 12999 10.00,c 12001 10.00','2018-08-28 07:25:44',0,'2018-08-28 07:25:44',0),(365,1,365,8,8,8,99,2500.0000,111,0,'ASM(111) d 12999 2500.00,c 12001 2500.00','2018-08-28 07:25:44',0,'2018-08-28 07:25:44',0),(366,1,366,8,8,8,106,10.0000,119,0,'ASM(119) d 12999 10.00,c 12001 10.00','2018-08-28 07:25:44',0,'2018-08-28 07:25:44',0),(367,1,367,8,8,8,100,2500.0000,112,0,'ASM(112) d 12999 2500.00,c 12001 2500.00','2018-08-28 07:25:44',0,'2018-08-28 07:25:44',0),(368,1,368,8,8,8,107,10.0000,120,0,'ASM(120) d 12999 10.00,c 12001 10.00','2018-08-28 07:25:44',0,'2018-08-28 07:25:44',0),(369,1,369,8,8,8,101,2500.0000,113,0,'ASM(113) d 12999 2500.00,c 12001 2500.00','2018-08-28 07:25:44',0,'2018-08-28 07:25:44',0),(370,1,370,8,8,8,108,10.0000,121,0,'ASM(121) d 12999 10.00,c 12001 10.00','2018-08-28 07:25:44',0,'2018-08-28 07:25:44',0),(371,1,371,8,8,8,102,2500.0000,114,0,'ASM(114) d 12999 2500.00,c 12001 2500.00','2018-08-28 07:25:44',0,'2018-08-28 07:25:44',0),(372,1,372,8,8,8,109,10.0000,122,0,'ASM(122) d 12999 10.00,c 12001 10.00','2018-08-28 07:25:44',0,'2018-08-28 07:25:44',0),(373,1,373,10,10,10,137,5000.0000,153,0,'ASM(153) d 12999 5000.00,c 12001 5000.00','2018-08-28 07:25:44',0,'2018-08-28 07:25:44',0),(374,1,374,10,10,10,144,1428.5700,161,0,'ASM(161) d 12999 1428.57,c 12001 1428.57','2018-08-28 07:25:44',0,'2018-08-28 07:25:44',0),(375,1,375,10,10,10,145,50.0000,162,0,'ASM(162) d 12999 50.00,c 12001 50.00','2018-08-28 07:25:44',0,'2018-08-28 07:25:44',0),(376,1,376,10,10,10,146,5.7100,163,0,'ASM(163) d 12999 5.71,c 12001 5.71','2018-08-28 07:25:44',0,'2018-08-28 07:25:44',0),(377,1,377,10,10,10,147,10.0000,164,0,'ASM(164) d 12999 10.00,c 12001 10.00','2018-08-28 07:25:44',0,'2018-08-28 07:25:44',0),(378,1,378,10,10,10,131,2500.0000,147,0,'ASM(147) d 12999 2500.00,c 12001 2500.00','2018-08-28 07:25:44',0,'2018-08-28 07:25:44',0),(379,1,379,10,10,10,138,10.0000,155,0,'ASM(155) d 12999 10.00,c 12001 10.00','2018-08-28 07:25:44',0,'2018-08-28 07:25:44',0),(380,1,380,10,10,10,132,2500.0000,148,0,'ASM(148) d 12999 2500.00,c 12001 2500.00','2018-08-28 07:25:44',0,'2018-08-28 07:25:44',0),(381,1,381,10,10,10,139,10.0000,156,0,'ASM(156) d 12999 10.00,c 12001 10.00','2018-08-28 07:25:44',0,'2018-08-28 07:25:44',0),(382,1,382,10,10,10,133,2500.0000,149,0,'ASM(149) d 12999 2500.00,c 12001 2500.00','2018-08-28 07:25:44',0,'2018-08-28 07:25:44',0),(383,1,383,10,10,10,140,10.0000,157,0,'ASM(157) d 12999 10.00,c 12001 10.00','2018-08-28 07:25:44',0,'2018-08-28 07:25:44',0),(384,1,384,10,10,10,134,2500.0000,150,0,'ASM(150) d 12999 2500.00,c 12001 2500.00','2018-08-28 07:25:44',0,'2018-08-28 07:25:44',0),(385,1,385,10,10,10,141,10.0000,158,0,'ASM(158) d 12999 10.00,c 12001 10.00','2018-08-28 07:25:44',0,'2018-08-28 07:25:44',0),(386,1,386,10,10,10,135,2500.0000,151,0,'ASM(151) d 12999 2500.00,c 12001 2500.00','2018-08-28 07:25:44',0,'2018-08-28 07:25:44',0),(387,1,387,10,10,10,142,10.0000,159,0,'ASM(159) d 12999 10.00,c 12001 10.00','2018-08-28 07:25:44',0,'2018-08-28 07:25:44',0),(388,1,388,10,10,10,136,2500.0000,152,0,'ASM(152) d 12999 2500.00,c 12001 2500.00','2018-08-28 07:25:44',0,'2018-08-28 07:25:44',0),(389,1,389,10,10,10,143,10.0000,160,0,'ASM(160) d 12999 10.00,c 12001 10.00','2018-08-28 07:25:44',0,'2018-08-28 07:25:44',0),(390,1,390,3,3,3,42,2000.0000,47,0,'ASM(47) d 12999 2000.00,c 12001 2000.00','2018-08-28 07:25:45',0,'2018-08-28 07:25:45',0),(391,1,391,3,3,3,49,571.4300,55,0,'ASM(55) d 12999 571.43,c 12001 571.43','2018-08-28 07:25:45',0,'2018-08-28 07:25:45',0),(392,1,392,3,3,3,50,50.0000,56,0,'ASM(56) d 12999 50.00,c 12001 50.00','2018-08-28 07:25:45',0,'2018-08-28 07:25:45',0),(393,1,393,3,3,3,51,5.7100,57,0,'ASM(57) d 12999 5.71,c 12001 5.71','2018-08-28 07:25:45',0,'2018-08-28 07:25:45',0),(394,1,394,3,3,3,52,10.0000,58,0,'ASM(58) d 12999 10.00,c 12001 10.00','2018-08-28 07:25:45',0,'2018-08-28 07:25:45',0),(395,1,395,3,3,3,36,1000.0000,41,0,'ASM(41) d 12999 1000.00,c 12001 1000.00','2018-08-28 07:25:45',0,'2018-08-28 07:25:45',0),(396,1,396,3,3,3,43,10.0000,49,0,'ASM(49) d 12999 10.00,c 12001 10.00','2018-08-28 07:25:45',0,'2018-08-28 07:25:45',0),(397,1,397,3,3,3,37,1000.0000,42,0,'ASM(42) d 12999 1000.00,c 12001 1000.00','2018-08-28 07:25:45',0,'2018-08-28 07:25:45',0),(398,1,398,3,3,3,44,10.0000,50,0,'ASM(50) d 12999 10.00,c 12001 10.00','2018-08-28 07:25:45',0,'2018-08-28 07:25:45',0),(399,1,399,3,3,3,38,1000.0000,43,0,'ASM(43) d 12999 1000.00,c 12001 1000.00','2018-08-28 07:25:45',0,'2018-08-28 07:25:45',0),(400,1,400,3,3,3,45,10.0000,51,0,'ASM(51) d 12999 10.00,c 12001 10.00','2018-08-28 07:25:45',0,'2018-08-28 07:25:45',0),(401,1,401,3,3,3,39,1000.0000,44,0,'ASM(44) d 12999 1000.00,c 12001 1000.00','2018-08-28 07:25:45',0,'2018-08-28 07:25:45',0),(402,1,402,3,3,3,46,10.0000,52,0,'ASM(52) d 12999 10.00,c 12001 10.00','2018-08-28 07:25:45',0,'2018-08-28 07:25:45',0),(403,1,403,3,3,3,40,1000.0000,45,0,'ASM(45) d 12999 1000.00,c 12001 1000.00','2018-08-28 07:25:45',0,'2018-08-28 07:25:45',0),(404,1,404,3,3,3,47,10.0000,53,0,'ASM(53) d 12999 10.00,c 12001 10.00','2018-08-28 07:25:45',0,'2018-08-28 07:25:45',0),(405,1,405,3,3,3,41,1000.0000,46,0,'ASM(46) d 12999 1000.00,c 12001 1000.00','2018-08-28 07:25:45',0,'2018-08-28 07:25:45',0),(406,1,406,3,3,3,48,10.0000,54,0,'ASM(54) d 12999 10.00,c 12001 10.00','2018-08-28 07:25:45',0,'2018-08-28 07:25:45',0),(407,1,407,4,4,4,59,3000.0000,66,0,'ASM(66) d 12999 3000.00,c 12001 3000.00','2018-08-28 07:25:45',0,'2018-08-28 07:25:45',0),(408,1,408,4,4,4,66,857.1400,74,0,'ASM(74) d 12999 857.14,c 12001 857.14','2018-08-28 07:25:45',0,'2018-08-28 07:25:45',0),(409,1,409,4,4,4,67,50.0000,75,0,'ASM(75) d 12999 50.00,c 12001 50.00','2018-08-28 07:25:45',0,'2018-08-28 07:25:45',0),(410,1,410,4,4,4,68,5.7100,76,0,'ASM(76) d 12999 5.71,c 12001 5.71','2018-08-28 07:25:45',0,'2018-08-28 07:25:45',0),(411,1,411,4,4,4,69,10.0000,77,0,'ASM(77) d 12999 10.00,c 12001 10.00','2018-08-28 07:25:45',0,'2018-08-28 07:25:45',0),(412,1,412,4,4,4,53,1500.0000,60,0,'ASM(60) d 12999 1500.00,c 12001 1500.00','2018-08-28 07:25:45',0,'2018-08-28 07:25:45',0),(413,1,413,4,4,4,60,10.0000,68,0,'ASM(68) d 12999 10.00,c 12001 10.00','2018-08-28 07:25:45',0,'2018-08-28 07:25:45',0),(414,1,414,4,4,4,54,1500.0000,61,0,'ASM(61) d 12999 1500.00,c 12001 1500.00','2018-08-28 07:25:45',0,'2018-08-28 07:25:45',0),(415,1,415,4,4,4,61,10.0000,69,0,'ASM(69) d 12999 10.00,c 12001 10.00','2018-08-28 07:25:45',0,'2018-08-28 07:25:45',0),(416,1,416,4,4,4,55,1500.0000,62,0,'ASM(62) d 12999 1500.00,c 12001 1500.00','2018-08-28 07:25:45',0,'2018-08-28 07:25:45',0),(417,1,417,4,4,4,62,10.0000,70,0,'ASM(70) d 12999 10.00,c 12001 10.00','2018-08-28 07:25:45',0,'2018-08-28 07:25:45',0),(418,1,418,4,4,4,56,1500.0000,63,0,'ASM(63) d 12999 1500.00,c 12001 1500.00','2018-08-28 07:25:45',0,'2018-08-28 07:25:45',0),(419,1,419,4,4,4,63,10.0000,71,0,'ASM(71) d 12999 10.00,c 12001 10.00','2018-08-28 07:25:45',0,'2018-08-28 07:25:45',0),(420,1,420,4,4,4,57,1500.0000,64,0,'ASM(64) d 12999 1500.00,c 12001 1500.00','2018-08-28 07:25:45',0,'2018-08-28 07:25:45',0),(421,1,421,4,4,4,64,10.0000,72,0,'ASM(72) d 12999 10.00,c 12001 10.00','2018-08-28 07:25:45',0,'2018-08-28 07:25:45',0),(422,1,422,4,4,4,58,1500.0000,65,0,'ASM(65) d 12999 1500.00,c 12001 1500.00','2018-08-28 07:25:45',0,'2018-08-28 07:25:45',0),(423,1,423,4,4,4,65,10.0000,73,0,'ASM(73) d 12999 10.00,c 12001 10.00','2018-08-28 07:25:45',0,'2018-08-28 07:25:45',0),(424,1,424,6,6,6,85,3500.0000,95,0,'ASM(95) d 12999 3500.00,c 12001 3500.00','2018-08-28 07:25:45',0,'2018-08-28 07:25:45',0),(425,1,425,6,6,6,86,1000.0000,96,0,'ASM(96) d 12999 1000.00,c 12001 1000.00','2018-08-28 07:25:45',0,'2018-08-28 07:25:45',0),(426,1,426,6,6,6,87,10.0000,97,0,'ASM(97) d 12999 10.00,c 12001 10.00','2018-08-28 07:25:45',0,'2018-08-28 07:25:45',0),(427,1,427,6,6,6,79,1750.0000,89,0,'ASM(89) d 12999 1750.00,c 12001 1750.00','2018-08-28 07:25:45',0,'2018-08-28 07:25:45',0),(428,1,428,6,6,6,80,1750.0000,90,0,'ASM(90) d 12999 1750.00,c 12001 1750.00','2018-08-28 07:25:45',0,'2018-08-28 07:25:45',0),(429,1,429,6,6,6,81,1750.0000,91,0,'ASM(91) d 12999 1750.00,c 12001 1750.00','2018-08-28 07:25:45',0,'2018-08-28 07:25:45',0),(430,1,430,6,6,6,82,1750.0000,92,0,'ASM(92) d 12999 1750.00,c 12001 1750.00','2018-08-28 07:25:45',0,'2018-08-28 07:25:45',0),(431,1,431,6,6,6,83,1750.0000,93,0,'ASM(93) d 12999 1750.00,c 12001 1750.00','2018-08-28 07:25:45',0,'2018-08-28 07:25:45',0),(432,1,432,6,6,6,84,1750.0000,94,0,'ASM(94) d 12999 1750.00,c 12001 1750.00','2018-08-28 07:25:45',0,'2018-08-28 07:25:45',0),(433,1,433,7,7,7,94,3500.0000,105,0,'ASM(105) d 12999 3500.00,c 12001 3500.00','2018-08-28 07:25:45',0,'2018-08-28 07:25:45',0),(434,1,434,7,7,7,95,1000.0000,106,0,'ASM(106) d 12999 1000.00,c 12001 1000.00','2018-08-28 07:25:45',0,'2018-08-28 07:25:45',0),(435,1,435,7,7,7,96,10.0000,107,0,'ASM(107) d 12999 10.00,c 12001 10.00','2018-08-28 07:25:45',0,'2018-08-28 07:25:45',0),(436,1,436,7,7,7,88,1750.0000,99,0,'ASM(99) d 12999 1750.00,c 12001 1750.00','2018-08-28 07:25:45',0,'2018-08-28 07:25:45',0),(437,1,437,7,7,7,89,1750.0000,100,0,'ASM(100) d 12999 1750.00,c 12001 1750.00','2018-08-28 07:25:45',0,'2018-08-28 07:25:45',0),(438,1,438,7,7,7,90,1750.0000,101,0,'ASM(101) d 12999 1750.00,c 12001 1750.00','2018-08-28 07:25:45',0,'2018-08-28 07:25:45',0),(439,1,439,7,7,7,91,1750.0000,102,0,'ASM(102) d 12999 1750.00,c 12001 1750.00','2018-08-28 07:25:45',0,'2018-08-28 07:25:45',0),(440,1,440,7,7,7,92,1750.0000,103,0,'ASM(103) d 12999 1750.00,c 12001 1750.00','2018-08-28 07:25:45',0,'2018-08-28 07:25:45',0),(441,1,441,7,7,7,93,1750.0000,104,0,'ASM(104) d 12999 1750.00,c 12001 1750.00','2018-08-28 07:25:45',0,'2018-08-28 07:25:45',0),(442,1,442,0,1,1,14,571.4300,16,0,'d 10105 571.4300, c 10999 571.4300','2018-08-28 07:25:45',0,'2018-08-28 07:25:45',0),(443,1,443,0,1,1,15,50.0000,17,0,'d 10105 50.0000, c 10999 50.0000','2018-08-28 07:25:46',0,'2018-08-28 07:25:46',0),(444,1,444,0,1,1,16,5.7100,18,0,'d 10105 5.7100, c 10999 5.7100','2018-08-28 07:25:46',0,'2018-08-28 07:25:46',0),(445,1,445,0,1,1,17,10.0000,19,0,'d 10105 10.0000, c 10999 10.0000','2018-08-28 07:25:46',0,'2018-08-28 07:25:46',0),(446,1,446,0,2,2,31,571.4300,35,0,'d 10105 571.4300, c 10999 571.4300','2018-08-28 07:25:46',0,'2018-08-28 07:25:46',0),(447,1,447,0,2,2,32,50.0000,36,0,'d 10105 50.0000, c 10999 50.0000','2018-08-28 07:25:46',0,'2018-08-28 07:25:46',0),(448,1,448,0,2,2,33,5.7100,37,0,'d 10105 5.7100, c 10999 5.7100','2018-08-28 07:25:46',0,'2018-08-28 07:25:46',0),(449,1,449,0,2,2,34,10.0000,38,0,'d 10105 10.0000, c 10999 10.0000','2018-08-28 07:25:46',0,'2018-08-28 07:25:46',0),(450,1,450,0,2,2,35,10.0000,39,0,'d 10105 10.0000, c 10999 10.0000','2018-08-28 07:25:46',0,'2018-08-28 07:25:46',0),(451,1,451,0,3,3,49,571.4300,55,0,'d 10105 571.4300, c 10999 571.4300','2018-08-28 07:25:46',0,'2018-08-28 07:25:46',0),(452,1,452,0,3,3,50,50.0000,56,0,'d 10105 50.0000, c 10999 50.0000','2018-08-28 07:25:46',0,'2018-08-28 07:25:46',0),(453,1,453,0,3,3,51,5.7100,57,0,'d 10105 5.7100, c 10999 5.7100','2018-08-28 07:25:46',0,'2018-08-28 07:25:46',0),(454,1,454,0,3,3,52,10.0000,58,0,'d 10105 10.0000, c 10999 10.0000','2018-08-28 07:25:46',0,'2018-08-28 07:25:46',0),(455,1,455,0,4,4,66,857.1400,74,0,'d 10105 857.1400, c 10999 857.1400','2018-08-28 07:25:46',0,'2018-08-28 07:25:46',0),(456,1,456,0,4,4,67,50.0000,75,0,'d 10105 50.0000, c 10999 50.0000','2018-08-28 07:25:46',0,'2018-08-28 07:25:46',0),(457,1,457,0,4,4,68,5.7100,76,0,'d 10105 5.7100, c 10999 5.7100','2018-08-28 07:25:46',0,'2018-08-28 07:25:46',0),(458,1,458,0,4,4,69,10.0000,77,0,'d 10105 10.0000, c 10999 10.0000','2018-08-28 07:25:46',0,'2018-08-28 07:25:46',0),(459,1,459,0,5,5,77,857.1400,86,0,'d 10105 857.1400, c 10999 857.1400','2018-08-28 07:25:46',0,'2018-08-28 07:25:46',0),(460,1,460,0,5,5,78,10.0000,87,0,'d 10105 10.0000, c 10999 10.0000','2018-08-28 07:25:46',0,'2018-08-28 07:25:46',0),(461,1,461,0,6,6,86,1000.0000,96,0,'d 10105 1000.0000, c 10999 1000.0000','2018-08-28 07:25:46',0,'2018-08-28 07:25:46',0),(462,1,462,0,6,6,87,10.0000,97,0,'d 10105 10.0000, c 10999 10.0000','2018-08-28 07:25:46',0,'2018-08-28 07:25:46',0),(463,1,463,0,7,7,95,1000.0000,106,0,'d 10105 1000.0000, c 10999 1000.0000','2018-08-28 07:25:46',0,'2018-08-28 07:25:46',0),(464,1,464,0,7,7,96,10.0000,107,0,'d 10105 10.0000, c 10999 10.0000','2018-08-28 07:25:46',0,'2018-08-28 07:25:46',0),(465,1,465,0,8,8,110,1428.5700,123,0,'d 10105 1428.5700, c 10999 1428.5700','2018-08-28 07:25:46',0,'2018-08-28 07:25:46',0),(466,1,466,0,8,8,111,50.0000,124,0,'d 10105 50.0000, c 10999 50.0000','2018-08-28 07:25:46',0,'2018-08-28 07:25:46',0),(467,1,467,0,8,8,112,5.7100,125,0,'d 10105 5.7100, c 10999 5.7100','2018-08-28 07:25:46',0,'2018-08-28 07:25:46',0),(468,1,468,0,8,8,113,10.0000,126,0,'d 10105 10.0000, c 10999 10.0000','2018-08-28 07:25:46',0,'2018-08-28 07:25:46',0),(469,1,469,0,9,9,127,1428.5700,142,0,'d 10105 1428.5700, c 10999 1428.5700','2018-08-28 07:25:46',0,'2018-08-28 07:25:46',0),(470,1,470,0,9,9,128,50.0000,143,0,'d 10105 50.0000, c 10999 50.0000','2018-08-28 07:25:46',0,'2018-08-28 07:25:46',0),(471,1,471,0,9,9,129,5.7100,144,0,'d 10105 5.7100, c 10999 5.7100','2018-08-28 07:25:46',0,'2018-08-28 07:25:46',0),(472,1,472,0,9,9,130,10.0000,145,0,'d 10105 10.0000, c 10999 10.0000','2018-08-28 07:25:46',0,'2018-08-28 07:25:46',0),(473,1,473,0,10,10,144,1428.5700,161,0,'d 10105 1428.5700, c 10999 1428.5700','2018-08-28 07:25:47',0,'2018-08-28 07:25:47',0),(474,1,474,0,10,10,145,50.0000,162,0,'d 10105 50.0000, c 10999 50.0000','2018-08-28 07:25:47',0,'2018-08-28 07:25:47',0),(475,1,475,0,10,10,146,5.7100,163,0,'d 10105 5.7100, c 10999 5.7100','2018-08-28 07:25:47',0,'2018-08-28 07:25:47',0),(476,1,476,0,10,10,147,10.0000,164,0,'d 10105 10.0000, c 10999 10.0000','2018-08-28 07:25:47',0,'2018-08-28 07:25:47',0),(477,1,477,0,1,1,7,2000.0000,8,0,'d 10104 2000.0000, c 10999 2000.0000','2018-08-28 07:25:47',0,'2018-08-28 07:25:47',0),(478,1,478,0,2,2,24,2000.0000,27,0,'d 10104 2000.0000, c 10999 2000.0000','2018-08-28 07:25:47',0,'2018-08-28 07:25:47',0),(479,1,479,0,3,3,42,2000.0000,47,0,'d 10104 2000.0000, c 10999 2000.0000','2018-08-28 07:25:47',0,'2018-08-28 07:25:47',0),(480,1,480,0,4,4,59,3000.0000,66,0,'d 10104 3000.0000, c 10999 3000.0000','2018-08-28 07:25:47',0,'2018-08-28 07:25:47',0),(481,1,481,0,5,5,76,3000.0000,85,0,'d 10104 3000.0000, c 10999 3000.0000','2018-08-28 07:25:47',0,'2018-08-28 07:25:47',0),(482,1,482,0,6,6,85,3500.0000,95,0,'d 10104 3500.0000, c 10999 3500.0000','2018-08-28 07:25:47',0,'2018-08-28 07:25:47',0),(483,1,483,0,7,7,94,3500.0000,105,0,'d 10104 3500.0000, c 10999 3500.0000','2018-08-28 07:25:47',0,'2018-08-28 07:25:47',0),(484,1,484,0,8,8,103,5000.0000,115,0,'d 10104 5000.0000, c 10999 5000.0000','2018-08-28 07:25:47',0,'2018-08-28 07:25:47',0),(485,1,485,0,9,9,120,5000.0000,134,0,'d 10104 5000.0000, c 10999 5000.0000','2018-08-28 07:25:47',0,'2018-08-28 07:25:47',0),(486,1,486,0,10,10,137,5000.0000,153,0,'d 10104 5000.0000, c 10999 5000.0000','2018-08-28 07:25:47',0,'2018-08-28 07:25:47',0),(487,1,487,0,1,1,1,1000.0000,2,0,'d 10105 1000.0000, c 10999 1000.0000','2018-08-28 07:25:47',0,'2018-08-28 07:25:47',0),(488,1,488,0,1,1,8,10.0000,10,0,'d 10105 10.0000, c 10999 10.0000','2018-08-28 07:25:47',0,'2018-08-28 07:25:47',0),(489,1,489,0,2,2,18,1000.0000,21,0,'d 10105 1000.0000, c 10999 1000.0000','2018-08-28 07:25:47',0,'2018-08-28 07:25:47',0),(490,1,490,0,2,2,25,10.0000,29,0,'d 10105 10.0000, c 10999 10.0000','2018-08-28 07:25:47',0,'2018-08-28 07:25:47',0),(491,1,491,0,3,3,36,1000.0000,41,0,'d 10105 1000.0000, c 10999 1000.0000','2018-08-28 07:25:47',0,'2018-08-28 07:25:47',0),(492,1,492,0,3,3,43,10.0000,49,0,'d 10105 10.0000, c 10999 10.0000','2018-08-28 07:25:47',0,'2018-08-28 07:25:47',0),(493,1,493,0,4,4,53,1500.0000,60,0,'d 10105 1500.0000, c 10999 1500.0000','2018-08-28 07:25:47',0,'2018-08-28 07:25:47',0),(494,1,494,0,4,4,60,10.0000,68,0,'d 10105 10.0000, c 10999 10.0000','2018-08-28 07:25:47',0,'2018-08-28 07:25:47',0),(495,1,495,0,5,5,70,1500.0000,79,0,'d 10105 1500.0000, c 10999 1500.0000','2018-08-28 07:25:47',0,'2018-08-28 07:25:47',0),(496,1,496,0,6,6,79,1750.0000,89,0,'d 10105 1750.0000, c 10999 1750.0000','2018-08-28 07:25:47',0,'2018-08-28 07:25:47',0),(497,1,497,0,7,7,88,1750.0000,99,0,'d 10105 1750.0000, c 10999 1750.0000','2018-08-28 07:25:47',0,'2018-08-28 07:25:47',0),(498,1,498,0,8,8,97,2500.0000,109,0,'d 10105 2500.0000, c 10999 2500.0000','2018-08-28 07:25:47',0,'2018-08-28 07:25:47',0),(499,1,499,0,8,8,104,10.0000,117,0,'d 10105 10.0000, c 10999 10.0000','2018-08-28 07:25:47',0,'2018-08-28 07:25:47',0),(500,1,500,0,9,9,114,2500.0000,128,0,'d 10105 2500.0000, c 10999 2500.0000','2018-08-28 07:25:47',0,'2018-08-28 07:25:47',0),(501,1,501,0,9,9,121,10.0000,136,0,'d 10105 10.0000, c 10999 10.0000','2018-08-28 07:25:49',0,'2018-08-28 07:25:49',0),(502,1,502,0,10,10,131,2500.0000,147,0,'d 10105 2500.0000, c 10999 2500.0000','2018-08-28 07:25:49',0,'2018-08-28 07:25:49',0),(503,1,503,0,10,10,138,10.0000,155,0,'d 10105 10.0000, c 10999 10.0000','2018-08-28 07:25:49',0,'2018-08-28 07:25:49',0),(504,1,504,0,1,1,2,1000.0000,3,0,'d 10105 1000.0000, c 10999 1000.0000','2018-08-28 07:25:49',0,'2018-08-28 07:25:49',0),(505,1,505,0,1,1,9,10.0000,11,0,'d 10105 10.0000, c 10999 10.0000','2018-08-28 07:25:49',0,'2018-08-28 07:25:49',0),(506,1,506,0,2,2,19,1000.0000,22,0,'d 10105 1000.0000, c 10999 1000.0000','2018-08-28 07:25:49',0,'2018-08-28 07:25:49',0),(507,1,507,0,2,2,26,10.0000,30,0,'d 10105 10.0000, c 10999 10.0000','2018-08-28 07:25:49',0,'2018-08-28 07:25:49',0),(508,1,508,0,3,3,37,1000.0000,42,0,'d 10105 1000.0000, c 10999 1000.0000','2018-08-28 07:25:49',0,'2018-08-28 07:25:49',0),(509,1,509,0,3,3,44,10.0000,50,0,'d 10105 10.0000, c 10999 10.0000','2018-08-28 07:25:49',0,'2018-08-28 07:25:49',0),(510,1,510,0,4,4,54,1500.0000,61,0,'d 10105 1500.0000, c 10999 1500.0000','2018-08-28 07:25:49',0,'2018-08-28 07:25:49',0),(511,1,511,0,4,4,61,10.0000,69,0,'d 10105 10.0000, c 10999 10.0000','2018-08-28 07:25:49',0,'2018-08-28 07:25:49',0),(512,1,512,0,5,5,71,1500.0000,80,0,'d 10105 1500.0000, c 10999 1500.0000','2018-08-28 07:25:49',0,'2018-08-28 07:25:49',0),(513,1,513,0,6,6,80,1750.0000,90,0,'d 10105 1750.0000, c 10999 1750.0000','2018-08-28 07:25:49',0,'2018-08-28 07:25:49',0),(514,1,514,0,7,7,89,1750.0000,100,0,'d 10105 1750.0000, c 10999 1750.0000','2018-08-28 07:25:49',0,'2018-08-28 07:25:49',0),(515,1,515,0,8,8,98,2500.0000,110,0,'d 10105 2500.0000, c 10999 2500.0000','2018-08-28 07:25:49',0,'2018-08-28 07:25:49',0),(516,1,516,0,8,8,105,10.0000,118,0,'d 10105 10.0000, c 10999 10.0000','2018-08-28 07:25:49',0,'2018-08-28 07:25:49',0),(517,1,517,0,9,9,115,2500.0000,129,0,'d 10105 2500.0000, c 10999 2500.0000','2018-08-28 07:25:49',0,'2018-08-28 07:25:49',0),(518,1,518,0,9,9,122,10.0000,137,0,'d 10105 10.0000, c 10999 10.0000','2018-08-28 07:25:49',0,'2018-08-28 07:25:49',0),(519,1,519,0,10,10,132,2500.0000,148,0,'d 10105 2500.0000, c 10999 2500.0000','2018-08-28 07:25:49',0,'2018-08-28 07:25:49',0),(520,1,520,0,10,10,139,10.0000,156,0,'d 10105 10.0000, c 10999 10.0000','2018-08-28 07:25:49',0,'2018-08-28 07:25:49',0),(521,1,521,0,1,1,3,1000.0000,4,0,'d 10105 1000.0000, c 10999 1000.0000','2018-08-28 07:25:49',0,'2018-08-28 07:25:49',0),(522,1,522,0,1,1,10,10.0000,12,0,'d 10105 10.0000, c 10999 10.0000','2018-08-28 07:25:50',0,'2018-08-28 07:25:50',0),(523,1,523,0,2,2,20,1000.0000,23,0,'d 10105 1000.0000, c 10999 1000.0000','2018-08-28 07:25:50',0,'2018-08-28 07:25:50',0),(524,1,524,0,2,2,27,10.0000,31,0,'d 10105 10.0000, c 10999 10.0000','2018-08-28 07:25:50',0,'2018-08-28 07:25:50',0),(525,1,525,0,3,3,38,1000.0000,43,0,'d 10105 1000.0000, c 10999 1000.0000','2018-08-28 07:25:50',0,'2018-08-28 07:25:50',0),(526,1,526,0,3,3,45,10.0000,51,0,'d 10105 10.0000, c 10999 10.0000','2018-08-28 07:25:50',0,'2018-08-28 07:25:50',0),(527,1,527,0,4,4,55,1500.0000,62,0,'d 10105 1500.0000, c 10999 1500.0000','2018-08-28 07:25:50',0,'2018-08-28 07:25:50',0),(528,1,528,0,4,4,62,10.0000,70,0,'d 10105 10.0000, c 10999 10.0000','2018-08-28 07:25:50',0,'2018-08-28 07:25:50',0),(529,1,529,0,5,5,72,1500.0000,81,0,'d 10105 1500.0000, c 10999 1500.0000','2018-08-28 07:25:50',0,'2018-08-28 07:25:50',0),(530,1,530,0,6,6,81,1750.0000,91,0,'d 10105 1750.0000, c 10999 1750.0000','2018-08-28 07:25:50',0,'2018-08-28 07:25:50',0),(531,1,531,0,7,7,90,1750.0000,101,0,'d 10105 1750.0000, c 10999 1750.0000','2018-08-28 07:25:50',0,'2018-08-28 07:25:50',0),(532,1,532,0,8,8,99,2500.0000,111,0,'d 10105 2500.0000, c 10999 2500.0000','2018-08-28 07:25:50',0,'2018-08-28 07:25:50',0),(533,1,533,0,8,8,106,10.0000,119,0,'d 10105 10.0000, c 10999 10.0000','2018-08-28 07:25:50',0,'2018-08-28 07:25:50',0),(534,1,534,0,9,9,116,2500.0000,130,0,'d 10105 2500.0000, c 10999 2500.0000','2018-08-28 07:25:50',0,'2018-08-28 07:25:50',0),(535,1,535,0,9,9,123,10.0000,138,0,'d 10105 10.0000, c 10999 10.0000','2018-08-28 07:25:50',0,'2018-08-28 07:25:50',0),(536,1,536,0,10,10,133,2500.0000,149,0,'d 10105 2500.0000, c 10999 2500.0000','2018-08-28 07:25:50',0,'2018-08-28 07:25:50',0),(537,1,537,0,10,10,140,10.0000,157,0,'d 10105 10.0000, c 10999 10.0000','2018-08-28 07:25:50',0,'2018-08-28 07:25:50',0),(538,1,538,0,1,1,4,1000.0000,5,0,'d 10105 1000.0000, c 10999 1000.0000','2018-08-28 07:25:50',0,'2018-08-28 07:25:50',0),(539,1,539,0,1,1,11,10.0000,13,0,'d 10105 10.0000, c 10999 10.0000','2018-08-28 07:25:50',0,'2018-08-28 07:25:50',0),(540,1,540,0,2,2,21,1000.0000,24,0,'d 10105 1000.0000, c 10999 1000.0000','2018-08-28 07:25:50',0,'2018-08-28 07:25:50',0),(541,1,541,0,2,2,28,10.0000,32,0,'d 10105 10.0000, c 10999 10.0000','2018-08-28 07:25:50',0,'2018-08-28 07:25:50',0),(542,1,542,0,3,3,39,1000.0000,44,0,'d 10105 1000.0000, c 10999 1000.0000','2018-08-28 07:25:50',0,'2018-08-28 07:25:50',0),(543,1,543,0,3,3,46,10.0000,52,0,'d 10105 10.0000, c 10999 10.0000','2018-08-28 07:25:50',0,'2018-08-28 07:25:50',0),(544,1,544,0,4,4,56,1500.0000,63,0,'d 10105 1500.0000, c 10999 1500.0000','2018-08-28 07:25:50',0,'2018-08-28 07:25:50',0),(545,1,545,0,4,4,63,10.0000,71,0,'d 10105 10.0000, c 10999 10.0000','2018-08-28 07:25:50',0,'2018-08-28 07:25:50',0),(546,1,546,0,5,5,73,1500.0000,82,0,'d 10105 1500.0000, c 10999 1500.0000','2018-08-28 07:25:50',0,'2018-08-28 07:25:50',0),(547,1,547,0,6,6,82,1750.0000,92,0,'d 10105 1750.0000, c 10999 1750.0000','2018-08-28 07:25:50',0,'2018-08-28 07:25:50',0),(548,1,548,0,7,7,91,1750.0000,102,0,'d 10105 1750.0000, c 10999 1750.0000','2018-08-28 07:25:50',0,'2018-08-28 07:25:50',0),(549,1,549,0,8,8,100,2500.0000,112,0,'d 10105 2500.0000, c 10999 2500.0000','2018-08-28 07:25:50',0,'2018-08-28 07:25:50',0),(550,1,550,0,8,8,107,10.0000,120,0,'d 10105 10.0000, c 10999 10.0000','2018-08-28 07:25:50',0,'2018-08-28 07:25:50',0),(551,1,551,0,9,9,117,2500.0000,131,0,'d 10105 2500.0000, c 10999 2500.0000','2018-08-28 07:25:50',0,'2018-08-28 07:25:50',0),(552,1,552,0,9,9,124,10.0000,139,0,'d 10105 10.0000, c 10999 10.0000','2018-08-28 07:25:50',0,'2018-08-28 07:25:50',0),(553,1,553,0,10,10,134,2500.0000,150,0,'d 10105 2500.0000, c 10999 2500.0000','2018-08-28 07:25:50',0,'2018-08-28 07:25:50',0),(554,1,554,0,10,10,141,10.0000,158,0,'d 10105 10.0000, c 10999 10.0000','2018-08-28 07:25:50',0,'2018-08-28 07:25:50',0),(555,1,555,0,1,1,5,1000.0000,6,0,'d 10105 1000.0000, c 10999 1000.0000','2018-08-28 07:25:51',0,'2018-08-28 07:25:51',0),(556,1,556,0,1,1,12,10.0000,14,0,'d 10105 10.0000, c 10999 10.0000','2018-08-28 07:25:51',0,'2018-08-28 07:25:51',0),(557,1,557,0,2,2,22,1000.0000,25,0,'d 10105 1000.0000, c 10999 1000.0000','2018-08-28 07:25:51',0,'2018-08-28 07:25:51',0),(558,1,558,0,2,2,29,10.0000,33,0,'d 10105 10.0000, c 10999 10.0000','2018-08-28 07:25:51',0,'2018-08-28 07:25:51',0),(559,1,559,0,3,3,40,1000.0000,45,0,'d 10105 1000.0000, c 10999 1000.0000','2018-08-28 07:25:51',0,'2018-08-28 07:25:51',0),(560,1,560,0,3,3,47,10.0000,53,0,'d 10105 10.0000, c 10999 10.0000','2018-08-28 07:25:51',0,'2018-08-28 07:25:51',0),(561,1,561,0,4,4,57,1500.0000,64,0,'d 10105 1500.0000, c 10999 1500.0000','2018-08-28 07:25:51',0,'2018-08-28 07:25:51',0),(562,1,562,0,4,4,64,10.0000,72,0,'d 10105 10.0000, c 10999 10.0000','2018-08-28 07:25:51',0,'2018-08-28 07:25:51',0),(563,1,563,0,5,5,74,1500.0000,83,0,'d 10105 1500.0000, c 10999 1500.0000','2018-08-28 07:25:51',0,'2018-08-28 07:25:51',0),(564,1,564,0,6,6,83,1750.0000,93,0,'d 10105 1750.0000, c 10999 1750.0000','2018-08-28 07:25:51',0,'2018-08-28 07:25:51',0),(565,1,565,0,7,7,92,1750.0000,103,0,'d 10105 1750.0000, c 10999 1750.0000','2018-08-28 07:25:51',0,'2018-08-28 07:25:51',0),(566,1,566,0,8,8,101,2500.0000,113,0,'d 10105 2500.0000, c 10999 2500.0000','2018-08-28 07:25:51',0,'2018-08-28 07:25:51',0),(567,1,567,0,8,8,108,10.0000,121,0,'d 10105 10.0000, c 10999 10.0000','2018-08-28 07:25:51',0,'2018-08-28 07:25:51',0),(568,1,568,0,9,9,118,2500.0000,132,0,'d 10105 2500.0000, c 10999 2500.0000','2018-08-28 07:25:51',0,'2018-08-28 07:25:51',0),(569,1,569,0,9,9,125,10.0000,140,0,'d 10105 10.0000, c 10999 10.0000','2018-08-28 07:25:51',0,'2018-08-28 07:25:51',0),(570,1,570,0,10,10,135,2500.0000,151,0,'d 10105 2500.0000, c 10999 2500.0000','2018-08-28 07:25:51',0,'2018-08-28 07:25:51',0),(571,1,571,0,10,10,142,10.0000,159,0,'d 10105 10.0000, c 10999 10.0000','2018-08-28 07:25:51',0,'2018-08-28 07:25:51',0),(572,1,572,0,1,1,6,1000.0000,7,0,'d 10105 1000.0000, c 10999 1000.0000','2018-08-28 07:25:51',0,'2018-08-28 07:25:51',0),(573,1,573,0,1,1,13,10.0000,15,0,'d 10105 10.0000, c 10999 10.0000','2018-08-28 07:25:51',0,'2018-08-28 07:25:51',0),(574,1,574,0,2,2,23,1000.0000,26,0,'d 10105 1000.0000, c 10999 1000.0000','2018-08-28 07:25:51',0,'2018-08-28 07:25:51',0),(575,1,575,0,2,2,30,10.0000,34,0,'d 10105 10.0000, c 10999 10.0000','2018-08-28 07:25:51',0,'2018-08-28 07:25:51',0),(576,1,576,0,3,3,41,1000.0000,46,0,'d 10105 1000.0000, c 10999 1000.0000','2018-08-28 07:25:51',0,'2018-08-28 07:25:51',0),(577,1,577,0,3,3,48,10.0000,54,0,'d 10105 10.0000, c 10999 10.0000','2018-08-28 07:25:51',0,'2018-08-28 07:25:51',0),(578,1,578,0,4,4,58,1500.0000,65,0,'d 10105 1500.0000, c 10999 1500.0000','2018-08-28 07:25:51',0,'2018-08-28 07:25:51',0),(579,1,579,0,4,4,65,10.0000,73,0,'d 10105 10.0000, c 10999 10.0000','2018-08-28 07:25:51',0,'2018-08-28 07:25:51',0),(580,1,580,0,5,5,75,1500.0000,84,0,'d 10105 1500.0000, c 10999 1500.0000','2018-08-28 07:25:51',0,'2018-08-28 07:25:51',0),(581,1,581,0,6,6,84,1750.0000,94,0,'d 10105 1750.0000, c 10999 1750.0000','2018-08-28 07:25:51',0,'2018-08-28 07:25:51',0),(582,1,582,0,7,7,93,1750.0000,104,0,'d 10105 1750.0000, c 10999 1750.0000','2018-08-28 07:25:51',0,'2018-08-28 07:25:51',0),(583,1,583,0,8,8,102,2500.0000,114,0,'d 10105 2500.0000, c 10999 2500.0000','2018-08-28 07:25:51',0,'2018-08-28 07:25:51',0),(584,1,584,0,8,8,109,10.0000,122,0,'d 10105 10.0000, c 10999 10.0000','2018-08-28 07:25:51',0,'2018-08-28 07:25:51',0),(585,1,585,0,9,9,119,2500.0000,133,0,'d 10105 2500.0000, c 10999 2500.0000','2018-08-28 07:25:51',0,'2018-08-28 07:25:51',0),(586,1,586,0,9,9,126,10.0000,141,0,'d 10105 10.0000, c 10999 10.0000','2018-08-28 07:25:52',0,'2018-08-28 07:25:52',0),(587,1,587,0,10,10,136,2500.0000,152,0,'d 10105 2500.0000, c 10999 2500.0000','2018-08-28 07:25:52',0,'2018-08-28 07:25:52',0),(588,1,588,0,10,10,143,10.0000,160,0,'d 10105 10.0000, c 10999 10.0000','2018-08-28 07:25:52',0,'2018-08-28 07:25:52',0),(589,1,589,8,8,0,0,2500.0000,165,0,'d 12001 2500.00, c 41001 2500.00','2019-03-22 21:32:18',-1,'2019-03-22 21:32:18',-1),(590,1,590,9,9,0,0,2500.0000,166,0,'d 12001 2500.00, c 41001 2500.00','2019-03-22 21:32:18',-1,'2019-03-22 21:32:18',-1),(591,1,591,10,10,0,0,2500.0000,167,0,'d 12001 2500.00, c 41001 2500.00','2019-03-22 21:32:18',-1,'2019-03-22 21:32:18',-1),(592,1,592,6,6,0,0,1750.0000,168,0,'d 12001 1750.00, c 41001 1750.00','2019-03-22 21:32:18',-1,'2019-03-22 21:32:18',-1),(593,1,593,7,7,0,0,1750.0000,169,0,'d 12001 1750.00, c 41001 1750.00','2019-03-22 21:32:18',-1,'2019-03-22 21:32:18',-1),(594,1,594,4,4,0,0,1500.0000,170,0,'d 12001 1500.00, c 41001 1500.00','2019-03-22 21:32:18',-1,'2019-03-22 21:32:18',-1),(595,1,595,5,5,0,0,1500.0000,171,0,'d 12001 1500.00, c 41001 1500.00','2019-03-22 21:32:18',-1,'2019-03-22 21:32:18',-1),(596,1,596,1,1,0,0,1000.0000,172,0,'d 12001 1000.00, c 41001 1000.00','2019-03-22 21:32:18',-1,'2019-03-22 21:32:18',-1),(597,1,597,2,2,0,0,1000.0000,173,0,'d 12001 1000.00, c 41001 1000.00','2019-03-22 21:32:18',-1,'2019-03-22 21:32:18',-1),(598,1,598,3,3,0,0,1000.0000,174,0,'d 12001 1000.00, c 41001 1000.00','2019-03-22 21:32:18',-1,'2019-03-22 21:32:18',-1),(599,1,599,1,1,0,0,10.0000,175,0,'d 12001 10.00, c 41408 10.00','2019-03-22 21:32:18',-1,'2019-03-22 21:32:18',-1),(600,1,600,2,2,0,0,10.0000,176,0,'d 12001 10.00, c 41408 10.00','2019-03-22 21:32:18',-1,'2019-03-22 21:32:18',-1),(601,1,601,3,3,0,0,10.0000,177,0,'d 12001 10.00, c 41408 10.00','2019-03-22 21:32:18',-1,'2019-03-22 21:32:18',-1),(602,1,602,4,4,0,0,10.0000,178,0,'d 12001 10.00, c 41408 10.00','2019-03-22 21:32:18',-1,'2019-03-22 21:32:18',-1),(603,1,603,8,8,0,0,10.0000,179,0,'d 12001 10.00, c 41408 10.00','2019-03-22 21:32:18',-1,'2019-03-22 21:32:18',-1),(604,1,604,9,9,0,0,10.0000,180,0,'d 12001 10.00, c 41408 10.00','2019-03-22 21:32:18',-1,'2019-03-22 21:32:18',-1),(605,1,605,10,10,0,0,10.0000,181,0,'d 12001 10.00, c 41408 10.00','2019-03-22 21:32:18',-1,'2019-03-22 21:32:18',-1);
/*!40000 ALTER TABLE `JournalAllocation` ENABLE KEYS */;
UNLOCK TABLES;

--
-- Table structure for table `JournalAudit`
--

DROP TABLE IF EXISTS `JournalAudit`;
/*!40101 SET @saved_cs_client     = @@character_set_client */;
/*!40101 SET character_set_client = utf8 */;
CREATE TABLE `JournalAudit` (
  `JID` bigint(20) NOT NULL DEFAULT '0',
  `BID` bigint(20) NOT NULL DEFAULT '0',
  `UID` mediumint(9) NOT NULL DEFAULT '0',
  `LastModTime` timestamp NOT NULL DEFAULT CURRENT_TIMESTAMP ON UPDATE CURRENT_TIMESTAMP,
  `LastModBy` bigint(20) NOT NULL DEFAULT '0',
  `CreateTS` timestamp NOT NULL DEFAULT CURRENT_TIMESTAMP,
  `CreateBy` bigint(20) NOT NULL DEFAULT '0'
) ENGINE=InnoDB DEFAULT CHARSET=utf8;
/*!40101 SET character_set_client = @saved_cs_client */;

--
-- Dumping data for table `JournalAudit`
--

LOCK TABLES `JournalAudit` WRITE;
/*!40000 ALTER TABLE `JournalAudit` DISABLE KEYS */;
/*!40000 ALTER TABLE `JournalAudit` ENABLE KEYS */;
UNLOCK TABLES;

--
-- Table structure for table `JournalMarker`
--

DROP TABLE IF EXISTS `JournalMarker`;
/*!40101 SET @saved_cs_client     = @@character_set_client */;
/*!40101 SET character_set_client = utf8 */;
CREATE TABLE `JournalMarker` (
  `JMID` bigint(20) NOT NULL AUTO_INCREMENT,
  `BID` bigint(20) NOT NULL DEFAULT '0',
  `State` smallint(6) NOT NULL DEFAULT '0',
  `DtStart` datetime NOT NULL DEFAULT '1970-01-01 00:00:00',
  `DtStop` datetime NOT NULL DEFAULT '1970-01-01 00:00:00',
  `LastModTime` timestamp NOT NULL DEFAULT CURRENT_TIMESTAMP ON UPDATE CURRENT_TIMESTAMP,
  `LastModBy` bigint(20) NOT NULL DEFAULT '0',
  `CreateTS` timestamp NOT NULL DEFAULT CURRENT_TIMESTAMP,
  `CreateBy` bigint(20) NOT NULL DEFAULT '0',
  PRIMARY KEY (`JMID`)
) ENGINE=InnoDB DEFAULT CHARSET=utf8;
/*!40101 SET character_set_client = @saved_cs_client */;

--
-- Dumping data for table `JournalMarker`
--

LOCK TABLES `JournalMarker` WRITE;
/*!40000 ALTER TABLE `JournalMarker` DISABLE KEYS */;
/*!40000 ALTER TABLE `JournalMarker` ENABLE KEYS */;
UNLOCK TABLES;

--
-- Table structure for table `JournalMarkerAudit`
--

DROP TABLE IF EXISTS `JournalMarkerAudit`;
/*!40101 SET @saved_cs_client     = @@character_set_client */;
/*!40101 SET character_set_client = utf8 */;
CREATE TABLE `JournalMarkerAudit` (
  `JMID` bigint(20) NOT NULL DEFAULT '0',
  `BID` bigint(20) NOT NULL DEFAULT '0',
  `UID` mediumint(9) NOT NULL DEFAULT '0',
  `LastModTime` timestamp NOT NULL DEFAULT CURRENT_TIMESTAMP ON UPDATE CURRENT_TIMESTAMP,
  `LastModBy` bigint(20) NOT NULL DEFAULT '0',
  `CreateTS` timestamp NOT NULL DEFAULT CURRENT_TIMESTAMP,
  `CreateBy` bigint(20) NOT NULL DEFAULT '0'
) ENGINE=InnoDB DEFAULT CHARSET=utf8;
/*!40101 SET character_set_client = @saved_cs_client */;

--
-- Dumping data for table `JournalMarkerAudit`
--

LOCK TABLES `JournalMarkerAudit` WRITE;
/*!40000 ALTER TABLE `JournalMarkerAudit` DISABLE KEYS */;
/*!40000 ALTER TABLE `JournalMarkerAudit` ENABLE KEYS */;
UNLOCK TABLES;

--
-- Table structure for table `LeadSource`
--

DROP TABLE IF EXISTS `LeadSource`;
/*!40101 SET @saved_cs_client     = @@character_set_client */;
/*!40101 SET character_set_client = utf8 */;
CREATE TABLE `LeadSource` (
  `LSID` bigint(20) NOT NULL AUTO_INCREMENT,
  `BID` bigint(20) NOT NULL DEFAULT '0',
  `Name` varchar(100) DEFAULT NULL,
  `IndustrySLID` bigint(20) NOT NULL DEFAULT '0',
  `LastModTime` timestamp NOT NULL DEFAULT CURRENT_TIMESTAMP ON UPDATE CURRENT_TIMESTAMP,
  `LastModBy` bigint(20) NOT NULL DEFAULT '0',
  `CreateTS` timestamp NOT NULL DEFAULT CURRENT_TIMESTAMP,
  `CreateBy` bigint(20) NOT NULL DEFAULT '0',
  PRIMARY KEY (`LSID`)
) ENGINE=InnoDB DEFAULT CHARSET=utf8;
/*!40101 SET character_set_client = @saved_cs_client */;

--
-- Dumping data for table `LeadSource`
--

LOCK TABLES `LeadSource` WRITE;
/*!40000 ALTER TABLE `LeadSource` DISABLE KEYS */;
/*!40000 ALTER TABLE `LeadSource` ENABLE KEYS */;
UNLOCK TABLES;

--
-- Table structure for table `LedgerAudit`
--

DROP TABLE IF EXISTS `LedgerAudit`;
/*!40101 SET @saved_cs_client     = @@character_set_client */;
/*!40101 SET character_set_client = utf8 */;
CREATE TABLE `LedgerAudit` (
  `LEID` bigint(20) NOT NULL DEFAULT '0',
  `BID` bigint(20) NOT NULL DEFAULT '0',
  `UID` mediumint(9) NOT NULL DEFAULT '0',
  `LastModTime` timestamp NOT NULL DEFAULT CURRENT_TIMESTAMP ON UPDATE CURRENT_TIMESTAMP,
  `LastModBy` bigint(20) NOT NULL DEFAULT '0',
  `CreateTS` timestamp NOT NULL DEFAULT CURRENT_TIMESTAMP,
  `CreateBy` bigint(20) NOT NULL DEFAULT '0'
) ENGINE=InnoDB DEFAULT CHARSET=utf8;
/*!40101 SET character_set_client = @saved_cs_client */;

--
-- Dumping data for table `LedgerAudit`
--

LOCK TABLES `LedgerAudit` WRITE;
/*!40000 ALTER TABLE `LedgerAudit` DISABLE KEYS */;
/*!40000 ALTER TABLE `LedgerAudit` ENABLE KEYS */;
UNLOCK TABLES;

--
-- Table structure for table `LedgerEntry`
--

DROP TABLE IF EXISTS `LedgerEntry`;
/*!40101 SET @saved_cs_client     = @@character_set_client */;
/*!40101 SET character_set_client = utf8 */;
CREATE TABLE `LedgerEntry` (
  `LEID` bigint(20) NOT NULL AUTO_INCREMENT,
  `BID` bigint(20) NOT NULL DEFAULT '0',
  `JID` bigint(20) NOT NULL DEFAULT '0',
  `JAID` bigint(20) NOT NULL DEFAULT '0',
  `LID` bigint(20) NOT NULL DEFAULT '0',
  `RAID` bigint(20) NOT NULL DEFAULT '0',
  `RID` bigint(20) NOT NULL DEFAULT '0',
  `TCID` bigint(20) NOT NULL DEFAULT '0',
  `Dt` datetime NOT NULL DEFAULT '1970-01-01 00:00:00',
  `Amount` decimal(19,4) NOT NULL DEFAULT '0.0000',
  `Comment` varchar(256) NOT NULL DEFAULT '',
  `LastModTime` timestamp NOT NULL DEFAULT CURRENT_TIMESTAMP ON UPDATE CURRENT_TIMESTAMP,
  `LastModBy` bigint(20) NOT NULL DEFAULT '0',
  `CreateTS` timestamp NOT NULL DEFAULT CURRENT_TIMESTAMP,
  `CreateBy` bigint(20) NOT NULL DEFAULT '0',
  PRIMARY KEY (`LEID`)
) ENGINE=InnoDB AUTO_INCREMENT=1177 DEFAULT CHARSET=utf8;
/*!40101 SET character_set_client = @saved_cs_client */;

--
-- Dumping data for table `LedgerEntry`
--

LOCK TABLES `LedgerEntry` WRITE;
/*!40000 ALTER TABLE `LedgerEntry` DISABLE KEYS */;
INSERT INTO `LedgerEntry` VALUES (1,1,1,1,9,1,1,0,'2018-03-01 00:00:00',1000.0000,'','2018-08-28 07:25:36',0,'2018-08-28 07:25:36',0),(2,1,1,1,18,1,1,0,'2018-03-01 00:00:00',-1000.0000,'','2018-08-28 07:25:36',0,'2018-08-28 07:25:36',0),(3,1,2,2,9,1,1,0,'2018-04-01 00:00:00',1000.0000,'','2018-08-28 07:25:36',0,'2018-08-28 07:25:36',0),(4,1,2,2,18,1,1,0,'2018-04-01 00:00:00',-1000.0000,'','2018-08-28 07:25:36',0,'2018-08-28 07:25:36',0),(5,1,3,3,9,1,1,0,'2018-05-01 00:00:00',1000.0000,'','2018-08-28 07:25:36',0,'2018-08-28 07:25:36',0),(6,1,3,3,18,1,1,0,'2018-05-01 00:00:00',-1000.0000,'','2018-08-28 07:25:36',0,'2018-08-28 07:25:36',0),(7,1,4,4,9,1,1,0,'2018-06-01 00:00:00',1000.0000,'','2018-08-28 07:25:36',0,'2018-08-28 07:25:36',0),(8,1,4,4,18,1,1,0,'2018-06-01 00:00:00',-1000.0000,'','2018-08-28 07:25:36',0,'2018-08-28 07:25:36',0),(9,1,5,5,9,1,1,0,'2018-07-01 00:00:00',1000.0000,'','2018-08-28 07:25:36',0,'2018-08-28 07:25:36',0),(10,1,5,5,18,1,1,0,'2018-07-01 00:00:00',-1000.0000,'','2018-08-28 07:25:36',0,'2018-08-28 07:25:36',0),(11,1,6,6,9,1,1,0,'2018-08-01 00:00:00',1000.0000,'','2018-08-28 07:25:36',0,'2018-08-28 07:25:36',0),(12,1,6,6,18,1,1,0,'2018-08-01 00:00:00',-1000.0000,'','2018-08-28 07:25:36',0,'2018-08-28 07:25:36',0),(13,1,7,7,9,1,1,0,'2018-02-13 00:00:00',2000.0000,'','2018-08-28 07:25:36',0,'2018-08-28 07:25:36',0),(14,1,7,7,11,1,1,0,'2018-02-13 00:00:00',-2000.0000,'','2018-08-28 07:25:36',0,'2018-08-28 07:25:36',0),(15,1,8,8,9,1,1,0,'2018-03-01 00:00:00',10.0000,'','2018-08-28 07:25:36',0,'2018-08-28 07:25:36',0),(16,1,8,8,53,1,1,0,'2018-03-01 00:00:00',-10.0000,'','2018-08-28 07:25:36',0,'2018-08-28 07:25:36',0),(17,1,9,9,9,1,1,0,'2018-04-01 00:00:00',10.0000,'','2018-08-28 07:25:36',0,'2018-08-28 07:25:36',0),(18,1,9,9,53,1,1,0,'2018-04-01 00:00:00',-10.0000,'','2018-08-28 07:25:36',0,'2018-08-28 07:25:36',0),(19,1,10,10,9,1,1,0,'2018-05-01 00:00:00',10.0000,'','2018-08-28 07:25:36',0,'2018-08-28 07:25:36',0),(20,1,10,10,53,1,1,0,'2018-05-01 00:00:00',-10.0000,'','2018-08-28 07:25:36',0,'2018-08-28 07:25:36',0),(21,1,11,11,9,1,1,0,'2018-06-01 00:00:00',10.0000,'','2018-08-28 07:25:36',0,'2018-08-28 07:25:36',0),(22,1,11,11,53,1,1,0,'2018-06-01 00:00:00',-10.0000,'','2018-08-28 07:25:36',0,'2018-08-28 07:25:36',0),(23,1,12,12,9,1,1,0,'2018-07-01 00:00:00',10.0000,'','2018-08-28 07:25:36',0,'2018-08-28 07:25:36',0),(24,1,12,12,53,1,1,0,'2018-07-01 00:00:00',-10.0000,'','2018-08-28 07:25:36',0,'2018-08-28 07:25:36',0),(25,1,13,13,9,1,1,0,'2018-08-01 00:00:00',10.0000,'','2018-08-28 07:25:36',0,'2018-08-28 07:25:36',0),(26,1,13,13,53,1,1,0,'2018-08-01 00:00:00',-10.0000,'','2018-08-28 07:25:36',0,'2018-08-28 07:25:36',0),(27,1,14,14,9,1,1,0,'2018-02-13 00:00:00',571.4300,'','2018-08-28 07:25:36',0,'2018-08-28 07:25:36',0),(28,1,14,14,18,1,1,0,'2018-02-13 00:00:00',-571.4300,'','2018-08-28 07:25:36',0,'2018-08-28 07:25:36',0),(29,1,15,15,9,1,1,0,'2018-02-13 00:00:00',50.0000,'','2018-08-28 07:25:36',0,'2018-08-28 07:25:36',0),(30,1,15,15,52,1,1,0,'2018-02-13 00:00:00',-50.0000,'','2018-08-28 07:25:36',0,'2018-08-28 07:25:36',0),(31,1,16,16,9,1,1,0,'2018-02-13 00:00:00',5.7100,'','2018-08-28 07:25:36',0,'2018-08-28 07:25:36',0),(32,1,16,16,53,1,1,0,'2018-02-13 00:00:00',-5.7100,'','2018-08-28 07:25:36',0,'2018-08-28 07:25:36',0),(33,1,17,17,9,1,1,0,'2018-02-13 00:00:00',10.0000,'','2018-08-28 07:25:36',0,'2018-08-28 07:25:36',0),(34,1,17,17,75,1,1,0,'2018-02-13 00:00:00',-10.0000,'','2018-08-28 07:25:36',0,'2018-08-28 07:25:36',0),(35,1,18,18,9,2,2,0,'2018-03-01 00:00:00',1000.0000,'','2018-08-28 07:25:36',0,'2018-08-28 07:25:36',0),(36,1,18,18,18,2,2,0,'2018-03-01 00:00:00',-1000.0000,'','2018-08-28 07:25:36',0,'2018-08-28 07:25:36',0),(37,1,19,19,9,2,2,0,'2018-04-01 00:00:00',1000.0000,'','2018-08-28 07:25:36',0,'2018-08-28 07:25:36',0),(38,1,19,19,18,2,2,0,'2018-04-01 00:00:00',-1000.0000,'','2018-08-28 07:25:36',0,'2018-08-28 07:25:36',0),(39,1,20,20,9,2,2,0,'2018-05-01 00:00:00',1000.0000,'','2018-08-28 07:25:36',0,'2018-08-28 07:25:36',0),(40,1,20,20,18,2,2,0,'2018-05-01 00:00:00',-1000.0000,'','2018-08-28 07:25:36',0,'2018-08-28 07:25:36',0),(41,1,21,21,9,2,2,0,'2018-06-01 00:00:00',1000.0000,'','2018-08-28 07:25:36',0,'2018-08-28 07:25:36',0),(42,1,21,21,18,2,2,0,'2018-06-01 00:00:00',-1000.0000,'','2018-08-28 07:25:36',0,'2018-08-28 07:25:36',0),(43,1,22,22,9,2,2,0,'2018-07-01 00:00:00',1000.0000,'','2018-08-28 07:25:36',0,'2018-08-28 07:25:36',0),(44,1,22,22,18,2,2,0,'2018-07-01 00:00:00',-1000.0000,'','2018-08-28 07:25:36',0,'2018-08-28 07:25:36',0),(45,1,23,23,9,2,2,0,'2018-08-01 00:00:00',1000.0000,'','2018-08-28 07:25:36',0,'2018-08-28 07:25:36',0),(46,1,23,23,18,2,2,0,'2018-08-01 00:00:00',-1000.0000,'','2018-08-28 07:25:36',0,'2018-08-28 07:25:36',0),(47,1,24,24,9,2,2,0,'2018-02-13 00:00:00',2000.0000,'','2018-08-28 07:25:36',0,'2018-08-28 07:25:36',0),(48,1,24,24,11,2,2,0,'2018-02-13 00:00:00',-2000.0000,'','2018-08-28 07:25:36',0,'2018-08-28 07:25:36',0),(49,1,25,25,9,2,2,0,'2018-03-01 00:00:00',10.0000,'','2018-08-28 07:25:36',0,'2018-08-28 07:25:36',0),(50,1,25,25,53,2,2,0,'2018-03-01 00:00:00',-10.0000,'','2018-08-28 07:25:36',0,'2018-08-28 07:25:36',0),(51,1,26,26,9,2,2,0,'2018-04-01 00:00:00',10.0000,'','2018-08-28 07:25:36',0,'2018-08-28 07:25:36',0),(52,1,26,26,53,2,2,0,'2018-04-01 00:00:00',-10.0000,'','2018-08-28 07:25:36',0,'2018-08-28 07:25:36',0),(53,1,27,27,9,2,2,0,'2018-05-01 00:00:00',10.0000,'','2018-08-28 07:25:36',0,'2018-08-28 07:25:36',0),(54,1,27,27,53,2,2,0,'2018-05-01 00:00:00',-10.0000,'','2018-08-28 07:25:36',0,'2018-08-28 07:25:36',0),(55,1,28,28,9,2,2,0,'2018-06-01 00:00:00',10.0000,'','2018-08-28 07:25:36',0,'2018-08-28 07:25:36',0),(56,1,28,28,53,2,2,0,'2018-06-01 00:00:00',-10.0000,'','2018-08-28 07:25:36',0,'2018-08-28 07:25:36',0),(57,1,29,29,9,2,2,0,'2018-07-01 00:00:00',10.0000,'','2018-08-28 07:25:36',0,'2018-08-28 07:25:36',0),(58,1,29,29,53,2,2,0,'2018-07-01 00:00:00',-10.0000,'','2018-08-28 07:25:36',0,'2018-08-28 07:25:36',0),(59,1,30,30,9,2,2,0,'2018-08-01 00:00:00',10.0000,'','2018-08-28 07:25:36',0,'2018-08-28 07:25:36',0),(60,1,30,30,53,2,2,0,'2018-08-01 00:00:00',-10.0000,'','2018-08-28 07:25:36',0,'2018-08-28 07:25:36',0),(61,1,31,31,9,2,2,0,'2018-02-13 00:00:00',571.4300,'','2018-08-28 07:25:36',0,'2018-08-28 07:25:36',0),(62,1,31,31,18,2,2,0,'2018-02-13 00:00:00',-571.4300,'','2018-08-28 07:25:36',0,'2018-08-28 07:25:36',0),(63,1,32,32,9,2,2,0,'2018-02-13 00:00:00',50.0000,'','2018-08-28 07:25:36',0,'2018-08-28 07:25:36',0),(64,1,32,32,52,2,2,0,'2018-02-13 00:00:00',-50.0000,'','2018-08-28 07:25:36',0,'2018-08-28 07:25:36',0),(65,1,33,33,9,2,2,0,'2018-02-13 00:00:00',5.7100,'','2018-08-28 07:25:36',0,'2018-08-28 07:25:36',0),(66,1,33,33,53,2,2,0,'2018-02-13 00:00:00',-5.7100,'','2018-08-28 07:25:36',0,'2018-08-28 07:25:36',0),(67,1,34,34,9,2,2,0,'2018-02-13 00:00:00',10.0000,'','2018-08-28 07:25:36',0,'2018-08-28 07:25:36',0),(68,1,34,34,75,2,2,0,'2018-02-13 00:00:00',-10.0000,'','2018-08-28 07:25:36',0,'2018-08-28 07:25:36',0),(69,1,35,35,9,2,2,0,'2018-02-13 00:00:00',10.0000,'','2018-08-28 07:25:36',0,'2018-08-28 07:25:36',0),(70,1,35,35,75,2,2,0,'2018-02-13 00:00:00',-10.0000,'','2018-08-28 07:25:36',0,'2018-08-28 07:25:36',0),(71,1,36,36,9,3,3,0,'2018-03-01 00:00:00',1000.0000,'','2018-08-28 07:25:36',0,'2018-08-28 07:25:36',0),(72,1,36,36,18,3,3,0,'2018-03-01 00:00:00',-1000.0000,'','2018-08-28 07:25:36',0,'2018-08-28 07:25:36',0),(73,1,37,37,9,3,3,0,'2018-04-01 00:00:00',1000.0000,'','2018-08-28 07:25:36',0,'2018-08-28 07:25:36',0),(74,1,37,37,18,3,3,0,'2018-04-01 00:00:00',-1000.0000,'','2018-08-28 07:25:36',0,'2018-08-28 07:25:36',0),(75,1,38,38,9,3,3,0,'2018-05-01 00:00:00',1000.0000,'','2018-08-28 07:25:36',0,'2018-08-28 07:25:36',0),(76,1,38,38,18,3,3,0,'2018-05-01 00:00:00',-1000.0000,'','2018-08-28 07:25:36',0,'2018-08-28 07:25:36',0),(77,1,39,39,9,3,3,0,'2018-06-01 00:00:00',1000.0000,'','2018-08-28 07:25:36',0,'2018-08-28 07:25:36',0),(78,1,39,39,18,3,3,0,'2018-06-01 00:00:00',-1000.0000,'','2018-08-28 07:25:36',0,'2018-08-28 07:25:36',0),(79,1,40,40,9,3,3,0,'2018-07-01 00:00:00',1000.0000,'','2018-08-28 07:25:36',0,'2018-08-28 07:25:36',0),(80,1,40,40,18,3,3,0,'2018-07-01 00:00:00',-1000.0000,'','2018-08-28 07:25:36',0,'2018-08-28 07:25:36',0),(81,1,41,41,9,3,3,0,'2018-08-01 00:00:00',1000.0000,'','2018-08-28 07:25:36',0,'2018-08-28 07:25:36',0),(82,1,41,41,18,3,3,0,'2018-08-01 00:00:00',-1000.0000,'','2018-08-28 07:25:36',0,'2018-08-28 07:25:36',0),(83,1,42,42,9,3,3,0,'2018-02-13 00:00:00',2000.0000,'','2018-08-28 07:25:36',0,'2018-08-28 07:25:36',0),(84,1,42,42,11,3,3,0,'2018-02-13 00:00:00',-2000.0000,'','2018-08-28 07:25:36',0,'2018-08-28 07:25:36',0),(85,1,43,43,9,3,3,0,'2018-03-01 00:00:00',10.0000,'','2018-08-28 07:25:37',0,'2018-08-28 07:25:37',0),(86,1,43,43,53,3,3,0,'2018-03-01 00:00:00',-10.0000,'','2018-08-28 07:25:37',0,'2018-08-28 07:25:37',0),(87,1,44,44,9,3,3,0,'2018-04-01 00:00:00',10.0000,'','2018-08-28 07:25:37',0,'2018-08-28 07:25:37',0),(88,1,44,44,53,3,3,0,'2018-04-01 00:00:00',-10.0000,'','2018-08-28 07:25:37',0,'2018-08-28 07:25:37',0),(89,1,45,45,9,3,3,0,'2018-05-01 00:00:00',10.0000,'','2018-08-28 07:25:37',0,'2018-08-28 07:25:37',0),(90,1,45,45,53,3,3,0,'2018-05-01 00:00:00',-10.0000,'','2018-08-28 07:25:37',0,'2018-08-28 07:25:37',0),(91,1,46,46,9,3,3,0,'2018-06-01 00:00:00',10.0000,'','2018-08-28 07:25:37',0,'2018-08-28 07:25:37',0),(92,1,46,46,53,3,3,0,'2018-06-01 00:00:00',-10.0000,'','2018-08-28 07:25:37',0,'2018-08-28 07:25:37',0),(93,1,47,47,9,3,3,0,'2018-07-01 00:00:00',10.0000,'','2018-08-28 07:25:37',0,'2018-08-28 07:25:37',0),(94,1,47,47,53,3,3,0,'2018-07-01 00:00:00',-10.0000,'','2018-08-28 07:25:37',0,'2018-08-28 07:25:37',0),(95,1,48,48,9,3,3,0,'2018-08-01 00:00:00',10.0000,'','2018-08-28 07:25:37',0,'2018-08-28 07:25:37',0),(96,1,48,48,53,3,3,0,'2018-08-01 00:00:00',-10.0000,'','2018-08-28 07:25:37',0,'2018-08-28 07:25:37',0),(97,1,49,49,9,3,3,0,'2018-02-13 00:00:00',571.4300,'','2018-08-28 07:25:37',0,'2018-08-28 07:25:37',0),(98,1,49,49,18,3,3,0,'2018-02-13 00:00:00',-571.4300,'','2018-08-28 07:25:37',0,'2018-08-28 07:25:37',0),(99,1,50,50,9,3,3,0,'2018-02-13 00:00:00',50.0000,'','2018-08-28 07:25:37',0,'2018-08-28 07:25:37',0),(100,1,50,50,52,3,3,0,'2018-02-13 00:00:00',-50.0000,'','2018-08-28 07:25:37',0,'2018-08-28 07:25:37',0),(101,1,51,51,9,3,3,0,'2018-02-13 00:00:00',5.7100,'','2018-08-28 07:25:37',0,'2018-08-28 07:25:37',0),(102,1,51,51,53,3,3,0,'2018-02-13 00:00:00',-5.7100,'','2018-08-28 07:25:37',0,'2018-08-28 07:25:37',0),(103,1,52,52,9,3,3,0,'2018-02-13 00:00:00',10.0000,'','2018-08-28 07:25:37',0,'2018-08-28 07:25:37',0),(104,1,52,52,75,3,3,0,'2018-02-13 00:00:00',-10.0000,'','2018-08-28 07:25:37',0,'2018-08-28 07:25:37',0),(105,1,53,53,9,4,4,0,'2018-03-01 00:00:00',1500.0000,'','2018-08-28 07:25:37',0,'2018-08-28 07:25:37',0),(106,1,53,53,18,4,4,0,'2018-03-01 00:00:00',-1500.0000,'','2018-08-28 07:25:37',0,'2018-08-28 07:25:37',0),(107,1,54,54,9,4,4,0,'2018-04-01 00:00:00',1500.0000,'','2018-08-28 07:25:37',0,'2018-08-28 07:25:37',0),(108,1,54,54,18,4,4,0,'2018-04-01 00:00:00',-1500.0000,'','2018-08-28 07:25:37',0,'2018-08-28 07:25:37',0),(109,1,55,55,9,4,4,0,'2018-05-01 00:00:00',1500.0000,'','2018-08-28 07:25:37',0,'2018-08-28 07:25:37',0),(110,1,55,55,18,4,4,0,'2018-05-01 00:00:00',-1500.0000,'','2018-08-28 07:25:37',0,'2018-08-28 07:25:37',0),(111,1,56,56,9,4,4,0,'2018-06-01 00:00:00',1500.0000,'','2018-08-28 07:25:37',0,'2018-08-28 07:25:37',0),(112,1,56,56,18,4,4,0,'2018-06-01 00:00:00',-1500.0000,'','2018-08-28 07:25:37',0,'2018-08-28 07:25:37',0),(113,1,57,57,9,4,4,0,'2018-07-01 00:00:00',1500.0000,'','2018-08-28 07:25:37',0,'2018-08-28 07:25:37',0),(114,1,57,57,18,4,4,0,'2018-07-01 00:00:00',-1500.0000,'','2018-08-28 07:25:37',0,'2018-08-28 07:25:37',0),(115,1,58,58,9,4,4,0,'2018-08-01 00:00:00',1500.0000,'','2018-08-28 07:25:37',0,'2018-08-28 07:25:37',0),(116,1,58,58,18,4,4,0,'2018-08-01 00:00:00',-1500.0000,'','2018-08-28 07:25:37',0,'2018-08-28 07:25:37',0),(117,1,59,59,9,4,4,0,'2018-02-13 00:00:00',3000.0000,'','2018-08-28 07:25:37',0,'2018-08-28 07:25:37',0),(118,1,59,59,11,4,4,0,'2018-02-13 00:00:00',-3000.0000,'','2018-08-28 07:25:37',0,'2018-08-28 07:25:37',0),(119,1,60,60,9,4,4,0,'2018-03-01 00:00:00',10.0000,'','2018-08-28 07:25:37',0,'2018-08-28 07:25:37',0),(120,1,60,60,53,4,4,0,'2018-03-01 00:00:00',-10.0000,'','2018-08-28 07:25:37',0,'2018-08-28 07:25:37',0),(121,1,61,61,9,4,4,0,'2018-04-01 00:00:00',10.0000,'','2018-08-28 07:25:37',0,'2018-08-28 07:25:37',0),(122,1,61,61,53,4,4,0,'2018-04-01 00:00:00',-10.0000,'','2018-08-28 07:25:37',0,'2018-08-28 07:25:37',0),(123,1,62,62,9,4,4,0,'2018-05-01 00:00:00',10.0000,'','2018-08-28 07:25:37',0,'2018-08-28 07:25:37',0),(124,1,62,62,53,4,4,0,'2018-05-01 00:00:00',-10.0000,'','2018-08-28 07:25:37',0,'2018-08-28 07:25:37',0),(125,1,63,63,9,4,4,0,'2018-06-01 00:00:00',10.0000,'','2018-08-28 07:25:37',0,'2018-08-28 07:25:37',0),(126,1,63,63,53,4,4,0,'2018-06-01 00:00:00',-10.0000,'','2018-08-28 07:25:37',0,'2018-08-28 07:25:37',0),(127,1,64,64,9,4,4,0,'2018-07-01 00:00:00',10.0000,'','2018-08-28 07:25:37',0,'2018-08-28 07:25:37',0),(128,1,64,64,53,4,4,0,'2018-07-01 00:00:00',-10.0000,'','2018-08-28 07:25:37',0,'2018-08-28 07:25:37',0),(129,1,65,65,9,4,4,0,'2018-08-01 00:00:00',10.0000,'','2018-08-28 07:25:37',0,'2018-08-28 07:25:37',0),(130,1,65,65,53,4,4,0,'2018-08-01 00:00:00',-10.0000,'','2018-08-28 07:25:37',0,'2018-08-28 07:25:37',0),(131,1,66,66,9,4,4,0,'2018-02-13 00:00:00',857.1400,'','2018-08-28 07:25:37',0,'2018-08-28 07:25:37',0),(132,1,66,66,18,4,4,0,'2018-02-13 00:00:00',-857.1400,'','2018-08-28 07:25:37',0,'2018-08-28 07:25:37',0),(133,1,67,67,9,4,4,0,'2018-02-13 00:00:00',50.0000,'','2018-08-28 07:25:37',0,'2018-08-28 07:25:37',0),(134,1,67,67,52,4,4,0,'2018-02-13 00:00:00',-50.0000,'','2018-08-28 07:25:37',0,'2018-08-28 07:25:37',0),(135,1,68,68,9,4,4,0,'2018-02-13 00:00:00',5.7100,'','2018-08-28 07:25:37',0,'2018-08-28 07:25:37',0),(136,1,68,68,53,4,4,0,'2018-02-13 00:00:00',-5.7100,'','2018-08-28 07:25:37',0,'2018-08-28 07:25:37',0),(137,1,69,69,9,4,4,0,'2018-02-13 00:00:00',10.0000,'','2018-08-28 07:25:37',0,'2018-08-28 07:25:37',0),(138,1,69,69,75,4,4,0,'2018-02-13 00:00:00',-10.0000,'','2018-08-28 07:25:37',0,'2018-08-28 07:25:37',0),(139,1,70,70,9,5,5,0,'2018-03-01 00:00:00',1500.0000,'','2018-08-28 07:25:37',0,'2018-08-28 07:25:37',0),(140,1,70,70,18,5,5,0,'2018-03-01 00:00:00',-1500.0000,'','2018-08-28 07:25:37',0,'2018-08-28 07:25:37',0),(141,1,71,71,9,5,5,0,'2018-04-01 00:00:00',1500.0000,'','2018-08-28 07:25:37',0,'2018-08-28 07:25:37',0),(142,1,71,71,18,5,5,0,'2018-04-01 00:00:00',-1500.0000,'','2018-08-28 07:25:37',0,'2018-08-28 07:25:37',0),(143,1,72,72,9,5,5,0,'2018-05-01 00:00:00',1500.0000,'','2018-08-28 07:25:37',0,'2018-08-28 07:25:37',0),(144,1,72,72,18,5,5,0,'2018-05-01 00:00:00',-1500.0000,'','2018-08-28 07:25:37',0,'2018-08-28 07:25:37',0),(145,1,73,73,9,5,5,0,'2018-06-01 00:00:00',1500.0000,'','2018-08-28 07:25:37',0,'2018-08-28 07:25:37',0),(146,1,73,73,18,5,5,0,'2018-06-01 00:00:00',-1500.0000,'','2018-08-28 07:25:37',0,'2018-08-28 07:25:37',0),(147,1,74,74,9,5,5,0,'2018-07-01 00:00:00',1500.0000,'','2018-08-28 07:25:37',0,'2018-08-28 07:25:37',0),(148,1,74,74,18,5,5,0,'2018-07-01 00:00:00',-1500.0000,'','2018-08-28 07:25:37',0,'2018-08-28 07:25:37',0),(149,1,75,75,9,5,5,0,'2018-08-01 00:00:00',1500.0000,'','2018-08-28 07:25:37',0,'2018-08-28 07:25:37',0),(150,1,75,75,18,5,5,0,'2018-08-01 00:00:00',-1500.0000,'','2018-08-28 07:25:37',0,'2018-08-28 07:25:37',0),(151,1,76,76,9,5,5,0,'2018-02-13 00:00:00',3000.0000,'','2018-08-28 07:25:37',0,'2018-08-28 07:25:37',0),(152,1,76,76,11,5,5,0,'2018-02-13 00:00:00',-3000.0000,'','2018-08-28 07:25:37',0,'2018-08-28 07:25:37',0),(153,1,77,77,9,5,5,0,'2018-02-13 00:00:00',857.1400,'','2018-08-28 07:25:37',0,'2018-08-28 07:25:37',0),(154,1,77,77,18,5,5,0,'2018-02-13 00:00:00',-857.1400,'','2018-08-28 07:25:37',0,'2018-08-28 07:25:37',0),(155,1,78,78,9,5,5,0,'2018-02-13 00:00:00',10.0000,'','2018-08-28 07:25:37',0,'2018-08-28 07:25:37',0),(156,1,78,78,75,5,5,0,'2018-02-13 00:00:00',-10.0000,'','2018-08-28 07:25:37',0,'2018-08-28 07:25:37',0),(157,1,79,79,9,6,6,0,'2018-03-01 00:00:00',1750.0000,'','2018-08-28 07:25:37',0,'2018-08-28 07:25:37',0),(158,1,79,79,18,6,6,0,'2018-03-01 00:00:00',-1750.0000,'','2018-08-28 07:25:37',0,'2018-08-28 07:25:37',0),(159,1,80,80,9,6,6,0,'2018-04-01 00:00:00',1750.0000,'','2018-08-28 07:25:37',0,'2018-08-28 07:25:37',0),(160,1,80,80,18,6,6,0,'2018-04-01 00:00:00',-1750.0000,'','2018-08-28 07:25:37',0,'2018-08-28 07:25:37',0),(161,1,81,81,9,6,6,0,'2018-05-01 00:00:00',1750.0000,'','2018-08-28 07:25:37',0,'2018-08-28 07:25:37',0),(162,1,81,81,18,6,6,0,'2018-05-01 00:00:00',-1750.0000,'','2018-08-28 07:25:37',0,'2018-08-28 07:25:37',0),(163,1,82,82,9,6,6,0,'2018-06-01 00:00:00',1750.0000,'','2018-08-28 07:25:37',0,'2018-08-28 07:25:37',0),(164,1,82,82,18,6,6,0,'2018-06-01 00:00:00',-1750.0000,'','2018-08-28 07:25:37',0,'2018-08-28 07:25:37',0),(165,1,83,83,9,6,6,0,'2018-07-01 00:00:00',1750.0000,'','2018-08-28 07:25:37',0,'2018-08-28 07:25:37',0),(166,1,83,83,18,6,6,0,'2018-07-01 00:00:00',-1750.0000,'','2018-08-28 07:25:37',0,'2018-08-28 07:25:37',0),(167,1,84,84,9,6,6,0,'2018-08-01 00:00:00',1750.0000,'','2018-08-28 07:25:37',0,'2018-08-28 07:25:37',0),(168,1,84,84,18,6,6,0,'2018-08-01 00:00:00',-1750.0000,'','2018-08-28 07:25:37',0,'2018-08-28 07:25:37',0),(169,1,85,85,9,6,6,0,'2018-02-13 00:00:00',3500.0000,'','2018-08-28 07:25:37',0,'2018-08-28 07:25:37',0),(170,1,85,85,11,6,6,0,'2018-02-13 00:00:00',-3500.0000,'','2018-08-28 07:25:37',0,'2018-08-28 07:25:37',0),(171,1,86,86,9,6,6,0,'2018-02-13 00:00:00',1000.0000,'','2018-08-28 07:25:37',0,'2018-08-28 07:25:37',0),(172,1,86,86,18,6,6,0,'2018-02-13 00:00:00',-1000.0000,'','2018-08-28 07:25:37',0,'2018-08-28 07:25:37',0),(173,1,87,87,9,6,6,0,'2018-02-13 00:00:00',10.0000,'','2018-08-28 07:25:37',0,'2018-08-28 07:25:37',0),(174,1,87,87,75,6,6,0,'2018-02-13 00:00:00',-10.0000,'','2018-08-28 07:25:37',0,'2018-08-28 07:25:37',0),(175,1,88,88,9,7,7,0,'2018-03-01 00:00:00',1750.0000,'','2018-08-28 07:25:38',0,'2018-08-28 07:25:38',0),(176,1,88,88,18,7,7,0,'2018-03-01 00:00:00',-1750.0000,'','2018-08-28 07:25:38',0,'2018-08-28 07:25:38',0),(177,1,89,89,9,7,7,0,'2018-04-01 00:00:00',1750.0000,'','2018-08-28 07:25:38',0,'2018-08-28 07:25:38',0),(178,1,89,89,18,7,7,0,'2018-04-01 00:00:00',-1750.0000,'','2018-08-28 07:25:38',0,'2018-08-28 07:25:38',0),(179,1,90,90,9,7,7,0,'2018-05-01 00:00:00',1750.0000,'','2018-08-28 07:25:38',0,'2018-08-28 07:25:38',0),(180,1,90,90,18,7,7,0,'2018-05-01 00:00:00',-1750.0000,'','2018-08-28 07:25:38',0,'2018-08-28 07:25:38',0),(181,1,91,91,9,7,7,0,'2018-06-01 00:00:00',1750.0000,'','2018-08-28 07:25:38',0,'2018-08-28 07:25:38',0),(182,1,91,91,18,7,7,0,'2018-06-01 00:00:00',-1750.0000,'','2018-08-28 07:25:38',0,'2018-08-28 07:25:38',0),(183,1,92,92,9,7,7,0,'2018-07-01 00:00:00',1750.0000,'','2018-08-28 07:25:38',0,'2018-08-28 07:25:38',0),(184,1,92,92,18,7,7,0,'2018-07-01 00:00:00',-1750.0000,'','2018-08-28 07:25:38',0,'2018-08-28 07:25:38',0),(185,1,93,93,9,7,7,0,'2018-08-01 00:00:00',1750.0000,'','2018-08-28 07:25:38',0,'2018-08-28 07:25:38',0),(186,1,93,93,18,7,7,0,'2018-08-01 00:00:00',-1750.0000,'','2018-08-28 07:25:38',0,'2018-08-28 07:25:38',0),(187,1,94,94,9,7,7,0,'2018-02-13 00:00:00',3500.0000,'','2018-08-28 07:25:38',0,'2018-08-28 07:25:38',0),(188,1,94,94,11,7,7,0,'2018-02-13 00:00:00',-3500.0000,'','2018-08-28 07:25:38',0,'2018-08-28 07:25:38',0),(189,1,95,95,9,7,7,0,'2018-02-13 00:00:00',1000.0000,'','2018-08-28 07:25:38',0,'2018-08-28 07:25:38',0),(190,1,95,95,18,7,7,0,'2018-02-13 00:00:00',-1000.0000,'','2018-08-28 07:25:38',0,'2018-08-28 07:25:38',0),(191,1,96,96,9,7,7,0,'2018-02-13 00:00:00',10.0000,'','2018-08-28 07:25:38',0,'2018-08-28 07:25:38',0),(192,1,96,96,75,7,7,0,'2018-02-13 00:00:00',-10.0000,'','2018-08-28 07:25:38',0,'2018-08-28 07:25:38',0),(193,1,97,97,9,8,8,0,'2018-03-01 00:00:00',2500.0000,'','2018-08-28 07:25:38',0,'2018-08-28 07:25:38',0),(194,1,97,97,18,8,8,0,'2018-03-01 00:00:00',-2500.0000,'','2018-08-28 07:25:38',0,'2018-08-28 07:25:38',0),(195,1,98,98,9,8,8,0,'2018-04-01 00:00:00',2500.0000,'','2018-08-28 07:25:38',0,'2018-08-28 07:25:38',0),(196,1,98,98,18,8,8,0,'2018-04-01 00:00:00',-2500.0000,'','2018-08-28 07:25:38',0,'2018-08-28 07:25:38',0),(197,1,99,99,9,8,8,0,'2018-05-01 00:00:00',2500.0000,'','2018-08-28 07:25:38',0,'2018-08-28 07:25:38',0),(198,1,99,99,18,8,8,0,'2018-05-01 00:00:00',-2500.0000,'','2018-08-28 07:25:38',0,'2018-08-28 07:25:38',0),(199,1,100,100,9,8,8,0,'2018-06-01 00:00:00',2500.0000,'','2018-08-28 07:25:38',0,'2018-08-28 07:25:38',0),(200,1,100,100,18,8,8,0,'2018-06-01 00:00:00',-2500.0000,'','2018-08-28 07:25:38',0,'2018-08-28 07:25:38',0),(201,1,101,101,9,8,8,0,'2018-07-01 00:00:00',2500.0000,'','2018-08-28 07:25:38',0,'2018-08-28 07:25:38',0),(202,1,101,101,18,8,8,0,'2018-07-01 00:00:00',-2500.0000,'','2018-08-28 07:25:38',0,'2018-08-28 07:25:38',0),(203,1,102,102,9,8,8,0,'2018-08-01 00:00:00',2500.0000,'','2018-08-28 07:25:38',0,'2018-08-28 07:25:38',0),(204,1,102,102,18,8,8,0,'2018-08-01 00:00:00',-2500.0000,'','2018-08-28 07:25:38',0,'2018-08-28 07:25:38',0),(205,1,103,103,9,8,8,0,'2018-02-13 00:00:00',5000.0000,'','2018-08-28 07:25:38',0,'2018-08-28 07:25:38',0),(206,1,103,103,11,8,8,0,'2018-02-13 00:00:00',-5000.0000,'','2018-08-28 07:25:38',0,'2018-08-28 07:25:38',0),(207,1,104,104,9,8,8,0,'2018-03-01 00:00:00',10.0000,'','2018-08-28 07:25:38',0,'2018-08-28 07:25:38',0),(208,1,104,104,53,8,8,0,'2018-03-01 00:00:00',-10.0000,'','2018-08-28 07:25:38',0,'2018-08-28 07:25:38',0),(209,1,105,105,9,8,8,0,'2018-04-01 00:00:00',10.0000,'','2018-08-28 07:25:38',0,'2018-08-28 07:25:38',0),(210,1,105,105,53,8,8,0,'2018-04-01 00:00:00',-10.0000,'','2018-08-28 07:25:38',0,'2018-08-28 07:25:38',0),(211,1,106,106,9,8,8,0,'2018-05-01 00:00:00',10.0000,'','2018-08-28 07:25:38',0,'2018-08-28 07:25:38',0),(212,1,106,106,53,8,8,0,'2018-05-01 00:00:00',-10.0000,'','2018-08-28 07:25:38',0,'2018-08-28 07:25:38',0),(213,1,107,107,9,8,8,0,'2018-06-01 00:00:00',10.0000,'','2018-08-28 07:25:38',0,'2018-08-28 07:25:38',0),(214,1,107,107,53,8,8,0,'2018-06-01 00:00:00',-10.0000,'','2018-08-28 07:25:38',0,'2018-08-28 07:25:38',0),(215,1,108,108,9,8,8,0,'2018-07-01 00:00:00',10.0000,'','2018-08-28 07:25:38',0,'2018-08-28 07:25:38',0),(216,1,108,108,53,8,8,0,'2018-07-01 00:00:00',-10.0000,'','2018-08-28 07:25:38',0,'2018-08-28 07:25:38',0),(217,1,109,109,9,8,8,0,'2018-08-01 00:00:00',10.0000,'','2018-08-28 07:25:38',0,'2018-08-28 07:25:38',0),(218,1,109,109,53,8,8,0,'2018-08-01 00:00:00',-10.0000,'','2018-08-28 07:25:38',0,'2018-08-28 07:25:38',0),(219,1,110,110,9,8,8,0,'2018-02-13 00:00:00',1428.5700,'','2018-08-28 07:25:38',0,'2018-08-28 07:25:38',0),(220,1,110,110,18,8,8,0,'2018-02-13 00:00:00',-1428.5700,'','2018-08-28 07:25:38',0,'2018-08-28 07:25:38',0),(221,1,111,111,9,8,8,0,'2018-02-13 00:00:00',50.0000,'','2018-08-28 07:25:38',0,'2018-08-28 07:25:38',0),(222,1,111,111,52,8,8,0,'2018-02-13 00:00:00',-50.0000,'','2018-08-28 07:25:38',0,'2018-08-28 07:25:38',0),(223,1,112,112,9,8,8,0,'2018-02-13 00:00:00',5.7100,'','2018-08-28 07:25:38',0,'2018-08-28 07:25:38',0),(224,1,112,112,53,8,8,0,'2018-02-13 00:00:00',-5.7100,'','2018-08-28 07:25:38',0,'2018-08-28 07:25:38',0),(225,1,113,113,9,8,8,0,'2018-02-13 00:00:00',10.0000,'','2018-08-28 07:25:38',0,'2018-08-28 07:25:38',0),(226,1,113,113,75,8,8,0,'2018-02-13 00:00:00',-10.0000,'','2018-08-28 07:25:38',0,'2018-08-28 07:25:38',0),(227,1,114,114,9,9,9,0,'2018-03-01 00:00:00',2500.0000,'','2018-08-28 07:25:38',0,'2018-08-28 07:25:38',0),(228,1,114,114,18,9,9,0,'2018-03-01 00:00:00',-2500.0000,'','2018-08-28 07:25:38',0,'2018-08-28 07:25:38',0),(229,1,115,115,9,9,9,0,'2018-04-01 00:00:00',2500.0000,'','2018-08-28 07:25:38',0,'2018-08-28 07:25:38',0),(230,1,115,115,18,9,9,0,'2018-04-01 00:00:00',-2500.0000,'','2018-08-28 07:25:38',0,'2018-08-28 07:25:38',0),(231,1,116,116,9,9,9,0,'2018-05-01 00:00:00',2500.0000,'','2018-08-28 07:25:38',0,'2018-08-28 07:25:38',0),(232,1,116,116,18,9,9,0,'2018-05-01 00:00:00',-2500.0000,'','2018-08-28 07:25:38',0,'2018-08-28 07:25:38',0),(233,1,117,117,9,9,9,0,'2018-06-01 00:00:00',2500.0000,'','2018-08-28 07:25:38',0,'2018-08-28 07:25:38',0),(234,1,117,117,18,9,9,0,'2018-06-01 00:00:00',-2500.0000,'','2018-08-28 07:25:38',0,'2018-08-28 07:25:38',0),(235,1,118,118,9,9,9,0,'2018-07-01 00:00:00',2500.0000,'','2018-08-28 07:25:38',0,'2018-08-28 07:25:38',0),(236,1,118,118,18,9,9,0,'2018-07-01 00:00:00',-2500.0000,'','2018-08-28 07:25:38',0,'2018-08-28 07:25:38',0),(237,1,119,119,9,9,9,0,'2018-08-01 00:00:00',2500.0000,'','2018-08-28 07:25:38',0,'2018-08-28 07:25:38',0),(238,1,119,119,18,9,9,0,'2018-08-01 00:00:00',-2500.0000,'','2018-08-28 07:25:38',0,'2018-08-28 07:25:38',0),(239,1,120,120,9,9,9,0,'2018-02-13 00:00:00',5000.0000,'','2018-08-28 07:25:38',0,'2018-08-28 07:25:38',0),(240,1,120,120,11,9,9,0,'2018-02-13 00:00:00',-5000.0000,'','2018-08-28 07:25:38',0,'2018-08-28 07:25:38',0),(241,1,121,121,9,9,9,0,'2018-03-01 00:00:00',10.0000,'','2018-08-28 07:25:38',0,'2018-08-28 07:25:38',0),(242,1,121,121,53,9,9,0,'2018-03-01 00:00:00',-10.0000,'','2018-08-28 07:25:38',0,'2018-08-28 07:25:38',0),(243,1,122,122,9,9,9,0,'2018-04-01 00:00:00',10.0000,'','2018-08-28 07:25:38',0,'2018-08-28 07:25:38',0),(244,1,122,122,53,9,9,0,'2018-04-01 00:00:00',-10.0000,'','2018-08-28 07:25:38',0,'2018-08-28 07:25:38',0),(245,1,123,123,9,9,9,0,'2018-05-01 00:00:00',10.0000,'','2018-08-28 07:25:38',0,'2018-08-28 07:25:38',0),(246,1,123,123,53,9,9,0,'2018-05-01 00:00:00',-10.0000,'','2018-08-28 07:25:38',0,'2018-08-28 07:25:38',0),(247,1,124,124,9,9,9,0,'2018-06-01 00:00:00',10.0000,'','2018-08-28 07:25:38',0,'2018-08-28 07:25:38',0),(248,1,124,124,53,9,9,0,'2018-06-01 00:00:00',-10.0000,'','2018-08-28 07:25:38',0,'2018-08-28 07:25:38',0),(249,1,125,125,9,9,9,0,'2018-07-01 00:00:00',10.0000,'','2018-08-28 07:25:38',0,'2018-08-28 07:25:38',0),(250,1,125,125,53,9,9,0,'2018-07-01 00:00:00',-10.0000,'','2018-08-28 07:25:38',0,'2018-08-28 07:25:38',0),(251,1,126,126,9,9,9,0,'2018-08-01 00:00:00',10.0000,'','2018-08-28 07:25:38',0,'2018-08-28 07:25:38',0),(252,1,126,126,53,9,9,0,'2018-08-01 00:00:00',-10.0000,'','2018-08-28 07:25:38',0,'2018-08-28 07:25:38',0),(253,1,127,127,9,9,9,0,'2018-02-13 00:00:00',1428.5700,'','2018-08-28 07:25:38',0,'2018-08-28 07:25:38',0),(254,1,127,127,18,9,9,0,'2018-02-13 00:00:00',-1428.5700,'','2018-08-28 07:25:38',0,'2018-08-28 07:25:38',0),(255,1,128,128,9,9,9,0,'2018-02-13 00:00:00',50.0000,'','2018-08-28 07:25:38',0,'2018-08-28 07:25:38',0),(256,1,128,128,52,9,9,0,'2018-02-13 00:00:00',-50.0000,'','2018-08-28 07:25:38',0,'2018-08-28 07:25:38',0),(257,1,129,129,9,9,9,0,'2018-02-13 00:00:00',5.7100,'','2018-08-28 07:25:38',0,'2018-08-28 07:25:38',0),(258,1,129,129,53,9,9,0,'2018-02-13 00:00:00',-5.7100,'','2018-08-28 07:25:38',0,'2018-08-28 07:25:38',0),(259,1,130,130,9,9,9,0,'2018-02-13 00:00:00',10.0000,'','2018-08-28 07:25:39',0,'2018-08-28 07:25:39',0),(260,1,130,130,75,9,9,0,'2018-02-13 00:00:00',-10.0000,'','2018-08-28 07:25:39',0,'2018-08-28 07:25:39',0),(261,1,131,131,9,10,10,0,'2018-03-01 00:00:00',2500.0000,'','2018-08-28 07:25:39',0,'2018-08-28 07:25:39',0),(262,1,131,131,18,10,10,0,'2018-03-01 00:00:00',-2500.0000,'','2018-08-28 07:25:39',0,'2018-08-28 07:25:39',0),(263,1,132,132,9,10,10,0,'2018-04-01 00:00:00',2500.0000,'','2018-08-28 07:25:39',0,'2018-08-28 07:25:39',0),(264,1,132,132,18,10,10,0,'2018-04-01 00:00:00',-2500.0000,'','2018-08-28 07:25:39',0,'2018-08-28 07:25:39',0),(265,1,133,133,9,10,10,0,'2018-05-01 00:00:00',2500.0000,'','2018-08-28 07:25:39',0,'2018-08-28 07:25:39',0),(266,1,133,133,18,10,10,0,'2018-05-01 00:00:00',-2500.0000,'','2018-08-28 07:25:39',0,'2018-08-28 07:25:39',0),(267,1,134,134,9,10,10,0,'2018-06-01 00:00:00',2500.0000,'','2018-08-28 07:25:39',0,'2018-08-28 07:25:39',0),(268,1,134,134,18,10,10,0,'2018-06-01 00:00:00',-2500.0000,'','2018-08-28 07:25:39',0,'2018-08-28 07:25:39',0),(269,1,135,135,9,10,10,0,'2018-07-01 00:00:00',2500.0000,'','2018-08-28 07:25:39',0,'2018-08-28 07:25:39',0),(270,1,135,135,18,10,10,0,'2018-07-01 00:00:00',-2500.0000,'','2018-08-28 07:25:39',0,'2018-08-28 07:25:39',0),(271,1,136,136,9,10,10,0,'2018-08-01 00:00:00',2500.0000,'','2018-08-28 07:25:39',0,'2018-08-28 07:25:39',0),(272,1,136,136,18,10,10,0,'2018-08-01 00:00:00',-2500.0000,'','2018-08-28 07:25:39',0,'2018-08-28 07:25:39',0),(273,1,137,137,9,10,10,0,'2018-02-13 00:00:00',5000.0000,'','2018-08-28 07:25:39',0,'2018-08-28 07:25:39',0),(274,1,137,137,11,10,10,0,'2018-02-13 00:00:00',-5000.0000,'','2018-08-28 07:25:39',0,'2018-08-28 07:25:39',0),(275,1,138,138,9,10,10,0,'2018-03-01 00:00:00',10.0000,'','2018-08-28 07:25:39',0,'2018-08-28 07:25:39',0),(276,1,138,138,53,10,10,0,'2018-03-01 00:00:00',-10.0000,'','2018-08-28 07:25:39',0,'2018-08-28 07:25:39',0),(277,1,139,139,9,10,10,0,'2018-04-01 00:00:00',10.0000,'','2018-08-28 07:25:39',0,'2018-08-28 07:25:39',0),(278,1,139,139,53,10,10,0,'2018-04-01 00:00:00',-10.0000,'','2018-08-28 07:25:39',0,'2018-08-28 07:25:39',0),(279,1,140,140,9,10,10,0,'2018-05-01 00:00:00',10.0000,'','2018-08-28 07:25:39',0,'2018-08-28 07:25:39',0),(280,1,140,140,53,10,10,0,'2018-05-01 00:00:00',-10.0000,'','2018-08-28 07:25:39',0,'2018-08-28 07:25:39',0),(281,1,141,141,9,10,10,0,'2018-06-01 00:00:00',10.0000,'','2018-08-28 07:25:39',0,'2018-08-28 07:25:39',0),(282,1,141,141,53,10,10,0,'2018-06-01 00:00:00',-10.0000,'','2018-08-28 07:25:39',0,'2018-08-28 07:25:39',0),(283,1,142,142,9,10,10,0,'2018-07-01 00:00:00',10.0000,'','2018-08-28 07:25:39',0,'2018-08-28 07:25:39',0),(284,1,142,142,53,10,10,0,'2018-07-01 00:00:00',-10.0000,'','2018-08-28 07:25:39',0,'2018-08-28 07:25:39',0),(285,1,143,143,9,10,10,0,'2018-08-01 00:00:00',10.0000,'','2018-08-28 07:25:39',0,'2018-08-28 07:25:39',0),(286,1,143,143,53,10,10,0,'2018-08-01 00:00:00',-10.0000,'','2018-08-28 07:25:39',0,'2018-08-28 07:25:39',0),(287,1,144,144,9,10,10,0,'2018-02-13 00:00:00',1428.5700,'','2018-08-28 07:25:39',0,'2018-08-28 07:25:39',0),(288,1,144,144,18,10,10,0,'2018-02-13 00:00:00',-1428.5700,'','2018-08-28 07:25:39',0,'2018-08-28 07:25:39',0),(289,1,145,145,9,10,10,0,'2018-02-13 00:00:00',50.0000,'','2018-08-28 07:25:39',0,'2018-08-28 07:25:39',0),(290,1,145,145,52,10,10,0,'2018-02-13 00:00:00',-50.0000,'','2018-08-28 07:25:39',0,'2018-08-28 07:25:39',0),(291,1,146,146,9,10,10,0,'2018-02-13 00:00:00',5.7100,'','2018-08-28 07:25:39',0,'2018-08-28 07:25:39',0),(292,1,146,146,53,10,10,0,'2018-02-13 00:00:00',-5.7100,'','2018-08-28 07:25:39',0,'2018-08-28 07:25:39',0),(293,1,147,147,9,10,10,0,'2018-02-13 00:00:00',10.0000,'','2018-08-28 07:25:39',0,'2018-08-28 07:25:39',0),(294,1,147,147,75,10,10,0,'2018-02-13 00:00:00',-10.0000,'','2018-08-28 07:25:39',0,'2018-08-28 07:25:39',0),(295,1,148,148,6,0,0,1,'2018-03-01 00:00:00',1000.0000,'','2018-08-28 07:25:39',0,'2018-08-28 07:25:39',0),(296,1,148,148,10,0,0,1,'2018-03-01 00:00:00',-1000.0000,'','2018-08-28 07:25:39',0,'2018-08-28 07:25:39',0),(297,1,149,149,6,0,0,1,'2018-04-01 00:00:00',1000.0000,'','2018-08-28 07:25:39',0,'2018-08-28 07:25:39',0),(298,1,149,149,10,0,0,1,'2018-04-01 00:00:00',-1000.0000,'','2018-08-28 07:25:39',0,'2018-08-28 07:25:39',0),(299,1,150,150,6,0,0,1,'2018-05-01 00:00:00',1000.0000,'','2018-08-28 07:25:39',0,'2018-08-28 07:25:39',0),(300,1,150,150,10,0,0,1,'2018-05-01 00:00:00',-1000.0000,'','2018-08-28 07:25:39',0,'2018-08-28 07:25:39',0),(301,1,151,151,6,0,0,1,'2018-06-01 00:00:00',1000.0000,'','2018-08-28 07:25:39',0,'2018-08-28 07:25:39',0),(302,1,151,151,10,0,0,1,'2018-06-01 00:00:00',-1000.0000,'','2018-08-28 07:25:39',0,'2018-08-28 07:25:39',0),(303,1,152,152,6,0,0,1,'2018-07-01 00:00:00',1000.0000,'','2018-08-28 07:25:39',0,'2018-08-28 07:25:39',0),(304,1,152,152,10,0,0,1,'2018-07-01 00:00:00',-1000.0000,'','2018-08-28 07:25:39',0,'2018-08-28 07:25:39',0),(305,1,153,153,6,0,0,1,'2018-08-01 00:00:00',1000.0000,'','2018-08-28 07:25:39',0,'2018-08-28 07:25:39',0),(306,1,153,153,10,0,0,1,'2018-08-01 00:00:00',-1000.0000,'','2018-08-28 07:25:39',0,'2018-08-28 07:25:39',0),(307,1,154,154,6,0,0,1,'2018-02-13 00:00:00',2000.0000,'','2018-08-28 07:25:39',0,'2018-08-28 07:25:39',0),(308,1,154,154,10,0,0,1,'2018-02-13 00:00:00',-2000.0000,'','2018-08-28 07:25:39',0,'2018-08-28 07:25:39',0),(309,1,155,155,6,0,0,1,'2018-03-01 00:00:00',10.0000,'','2018-08-28 07:25:39',0,'2018-08-28 07:25:39',0),(310,1,155,155,10,0,0,1,'2018-03-01 00:00:00',-10.0000,'','2018-08-28 07:25:39',0,'2018-08-28 07:25:39',0),(311,1,156,156,6,0,0,1,'2018-04-01 00:00:00',10.0000,'','2018-08-28 07:25:39',0,'2018-08-28 07:25:39',0),(312,1,156,156,10,0,0,1,'2018-04-01 00:00:00',-10.0000,'','2018-08-28 07:25:39',0,'2018-08-28 07:25:39',0),(313,1,157,157,6,0,0,1,'2018-05-01 00:00:00',10.0000,'','2018-08-28 07:25:39',0,'2018-08-28 07:25:39',0),(314,1,157,157,10,0,0,1,'2018-05-01 00:00:00',-10.0000,'','2018-08-28 07:25:39',0,'2018-08-28 07:25:39',0),(315,1,158,158,6,0,0,1,'2018-06-01 00:00:00',10.0000,'','2018-08-28 07:25:39',0,'2018-08-28 07:25:39',0),(316,1,158,158,10,0,0,1,'2018-06-01 00:00:00',-10.0000,'','2018-08-28 07:25:39',0,'2018-08-28 07:25:39',0),(317,1,159,159,6,0,0,1,'2018-07-01 00:00:00',10.0000,'','2018-08-28 07:25:39',0,'2018-08-28 07:25:39',0),(318,1,159,159,10,0,0,1,'2018-07-01 00:00:00',-10.0000,'','2018-08-28 07:25:39',0,'2018-08-28 07:25:39',0),(319,1,160,160,6,0,0,1,'2018-08-01 00:00:00',10.0000,'','2018-08-28 07:25:39',0,'2018-08-28 07:25:39',0),(320,1,160,160,10,0,0,1,'2018-08-01 00:00:00',-10.0000,'','2018-08-28 07:25:39',0,'2018-08-28 07:25:39',0),(321,1,161,161,6,0,0,1,'2018-02-13 00:00:00',571.4300,'','2018-08-28 07:25:39',0,'2018-08-28 07:25:39',0),(322,1,161,161,10,0,0,1,'2018-02-13 00:00:00',-571.4300,'','2018-08-28 07:25:39',0,'2018-08-28 07:25:39',0),(323,1,162,162,6,0,0,1,'2018-02-13 00:00:00',50.0000,'','2018-08-28 07:25:39',0,'2018-08-28 07:25:39',0),(324,1,162,162,10,0,0,1,'2018-02-13 00:00:00',-50.0000,'','2018-08-28 07:25:39',0,'2018-08-28 07:25:39',0),(325,1,163,163,6,0,0,1,'2018-02-13 00:00:00',5.7100,'','2018-08-28 07:25:39',0,'2018-08-28 07:25:39',0),(326,1,163,163,10,0,0,1,'2018-02-13 00:00:00',-5.7100,'','2018-08-28 07:25:39',0,'2018-08-28 07:25:39',0),(327,1,164,164,6,0,0,1,'2018-02-13 00:00:00',10.0000,'','2018-08-28 07:25:39',0,'2018-08-28 07:25:39',0),(328,1,164,164,10,0,0,1,'2018-02-13 00:00:00',-10.0000,'','2018-08-28 07:25:39',0,'2018-08-28 07:25:39',0),(329,1,165,165,6,0,0,2,'2018-03-01 00:00:00',1000.0000,'','2018-08-28 07:25:39',0,'2018-08-28 07:25:39',0),(330,1,165,165,10,0,0,2,'2018-03-01 00:00:00',-1000.0000,'','2018-08-28 07:25:39',0,'2018-08-28 07:25:39',0),(331,1,166,166,6,0,0,2,'2018-04-01 00:00:00',1000.0000,'','2018-08-28 07:25:39',0,'2018-08-28 07:25:39',0),(332,1,166,166,10,0,0,2,'2018-04-01 00:00:00',-1000.0000,'','2018-08-28 07:25:39',0,'2018-08-28 07:25:39',0),(333,1,167,167,6,0,0,2,'2018-05-01 00:00:00',1000.0000,'','2018-08-28 07:25:40',0,'2018-08-28 07:25:40',0),(334,1,167,167,10,0,0,2,'2018-05-01 00:00:00',-1000.0000,'','2018-08-28 07:25:40',0,'2018-08-28 07:25:40',0),(335,1,168,168,6,0,0,2,'2018-06-01 00:00:00',1000.0000,'','2018-08-28 07:25:40',0,'2018-08-28 07:25:40',0),(336,1,168,168,10,0,0,2,'2018-06-01 00:00:00',-1000.0000,'','2018-08-28 07:25:40',0,'2018-08-28 07:25:40',0),(337,1,169,169,6,0,0,2,'2018-07-01 00:00:00',1000.0000,'','2018-08-28 07:25:40',0,'2018-08-28 07:25:40',0),(338,1,169,169,10,0,0,2,'2018-07-01 00:00:00',-1000.0000,'','2018-08-28 07:25:40',0,'2018-08-28 07:25:40',0),(339,1,170,170,6,0,0,2,'2018-08-01 00:00:00',1000.0000,'','2018-08-28 07:25:40',0,'2018-08-28 07:25:40',0),(340,1,170,170,10,0,0,2,'2018-08-01 00:00:00',-1000.0000,'','2018-08-28 07:25:40',0,'2018-08-28 07:25:40',0),(341,1,171,171,6,0,0,2,'2018-02-13 00:00:00',2000.0000,'','2018-08-28 07:25:40',0,'2018-08-28 07:25:40',0),(342,1,171,171,10,0,0,2,'2018-02-13 00:00:00',-2000.0000,'','2018-08-28 07:25:40',0,'2018-08-28 07:25:40',0),(343,1,172,172,6,0,0,2,'2018-03-01 00:00:00',10.0000,'','2018-08-28 07:25:40',0,'2018-08-28 07:25:40',0),(344,1,172,172,10,0,0,2,'2018-03-01 00:00:00',-10.0000,'','2018-08-28 07:25:40',0,'2018-08-28 07:25:40',0),(345,1,173,173,6,0,0,2,'2018-04-01 00:00:00',10.0000,'','2018-08-28 07:25:40',0,'2018-08-28 07:25:40',0),(346,1,173,173,10,0,0,2,'2018-04-01 00:00:00',-10.0000,'','2018-08-28 07:25:40',0,'2018-08-28 07:25:40',0),(347,1,174,174,6,0,0,2,'2018-05-01 00:00:00',10.0000,'','2018-08-28 07:25:40',0,'2018-08-28 07:25:40',0),(348,1,174,174,10,0,0,2,'2018-05-01 00:00:00',-10.0000,'','2018-08-28 07:25:40',0,'2018-08-28 07:25:40',0),(349,1,175,175,6,0,0,2,'2018-06-01 00:00:00',10.0000,'','2018-08-28 07:25:40',0,'2018-08-28 07:25:40',0),(350,1,175,175,10,0,0,2,'2018-06-01 00:00:00',-10.0000,'','2018-08-28 07:25:40',0,'2018-08-28 07:25:40',0),(351,1,176,176,6,0,0,2,'2018-07-01 00:00:00',10.0000,'','2018-08-28 07:25:40',0,'2018-08-28 07:25:40',0),(352,1,176,176,10,0,0,2,'2018-07-01 00:00:00',-10.0000,'','2018-08-28 07:25:40',0,'2018-08-28 07:25:40',0),(353,1,177,177,6,0,0,2,'2018-08-01 00:00:00',10.0000,'','2018-08-28 07:25:40',0,'2018-08-28 07:25:40',0),(354,1,177,177,10,0,0,2,'2018-08-01 00:00:00',-10.0000,'','2018-08-28 07:25:40',0,'2018-08-28 07:25:40',0),(355,1,178,178,6,0,0,2,'2018-02-13 00:00:00',571.4300,'','2018-08-28 07:25:40',0,'2018-08-28 07:25:40',0),(356,1,178,178,10,0,0,2,'2018-02-13 00:00:00',-571.4300,'','2018-08-28 07:25:40',0,'2018-08-28 07:25:40',0),(357,1,179,179,6,0,0,2,'2018-02-13 00:00:00',50.0000,'','2018-08-28 07:25:40',0,'2018-08-28 07:25:40',0),(358,1,179,179,10,0,0,2,'2018-02-13 00:00:00',-50.0000,'','2018-08-28 07:25:40',0,'2018-08-28 07:25:40',0),(359,1,180,180,6,0,0,2,'2018-02-13 00:00:00',5.7100,'','2018-08-28 07:25:40',0,'2018-08-28 07:25:40',0),(360,1,180,180,10,0,0,2,'2018-02-13 00:00:00',-5.7100,'','2018-08-28 07:25:40',0,'2018-08-28 07:25:40',0),(361,1,181,181,6,0,0,2,'2018-02-13 00:00:00',10.0000,'','2018-08-28 07:25:40',0,'2018-08-28 07:25:40',0),(362,1,181,181,10,0,0,2,'2018-02-13 00:00:00',-10.0000,'','2018-08-28 07:25:40',0,'2018-08-28 07:25:40',0),(363,1,182,182,6,0,0,2,'2018-02-13 00:00:00',10.0000,'','2018-08-28 07:25:40',0,'2018-08-28 07:25:40',0),(364,1,182,182,10,0,0,2,'2018-02-13 00:00:00',-10.0000,'','2018-08-28 07:25:40',0,'2018-08-28 07:25:40',0),(365,1,183,183,6,0,0,3,'2018-03-01 00:00:00',1000.0000,'','2018-08-28 07:25:40',0,'2018-08-28 07:25:40',0),(366,1,183,183,10,0,0,3,'2018-03-01 00:00:00',-1000.0000,'','2018-08-28 07:25:40',0,'2018-08-28 07:25:40',0),(367,1,184,184,6,0,0,3,'2018-04-01 00:00:00',1000.0000,'','2018-08-28 07:25:40',0,'2018-08-28 07:25:40',0),(368,1,184,184,10,0,0,3,'2018-04-01 00:00:00',-1000.0000,'','2018-08-28 07:25:40',0,'2018-08-28 07:25:40',0),(369,1,185,185,6,0,0,3,'2018-05-01 00:00:00',1000.0000,'','2018-08-28 07:25:40',0,'2018-08-28 07:25:40',0),(370,1,185,185,10,0,0,3,'2018-05-01 00:00:00',-1000.0000,'','2018-08-28 07:25:40',0,'2018-08-28 07:25:40',0),(371,1,186,186,6,0,0,3,'2018-06-01 00:00:00',1000.0000,'','2018-08-28 07:25:40',0,'2018-08-28 07:25:40',0),(372,1,186,186,10,0,0,3,'2018-06-01 00:00:00',-1000.0000,'','2018-08-28 07:25:40',0,'2018-08-28 07:25:40',0),(373,1,187,187,6,0,0,3,'2018-07-01 00:00:00',1000.0000,'','2018-08-28 07:25:40',0,'2018-08-28 07:25:40',0),(374,1,187,187,10,0,0,3,'2018-07-01 00:00:00',-1000.0000,'','2018-08-28 07:25:40',0,'2018-08-28 07:25:40',0),(375,1,188,188,6,0,0,3,'2018-08-01 00:00:00',1000.0000,'','2018-08-28 07:25:40',0,'2018-08-28 07:25:40',0),(376,1,188,188,10,0,0,3,'2018-08-01 00:00:00',-1000.0000,'','2018-08-28 07:25:40',0,'2018-08-28 07:25:40',0),(377,1,189,189,6,0,0,3,'2018-02-13 00:00:00',2000.0000,'','2018-08-28 07:25:40',0,'2018-08-28 07:25:40',0),(378,1,189,189,10,0,0,3,'2018-02-13 00:00:00',-2000.0000,'','2018-08-28 07:25:40',0,'2018-08-28 07:25:40',0),(379,1,190,190,6,0,0,3,'2018-03-01 00:00:00',10.0000,'','2018-08-28 07:25:40',0,'2018-08-28 07:25:40',0),(380,1,190,190,10,0,0,3,'2018-03-01 00:00:00',-10.0000,'','2018-08-28 07:25:40',0,'2018-08-28 07:25:40',0),(381,1,191,191,6,0,0,3,'2018-04-01 00:00:00',10.0000,'','2018-08-28 07:25:40',0,'2018-08-28 07:25:40',0),(382,1,191,191,10,0,0,3,'2018-04-01 00:00:00',-10.0000,'','2018-08-28 07:25:40',0,'2018-08-28 07:25:40',0),(383,1,192,192,6,0,0,3,'2018-05-01 00:00:00',10.0000,'','2018-08-28 07:25:40',0,'2018-08-28 07:25:40',0),(384,1,192,192,10,0,0,3,'2018-05-01 00:00:00',-10.0000,'','2018-08-28 07:25:40',0,'2018-08-28 07:25:40',0),(385,1,193,193,6,0,0,3,'2018-06-01 00:00:00',10.0000,'','2018-08-28 07:25:40',0,'2018-08-28 07:25:40',0),(386,1,193,193,10,0,0,3,'2018-06-01 00:00:00',-10.0000,'','2018-08-28 07:25:40',0,'2018-08-28 07:25:40',0),(387,1,194,194,6,0,0,3,'2018-07-01 00:00:00',10.0000,'','2018-08-28 07:25:40',0,'2018-08-28 07:25:40',0),(388,1,194,194,10,0,0,3,'2018-07-01 00:00:00',-10.0000,'','2018-08-28 07:25:40',0,'2018-08-28 07:25:40',0),(389,1,195,195,6,0,0,3,'2018-08-01 00:00:00',10.0000,'','2018-08-28 07:25:40',0,'2018-08-28 07:25:40',0),(390,1,195,195,10,0,0,3,'2018-08-01 00:00:00',-10.0000,'','2018-08-28 07:25:40',0,'2018-08-28 07:25:40',0),(391,1,196,196,6,0,0,3,'2018-02-13 00:00:00',571.4300,'','2018-08-28 07:25:40',0,'2018-08-28 07:25:40',0),(392,1,196,196,10,0,0,3,'2018-02-13 00:00:00',-571.4300,'','2018-08-28 07:25:40',0,'2018-08-28 07:25:40',0),(393,1,197,197,6,0,0,3,'2018-02-13 00:00:00',50.0000,'','2018-08-28 07:25:40',0,'2018-08-28 07:25:40',0),(394,1,197,197,10,0,0,3,'2018-02-13 00:00:00',-50.0000,'','2018-08-28 07:25:40',0,'2018-08-28 07:25:40',0),(395,1,198,198,6,0,0,3,'2018-02-13 00:00:00',5.7100,'','2018-08-28 07:25:40',0,'2018-08-28 07:25:40',0),(396,1,198,198,10,0,0,3,'2018-02-13 00:00:00',-5.7100,'','2018-08-28 07:25:40',0,'2018-08-28 07:25:40',0),(397,1,199,199,6,0,0,3,'2018-02-13 00:00:00',10.0000,'','2018-08-28 07:25:40',0,'2018-08-28 07:25:40',0),(398,1,199,199,10,0,0,3,'2018-02-13 00:00:00',-10.0000,'','2018-08-28 07:25:40',0,'2018-08-28 07:25:40',0),(399,1,200,200,6,0,0,4,'2018-03-01 00:00:00',1500.0000,'','2018-08-28 07:25:40',0,'2018-08-28 07:25:40',0),(400,1,200,200,10,0,0,4,'2018-03-01 00:00:00',-1500.0000,'','2018-08-28 07:25:40',0,'2018-08-28 07:25:40',0),(401,1,201,201,6,0,0,4,'2018-04-01 00:00:00',1500.0000,'','2018-08-28 07:25:40',0,'2018-08-28 07:25:40',0),(402,1,201,201,10,0,0,4,'2018-04-01 00:00:00',-1500.0000,'','2018-08-28 07:25:40',0,'2018-08-28 07:25:40',0),(403,1,202,202,6,0,0,4,'2018-05-01 00:00:00',1500.0000,'','2018-08-28 07:25:40',0,'2018-08-28 07:25:40',0),(404,1,202,202,10,0,0,4,'2018-05-01 00:00:00',-1500.0000,'','2018-08-28 07:25:40',0,'2018-08-28 07:25:40',0),(405,1,203,203,6,0,0,4,'2018-06-01 00:00:00',1500.0000,'','2018-08-28 07:25:40',0,'2018-08-28 07:25:40',0),(406,1,203,203,10,0,0,4,'2018-06-01 00:00:00',-1500.0000,'','2018-08-28 07:25:40',0,'2018-08-28 07:25:40',0),(407,1,204,204,6,0,0,4,'2018-07-01 00:00:00',1500.0000,'','2018-08-28 07:25:40',0,'2018-08-28 07:25:40',0),(408,1,204,204,10,0,0,4,'2018-07-01 00:00:00',-1500.0000,'','2018-08-28 07:25:40',0,'2018-08-28 07:25:40',0),(409,1,205,205,6,0,0,4,'2018-08-01 00:00:00',1500.0000,'','2018-08-28 07:25:40',0,'2018-08-28 07:25:40',0),(410,1,205,205,10,0,0,4,'2018-08-01 00:00:00',-1500.0000,'','2018-08-28 07:25:40',0,'2018-08-28 07:25:40',0),(411,1,206,206,6,0,0,4,'2018-02-13 00:00:00',3000.0000,'','2018-08-28 07:25:41',0,'2018-08-28 07:25:41',0),(412,1,206,206,10,0,0,4,'2018-02-13 00:00:00',-3000.0000,'','2018-08-28 07:25:41',0,'2018-08-28 07:25:41',0),(413,1,207,207,6,0,0,4,'2018-03-01 00:00:00',10.0000,'','2018-08-28 07:25:41',0,'2018-08-28 07:25:41',0),(414,1,207,207,10,0,0,4,'2018-03-01 00:00:00',-10.0000,'','2018-08-28 07:25:41',0,'2018-08-28 07:25:41',0),(415,1,208,208,6,0,0,4,'2018-04-01 00:00:00',10.0000,'','2018-08-28 07:25:41',0,'2018-08-28 07:25:41',0),(416,1,208,208,10,0,0,4,'2018-04-01 00:00:00',-10.0000,'','2018-08-28 07:25:41',0,'2018-08-28 07:25:41',0),(417,1,209,209,6,0,0,4,'2018-05-01 00:00:00',10.0000,'','2018-08-28 07:25:41',0,'2018-08-28 07:25:41',0),(418,1,209,209,10,0,0,4,'2018-05-01 00:00:00',-10.0000,'','2018-08-28 07:25:41',0,'2018-08-28 07:25:41',0),(419,1,210,210,6,0,0,4,'2018-06-01 00:00:00',10.0000,'','2018-08-28 07:25:41',0,'2018-08-28 07:25:41',0),(420,1,210,210,10,0,0,4,'2018-06-01 00:00:00',-10.0000,'','2018-08-28 07:25:41',0,'2018-08-28 07:25:41',0),(421,1,211,211,6,0,0,4,'2018-07-01 00:00:00',10.0000,'','2018-08-28 07:25:41',0,'2018-08-28 07:25:41',0),(422,1,211,211,10,0,0,4,'2018-07-01 00:00:00',-10.0000,'','2018-08-28 07:25:41',0,'2018-08-28 07:25:41',0),(423,1,212,212,6,0,0,4,'2018-08-01 00:00:00',10.0000,'','2018-08-28 07:25:41',0,'2018-08-28 07:25:41',0),(424,1,212,212,10,0,0,4,'2018-08-01 00:00:00',-10.0000,'','2018-08-28 07:25:41',0,'2018-08-28 07:25:41',0),(425,1,213,213,6,0,0,4,'2018-02-13 00:00:00',857.1400,'','2018-08-28 07:25:41',0,'2018-08-28 07:25:41',0),(426,1,213,213,10,0,0,4,'2018-02-13 00:00:00',-857.1400,'','2018-08-28 07:25:41',0,'2018-08-28 07:25:41',0),(427,1,214,214,6,0,0,4,'2018-02-13 00:00:00',50.0000,'','2018-08-28 07:25:41',0,'2018-08-28 07:25:41',0),(428,1,214,214,10,0,0,4,'2018-02-13 00:00:00',-50.0000,'','2018-08-28 07:25:41',0,'2018-08-28 07:25:41',0),(429,1,215,215,6,0,0,4,'2018-02-13 00:00:00',5.7100,'','2018-08-28 07:25:41',0,'2018-08-28 07:25:41',0),(430,1,215,215,10,0,0,4,'2018-02-13 00:00:00',-5.7100,'','2018-08-28 07:25:41',0,'2018-08-28 07:25:41',0),(431,1,216,216,6,0,0,4,'2018-02-13 00:00:00',10.0000,'','2018-08-28 07:25:41',0,'2018-08-28 07:25:41',0),(432,1,216,216,10,0,0,4,'2018-02-13 00:00:00',-10.0000,'','2018-08-28 07:25:41',0,'2018-08-28 07:25:41',0),(433,1,217,217,6,0,0,5,'2018-03-01 00:00:00',1500.0000,'','2018-08-28 07:25:41',0,'2018-08-28 07:25:41',0),(434,1,217,217,10,0,0,5,'2018-03-01 00:00:00',-1500.0000,'','2018-08-28 07:25:41',0,'2018-08-28 07:25:41',0),(435,1,218,218,6,0,0,5,'2018-04-01 00:00:00',1500.0000,'','2018-08-28 07:25:41',0,'2018-08-28 07:25:41',0),(436,1,218,218,10,0,0,5,'2018-04-01 00:00:00',-1500.0000,'','2018-08-28 07:25:41',0,'2018-08-28 07:25:41',0),(437,1,219,219,6,0,0,5,'2018-05-01 00:00:00',1500.0000,'','2018-08-28 07:25:41',0,'2018-08-28 07:25:41',0),(438,1,219,219,10,0,0,5,'2018-05-01 00:00:00',-1500.0000,'','2018-08-28 07:25:41',0,'2018-08-28 07:25:41',0),(439,1,220,220,6,0,0,5,'2018-06-01 00:00:00',1500.0000,'','2018-08-28 07:25:41',0,'2018-08-28 07:25:41',0),(440,1,220,220,10,0,0,5,'2018-06-01 00:00:00',-1500.0000,'','2018-08-28 07:25:41',0,'2018-08-28 07:25:41',0),(441,1,221,221,6,0,0,5,'2018-07-01 00:00:00',1500.0000,'','2018-08-28 07:25:41',0,'2018-08-28 07:25:41',0),(442,1,221,221,10,0,0,5,'2018-07-01 00:00:00',-1500.0000,'','2018-08-28 07:25:41',0,'2018-08-28 07:25:41',0),(443,1,222,222,6,0,0,5,'2018-08-01 00:00:00',1500.0000,'','2018-08-28 07:25:41',0,'2018-08-28 07:25:41',0),(444,1,222,222,10,0,0,5,'2018-08-01 00:00:00',-1500.0000,'','2018-08-28 07:25:41',0,'2018-08-28 07:25:41',0),(445,1,223,223,6,0,0,5,'2018-02-13 00:00:00',3000.0000,'','2018-08-28 07:25:41',0,'2018-08-28 07:25:41',0),(446,1,223,223,10,0,0,5,'2018-02-13 00:00:00',-3000.0000,'','2018-08-28 07:25:41',0,'2018-08-28 07:25:41',0),(447,1,224,224,6,0,0,5,'2018-02-13 00:00:00',857.1400,'','2018-08-28 07:25:41',0,'2018-08-28 07:25:41',0),(448,1,224,224,10,0,0,5,'2018-02-13 00:00:00',-857.1400,'','2018-08-28 07:25:41',0,'2018-08-28 07:25:41',0),(449,1,225,225,6,0,0,5,'2018-02-13 00:00:00',10.0000,'','2018-08-28 07:25:41',0,'2018-08-28 07:25:41',0),(450,1,225,225,10,0,0,5,'2018-02-13 00:00:00',-10.0000,'','2018-08-28 07:25:41',0,'2018-08-28 07:25:41',0),(451,1,226,226,6,0,0,6,'2018-03-01 00:00:00',1750.0000,'','2018-08-28 07:25:41',0,'2018-08-28 07:25:41',0),(452,1,226,226,10,0,0,6,'2018-03-01 00:00:00',-1750.0000,'','2018-08-28 07:25:41',0,'2018-08-28 07:25:41',0),(453,1,227,227,6,0,0,6,'2018-04-01 00:00:00',1750.0000,'','2018-08-28 07:25:41',0,'2018-08-28 07:25:41',0),(454,1,227,227,10,0,0,6,'2018-04-01 00:00:00',-1750.0000,'','2018-08-28 07:25:41',0,'2018-08-28 07:25:41',0),(455,1,228,228,6,0,0,6,'2018-05-01 00:00:00',1750.0000,'','2018-08-28 07:25:41',0,'2018-08-28 07:25:41',0),(456,1,228,228,10,0,0,6,'2018-05-01 00:00:00',-1750.0000,'','2018-08-28 07:25:41',0,'2018-08-28 07:25:41',0),(457,1,229,229,6,0,0,6,'2018-06-01 00:00:00',1750.0000,'','2018-08-28 07:25:41',0,'2018-08-28 07:25:41',0),(458,1,229,229,10,0,0,6,'2018-06-01 00:00:00',-1750.0000,'','2018-08-28 07:25:41',0,'2018-08-28 07:25:41',0),(459,1,230,230,6,0,0,6,'2018-07-01 00:00:00',1750.0000,'','2018-08-28 07:25:41',0,'2018-08-28 07:25:41',0),(460,1,230,230,10,0,0,6,'2018-07-01 00:00:00',-1750.0000,'','2018-08-28 07:25:41',0,'2018-08-28 07:25:41',0),(461,1,231,231,6,0,0,6,'2018-08-01 00:00:00',1750.0000,'','2018-08-28 07:25:41',0,'2018-08-28 07:25:41',0),(462,1,231,231,10,0,0,6,'2018-08-01 00:00:00',-1750.0000,'','2018-08-28 07:25:41',0,'2018-08-28 07:25:41',0),(463,1,232,232,6,0,0,6,'2018-02-13 00:00:00',3500.0000,'','2018-08-28 07:25:41',0,'2018-08-28 07:25:41',0),(464,1,232,232,10,0,0,6,'2018-02-13 00:00:00',-3500.0000,'','2018-08-28 07:25:41',0,'2018-08-28 07:25:41',0),(465,1,233,233,6,0,0,6,'2018-02-13 00:00:00',1000.0000,'','2018-08-28 07:25:41',0,'2018-08-28 07:25:41',0),(466,1,233,233,10,0,0,6,'2018-02-13 00:00:00',-1000.0000,'','2018-08-28 07:25:41',0,'2018-08-28 07:25:41',0),(467,1,234,234,6,0,0,6,'2018-02-13 00:00:00',10.0000,'','2018-08-28 07:25:41',0,'2018-08-28 07:25:41',0),(468,1,234,234,10,0,0,6,'2018-02-13 00:00:00',-10.0000,'','2018-08-28 07:25:41',0,'2018-08-28 07:25:41',0),(469,1,235,235,6,0,0,7,'2018-03-01 00:00:00',1750.0000,'','2018-08-28 07:25:41',0,'2018-08-28 07:25:41',0),(470,1,235,235,10,0,0,7,'2018-03-01 00:00:00',-1750.0000,'','2018-08-28 07:25:41',0,'2018-08-28 07:25:41',0),(471,1,236,236,6,0,0,7,'2018-04-01 00:00:00',1750.0000,'','2018-08-28 07:25:41',0,'2018-08-28 07:25:41',0),(472,1,236,236,10,0,0,7,'2018-04-01 00:00:00',-1750.0000,'','2018-08-28 07:25:41',0,'2018-08-28 07:25:41',0),(473,1,237,237,6,0,0,7,'2018-05-01 00:00:00',1750.0000,'','2018-08-28 07:25:41',0,'2018-08-28 07:25:41',0),(474,1,237,237,10,0,0,7,'2018-05-01 00:00:00',-1750.0000,'','2018-08-28 07:25:41',0,'2018-08-28 07:25:41',0),(475,1,238,238,6,0,0,7,'2018-06-01 00:00:00',1750.0000,'','2018-08-28 07:25:41',0,'2018-08-28 07:25:41',0),(476,1,238,238,10,0,0,7,'2018-06-01 00:00:00',-1750.0000,'','2018-08-28 07:25:41',0,'2018-08-28 07:25:41',0),(477,1,239,239,6,0,0,7,'2018-07-01 00:00:00',1750.0000,'','2018-08-28 07:25:41',0,'2018-08-28 07:25:41',0),(478,1,239,239,10,0,0,7,'2018-07-01 00:00:00',-1750.0000,'','2018-08-28 07:25:41',0,'2018-08-28 07:25:41',0),(479,1,240,240,6,0,0,7,'2018-08-01 00:00:00',1750.0000,'','2018-08-28 07:25:41',0,'2018-08-28 07:25:41',0),(480,1,240,240,10,0,0,7,'2018-08-01 00:00:00',-1750.0000,'','2018-08-28 07:25:41',0,'2018-08-28 07:25:41',0),(481,1,241,241,6,0,0,7,'2018-02-13 00:00:00',3500.0000,'','2018-08-28 07:25:41',0,'2018-08-28 07:25:41',0),(482,1,241,241,10,0,0,7,'2018-02-13 00:00:00',-3500.0000,'','2018-08-28 07:25:41',0,'2018-08-28 07:25:41',0),(483,1,242,242,6,0,0,7,'2018-02-13 00:00:00',1000.0000,'','2018-08-28 07:25:41',0,'2018-08-28 07:25:41',0),(484,1,242,242,10,0,0,7,'2018-02-13 00:00:00',-1000.0000,'','2018-08-28 07:25:41',0,'2018-08-28 07:25:41',0),(485,1,243,243,6,0,0,7,'2018-02-13 00:00:00',10.0000,'','2018-08-28 07:25:41',0,'2018-08-28 07:25:41',0),(486,1,243,243,10,0,0,7,'2018-02-13 00:00:00',-10.0000,'','2018-08-28 07:25:41',0,'2018-08-28 07:25:41',0),(487,1,244,244,6,0,0,8,'2018-03-01 00:00:00',2500.0000,'','2018-08-28 07:25:41',0,'2018-08-28 07:25:41',0),(488,1,244,244,10,0,0,8,'2018-03-01 00:00:00',-2500.0000,'','2018-08-28 07:25:41',0,'2018-08-28 07:25:41',0),(489,1,245,245,6,0,0,8,'2018-04-01 00:00:00',2500.0000,'','2018-08-28 07:25:42',0,'2018-08-28 07:25:42',0),(490,1,245,245,10,0,0,8,'2018-04-01 00:00:00',-2500.0000,'','2018-08-28 07:25:42',0,'2018-08-28 07:25:42',0),(491,1,246,246,6,0,0,8,'2018-05-01 00:00:00',2500.0000,'','2018-08-28 07:25:42',0,'2018-08-28 07:25:42',0),(492,1,246,246,10,0,0,8,'2018-05-01 00:00:00',-2500.0000,'','2018-08-28 07:25:42',0,'2018-08-28 07:25:42',0),(493,1,247,247,6,0,0,8,'2018-06-01 00:00:00',2500.0000,'','2018-08-28 07:25:42',0,'2018-08-28 07:25:42',0),(494,1,247,247,10,0,0,8,'2018-06-01 00:00:00',-2500.0000,'','2018-08-28 07:25:42',0,'2018-08-28 07:25:42',0),(495,1,248,248,6,0,0,8,'2018-07-01 00:00:00',2500.0000,'','2018-08-28 07:25:42',0,'2018-08-28 07:25:42',0),(496,1,248,248,10,0,0,8,'2018-07-01 00:00:00',-2500.0000,'','2018-08-28 07:25:42',0,'2018-08-28 07:25:42',0),(497,1,249,249,6,0,0,8,'2018-08-01 00:00:00',2500.0000,'','2018-08-28 07:25:42',0,'2018-08-28 07:25:42',0),(498,1,249,249,10,0,0,8,'2018-08-01 00:00:00',-2500.0000,'','2018-08-28 07:25:42',0,'2018-08-28 07:25:42',0),(499,1,250,250,6,0,0,8,'2018-02-13 00:00:00',5000.0000,'','2018-08-28 07:25:42',0,'2018-08-28 07:25:42',0),(500,1,250,250,10,0,0,8,'2018-02-13 00:00:00',-5000.0000,'','2018-08-28 07:25:42',0,'2018-08-28 07:25:42',0),(501,1,251,251,6,0,0,8,'2018-03-01 00:00:00',10.0000,'','2018-08-28 07:25:42',0,'2018-08-28 07:25:42',0),(502,1,251,251,10,0,0,8,'2018-03-01 00:00:00',-10.0000,'','2018-08-28 07:25:42',0,'2018-08-28 07:25:42',0),(503,1,252,252,6,0,0,8,'2018-04-01 00:00:00',10.0000,'','2018-08-28 07:25:42',0,'2018-08-28 07:25:42',0),(504,1,252,252,10,0,0,8,'2018-04-01 00:00:00',-10.0000,'','2018-08-28 07:25:42',0,'2018-08-28 07:25:42',0),(505,1,253,253,6,0,0,8,'2018-05-01 00:00:00',10.0000,'','2018-08-28 07:25:42',0,'2018-08-28 07:25:42',0),(506,1,253,253,10,0,0,8,'2018-05-01 00:00:00',-10.0000,'','2018-08-28 07:25:42',0,'2018-08-28 07:25:42',0),(507,1,254,254,6,0,0,8,'2018-06-01 00:00:00',10.0000,'','2018-08-28 07:25:42',0,'2018-08-28 07:25:42',0),(508,1,254,254,10,0,0,8,'2018-06-01 00:00:00',-10.0000,'','2018-08-28 07:25:42',0,'2018-08-28 07:25:42',0),(509,1,255,255,6,0,0,8,'2018-07-01 00:00:00',10.0000,'','2018-08-28 07:25:42',0,'2018-08-28 07:25:42',0),(510,1,255,255,10,0,0,8,'2018-07-01 00:00:00',-10.0000,'','2018-08-28 07:25:42',0,'2018-08-28 07:25:42',0),(511,1,256,256,6,0,0,8,'2018-08-01 00:00:00',10.0000,'','2018-08-28 07:25:42',0,'2018-08-28 07:25:42',0),(512,1,256,256,10,0,0,8,'2018-08-01 00:00:00',-10.0000,'','2018-08-28 07:25:42',0,'2018-08-28 07:25:42',0),(513,1,257,257,6,0,0,8,'2018-02-13 00:00:00',1428.5700,'','2018-08-28 07:25:42',0,'2018-08-28 07:25:42',0),(514,1,257,257,10,0,0,8,'2018-02-13 00:00:00',-1428.5700,'','2018-08-28 07:25:42',0,'2018-08-28 07:25:42',0),(515,1,258,258,6,0,0,8,'2018-02-13 00:00:00',50.0000,'','2018-08-28 07:25:42',0,'2018-08-28 07:25:42',0),(516,1,258,258,10,0,0,8,'2018-02-13 00:00:00',-50.0000,'','2018-08-28 07:25:42',0,'2018-08-28 07:25:42',0),(517,1,259,259,6,0,0,8,'2018-02-13 00:00:00',5.7100,'','2018-08-28 07:25:42',0,'2018-08-28 07:25:42',0),(518,1,259,259,10,0,0,8,'2018-02-13 00:00:00',-5.7100,'','2018-08-28 07:25:42',0,'2018-08-28 07:25:42',0),(519,1,260,260,6,0,0,8,'2018-02-13 00:00:00',10.0000,'','2018-08-28 07:25:42',0,'2018-08-28 07:25:42',0),(520,1,260,260,10,0,0,8,'2018-02-13 00:00:00',-10.0000,'','2018-08-28 07:25:42',0,'2018-08-28 07:25:42',0),(521,1,261,261,6,0,0,9,'2018-03-01 00:00:00',2500.0000,'','2018-08-28 07:25:42',0,'2018-08-28 07:25:42',0),(522,1,261,261,10,0,0,9,'2018-03-01 00:00:00',-2500.0000,'','2018-08-28 07:25:42',0,'2018-08-28 07:25:42',0),(523,1,262,262,6,0,0,9,'2018-04-01 00:00:00',2500.0000,'','2018-08-28 07:25:42',0,'2018-08-28 07:25:42',0),(524,1,262,262,10,0,0,9,'2018-04-01 00:00:00',-2500.0000,'','2018-08-28 07:25:42',0,'2018-08-28 07:25:42',0),(525,1,263,263,6,0,0,9,'2018-05-01 00:00:00',2500.0000,'','2018-08-28 07:25:42',0,'2018-08-28 07:25:42',0),(526,1,263,263,10,0,0,9,'2018-05-01 00:00:00',-2500.0000,'','2018-08-28 07:25:42',0,'2018-08-28 07:25:42',0),(527,1,264,264,6,0,0,9,'2018-06-01 00:00:00',2500.0000,'','2018-08-28 07:25:42',0,'2018-08-28 07:25:42',0),(528,1,264,264,10,0,0,9,'2018-06-01 00:00:00',-2500.0000,'','2018-08-28 07:25:42',0,'2018-08-28 07:25:42',0),(529,1,265,265,6,0,0,9,'2018-07-01 00:00:00',2500.0000,'','2018-08-28 07:25:42',0,'2018-08-28 07:25:42',0),(530,1,265,265,10,0,0,9,'2018-07-01 00:00:00',-2500.0000,'','2018-08-28 07:25:42',0,'2018-08-28 07:25:42',0),(531,1,266,266,6,0,0,9,'2018-08-01 00:00:00',2500.0000,'','2018-08-28 07:25:42',0,'2018-08-28 07:25:42',0),(532,1,266,266,10,0,0,9,'2018-08-01 00:00:00',-2500.0000,'','2018-08-28 07:25:42',0,'2018-08-28 07:25:42',0),(533,1,267,267,6,0,0,9,'2018-02-13 00:00:00',5000.0000,'','2018-08-28 07:25:42',0,'2018-08-28 07:25:42',0),(534,1,267,267,10,0,0,9,'2018-02-13 00:00:00',-5000.0000,'','2018-08-28 07:25:42',0,'2018-08-28 07:25:42',0),(535,1,268,268,6,0,0,9,'2018-03-01 00:00:00',10.0000,'','2018-08-28 07:25:42',0,'2018-08-28 07:25:42',0),(536,1,268,268,10,0,0,9,'2018-03-01 00:00:00',-10.0000,'','2018-08-28 07:25:42',0,'2018-08-28 07:25:42',0),(537,1,269,269,6,0,0,9,'2018-04-01 00:00:00',10.0000,'','2018-08-28 07:25:42',0,'2018-08-28 07:25:42',0),(538,1,269,269,10,0,0,9,'2018-04-01 00:00:00',-10.0000,'','2018-08-28 07:25:42',0,'2018-08-28 07:25:42',0),(539,1,270,270,6,0,0,9,'2018-05-01 00:00:00',10.0000,'','2018-08-28 07:25:42',0,'2018-08-28 07:25:42',0),(540,1,270,270,10,0,0,9,'2018-05-01 00:00:00',-10.0000,'','2018-08-28 07:25:42',0,'2018-08-28 07:25:42',0),(541,1,271,271,6,0,0,9,'2018-06-01 00:00:00',10.0000,'','2018-08-28 07:25:42',0,'2018-08-28 07:25:42',0),(542,1,271,271,10,0,0,9,'2018-06-01 00:00:00',-10.0000,'','2018-08-28 07:25:42',0,'2018-08-28 07:25:42',0),(543,1,272,272,6,0,0,9,'2018-07-01 00:00:00',10.0000,'','2018-08-28 07:25:42',0,'2018-08-28 07:25:42',0),(544,1,272,272,10,0,0,9,'2018-07-01 00:00:00',-10.0000,'','2018-08-28 07:25:42',0,'2018-08-28 07:25:42',0),(545,1,273,273,6,0,0,9,'2018-08-01 00:00:00',10.0000,'','2018-08-28 07:25:42',0,'2018-08-28 07:25:42',0),(546,1,273,273,10,0,0,9,'2018-08-01 00:00:00',-10.0000,'','2018-08-28 07:25:42',0,'2018-08-28 07:25:42',0),(547,1,274,274,6,0,0,9,'2018-02-13 00:00:00',1428.5700,'','2018-08-28 07:25:42',0,'2018-08-28 07:25:42',0),(548,1,274,274,10,0,0,9,'2018-02-13 00:00:00',-1428.5700,'','2018-08-28 07:25:42',0,'2018-08-28 07:25:42',0),(549,1,275,275,6,0,0,9,'2018-02-13 00:00:00',50.0000,'','2018-08-28 07:25:42',0,'2018-08-28 07:25:42',0),(550,1,275,275,10,0,0,9,'2018-02-13 00:00:00',-50.0000,'','2018-08-28 07:25:42',0,'2018-08-28 07:25:42',0),(551,1,276,276,6,0,0,9,'2018-02-13 00:00:00',5.7100,'','2018-08-28 07:25:42',0,'2018-08-28 07:25:42',0),(552,1,276,276,10,0,0,9,'2018-02-13 00:00:00',-5.7100,'','2018-08-28 07:25:42',0,'2018-08-28 07:25:42',0),(553,1,277,277,6,0,0,9,'2018-02-13 00:00:00',10.0000,'','2018-08-28 07:25:42',0,'2018-08-28 07:25:42',0),(554,1,277,277,10,0,0,9,'2018-02-13 00:00:00',-10.0000,'','2018-08-28 07:25:42',0,'2018-08-28 07:25:42',0),(555,1,278,278,6,0,0,10,'2018-03-01 00:00:00',2500.0000,'','2018-08-28 07:25:42',0,'2018-08-28 07:25:42',0),(556,1,278,278,10,0,0,10,'2018-03-01 00:00:00',-2500.0000,'','2018-08-28 07:25:42',0,'2018-08-28 07:25:42',0),(557,1,279,279,6,0,0,10,'2018-04-01 00:00:00',2500.0000,'','2018-08-28 07:25:42',0,'2018-08-28 07:25:42',0),(558,1,279,279,10,0,0,10,'2018-04-01 00:00:00',-2500.0000,'','2018-08-28 07:25:42',0,'2018-08-28 07:25:42',0),(559,1,280,280,6,0,0,10,'2018-05-01 00:00:00',2500.0000,'','2018-08-28 07:25:42',0,'2018-08-28 07:25:42',0),(560,1,280,280,10,0,0,10,'2018-05-01 00:00:00',-2500.0000,'','2018-08-28 07:25:42',0,'2018-08-28 07:25:42',0),(561,1,281,281,6,0,0,10,'2018-06-01 00:00:00',2500.0000,'','2018-08-28 07:25:42',0,'2018-08-28 07:25:42',0),(562,1,281,281,10,0,0,10,'2018-06-01 00:00:00',-2500.0000,'','2018-08-28 07:25:43',0,'2018-08-28 07:25:43',0),(563,1,282,282,6,0,0,10,'2018-07-01 00:00:00',2500.0000,'','2018-08-28 07:25:43',0,'2018-08-28 07:25:43',0),(564,1,282,282,10,0,0,10,'2018-07-01 00:00:00',-2500.0000,'','2018-08-28 07:25:43',0,'2018-08-28 07:25:43',0),(565,1,283,283,6,0,0,10,'2018-08-01 00:00:00',2500.0000,'','2018-08-28 07:25:43',0,'2018-08-28 07:25:43',0),(566,1,283,283,10,0,0,10,'2018-08-01 00:00:00',-2500.0000,'','2018-08-28 07:25:43',0,'2018-08-28 07:25:43',0),(567,1,284,284,6,0,0,10,'2018-02-13 00:00:00',5000.0000,'','2018-08-28 07:25:43',0,'2018-08-28 07:25:43',0),(568,1,284,284,10,0,0,10,'2018-02-13 00:00:00',-5000.0000,'','2018-08-28 07:25:43',0,'2018-08-28 07:25:43',0),(569,1,285,285,6,0,0,10,'2018-03-01 00:00:00',10.0000,'','2018-08-28 07:25:43',0,'2018-08-28 07:25:43',0),(570,1,285,285,10,0,0,10,'2018-03-01 00:00:00',-10.0000,'','2018-08-28 07:25:43',0,'2018-08-28 07:25:43',0),(571,1,286,286,6,0,0,10,'2018-04-01 00:00:00',10.0000,'','2018-08-28 07:25:43',0,'2018-08-28 07:25:43',0),(572,1,286,286,10,0,0,10,'2018-04-01 00:00:00',-10.0000,'','2018-08-28 07:25:43',0,'2018-08-28 07:25:43',0),(573,1,287,287,6,0,0,10,'2018-05-01 00:00:00',10.0000,'','2018-08-28 07:25:43',0,'2018-08-28 07:25:43',0),(574,1,287,287,10,0,0,10,'2018-05-01 00:00:00',-10.0000,'','2018-08-28 07:25:43',0,'2018-08-28 07:25:43',0),(575,1,288,288,6,0,0,10,'2018-06-01 00:00:00',10.0000,'','2018-08-28 07:25:43',0,'2018-08-28 07:25:43',0),(576,1,288,288,10,0,0,10,'2018-06-01 00:00:00',-10.0000,'','2018-08-28 07:25:43',0,'2018-08-28 07:25:43',0),(577,1,289,289,6,0,0,10,'2018-07-01 00:00:00',10.0000,'','2018-08-28 07:25:43',0,'2018-08-28 07:25:43',0),(578,1,289,289,10,0,0,10,'2018-07-01 00:00:00',-10.0000,'','2018-08-28 07:25:43',0,'2018-08-28 07:25:43',0),(579,1,290,290,6,0,0,10,'2018-08-01 00:00:00',10.0000,'','2018-08-28 07:25:43',0,'2018-08-28 07:25:43',0),(580,1,290,290,10,0,0,10,'2018-08-01 00:00:00',-10.0000,'','2018-08-28 07:25:43',0,'2018-08-28 07:25:43',0),(581,1,291,291,6,0,0,10,'2018-02-13 00:00:00',1428.5700,'','2018-08-28 07:25:43',0,'2018-08-28 07:25:43',0),(582,1,291,291,10,0,0,10,'2018-02-13 00:00:00',-1428.5700,'','2018-08-28 07:25:43',0,'2018-08-28 07:25:43',0),(583,1,292,292,6,0,0,10,'2018-02-13 00:00:00',50.0000,'','2018-08-28 07:25:43',0,'2018-08-28 07:25:43',0),(584,1,292,292,10,0,0,10,'2018-02-13 00:00:00',-50.0000,'','2018-08-28 07:25:43',0,'2018-08-28 07:25:43',0),(585,1,293,293,6,0,0,10,'2018-02-13 00:00:00',5.7100,'','2018-08-28 07:25:43',0,'2018-08-28 07:25:43',0),(586,1,293,293,10,0,0,10,'2018-02-13 00:00:00',-5.7100,'','2018-08-28 07:25:43',0,'2018-08-28 07:25:43',0),(587,1,294,294,6,0,0,10,'2018-02-13 00:00:00',10.0000,'','2018-08-28 07:25:43',0,'2018-08-28 07:25:43',0),(588,1,294,294,10,0,0,10,'2018-02-13 00:00:00',-10.0000,'','2018-08-28 07:25:43',0,'2018-08-28 07:25:43',0),(589,1,295,295,10,9,9,9,'2018-02-13 00:00:00',5000.0000,'','2018-08-28 07:25:43',0,'2018-08-28 07:25:43',0),(590,1,295,295,9,9,9,9,'2018-02-13 00:00:00',-5000.0000,'','2018-08-28 07:25:43',0,'2018-08-28 07:25:43',0),(591,1,296,296,10,9,9,9,'2018-02-13 00:00:00',1428.5700,'','2018-08-28 07:25:43',0,'2018-08-28 07:25:43',0),(592,1,296,296,9,9,9,9,'2018-02-13 00:00:00',-1428.5700,'','2018-08-28 07:25:43',0,'2018-08-28 07:25:43',0),(593,1,297,297,10,9,9,9,'2018-02-13 00:00:00',50.0000,'','2018-08-28 07:25:43',0,'2018-08-28 07:25:43',0),(594,1,297,297,9,9,9,9,'2018-02-13 00:00:00',-50.0000,'','2018-08-28 07:25:43',0,'2018-08-28 07:25:43',0),(595,1,298,298,10,9,9,9,'2018-02-13 00:00:00',5.7100,'','2018-08-28 07:25:43',0,'2018-08-28 07:25:43',0),(596,1,298,298,9,9,9,9,'2018-02-13 00:00:00',-5.7100,'','2018-08-28 07:25:43',0,'2018-08-28 07:25:43',0),(597,1,299,299,10,9,9,9,'2018-02-13 00:00:00',10.0000,'','2018-08-28 07:25:43',0,'2018-08-28 07:25:43',0),(598,1,299,299,9,9,9,9,'2018-02-13 00:00:00',-10.0000,'','2018-08-28 07:25:43',0,'2018-08-28 07:25:43',0),(599,1,300,300,10,9,9,9,'2018-03-01 00:00:00',2500.0000,'','2018-08-28 07:25:43',0,'2018-08-28 07:25:43',0),(600,1,300,300,9,9,9,9,'2018-03-01 00:00:00',-2500.0000,'','2018-08-28 07:25:43',0,'2018-08-28 07:25:43',0),(601,1,301,301,10,9,9,9,'2018-03-01 00:00:00',10.0000,'','2018-08-28 07:25:43',0,'2018-08-28 07:25:43',0),(602,1,301,301,9,9,9,9,'2018-03-01 00:00:00',-10.0000,'','2018-08-28 07:25:43',0,'2018-08-28 07:25:43',0),(603,1,302,302,10,9,9,9,'2018-04-01 00:00:00',2500.0000,'','2018-08-28 07:25:43',0,'2018-08-28 07:25:43',0),(604,1,302,302,9,9,9,9,'2018-04-01 00:00:00',-2500.0000,'','2018-08-28 07:25:43',0,'2018-08-28 07:25:43',0),(605,1,303,303,10,9,9,9,'2018-04-01 00:00:00',10.0000,'','2018-08-28 07:25:43',0,'2018-08-28 07:25:43',0),(606,1,303,303,9,9,9,9,'2018-04-01 00:00:00',-10.0000,'','2018-08-28 07:25:43',0,'2018-08-28 07:25:43',0),(607,1,304,304,10,9,9,9,'2018-05-01 00:00:00',2500.0000,'','2018-08-28 07:25:43',0,'2018-08-28 07:25:43',0),(608,1,304,304,9,9,9,9,'2018-05-01 00:00:00',-2500.0000,'','2018-08-28 07:25:43',0,'2018-08-28 07:25:43',0),(609,1,305,305,10,9,9,9,'2018-05-01 00:00:00',10.0000,'','2018-08-28 07:25:43',0,'2018-08-28 07:25:43',0),(610,1,305,305,9,9,9,9,'2018-05-01 00:00:00',-10.0000,'','2018-08-28 07:25:43',0,'2018-08-28 07:25:43',0),(611,1,306,306,10,9,9,9,'2018-06-01 00:00:00',2500.0000,'','2018-08-28 07:25:43',0,'2018-08-28 07:25:43',0),(612,1,306,306,9,9,9,9,'2018-06-01 00:00:00',-2500.0000,'','2018-08-28 07:25:43',0,'2018-08-28 07:25:43',0),(613,1,307,307,10,9,9,9,'2018-06-01 00:00:00',10.0000,'','2018-08-28 07:25:43',0,'2018-08-28 07:25:43',0),(614,1,307,307,9,9,9,9,'2018-06-01 00:00:00',-10.0000,'','2018-08-28 07:25:43',0,'2018-08-28 07:25:43',0),(615,1,308,308,10,9,9,9,'2018-07-01 00:00:00',2500.0000,'','2018-08-28 07:25:43',0,'2018-08-28 07:25:43',0),(616,1,308,308,9,9,9,9,'2018-07-01 00:00:00',-2500.0000,'','2018-08-28 07:25:43',0,'2018-08-28 07:25:43',0),(617,1,309,309,10,9,9,9,'2018-07-01 00:00:00',10.0000,'','2018-08-28 07:25:43',0,'2018-08-28 07:25:43',0),(618,1,309,309,9,9,9,9,'2018-07-01 00:00:00',-10.0000,'','2018-08-28 07:25:43',0,'2018-08-28 07:25:43',0),(619,1,310,310,10,9,9,9,'2018-08-01 00:00:00',2500.0000,'','2018-08-28 07:25:43',0,'2018-08-28 07:25:43',0),(620,1,310,310,9,9,9,9,'2018-08-01 00:00:00',-2500.0000,'','2018-08-28 07:25:43',0,'2018-08-28 07:25:43',0),(621,1,311,311,10,9,9,9,'2018-08-01 00:00:00',10.0000,'','2018-08-28 07:25:43',0,'2018-08-28 07:25:43',0),(622,1,311,311,9,9,9,9,'2018-08-01 00:00:00',-10.0000,'','2018-08-28 07:25:43',0,'2018-08-28 07:25:43',0),(623,1,312,312,10,1,1,1,'2018-02-13 00:00:00',2000.0000,'','2018-08-28 07:25:43',0,'2018-08-28 07:25:43',0),(624,1,312,312,9,1,1,1,'2018-02-13 00:00:00',-2000.0000,'','2018-08-28 07:25:43',0,'2018-08-28 07:25:43',0),(625,1,313,313,10,1,1,1,'2018-02-13 00:00:00',571.4300,'','2018-08-28 07:25:43',0,'2018-08-28 07:25:43',0),(626,1,313,313,9,1,1,1,'2018-02-13 00:00:00',-571.4300,'','2018-08-28 07:25:43',0,'2018-08-28 07:25:43',0),(627,1,314,314,10,1,1,1,'2018-02-13 00:00:00',50.0000,'','2018-08-28 07:25:43',0,'2018-08-28 07:25:43',0),(628,1,314,314,9,1,1,1,'2018-02-13 00:00:00',-50.0000,'','2018-08-28 07:25:43',0,'2018-08-28 07:25:43',0),(629,1,315,315,10,1,1,1,'2018-02-13 00:00:00',5.7100,'','2018-08-28 07:25:43',0,'2018-08-28 07:25:43',0),(630,1,315,315,9,1,1,1,'2018-02-13 00:00:00',-5.7100,'','2018-08-28 07:25:43',0,'2018-08-28 07:25:43',0),(631,1,316,316,10,1,1,1,'2018-02-13 00:00:00',10.0000,'','2018-08-28 07:25:43',0,'2018-08-28 07:25:43',0),(632,1,316,316,9,1,1,1,'2018-02-13 00:00:00',-10.0000,'','2018-08-28 07:25:43',0,'2018-08-28 07:25:43',0),(633,1,317,317,10,1,1,1,'2018-03-01 00:00:00',1000.0000,'','2018-08-28 07:25:43',0,'2018-08-28 07:25:43',0),(634,1,317,317,9,1,1,1,'2018-03-01 00:00:00',-1000.0000,'','2018-08-28 07:25:43',0,'2018-08-28 07:25:43',0),(635,1,318,318,10,1,1,1,'2018-03-01 00:00:00',10.0000,'','2018-08-28 07:25:43',0,'2018-08-28 07:25:43',0),(636,1,318,318,9,1,1,1,'2018-03-01 00:00:00',-10.0000,'','2018-08-28 07:25:43',0,'2018-08-28 07:25:43',0),(637,1,319,319,10,1,1,1,'2018-04-01 00:00:00',1000.0000,'','2018-08-28 07:25:43',0,'2018-08-28 07:25:43',0),(638,1,319,319,9,1,1,1,'2018-04-01 00:00:00',-1000.0000,'','2018-08-28 07:25:43',0,'2018-08-28 07:25:43',0),(639,1,320,320,10,1,1,1,'2018-04-01 00:00:00',10.0000,'','2018-08-28 07:25:43',0,'2018-08-28 07:25:43',0),(640,1,320,320,9,1,1,1,'2018-04-01 00:00:00',-10.0000,'','2018-08-28 07:25:43',0,'2018-08-28 07:25:43',0),(641,1,321,321,10,1,1,1,'2018-05-01 00:00:00',1000.0000,'','2018-08-28 07:25:43',0,'2018-08-28 07:25:43',0),(642,1,321,321,9,1,1,1,'2018-05-01 00:00:00',-1000.0000,'','2018-08-28 07:25:43',0,'2018-08-28 07:25:43',0),(643,1,322,322,10,1,1,1,'2018-05-01 00:00:00',10.0000,'','2018-08-28 07:25:43',0,'2018-08-28 07:25:43',0),(644,1,322,322,9,1,1,1,'2018-05-01 00:00:00',-10.0000,'','2018-08-28 07:25:43',0,'2018-08-28 07:25:43',0),(645,1,323,323,10,1,1,1,'2018-06-01 00:00:00',1000.0000,'','2018-08-28 07:25:43',0,'2018-08-28 07:25:43',0),(646,1,323,323,9,1,1,1,'2018-06-01 00:00:00',-1000.0000,'','2018-08-28 07:25:43',0,'2018-08-28 07:25:43',0),(647,1,324,324,10,1,1,1,'2018-06-01 00:00:00',10.0000,'','2018-08-28 07:25:43',0,'2018-08-28 07:25:43',0),(648,1,324,324,9,1,1,1,'2018-06-01 00:00:00',-10.0000,'','2018-08-28 07:25:43',0,'2018-08-28 07:25:43',0),(649,1,325,325,10,1,1,1,'2018-07-01 00:00:00',1000.0000,'','2018-08-28 07:25:43',0,'2018-08-28 07:25:43',0),(650,1,325,325,9,1,1,1,'2018-07-01 00:00:00',-1000.0000,'','2018-08-28 07:25:43',0,'2018-08-28 07:25:43',0),(651,1,326,326,10,1,1,1,'2018-07-01 00:00:00',10.0000,'','2018-08-28 07:25:43',0,'2018-08-28 07:25:43',0),(652,1,326,326,9,1,1,1,'2018-07-01 00:00:00',-10.0000,'','2018-08-28 07:25:43',0,'2018-08-28 07:25:43',0),(653,1,327,327,10,1,1,1,'2018-08-01 00:00:00',1000.0000,'','2018-08-28 07:25:43',0,'2018-08-28 07:25:43',0),(654,1,327,327,9,1,1,1,'2018-08-01 00:00:00',-1000.0000,'','2018-08-28 07:25:43',0,'2018-08-28 07:25:43',0),(655,1,328,328,10,1,1,1,'2018-08-01 00:00:00',10.0000,'','2018-08-28 07:25:43',0,'2018-08-28 07:25:43',0),(656,1,328,328,9,1,1,1,'2018-08-01 00:00:00',-10.0000,'','2018-08-28 07:25:43',0,'2018-08-28 07:25:43',0),(657,1,329,329,10,2,2,2,'2018-02-13 00:00:00',2000.0000,'','2018-08-28 07:25:43',0,'2018-08-28 07:25:43',0),(658,1,329,329,9,2,2,2,'2018-02-13 00:00:00',-2000.0000,'','2018-08-28 07:25:43',0,'2018-08-28 07:25:43',0),(659,1,330,330,10,2,2,2,'2018-02-13 00:00:00',571.4300,'','2018-08-28 07:25:44',0,'2018-08-28 07:25:44',0),(660,1,330,330,9,2,2,2,'2018-02-13 00:00:00',-571.4300,'','2018-08-28 07:25:44',0,'2018-08-28 07:25:44',0),(661,1,331,331,10,2,2,2,'2018-02-13 00:00:00',50.0000,'','2018-08-28 07:25:44',0,'2018-08-28 07:25:44',0),(662,1,331,331,9,2,2,2,'2018-02-13 00:00:00',-50.0000,'','2018-08-28 07:25:44',0,'2018-08-28 07:25:44',0),(663,1,332,332,10,2,2,2,'2018-02-13 00:00:00',5.7100,'','2018-08-28 07:25:44',0,'2018-08-28 07:25:44',0),(664,1,332,332,9,2,2,2,'2018-02-13 00:00:00',-5.7100,'','2018-08-28 07:25:44',0,'2018-08-28 07:25:44',0),(665,1,333,333,10,2,2,2,'2018-02-13 00:00:00',10.0000,'','2018-08-28 07:25:44',0,'2018-08-28 07:25:44',0),(666,1,333,333,9,2,2,2,'2018-02-13 00:00:00',-10.0000,'','2018-08-28 07:25:44',0,'2018-08-28 07:25:44',0),(667,1,334,334,10,2,2,2,'2018-02-13 00:00:00',10.0000,'','2018-08-28 07:25:44',0,'2018-08-28 07:25:44',0),(668,1,334,334,9,2,2,2,'2018-02-13 00:00:00',-10.0000,'','2018-08-28 07:25:44',0,'2018-08-28 07:25:44',0),(669,1,335,335,10,2,2,2,'2018-03-01 00:00:00',1000.0000,'','2018-08-28 07:25:44',0,'2018-08-28 07:25:44',0),(670,1,335,335,9,2,2,2,'2018-03-01 00:00:00',-1000.0000,'','2018-08-28 07:25:44',0,'2018-08-28 07:25:44',0),(671,1,336,336,10,2,2,2,'2018-03-01 00:00:00',10.0000,'','2018-08-28 07:25:44',0,'2018-08-28 07:25:44',0),(672,1,336,336,9,2,2,2,'2018-03-01 00:00:00',-10.0000,'','2018-08-28 07:25:44',0,'2018-08-28 07:25:44',0),(673,1,337,337,10,2,2,2,'2018-04-01 00:00:00',1000.0000,'','2018-08-28 07:25:44',0,'2018-08-28 07:25:44',0),(674,1,337,337,9,2,2,2,'2018-04-01 00:00:00',-1000.0000,'','2018-08-28 07:25:44',0,'2018-08-28 07:25:44',0),(675,1,338,338,10,2,2,2,'2018-04-01 00:00:00',10.0000,'','2018-08-28 07:25:44',0,'2018-08-28 07:25:44',0),(676,1,338,338,9,2,2,2,'2018-04-01 00:00:00',-10.0000,'','2018-08-28 07:25:44',0,'2018-08-28 07:25:44',0),(677,1,339,339,10,2,2,2,'2018-05-01 00:00:00',1000.0000,'','2018-08-28 07:25:44',0,'2018-08-28 07:25:44',0),(678,1,339,339,9,2,2,2,'2018-05-01 00:00:00',-1000.0000,'','2018-08-28 07:25:44',0,'2018-08-28 07:25:44',0),(679,1,340,340,10,2,2,2,'2018-05-01 00:00:00',10.0000,'','2018-08-28 07:25:44',0,'2018-08-28 07:25:44',0),(680,1,340,340,9,2,2,2,'2018-05-01 00:00:00',-10.0000,'','2018-08-28 07:25:44',0,'2018-08-28 07:25:44',0),(681,1,341,341,10,2,2,2,'2018-06-01 00:00:00',1000.0000,'','2018-08-28 07:25:44',0,'2018-08-28 07:25:44',0),(682,1,341,341,9,2,2,2,'2018-06-01 00:00:00',-1000.0000,'','2018-08-28 07:25:44',0,'2018-08-28 07:25:44',0),(683,1,342,342,10,2,2,2,'2018-06-01 00:00:00',10.0000,'','2018-08-28 07:25:44',0,'2018-08-28 07:25:44',0),(684,1,342,342,9,2,2,2,'2018-06-01 00:00:00',-10.0000,'','2018-08-28 07:25:44',0,'2018-08-28 07:25:44',0),(685,1,343,343,10,2,2,2,'2018-07-01 00:00:00',1000.0000,'','2018-08-28 07:25:44',0,'2018-08-28 07:25:44',0),(686,1,343,343,9,2,2,2,'2018-07-01 00:00:00',-1000.0000,'','2018-08-28 07:25:44',0,'2018-08-28 07:25:44',0),(687,1,344,344,10,2,2,2,'2018-07-01 00:00:00',10.0000,'','2018-08-28 07:25:44',0,'2018-08-28 07:25:44',0),(688,1,344,344,9,2,2,2,'2018-07-01 00:00:00',-10.0000,'','2018-08-28 07:25:44',0,'2018-08-28 07:25:44',0),(689,1,345,345,10,2,2,2,'2018-08-01 00:00:00',1000.0000,'','2018-08-28 07:25:44',0,'2018-08-28 07:25:44',0),(690,1,345,345,9,2,2,2,'2018-08-01 00:00:00',-1000.0000,'','2018-08-28 07:25:44',0,'2018-08-28 07:25:44',0),(691,1,346,346,10,2,2,2,'2018-08-01 00:00:00',10.0000,'','2018-08-28 07:25:44',0,'2018-08-28 07:25:44',0),(692,1,346,346,9,2,2,2,'2018-08-01 00:00:00',-10.0000,'','2018-08-28 07:25:44',0,'2018-08-28 07:25:44',0),(693,1,347,347,10,5,5,5,'2018-02-13 00:00:00',3000.0000,'','2018-08-28 07:25:44',0,'2018-08-28 07:25:44',0),(694,1,347,347,9,5,5,5,'2018-02-13 00:00:00',-3000.0000,'','2018-08-28 07:25:44',0,'2018-08-28 07:25:44',0),(695,1,348,348,10,5,5,5,'2018-02-13 00:00:00',857.1400,'','2018-08-28 07:25:44',0,'2018-08-28 07:25:44',0),(696,1,348,348,9,5,5,5,'2018-02-13 00:00:00',-857.1400,'','2018-08-28 07:25:44',0,'2018-08-28 07:25:44',0),(697,1,349,349,10,5,5,5,'2018-02-13 00:00:00',10.0000,'','2018-08-28 07:25:44',0,'2018-08-28 07:25:44',0),(698,1,349,349,9,5,5,5,'2018-02-13 00:00:00',-10.0000,'','2018-08-28 07:25:44',0,'2018-08-28 07:25:44',0),(699,1,350,350,10,5,5,5,'2018-03-01 00:00:00',1500.0000,'','2018-08-28 07:25:44',0,'2018-08-28 07:25:44',0),(700,1,350,350,9,5,5,5,'2018-03-01 00:00:00',-1500.0000,'','2018-08-28 07:25:44',0,'2018-08-28 07:25:44',0),(701,1,351,351,10,5,5,5,'2018-04-01 00:00:00',1500.0000,'','2018-08-28 07:25:44',0,'2018-08-28 07:25:44',0),(702,1,351,351,9,5,5,5,'2018-04-01 00:00:00',-1500.0000,'','2018-08-28 07:25:44',0,'2018-08-28 07:25:44',0),(703,1,352,352,10,5,5,5,'2018-05-01 00:00:00',1500.0000,'','2018-08-28 07:25:44',0,'2018-08-28 07:25:44',0),(704,1,352,352,9,5,5,5,'2018-05-01 00:00:00',-1500.0000,'','2018-08-28 07:25:44',0,'2018-08-28 07:25:44',0),(705,1,353,353,10,5,5,5,'2018-06-01 00:00:00',1500.0000,'','2018-08-28 07:25:44',0,'2018-08-28 07:25:44',0),(706,1,353,353,9,5,5,5,'2018-06-01 00:00:00',-1500.0000,'','2018-08-28 07:25:44',0,'2018-08-28 07:25:44',0),(707,1,354,354,10,5,5,5,'2018-07-01 00:00:00',1500.0000,'','2018-08-28 07:25:44',0,'2018-08-28 07:25:44',0),(708,1,354,354,9,5,5,5,'2018-07-01 00:00:00',-1500.0000,'','2018-08-28 07:25:44',0,'2018-08-28 07:25:44',0),(709,1,355,355,10,5,5,5,'2018-08-01 00:00:00',1500.0000,'','2018-08-28 07:25:44',0,'2018-08-28 07:25:44',0),(710,1,355,355,9,5,5,5,'2018-08-01 00:00:00',-1500.0000,'','2018-08-28 07:25:44',0,'2018-08-28 07:25:44',0),(711,1,356,356,10,8,8,8,'2018-02-13 00:00:00',5000.0000,'','2018-08-28 07:25:44',0,'2018-08-28 07:25:44',0),(712,1,356,356,9,8,8,8,'2018-02-13 00:00:00',-5000.0000,'','2018-08-28 07:25:44',0,'2018-08-28 07:25:44',0),(713,1,357,357,10,8,8,8,'2018-02-13 00:00:00',1428.5700,'','2018-08-28 07:25:44',0,'2018-08-28 07:25:44',0),(714,1,357,357,9,8,8,8,'2018-02-13 00:00:00',-1428.5700,'','2018-08-28 07:25:44',0,'2018-08-28 07:25:44',0),(715,1,358,358,10,8,8,8,'2018-02-13 00:00:00',50.0000,'','2018-08-28 07:25:44',0,'2018-08-28 07:25:44',0),(716,1,358,358,9,8,8,8,'2018-02-13 00:00:00',-50.0000,'','2018-08-28 07:25:44',0,'2018-08-28 07:25:44',0),(717,1,359,359,10,8,8,8,'2018-02-13 00:00:00',5.7100,'','2018-08-28 07:25:44',0,'2018-08-28 07:25:44',0),(718,1,359,359,9,8,8,8,'2018-02-13 00:00:00',-5.7100,'','2018-08-28 07:25:44',0,'2018-08-28 07:25:44',0),(719,1,360,360,10,8,8,8,'2018-02-13 00:00:00',10.0000,'','2018-08-28 07:25:44',0,'2018-08-28 07:25:44',0),(720,1,360,360,9,8,8,8,'2018-02-13 00:00:00',-10.0000,'','2018-08-28 07:25:44',0,'2018-08-28 07:25:44',0),(721,1,361,361,10,8,8,8,'2018-03-01 00:00:00',2500.0000,'','2018-08-28 07:25:44',0,'2018-08-28 07:25:44',0),(722,1,361,361,9,8,8,8,'2018-03-01 00:00:00',-2500.0000,'','2018-08-28 07:25:44',0,'2018-08-28 07:25:44',0),(723,1,362,362,10,8,8,8,'2018-03-01 00:00:00',10.0000,'','2018-08-28 07:25:44',0,'2018-08-28 07:25:44',0),(724,1,362,362,9,8,8,8,'2018-03-01 00:00:00',-10.0000,'','2018-08-28 07:25:44',0,'2018-08-28 07:25:44',0),(725,1,363,363,10,8,8,8,'2018-04-01 00:00:00',2500.0000,'','2018-08-28 07:25:44',0,'2018-08-28 07:25:44',0),(726,1,363,363,9,8,8,8,'2018-04-01 00:00:00',-2500.0000,'','2018-08-28 07:25:44',0,'2018-08-28 07:25:44',0),(727,1,364,364,10,8,8,8,'2018-04-01 00:00:00',10.0000,'','2018-08-28 07:25:44',0,'2018-08-28 07:25:44',0),(728,1,364,364,9,8,8,8,'2018-04-01 00:00:00',-10.0000,'','2018-08-28 07:25:44',0,'2018-08-28 07:25:44',0),(729,1,365,365,10,8,8,8,'2018-05-01 00:00:00',2500.0000,'','2018-08-28 07:25:44',0,'2018-08-28 07:25:44',0),(730,1,365,365,9,8,8,8,'2018-05-01 00:00:00',-2500.0000,'','2018-08-28 07:25:44',0,'2018-08-28 07:25:44',0),(731,1,366,366,10,8,8,8,'2018-05-01 00:00:00',10.0000,'','2018-08-28 07:25:44',0,'2018-08-28 07:25:44',0),(732,1,366,366,9,8,8,8,'2018-05-01 00:00:00',-10.0000,'','2018-08-28 07:25:44',0,'2018-08-28 07:25:44',0),(733,1,367,367,10,8,8,8,'2018-06-01 00:00:00',2500.0000,'','2018-08-28 07:25:44',0,'2018-08-28 07:25:44',0),(734,1,367,367,9,8,8,8,'2018-06-01 00:00:00',-2500.0000,'','2018-08-28 07:25:44',0,'2018-08-28 07:25:44',0),(735,1,368,368,10,8,8,8,'2018-06-01 00:00:00',10.0000,'','2018-08-28 07:25:44',0,'2018-08-28 07:25:44',0),(736,1,368,368,9,8,8,8,'2018-06-01 00:00:00',-10.0000,'','2018-08-28 07:25:44',0,'2018-08-28 07:25:44',0),(737,1,369,369,10,8,8,8,'2018-07-01 00:00:00',2500.0000,'','2018-08-28 07:25:44',0,'2018-08-28 07:25:44',0),(738,1,369,369,9,8,8,8,'2018-07-01 00:00:00',-2500.0000,'','2018-08-28 07:25:44',0,'2018-08-28 07:25:44',0),(739,1,370,370,10,8,8,8,'2018-07-01 00:00:00',10.0000,'','2018-08-28 07:25:44',0,'2018-08-28 07:25:44',0),(740,1,370,370,9,8,8,8,'2018-07-01 00:00:00',-10.0000,'','2018-08-28 07:25:44',0,'2018-08-28 07:25:44',0),(741,1,371,371,10,8,8,8,'2018-08-01 00:00:00',2500.0000,'','2018-08-28 07:25:44',0,'2018-08-28 07:25:44',0),(742,1,371,371,9,8,8,8,'2018-08-01 00:00:00',-2500.0000,'','2018-08-28 07:25:44',0,'2018-08-28 07:25:44',0),(743,1,372,372,10,8,8,8,'2018-08-01 00:00:00',10.0000,'','2018-08-28 07:25:44',0,'2018-08-28 07:25:44',0),(744,1,372,372,9,8,8,8,'2018-08-01 00:00:00',-10.0000,'','2018-08-28 07:25:44',0,'2018-08-28 07:25:44',0),(745,1,373,373,10,10,10,10,'2018-02-13 00:00:00',5000.0000,'','2018-08-28 07:25:44',0,'2018-08-28 07:25:44',0),(746,1,373,373,9,10,10,10,'2018-02-13 00:00:00',-5000.0000,'','2018-08-28 07:25:44',0,'2018-08-28 07:25:44',0),(747,1,374,374,10,10,10,10,'2018-02-13 00:00:00',1428.5700,'','2018-08-28 07:25:44',0,'2018-08-28 07:25:44',0),(748,1,374,374,9,10,10,10,'2018-02-13 00:00:00',-1428.5700,'','2018-08-28 07:25:44',0,'2018-08-28 07:25:44',0),(749,1,375,375,10,10,10,10,'2018-02-13 00:00:00',50.0000,'','2018-08-28 07:25:44',0,'2018-08-28 07:25:44',0),(750,1,375,375,9,10,10,10,'2018-02-13 00:00:00',-50.0000,'','2018-08-28 07:25:44',0,'2018-08-28 07:25:44',0),(751,1,376,376,10,10,10,10,'2018-02-13 00:00:00',5.7100,'','2018-08-28 07:25:44',0,'2018-08-28 07:25:44',0),(752,1,376,376,9,10,10,10,'2018-02-13 00:00:00',-5.7100,'','2018-08-28 07:25:44',0,'2018-08-28 07:25:44',0),(753,1,377,377,10,10,10,10,'2018-02-13 00:00:00',10.0000,'','2018-08-28 07:25:44',0,'2018-08-28 07:25:44',0),(754,1,377,377,9,10,10,10,'2018-02-13 00:00:00',-10.0000,'','2018-08-28 07:25:44',0,'2018-08-28 07:25:44',0),(755,1,378,378,10,10,10,10,'2018-03-01 00:00:00',2500.0000,'','2018-08-28 07:25:44',0,'2018-08-28 07:25:44',0),(756,1,378,378,9,10,10,10,'2018-03-01 00:00:00',-2500.0000,'','2018-08-28 07:25:44',0,'2018-08-28 07:25:44',0),(757,1,379,379,10,10,10,10,'2018-03-01 00:00:00',10.0000,'','2018-08-28 07:25:44',0,'2018-08-28 07:25:44',0),(758,1,379,379,9,10,10,10,'2018-03-01 00:00:00',-10.0000,'','2018-08-28 07:25:44',0,'2018-08-28 07:25:44',0),(759,1,380,380,10,10,10,10,'2018-04-01 00:00:00',2500.0000,'','2018-08-28 07:25:44',0,'2018-08-28 07:25:44',0),(760,1,380,380,9,10,10,10,'2018-04-01 00:00:00',-2500.0000,'','2018-08-28 07:25:44',0,'2018-08-28 07:25:44',0),(761,1,381,381,10,10,10,10,'2018-04-01 00:00:00',10.0000,'','2018-08-28 07:25:44',0,'2018-08-28 07:25:44',0),(762,1,381,381,9,10,10,10,'2018-04-01 00:00:00',-10.0000,'','2018-08-28 07:25:44',0,'2018-08-28 07:25:44',0),(763,1,382,382,10,10,10,10,'2018-05-01 00:00:00',2500.0000,'','2018-08-28 07:25:44',0,'2018-08-28 07:25:44',0),(764,1,382,382,9,10,10,10,'2018-05-01 00:00:00',-2500.0000,'','2018-08-28 07:25:44',0,'2018-08-28 07:25:44',0),(765,1,383,383,10,10,10,10,'2018-05-01 00:00:00',10.0000,'','2018-08-28 07:25:44',0,'2018-08-28 07:25:44',0),(766,1,383,383,9,10,10,10,'2018-05-01 00:00:00',-10.0000,'','2018-08-28 07:25:44',0,'2018-08-28 07:25:44',0),(767,1,384,384,10,10,10,10,'2018-06-01 00:00:00',2500.0000,'','2018-08-28 07:25:44',0,'2018-08-28 07:25:44',0),(768,1,384,384,9,10,10,10,'2018-06-01 00:00:00',-2500.0000,'','2018-08-28 07:25:44',0,'2018-08-28 07:25:44',0),(769,1,385,385,10,10,10,10,'2018-06-01 00:00:00',10.0000,'','2018-08-28 07:25:44',0,'2018-08-28 07:25:44',0),(770,1,385,385,9,10,10,10,'2018-06-01 00:00:00',-10.0000,'','2018-08-28 07:25:44',0,'2018-08-28 07:25:44',0),(771,1,386,386,10,10,10,10,'2018-07-01 00:00:00',2500.0000,'','2018-08-28 07:25:44',0,'2018-08-28 07:25:44',0),(772,1,386,386,9,10,10,10,'2018-07-01 00:00:00',-2500.0000,'','2018-08-28 07:25:44',0,'2018-08-28 07:25:44',0),(773,1,387,387,10,10,10,10,'2018-07-01 00:00:00',10.0000,'','2018-08-28 07:25:44',0,'2018-08-28 07:25:44',0),(774,1,387,387,9,10,10,10,'2018-07-01 00:00:00',-10.0000,'','2018-08-28 07:25:44',0,'2018-08-28 07:25:44',0),(775,1,388,388,10,10,10,10,'2018-08-01 00:00:00',2500.0000,'','2018-08-28 07:25:44',0,'2018-08-28 07:25:44',0),(776,1,388,388,9,10,10,10,'2018-08-01 00:00:00',-2500.0000,'','2018-08-28 07:25:44',0,'2018-08-28 07:25:44',0),(777,1,389,389,10,10,10,10,'2018-08-01 00:00:00',10.0000,'','2018-08-28 07:25:44',0,'2018-08-28 07:25:44',0),(778,1,389,389,9,10,10,10,'2018-08-01 00:00:00',-10.0000,'','2018-08-28 07:25:44',0,'2018-08-28 07:25:44',0),(779,1,390,390,10,3,3,3,'2018-02-13 00:00:00',2000.0000,'','2018-08-28 07:25:45',0,'2018-08-28 07:25:45',0),(780,1,390,390,9,3,3,3,'2018-02-13 00:00:00',-2000.0000,'','2018-08-28 07:25:45',0,'2018-08-28 07:25:45',0),(781,1,391,391,10,3,3,3,'2018-02-13 00:00:00',571.4300,'','2018-08-28 07:25:45',0,'2018-08-28 07:25:45',0),(782,1,391,391,9,3,3,3,'2018-02-13 00:00:00',-571.4300,'','2018-08-28 07:25:45',0,'2018-08-28 07:25:45',0),(783,1,392,392,10,3,3,3,'2018-02-13 00:00:00',50.0000,'','2018-08-28 07:25:45',0,'2018-08-28 07:25:45',0),(784,1,392,392,9,3,3,3,'2018-02-13 00:00:00',-50.0000,'','2018-08-28 07:25:45',0,'2018-08-28 07:25:45',0),(785,1,393,393,10,3,3,3,'2018-02-13 00:00:00',5.7100,'','2018-08-28 07:25:45',0,'2018-08-28 07:25:45',0),(786,1,393,393,9,3,3,3,'2018-02-13 00:00:00',-5.7100,'','2018-08-28 07:25:45',0,'2018-08-28 07:25:45',0),(787,1,394,394,10,3,3,3,'2018-02-13 00:00:00',10.0000,'','2018-08-28 07:25:45',0,'2018-08-28 07:25:45',0),(788,1,394,394,9,3,3,3,'2018-02-13 00:00:00',-10.0000,'','2018-08-28 07:25:45',0,'2018-08-28 07:25:45',0),(789,1,395,395,10,3,3,3,'2018-03-01 00:00:00',1000.0000,'','2018-08-28 07:25:45',0,'2018-08-28 07:25:45',0),(790,1,395,395,9,3,3,3,'2018-03-01 00:00:00',-1000.0000,'','2018-08-28 07:25:45',0,'2018-08-28 07:25:45',0),(791,1,396,396,10,3,3,3,'2018-03-01 00:00:00',10.0000,'','2018-08-28 07:25:45',0,'2018-08-28 07:25:45',0),(792,1,396,396,9,3,3,3,'2018-03-01 00:00:00',-10.0000,'','2018-08-28 07:25:45',0,'2018-08-28 07:25:45',0),(793,1,397,397,10,3,3,3,'2018-04-01 00:00:00',1000.0000,'','2018-08-28 07:25:45',0,'2018-08-28 07:25:45',0),(794,1,397,397,9,3,3,3,'2018-04-01 00:00:00',-1000.0000,'','2018-08-28 07:25:45',0,'2018-08-28 07:25:45',0),(795,1,398,398,10,3,3,3,'2018-04-01 00:00:00',10.0000,'','2018-08-28 07:25:45',0,'2018-08-28 07:25:45',0),(796,1,398,398,9,3,3,3,'2018-04-01 00:00:00',-10.0000,'','2018-08-28 07:25:45',0,'2018-08-28 07:25:45',0),(797,1,399,399,10,3,3,3,'2018-05-01 00:00:00',1000.0000,'','2018-08-28 07:25:45',0,'2018-08-28 07:25:45',0),(798,1,399,399,9,3,3,3,'2018-05-01 00:00:00',-1000.0000,'','2018-08-28 07:25:45',0,'2018-08-28 07:25:45',0),(799,1,400,400,10,3,3,3,'2018-05-01 00:00:00',10.0000,'','2018-08-28 07:25:45',0,'2018-08-28 07:25:45',0),(800,1,400,400,9,3,3,3,'2018-05-01 00:00:00',-10.0000,'','2018-08-28 07:25:45',0,'2018-08-28 07:25:45',0),(801,1,401,401,10,3,3,3,'2018-06-01 00:00:00',1000.0000,'','2018-08-28 07:25:45',0,'2018-08-28 07:25:45',0),(802,1,401,401,9,3,3,3,'2018-06-01 00:00:00',-1000.0000,'','2018-08-28 07:25:45',0,'2018-08-28 07:25:45',0),(803,1,402,402,10,3,3,3,'2018-06-01 00:00:00',10.0000,'','2018-08-28 07:25:45',0,'2018-08-28 07:25:45',0),(804,1,402,402,9,3,3,3,'2018-06-01 00:00:00',-10.0000,'','2018-08-28 07:25:45',0,'2018-08-28 07:25:45',0),(805,1,403,403,10,3,3,3,'2018-07-01 00:00:00',1000.0000,'','2018-08-28 07:25:45',0,'2018-08-28 07:25:45',0),(806,1,403,403,9,3,3,3,'2018-07-01 00:00:00',-1000.0000,'','2018-08-28 07:25:45',0,'2018-08-28 07:25:45',0),(807,1,404,404,10,3,3,3,'2018-07-01 00:00:00',10.0000,'','2018-08-28 07:25:45',0,'2018-08-28 07:25:45',0),(808,1,404,404,9,3,3,3,'2018-07-01 00:00:00',-10.0000,'','2018-08-28 07:25:45',0,'2018-08-28 07:25:45',0),(809,1,405,405,10,3,3,3,'2018-08-01 00:00:00',1000.0000,'','2018-08-28 07:25:45',0,'2018-08-28 07:25:45',0),(810,1,405,405,9,3,3,3,'2018-08-01 00:00:00',-1000.0000,'','2018-08-28 07:25:45',0,'2018-08-28 07:25:45',0),(811,1,406,406,10,3,3,3,'2018-08-01 00:00:00',10.0000,'','2018-08-28 07:25:45',0,'2018-08-28 07:25:45',0),(812,1,406,406,9,3,3,3,'2018-08-01 00:00:00',-10.0000,'','2018-08-28 07:25:45',0,'2018-08-28 07:25:45',0),(813,1,407,407,10,4,4,4,'2018-02-13 00:00:00',3000.0000,'','2018-08-28 07:25:45',0,'2018-08-28 07:25:45',0),(814,1,407,407,9,4,4,4,'2018-02-13 00:00:00',-3000.0000,'','2018-08-28 07:25:45',0,'2018-08-28 07:25:45',0),(815,1,408,408,10,4,4,4,'2018-02-13 00:00:00',857.1400,'','2018-08-28 07:25:45',0,'2018-08-28 07:25:45',0),(816,1,408,408,9,4,4,4,'2018-02-13 00:00:00',-857.1400,'','2018-08-28 07:25:45',0,'2018-08-28 07:25:45',0),(817,1,409,409,10,4,4,4,'2018-02-13 00:00:00',50.0000,'','2018-08-28 07:25:45',0,'2018-08-28 07:25:45',0),(818,1,409,409,9,4,4,4,'2018-02-13 00:00:00',-50.0000,'','2018-08-28 07:25:45',0,'2018-08-28 07:25:45',0),(819,1,410,410,10,4,4,4,'2018-02-13 00:00:00',5.7100,'','2018-08-28 07:25:45',0,'2018-08-28 07:25:45',0),(820,1,410,410,9,4,4,4,'2018-02-13 00:00:00',-5.7100,'','2018-08-28 07:25:45',0,'2018-08-28 07:25:45',0),(821,1,411,411,10,4,4,4,'2018-02-13 00:00:00',10.0000,'','2018-08-28 07:25:45',0,'2018-08-28 07:25:45',0),(822,1,411,411,9,4,4,4,'2018-02-13 00:00:00',-10.0000,'','2018-08-28 07:25:45',0,'2018-08-28 07:25:45',0),(823,1,412,412,10,4,4,4,'2018-03-01 00:00:00',1500.0000,'','2018-08-28 07:25:45',0,'2018-08-28 07:25:45',0),(824,1,412,412,9,4,4,4,'2018-03-01 00:00:00',-1500.0000,'','2018-08-28 07:25:45',0,'2018-08-28 07:25:45',0),(825,1,413,413,10,4,4,4,'2018-03-01 00:00:00',10.0000,'','2018-08-28 07:25:45',0,'2018-08-28 07:25:45',0),(826,1,413,413,9,4,4,4,'2018-03-01 00:00:00',-10.0000,'','2018-08-28 07:25:45',0,'2018-08-28 07:25:45',0),(827,1,414,414,10,4,4,4,'2018-04-01 00:00:00',1500.0000,'','2018-08-28 07:25:45',0,'2018-08-28 07:25:45',0),(828,1,414,414,9,4,4,4,'2018-04-01 00:00:00',-1500.0000,'','2018-08-28 07:25:45',0,'2018-08-28 07:25:45',0),(829,1,415,415,10,4,4,4,'2018-04-01 00:00:00',10.0000,'','2018-08-28 07:25:45',0,'2018-08-28 07:25:45',0),(830,1,415,415,9,4,4,4,'2018-04-01 00:00:00',-10.0000,'','2018-08-28 07:25:45',0,'2018-08-28 07:25:45',0),(831,1,416,416,10,4,4,4,'2018-05-01 00:00:00',1500.0000,'','2018-08-28 07:25:45',0,'2018-08-28 07:25:45',0),(832,1,416,416,9,4,4,4,'2018-05-01 00:00:00',-1500.0000,'','2018-08-28 07:25:45',0,'2018-08-28 07:25:45',0),(833,1,417,417,10,4,4,4,'2018-05-01 00:00:00',10.0000,'','2018-08-28 07:25:45',0,'2018-08-28 07:25:45',0),(834,1,417,417,9,4,4,4,'2018-05-01 00:00:00',-10.0000,'','2018-08-28 07:25:45',0,'2018-08-28 07:25:45',0),(835,1,418,418,10,4,4,4,'2018-06-01 00:00:00',1500.0000,'','2018-08-28 07:25:45',0,'2018-08-28 07:25:45',0),(836,1,418,418,9,4,4,4,'2018-06-01 00:00:00',-1500.0000,'','2018-08-28 07:25:45',0,'2018-08-28 07:25:45',0),(837,1,419,419,10,4,4,4,'2018-06-01 00:00:00',10.0000,'','2018-08-28 07:25:45',0,'2018-08-28 07:25:45',0),(838,1,419,419,9,4,4,4,'2018-06-01 00:00:00',-10.0000,'','2018-08-28 07:25:45',0,'2018-08-28 07:25:45',0),(839,1,420,420,10,4,4,4,'2018-07-01 00:00:00',1500.0000,'','2018-08-28 07:25:45',0,'2018-08-28 07:25:45',0),(840,1,420,420,9,4,4,4,'2018-07-01 00:00:00',-1500.0000,'','2018-08-28 07:25:45',0,'2018-08-28 07:25:45',0),(841,1,421,421,10,4,4,4,'2018-07-01 00:00:00',10.0000,'','2018-08-28 07:25:45',0,'2018-08-28 07:25:45',0),(842,1,421,421,9,4,4,4,'2018-07-01 00:00:00',-10.0000,'','2018-08-28 07:25:45',0,'2018-08-28 07:25:45',0),(843,1,422,422,10,4,4,4,'2018-08-01 00:00:00',1500.0000,'','2018-08-28 07:25:45',0,'2018-08-28 07:25:45',0),(844,1,422,422,9,4,4,4,'2018-08-01 00:00:00',-1500.0000,'','2018-08-28 07:25:45',0,'2018-08-28 07:25:45',0),(845,1,423,423,10,4,4,4,'2018-08-01 00:00:00',10.0000,'','2018-08-28 07:25:45',0,'2018-08-28 07:25:45',0),(846,1,423,423,9,4,4,4,'2018-08-01 00:00:00',-10.0000,'','2018-08-28 07:25:45',0,'2018-08-28 07:25:45',0),(847,1,424,424,10,6,6,6,'2018-02-13 00:00:00',3500.0000,'','2018-08-28 07:25:45',0,'2018-08-28 07:25:45',0),(848,1,424,424,9,6,6,6,'2018-02-13 00:00:00',-3500.0000,'','2018-08-28 07:25:45',0,'2018-08-28 07:25:45',0),(849,1,425,425,10,6,6,6,'2018-02-13 00:00:00',1000.0000,'','2018-08-28 07:25:45',0,'2018-08-28 07:25:45',0),(850,1,425,425,9,6,6,6,'2018-02-13 00:00:00',-1000.0000,'','2018-08-28 07:25:45',0,'2018-08-28 07:25:45',0),(851,1,426,426,10,6,6,6,'2018-02-13 00:00:00',10.0000,'','2018-08-28 07:25:45',0,'2018-08-28 07:25:45',0),(852,1,426,426,9,6,6,6,'2018-02-13 00:00:00',-10.0000,'','2018-08-28 07:25:45',0,'2018-08-28 07:25:45',0),(853,1,427,427,10,6,6,6,'2018-03-01 00:00:00',1750.0000,'','2018-08-28 07:25:45',0,'2018-08-28 07:25:45',0),(854,1,427,427,9,6,6,6,'2018-03-01 00:00:00',-1750.0000,'','2018-08-28 07:25:45',0,'2018-08-28 07:25:45',0),(855,1,428,428,10,6,6,6,'2018-04-01 00:00:00',1750.0000,'','2018-08-28 07:25:45',0,'2018-08-28 07:25:45',0),(856,1,428,428,9,6,6,6,'2018-04-01 00:00:00',-1750.0000,'','2018-08-28 07:25:45',0,'2018-08-28 07:25:45',0),(857,1,429,429,10,6,6,6,'2018-05-01 00:00:00',1750.0000,'','2018-08-28 07:25:45',0,'2018-08-28 07:25:45',0),(858,1,429,429,9,6,6,6,'2018-05-01 00:00:00',-1750.0000,'','2018-08-28 07:25:45',0,'2018-08-28 07:25:45',0),(859,1,430,430,10,6,6,6,'2018-06-01 00:00:00',1750.0000,'','2018-08-28 07:25:45',0,'2018-08-28 07:25:45',0),(860,1,430,430,9,6,6,6,'2018-06-01 00:00:00',-1750.0000,'','2018-08-28 07:25:45',0,'2018-08-28 07:25:45',0),(861,1,431,431,10,6,6,6,'2018-07-01 00:00:00',1750.0000,'','2018-08-28 07:25:45',0,'2018-08-28 07:25:45',0),(862,1,431,431,9,6,6,6,'2018-07-01 00:00:00',-1750.0000,'','2018-08-28 07:25:45',0,'2018-08-28 07:25:45',0),(863,1,432,432,10,6,6,6,'2018-08-01 00:00:00',1750.0000,'','2018-08-28 07:25:45',0,'2018-08-28 07:25:45',0),(864,1,432,432,9,6,6,6,'2018-08-01 00:00:00',-1750.0000,'','2018-08-28 07:25:45',0,'2018-08-28 07:25:45',0),(865,1,433,433,10,7,7,7,'2018-02-13 00:00:00',3500.0000,'','2018-08-28 07:25:45',0,'2018-08-28 07:25:45',0),(866,1,433,433,9,7,7,7,'2018-02-13 00:00:00',-3500.0000,'','2018-08-28 07:25:45',0,'2018-08-28 07:25:45',0),(867,1,434,434,10,7,7,7,'2018-02-13 00:00:00',1000.0000,'','2018-08-28 07:25:45',0,'2018-08-28 07:25:45',0),(868,1,434,434,9,7,7,7,'2018-02-13 00:00:00',-1000.0000,'','2018-08-28 07:25:45',0,'2018-08-28 07:25:45',0),(869,1,435,435,10,7,7,7,'2018-02-13 00:00:00',10.0000,'','2018-08-28 07:25:45',0,'2018-08-28 07:25:45',0),(870,1,435,435,9,7,7,7,'2018-02-13 00:00:00',-10.0000,'','2018-08-28 07:25:45',0,'2018-08-28 07:25:45',0),(871,1,436,436,10,7,7,7,'2018-03-01 00:00:00',1750.0000,'','2018-08-28 07:25:45',0,'2018-08-28 07:25:45',0),(872,1,436,436,9,7,7,7,'2018-03-01 00:00:00',-1750.0000,'','2018-08-28 07:25:45',0,'2018-08-28 07:25:45',0),(873,1,437,437,10,7,7,7,'2018-04-01 00:00:00',1750.0000,'','2018-08-28 07:25:45',0,'2018-08-28 07:25:45',0),(874,1,437,437,9,7,7,7,'2018-04-01 00:00:00',-1750.0000,'','2018-08-28 07:25:45',0,'2018-08-28 07:25:45',0),(875,1,438,438,10,7,7,7,'2018-05-01 00:00:00',1750.0000,'','2018-08-28 07:25:45',0,'2018-08-28 07:25:45',0),(876,1,438,438,9,7,7,7,'2018-05-01 00:00:00',-1750.0000,'','2018-08-28 07:25:45',0,'2018-08-28 07:25:45',0),(877,1,439,439,10,7,7,7,'2018-06-01 00:00:00',1750.0000,'','2018-08-28 07:25:45',0,'2018-08-28 07:25:45',0),(878,1,439,439,9,7,7,7,'2018-06-01 00:00:00',-1750.0000,'','2018-08-28 07:25:45',0,'2018-08-28 07:25:45',0),(879,1,440,440,10,7,7,7,'2018-07-01 00:00:00',1750.0000,'','2018-08-28 07:25:45',0,'2018-08-28 07:25:45',0),(880,1,440,440,9,7,7,7,'2018-07-01 00:00:00',-1750.0000,'','2018-08-28 07:25:45',0,'2018-08-28 07:25:45',0),(881,1,441,441,10,7,7,7,'2018-08-01 00:00:00',1750.0000,'','2018-08-28 07:25:45',0,'2018-08-28 07:25:45',0),(882,1,441,441,9,7,7,7,'2018-08-01 00:00:00',-1750.0000,'','2018-08-28 07:25:45',0,'2018-08-28 07:25:45',0),(883,1,442,442,4,1,0,1,'2018-02-13 00:00:00',571.4300,'','2018-08-28 07:25:46',0,'2018-08-28 07:25:46',0),(884,1,442,442,6,1,0,1,'2018-02-13 00:00:00',-571.4300,'','2018-08-28 07:25:46',0,'2018-08-28 07:25:46',0),(885,1,443,443,4,1,0,1,'2018-02-13 00:00:00',50.0000,'','2018-08-28 07:25:46',0,'2018-08-28 07:25:46',0),(886,1,443,443,6,1,0,1,'2018-02-13 00:00:00',-50.0000,'','2018-08-28 07:25:46',0,'2018-08-28 07:25:46',0),(887,1,444,444,4,1,0,1,'2018-02-13 00:00:00',5.7100,'','2018-08-28 07:25:46',0,'2018-08-28 07:25:46',0),(888,1,444,444,6,1,0,1,'2018-02-13 00:00:00',-5.7100,'','2018-08-28 07:25:46',0,'2018-08-28 07:25:46',0),(889,1,445,445,4,1,0,1,'2018-02-13 00:00:00',10.0000,'','2018-08-28 07:25:46',0,'2018-08-28 07:25:46',0),(890,1,445,445,6,1,0,1,'2018-02-13 00:00:00',-10.0000,'','2018-08-28 07:25:46',0,'2018-08-28 07:25:46',0),(891,1,446,446,4,2,0,2,'2018-02-13 00:00:00',571.4300,'','2018-08-28 07:25:46',0,'2018-08-28 07:25:46',0),(892,1,446,446,6,2,0,2,'2018-02-13 00:00:00',-571.4300,'','2018-08-28 07:25:46',0,'2018-08-28 07:25:46',0),(893,1,447,447,4,2,0,2,'2018-02-13 00:00:00',50.0000,'','2018-08-28 07:25:46',0,'2018-08-28 07:25:46',0),(894,1,447,447,6,2,0,2,'2018-02-13 00:00:00',-50.0000,'','2018-08-28 07:25:46',0,'2018-08-28 07:25:46',0),(895,1,448,448,4,2,0,2,'2018-02-13 00:00:00',5.7100,'','2018-08-28 07:25:46',0,'2018-08-28 07:25:46',0),(896,1,448,448,6,2,0,2,'2018-02-13 00:00:00',-5.7100,'','2018-08-28 07:25:46',0,'2018-08-28 07:25:46',0),(897,1,449,449,4,2,0,2,'2018-02-13 00:00:00',10.0000,'','2018-08-28 07:25:46',0,'2018-08-28 07:25:46',0),(898,1,449,449,6,2,0,2,'2018-02-13 00:00:00',-10.0000,'','2018-08-28 07:25:46',0,'2018-08-28 07:25:46',0),(899,1,450,450,4,2,0,2,'2018-02-13 00:00:00',10.0000,'','2018-08-28 07:25:46',0,'2018-08-28 07:25:46',0),(900,1,450,450,6,2,0,2,'2018-02-13 00:00:00',-10.0000,'','2018-08-28 07:25:46',0,'2018-08-28 07:25:46',0),(901,1,451,451,4,3,0,3,'2018-02-13 00:00:00',571.4300,'','2018-08-28 07:25:46',0,'2018-08-28 07:25:46',0),(902,1,451,451,6,3,0,3,'2018-02-13 00:00:00',-571.4300,'','2018-08-28 07:25:46',0,'2018-08-28 07:25:46',0),(903,1,452,452,4,3,0,3,'2018-02-13 00:00:00',50.0000,'','2018-08-28 07:25:46',0,'2018-08-28 07:25:46',0),(904,1,452,452,6,3,0,3,'2018-02-13 00:00:00',-50.0000,'','2018-08-28 07:25:46',0,'2018-08-28 07:25:46',0),(905,1,453,453,4,3,0,3,'2018-02-13 00:00:00',5.7100,'','2018-08-28 07:25:46',0,'2018-08-28 07:25:46',0),(906,1,453,453,6,3,0,3,'2018-02-13 00:00:00',-5.7100,'','2018-08-28 07:25:46',0,'2018-08-28 07:25:46',0),(907,1,454,454,4,3,0,3,'2018-02-13 00:00:00',10.0000,'','2018-08-28 07:25:46',0,'2018-08-28 07:25:46',0),(908,1,454,454,6,3,0,3,'2018-02-13 00:00:00',-10.0000,'','2018-08-28 07:25:46',0,'2018-08-28 07:25:46',0),(909,1,455,455,4,4,0,4,'2018-02-13 00:00:00',857.1400,'','2018-08-28 07:25:46',0,'2018-08-28 07:25:46',0),(910,1,455,455,6,4,0,4,'2018-02-13 00:00:00',-857.1400,'','2018-08-28 07:25:46',0,'2018-08-28 07:25:46',0),(911,1,456,456,4,4,0,4,'2018-02-13 00:00:00',50.0000,'','2018-08-28 07:25:46',0,'2018-08-28 07:25:46',0),(912,1,456,456,6,4,0,4,'2018-02-13 00:00:00',-50.0000,'','2018-08-28 07:25:46',0,'2018-08-28 07:25:46',0),(913,1,457,457,4,4,0,4,'2018-02-13 00:00:00',5.7100,'','2018-08-28 07:25:46',0,'2018-08-28 07:25:46',0),(914,1,457,457,6,4,0,4,'2018-02-13 00:00:00',-5.7100,'','2018-08-28 07:25:46',0,'2018-08-28 07:25:46',0),(915,1,458,458,4,4,0,4,'2018-02-13 00:00:00',10.0000,'','2018-08-28 07:25:46',0,'2018-08-28 07:25:46',0),(916,1,458,458,6,4,0,4,'2018-02-13 00:00:00',-10.0000,'','2018-08-28 07:25:46',0,'2018-08-28 07:25:46',0),(917,1,459,459,4,5,0,5,'2018-02-13 00:00:00',857.1400,'','2018-08-28 07:25:46',0,'2018-08-28 07:25:46',0),(918,1,459,459,6,5,0,5,'2018-02-13 00:00:00',-857.1400,'','2018-08-28 07:25:46',0,'2018-08-28 07:25:46',0),(919,1,460,460,4,5,0,5,'2018-02-13 00:00:00',10.0000,'','2018-08-28 07:25:46',0,'2018-08-28 07:25:46',0),(920,1,460,460,6,5,0,5,'2018-02-13 00:00:00',-10.0000,'','2018-08-28 07:25:46',0,'2018-08-28 07:25:46',0),(921,1,461,461,4,6,0,6,'2018-02-13 00:00:00',1000.0000,'','2018-08-28 07:25:46',0,'2018-08-28 07:25:46',0),(922,1,461,461,6,6,0,6,'2018-02-13 00:00:00',-1000.0000,'','2018-08-28 07:25:46',0,'2018-08-28 07:25:46',0),(923,1,462,462,4,6,0,6,'2018-02-13 00:00:00',10.0000,'','2018-08-28 07:25:46',0,'2018-08-28 07:25:46',0),(924,1,462,462,6,6,0,6,'2018-02-13 00:00:00',-10.0000,'','2018-08-28 07:25:46',0,'2018-08-28 07:25:46',0),(925,1,463,463,4,7,0,7,'2018-02-13 00:00:00',1000.0000,'','2018-08-28 07:25:46',0,'2018-08-28 07:25:46',0),(926,1,463,463,6,7,0,7,'2018-02-13 00:00:00',-1000.0000,'','2018-08-28 07:25:46',0,'2018-08-28 07:25:46',0),(927,1,464,464,4,7,0,7,'2018-02-13 00:00:00',10.0000,'','2018-08-28 07:25:46',0,'2018-08-28 07:25:46',0),(928,1,464,464,6,7,0,7,'2018-02-13 00:00:00',-10.0000,'','2018-08-28 07:25:46',0,'2018-08-28 07:25:46',0),(929,1,465,465,4,8,0,8,'2018-02-13 00:00:00',1428.5700,'','2018-08-28 07:25:46',0,'2018-08-28 07:25:46',0),(930,1,465,465,6,8,0,8,'2018-02-13 00:00:00',-1428.5700,'','2018-08-28 07:25:46',0,'2018-08-28 07:25:46',0),(931,1,466,466,4,8,0,8,'2018-02-13 00:00:00',50.0000,'','2018-08-28 07:25:46',0,'2018-08-28 07:25:46',0),(932,1,466,466,6,8,0,8,'2018-02-13 00:00:00',-50.0000,'','2018-08-28 07:25:46',0,'2018-08-28 07:25:46',0),(933,1,467,467,4,8,0,8,'2018-02-13 00:00:00',5.7100,'','2018-08-28 07:25:46',0,'2018-08-28 07:25:46',0),(934,1,467,467,6,8,0,8,'2018-02-13 00:00:00',-5.7100,'','2018-08-28 07:25:46',0,'2018-08-28 07:25:46',0),(935,1,468,468,4,8,0,8,'2018-02-13 00:00:00',10.0000,'','2018-08-28 07:25:46',0,'2018-08-28 07:25:46',0),(936,1,468,468,6,8,0,8,'2018-02-13 00:00:00',-10.0000,'','2018-08-28 07:25:46',0,'2018-08-28 07:25:46',0),(937,1,469,469,4,9,0,9,'2018-02-13 00:00:00',1428.5700,'','2018-08-28 07:25:46',0,'2018-08-28 07:25:46',0),(938,1,469,469,6,9,0,9,'2018-02-13 00:00:00',-1428.5700,'','2018-08-28 07:25:46',0,'2018-08-28 07:25:46',0),(939,1,470,470,4,9,0,9,'2018-02-13 00:00:00',50.0000,'','2018-08-28 07:25:46',0,'2018-08-28 07:25:46',0),(940,1,470,470,6,9,0,9,'2018-02-13 00:00:00',-50.0000,'','2018-08-28 07:25:46',0,'2018-08-28 07:25:46',0),(941,1,471,471,4,9,0,9,'2018-02-13 00:00:00',5.7100,'','2018-08-28 07:25:46',0,'2018-08-28 07:25:46',0),(942,1,471,471,6,9,0,9,'2018-02-13 00:00:00',-5.7100,'','2018-08-28 07:25:46',0,'2018-08-28 07:25:46',0),(943,1,472,472,4,9,0,9,'2018-02-13 00:00:00',10.0000,'','2018-08-28 07:25:46',0,'2018-08-28 07:25:46',0),(944,1,472,472,6,9,0,9,'2018-02-13 00:00:00',-10.0000,'','2018-08-28 07:25:46',0,'2018-08-28 07:25:46',0),(945,1,473,473,4,10,0,10,'2018-02-13 00:00:00',1428.5700,'','2018-08-28 07:25:47',0,'2018-08-28 07:25:47',0),(946,1,473,473,6,10,0,10,'2018-02-13 00:00:00',-1428.5700,'','2018-08-28 07:25:47',0,'2018-08-28 07:25:47',0),(947,1,474,474,4,10,0,10,'2018-02-13 00:00:00',50.0000,'','2018-08-28 07:25:47',0,'2018-08-28 07:25:47',0),(948,1,474,474,6,10,0,10,'2018-02-13 00:00:00',-50.0000,'','2018-08-28 07:25:47',0,'2018-08-28 07:25:47',0),(949,1,475,475,4,10,0,10,'2018-02-13 00:00:00',5.7100,'','2018-08-28 07:25:47',0,'2018-08-28 07:25:47',0),(950,1,475,475,6,10,0,10,'2018-02-13 00:00:00',-5.7100,'','2018-08-28 07:25:47',0,'2018-08-28 07:25:47',0),(951,1,476,476,4,10,0,10,'2018-02-13 00:00:00',10.0000,'','2018-08-28 07:25:47',0,'2018-08-28 07:25:47',0),(952,1,476,476,6,10,0,10,'2018-02-13 00:00:00',-10.0000,'','2018-08-28 07:25:47',0,'2018-08-28 07:25:47',0),(953,1,477,477,3,1,0,1,'2018-02-13 00:00:00',2000.0000,'','2018-08-28 07:25:47',0,'2018-08-28 07:25:47',0),(954,1,477,477,6,1,0,1,'2018-02-13 00:00:00',-2000.0000,'','2018-08-28 07:25:47',0,'2018-08-28 07:25:47',0),(955,1,478,478,3,2,0,2,'2018-02-13 00:00:00',2000.0000,'','2018-08-28 07:25:47',0,'2018-08-28 07:25:47',0),(956,1,478,478,6,2,0,2,'2018-02-13 00:00:00',-2000.0000,'','2018-08-28 07:25:47',0,'2018-08-28 07:25:47',0),(957,1,479,479,3,3,0,3,'2018-02-13 00:00:00',2000.0000,'','2018-08-28 07:25:47',0,'2018-08-28 07:25:47',0),(958,1,479,479,6,3,0,3,'2018-02-13 00:00:00',-2000.0000,'','2018-08-28 07:25:47',0,'2018-08-28 07:25:47',0),(959,1,480,480,3,4,0,4,'2018-02-13 00:00:00',3000.0000,'','2018-08-28 07:25:47',0,'2018-08-28 07:25:47',0),(960,1,480,480,6,4,0,4,'2018-02-13 00:00:00',-3000.0000,'','2018-08-28 07:25:47',0,'2018-08-28 07:25:47',0),(961,1,481,481,3,5,0,5,'2018-02-13 00:00:00',3000.0000,'','2018-08-28 07:25:47',0,'2018-08-28 07:25:47',0),(962,1,481,481,6,5,0,5,'2018-02-13 00:00:00',-3000.0000,'','2018-08-28 07:25:47',0,'2018-08-28 07:25:47',0),(963,1,482,482,3,6,0,6,'2018-02-13 00:00:00',3500.0000,'','2018-08-28 07:25:47',0,'2018-08-28 07:25:47',0),(964,1,482,482,6,6,0,6,'2018-02-13 00:00:00',-3500.0000,'','2018-08-28 07:25:47',0,'2018-08-28 07:25:47',0),(965,1,483,483,3,7,0,7,'2018-02-13 00:00:00',3500.0000,'','2018-08-28 07:25:47',0,'2018-08-28 07:25:47',0),(966,1,483,483,6,7,0,7,'2018-02-13 00:00:00',-3500.0000,'','2018-08-28 07:25:47',0,'2018-08-28 07:25:47',0),(967,1,484,484,3,8,0,8,'2018-02-13 00:00:00',5000.0000,'','2018-08-28 07:25:47',0,'2018-08-28 07:25:47',0),(968,1,484,484,6,8,0,8,'2018-02-13 00:00:00',-5000.0000,'','2018-08-28 07:25:47',0,'2018-08-28 07:25:47',0),(969,1,485,485,3,9,0,9,'2018-02-13 00:00:00',5000.0000,'','2018-08-28 07:25:47',0,'2018-08-28 07:25:47',0),(970,1,485,485,6,9,0,9,'2018-02-13 00:00:00',-5000.0000,'','2018-08-28 07:25:47',0,'2018-08-28 07:25:47',0),(971,1,486,486,3,10,0,10,'2018-02-13 00:00:00',5000.0000,'','2018-08-28 07:25:47',0,'2018-08-28 07:25:47',0),(972,1,486,486,6,10,0,10,'2018-02-13 00:00:00',-5000.0000,'','2018-08-28 07:25:47',0,'2018-08-28 07:25:47',0),(973,1,487,487,4,1,0,1,'2018-03-01 00:00:00',1000.0000,'','2018-08-28 07:25:47',0,'2018-08-28 07:25:47',0),(974,1,487,487,6,1,0,1,'2018-03-01 00:00:00',-1000.0000,'','2018-08-28 07:25:47',0,'2018-08-28 07:25:47',0),(975,1,488,488,4,1,0,1,'2018-03-01 00:00:00',10.0000,'','2018-08-28 07:25:47',0,'2018-08-28 07:25:47',0),(976,1,488,488,6,1,0,1,'2018-03-01 00:00:00',-10.0000,'','2018-08-28 07:25:47',0,'2018-08-28 07:25:47',0),(977,1,489,489,4,2,0,2,'2018-03-01 00:00:00',1000.0000,'','2018-08-28 07:25:47',0,'2018-08-28 07:25:47',0),(978,1,489,489,6,2,0,2,'2018-03-01 00:00:00',-1000.0000,'','2018-08-28 07:25:47',0,'2018-08-28 07:25:47',0),(979,1,490,490,4,2,0,2,'2018-03-01 00:00:00',10.0000,'','2018-08-28 07:25:47',0,'2018-08-28 07:25:47',0),(980,1,490,490,6,2,0,2,'2018-03-01 00:00:00',-10.0000,'','2018-08-28 07:25:47',0,'2018-08-28 07:25:47',0),(981,1,491,491,4,3,0,3,'2018-03-01 00:00:00',1000.0000,'','2018-08-28 07:25:47',0,'2018-08-28 07:25:47',0),(982,1,491,491,6,3,0,3,'2018-03-01 00:00:00',-1000.0000,'','2018-08-28 07:25:47',0,'2018-08-28 07:25:47',0),(983,1,492,492,4,3,0,3,'2018-03-01 00:00:00',10.0000,'','2018-08-28 07:25:47',0,'2018-08-28 07:25:47',0),(984,1,492,492,6,3,0,3,'2018-03-01 00:00:00',-10.0000,'','2018-08-28 07:25:47',0,'2018-08-28 07:25:47',0),(985,1,493,493,4,4,0,4,'2018-03-01 00:00:00',1500.0000,'','2018-08-28 07:25:47',0,'2018-08-28 07:25:47',0),(986,1,493,493,6,4,0,4,'2018-03-01 00:00:00',-1500.0000,'','2018-08-28 07:25:47',0,'2018-08-28 07:25:47',0),(987,1,494,494,4,4,0,4,'2018-03-01 00:00:00',10.0000,'','2018-08-28 07:25:47',0,'2018-08-28 07:25:47',0),(988,1,494,494,6,4,0,4,'2018-03-01 00:00:00',-10.0000,'','2018-08-28 07:25:47',0,'2018-08-28 07:25:47',0),(989,1,495,495,4,5,0,5,'2018-03-01 00:00:00',1500.0000,'','2018-08-28 07:25:47',0,'2018-08-28 07:25:47',0),(990,1,495,495,6,5,0,5,'2018-03-01 00:00:00',-1500.0000,'','2018-08-28 07:25:47',0,'2018-08-28 07:25:47',0),(991,1,496,496,4,6,0,6,'2018-03-01 00:00:00',1750.0000,'','2018-08-28 07:25:47',0,'2018-08-28 07:25:47',0),(992,1,496,496,6,6,0,6,'2018-03-01 00:00:00',-1750.0000,'','2018-08-28 07:25:47',0,'2018-08-28 07:25:47',0),(993,1,497,497,4,7,0,7,'2018-03-01 00:00:00',1750.0000,'','2018-08-28 07:25:47',0,'2018-08-28 07:25:47',0),(994,1,497,497,6,7,0,7,'2018-03-01 00:00:00',-1750.0000,'','2018-08-28 07:25:47',0,'2018-08-28 07:25:47',0),(995,1,498,498,4,8,0,8,'2018-03-01 00:00:00',2500.0000,'','2018-08-28 07:25:47',0,'2018-08-28 07:25:47',0),(996,1,498,498,6,8,0,8,'2018-03-01 00:00:00',-2500.0000,'','2018-08-28 07:25:47',0,'2018-08-28 07:25:47',0),(997,1,499,499,4,8,0,8,'2018-03-01 00:00:00',10.0000,'','2018-08-28 07:25:47',0,'2018-08-28 07:25:47',0),(998,1,499,499,6,8,0,8,'2018-03-01 00:00:00',-10.0000,'','2018-08-28 07:25:47',0,'2018-08-28 07:25:47',0),(999,1,500,500,4,9,0,9,'2018-03-01 00:00:00',2500.0000,'','2018-08-28 07:25:47',0,'2018-08-28 07:25:47',0),(1000,1,500,500,6,9,0,9,'2018-03-01 00:00:00',-2500.0000,'','2018-08-28 07:25:47',0,'2018-08-28 07:25:47',0),(1001,1,501,501,4,9,0,9,'2018-03-01 00:00:00',10.0000,'','2018-08-28 07:25:49',0,'2018-08-28 07:25:49',0),(1002,1,501,501,6,9,0,9,'2018-03-01 00:00:00',-10.0000,'','2018-08-28 07:25:49',0,'2018-08-28 07:25:49',0),(1003,1,502,502,4,10,0,10,'2018-03-01 00:00:00',2500.0000,'','2018-08-28 07:25:49',0,'2018-08-28 07:25:49',0),(1004,1,502,502,6,10,0,10,'2018-03-01 00:00:00',-2500.0000,'','2018-08-28 07:25:49',0,'2018-08-28 07:25:49',0),(1005,1,503,503,4,10,0,10,'2018-03-01 00:00:00',10.0000,'','2018-08-28 07:25:49',0,'2018-08-28 07:25:49',0),(1006,1,503,503,6,10,0,10,'2018-03-01 00:00:00',-10.0000,'','2018-08-28 07:25:49',0,'2018-08-28 07:25:49',0),(1007,1,504,504,4,1,0,1,'2018-04-01 00:00:00',1000.0000,'','2018-08-28 07:25:49',0,'2018-08-28 07:25:49',0),(1008,1,504,504,6,1,0,1,'2018-04-01 00:00:00',-1000.0000,'','2018-08-28 07:25:49',0,'2018-08-28 07:25:49',0),(1009,1,505,505,4,1,0,1,'2018-04-01 00:00:00',10.0000,'','2018-08-28 07:25:49',0,'2018-08-28 07:25:49',0),(1010,1,505,505,6,1,0,1,'2018-04-01 00:00:00',-10.0000,'','2018-08-28 07:25:49',0,'2018-08-28 07:25:49',0),(1011,1,506,506,4,2,0,2,'2018-04-01 00:00:00',1000.0000,'','2018-08-28 07:25:49',0,'2018-08-28 07:25:49',0),(1012,1,506,506,6,2,0,2,'2018-04-01 00:00:00',-1000.0000,'','2018-08-28 07:25:49',0,'2018-08-28 07:25:49',0),(1013,1,507,507,4,2,0,2,'2018-04-01 00:00:00',10.0000,'','2018-08-28 07:25:49',0,'2018-08-28 07:25:49',0),(1014,1,507,507,6,2,0,2,'2018-04-01 00:00:00',-10.0000,'','2018-08-28 07:25:49',0,'2018-08-28 07:25:49',0),(1015,1,508,508,4,3,0,3,'2018-04-01 00:00:00',1000.0000,'','2018-08-28 07:25:49',0,'2018-08-28 07:25:49',0),(1016,1,508,508,6,3,0,3,'2018-04-01 00:00:00',-1000.0000,'','2018-08-28 07:25:49',0,'2018-08-28 07:25:49',0),(1017,1,509,509,4,3,0,3,'2018-04-01 00:00:00',10.0000,'','2018-08-28 07:25:49',0,'2018-08-28 07:25:49',0),(1018,1,509,509,6,3,0,3,'2018-04-01 00:00:00',-10.0000,'','2018-08-28 07:25:49',0,'2018-08-28 07:25:49',0),(1019,1,510,510,4,4,0,4,'2018-04-01 00:00:00',1500.0000,'','2018-08-28 07:25:49',0,'2018-08-28 07:25:49',0),(1020,1,510,510,6,4,0,4,'2018-04-01 00:00:00',-1500.0000,'','2018-08-28 07:25:49',0,'2018-08-28 07:25:49',0),(1021,1,511,511,4,4,0,4,'2018-04-01 00:00:00',10.0000,'','2018-08-28 07:25:49',0,'2018-08-28 07:25:49',0),(1022,1,511,511,6,4,0,4,'2018-04-01 00:00:00',-10.0000,'','2018-08-28 07:25:49',0,'2018-08-28 07:25:49',0),(1023,1,512,512,4,5,0,5,'2018-04-01 00:00:00',1500.0000,'','2018-08-28 07:25:49',0,'2018-08-28 07:25:49',0),(1024,1,512,512,6,5,0,5,'2018-04-01 00:00:00',-1500.0000,'','2018-08-28 07:25:49',0,'2018-08-28 07:25:49',0),(1025,1,513,513,4,6,0,6,'2018-04-01 00:00:00',1750.0000,'','2018-08-28 07:25:49',0,'2018-08-28 07:25:49',0),(1026,1,513,513,6,6,0,6,'2018-04-01 00:00:00',-1750.0000,'','2018-08-28 07:25:49',0,'2018-08-28 07:25:49',0),(1027,1,514,514,4,7,0,7,'2018-04-01 00:00:00',1750.0000,'','2018-08-28 07:25:49',0,'2018-08-28 07:25:49',0),(1028,1,514,514,6,7,0,7,'2018-04-01 00:00:00',-1750.0000,'','2018-08-28 07:25:49',0,'2018-08-28 07:25:49',0),(1029,1,515,515,4,8,0,8,'2018-04-01 00:00:00',2500.0000,'','2018-08-28 07:25:49',0,'2018-08-28 07:25:49',0),(1030,1,515,515,6,8,0,8,'2018-04-01 00:00:00',-2500.0000,'','2018-08-28 07:25:49',0,'2018-08-28 07:25:49',0),(1031,1,516,516,4,8,0,8,'2018-04-01 00:00:00',10.0000,'','2018-08-28 07:25:49',0,'2018-08-28 07:25:49',0),(1032,1,516,516,6,8,0,8,'2018-04-01 00:00:00',-10.0000,'','2018-08-28 07:25:49',0,'2018-08-28 07:25:49',0),(1033,1,517,517,4,9,0,9,'2018-04-01 00:00:00',2500.0000,'','2018-08-28 07:25:49',0,'2018-08-28 07:25:49',0),(1034,1,517,517,6,9,0,9,'2018-04-01 00:00:00',-2500.0000,'','2018-08-28 07:25:49',0,'2018-08-28 07:25:49',0),(1035,1,518,518,4,9,0,9,'2018-04-01 00:00:00',10.0000,'','2018-08-28 07:25:49',0,'2018-08-28 07:25:49',0),(1036,1,518,518,6,9,0,9,'2018-04-01 00:00:00',-10.0000,'','2018-08-28 07:25:49',0,'2018-08-28 07:25:49',0),(1037,1,519,519,4,10,0,10,'2018-04-01 00:00:00',2500.0000,'','2018-08-28 07:25:49',0,'2018-08-28 07:25:49',0),(1038,1,519,519,6,10,0,10,'2018-04-01 00:00:00',-2500.0000,'','2018-08-28 07:25:49',0,'2018-08-28 07:25:49',0),(1039,1,520,520,4,10,0,10,'2018-04-01 00:00:00',10.0000,'','2018-08-28 07:25:49',0,'2018-08-28 07:25:49',0),(1040,1,520,520,6,10,0,10,'2018-04-01 00:00:00',-10.0000,'','2018-08-28 07:25:49',0,'2018-08-28 07:25:49',0),(1041,1,521,521,4,1,0,1,'2018-05-01 00:00:00',1000.0000,'','2018-08-28 07:25:49',0,'2018-08-28 07:25:49',0),(1042,1,521,521,6,1,0,1,'2018-05-01 00:00:00',-1000.0000,'','2018-08-28 07:25:49',0,'2018-08-28 07:25:49',0),(1043,1,522,522,4,1,0,1,'2018-05-01 00:00:00',10.0000,'','2018-08-28 07:25:50',0,'2018-08-28 07:25:50',0),(1044,1,522,522,6,1,0,1,'2018-05-01 00:00:00',-10.0000,'','2018-08-28 07:25:50',0,'2018-08-28 07:25:50',0),(1045,1,523,523,4,2,0,2,'2018-05-01 00:00:00',1000.0000,'','2018-08-28 07:25:50',0,'2018-08-28 07:25:50',0),(1046,1,523,523,6,2,0,2,'2018-05-01 00:00:00',-1000.0000,'','2018-08-28 07:25:50',0,'2018-08-28 07:25:50',0),(1047,1,524,524,4,2,0,2,'2018-05-01 00:00:00',10.0000,'','2018-08-28 07:25:50',0,'2018-08-28 07:25:50',0),(1048,1,524,524,6,2,0,2,'2018-05-01 00:00:00',-10.0000,'','2018-08-28 07:25:50',0,'2018-08-28 07:25:50',0),(1049,1,525,525,4,3,0,3,'2018-05-01 00:00:00',1000.0000,'','2018-08-28 07:25:50',0,'2018-08-28 07:25:50',0),(1050,1,525,525,6,3,0,3,'2018-05-01 00:00:00',-1000.0000,'','2018-08-28 07:25:50',0,'2018-08-28 07:25:50',0),(1051,1,526,526,4,3,0,3,'2018-05-01 00:00:00',10.0000,'','2018-08-28 07:25:50',0,'2018-08-28 07:25:50',0),(1052,1,526,526,6,3,0,3,'2018-05-01 00:00:00',-10.0000,'','2018-08-28 07:25:50',0,'2018-08-28 07:25:50',0),(1053,1,527,527,4,4,0,4,'2018-05-01 00:00:00',1500.0000,'','2018-08-28 07:25:50',0,'2018-08-28 07:25:50',0),(1054,1,527,527,6,4,0,4,'2018-05-01 00:00:00',-1500.0000,'','2018-08-28 07:25:50',0,'2018-08-28 07:25:50',0),(1055,1,528,528,4,4,0,4,'2018-05-01 00:00:00',10.0000,'','2018-08-28 07:25:50',0,'2018-08-28 07:25:50',0),(1056,1,528,528,6,4,0,4,'2018-05-01 00:00:00',-10.0000,'','2018-08-28 07:25:50',0,'2018-08-28 07:25:50',0),(1057,1,529,529,4,5,0,5,'2018-05-01 00:00:00',1500.0000,'','2018-08-28 07:25:50',0,'2018-08-28 07:25:50',0),(1058,1,529,529,6,5,0,5,'2018-05-01 00:00:00',-1500.0000,'','2018-08-28 07:25:50',0,'2018-08-28 07:25:50',0),(1059,1,530,530,4,6,0,6,'2018-05-01 00:00:00',1750.0000,'','2018-08-28 07:25:50',0,'2018-08-28 07:25:50',0),(1060,1,530,530,6,6,0,6,'2018-05-01 00:00:00',-1750.0000,'','2018-08-28 07:25:50',0,'2018-08-28 07:25:50',0),(1061,1,531,531,4,7,0,7,'2018-05-01 00:00:00',1750.0000,'','2018-08-28 07:25:50',0,'2018-08-28 07:25:50',0),(1062,1,531,531,6,7,0,7,'2018-05-01 00:00:00',-1750.0000,'','2018-08-28 07:25:50',0,'2018-08-28 07:25:50',0),(1063,1,532,532,4,8,0,8,'2018-05-01 00:00:00',2500.0000,'','2018-08-28 07:25:50',0,'2018-08-28 07:25:50',0),(1064,1,532,532,6,8,0,8,'2018-05-01 00:00:00',-2500.0000,'','2018-08-28 07:25:50',0,'2018-08-28 07:25:50',0),(1065,1,533,533,4,8,0,8,'2018-05-01 00:00:00',10.0000,'','2018-08-28 07:25:50',0,'2018-08-28 07:25:50',0),(1066,1,533,533,6,8,0,8,'2018-05-01 00:00:00',-10.0000,'','2018-08-28 07:25:50',0,'2018-08-28 07:25:50',0),(1067,1,534,534,4,9,0,9,'2018-05-01 00:00:00',2500.0000,'','2018-08-28 07:25:50',0,'2018-08-28 07:25:50',0),(1068,1,534,534,6,9,0,9,'2018-05-01 00:00:00',-2500.0000,'','2018-08-28 07:25:50',0,'2018-08-28 07:25:50',0),(1069,1,535,535,4,9,0,9,'2018-05-01 00:00:00',10.0000,'','2018-08-28 07:25:50',0,'2018-08-28 07:25:50',0),(1070,1,535,535,6,9,0,9,'2018-05-01 00:00:00',-10.0000,'','2018-08-28 07:25:50',0,'2018-08-28 07:25:50',0),(1071,1,536,536,4,10,0,10,'2018-05-01 00:00:00',2500.0000,'','2018-08-28 07:25:50',0,'2018-08-28 07:25:50',0),(1072,1,536,536,6,10,0,10,'2018-05-01 00:00:00',-2500.0000,'','2018-08-28 07:25:50',0,'2018-08-28 07:25:50',0),(1073,1,537,537,4,10,0,10,'2018-05-01 00:00:00',10.0000,'','2018-08-28 07:25:50',0,'2018-08-28 07:25:50',0),(1074,1,537,537,6,10,0,10,'2018-05-01 00:00:00',-10.0000,'','2018-08-28 07:25:50',0,'2018-08-28 07:25:50',0),(1075,1,538,538,4,1,0,1,'2018-06-01 00:00:00',1000.0000,'','2018-08-28 07:25:50',0,'2018-08-28 07:25:50',0),(1076,1,538,538,6,1,0,1,'2018-06-01 00:00:00',-1000.0000,'','2018-08-28 07:25:50',0,'2018-08-28 07:25:50',0),(1077,1,539,539,4,1,0,1,'2018-06-01 00:00:00',10.0000,'','2018-08-28 07:25:50',0,'2018-08-28 07:25:50',0),(1078,1,539,539,6,1,0,1,'2018-06-01 00:00:00',-10.0000,'','2018-08-28 07:25:50',0,'2018-08-28 07:25:50',0),(1079,1,540,540,4,2,0,2,'2018-06-01 00:00:00',1000.0000,'','2018-08-28 07:25:50',0,'2018-08-28 07:25:50',0),(1080,1,540,540,6,2,0,2,'2018-06-01 00:00:00',-1000.0000,'','2018-08-28 07:25:50',0,'2018-08-28 07:25:50',0),(1081,1,541,541,4,2,0,2,'2018-06-01 00:00:00',10.0000,'','2018-08-28 07:25:50',0,'2018-08-28 07:25:50',0),(1082,1,541,541,6,2,0,2,'2018-06-01 00:00:00',-10.0000,'','2018-08-28 07:25:50',0,'2018-08-28 07:25:50',0),(1083,1,542,542,4,3,0,3,'2018-06-01 00:00:00',1000.0000,'','2018-08-28 07:25:50',0,'2018-08-28 07:25:50',0),(1084,1,542,542,6,3,0,3,'2018-06-01 00:00:00',-1000.0000,'','2018-08-28 07:25:50',0,'2018-08-28 07:25:50',0),(1085,1,543,543,4,3,0,3,'2018-06-01 00:00:00',10.0000,'','2018-08-28 07:25:50',0,'2018-08-28 07:25:50',0),(1086,1,543,543,6,3,0,3,'2018-06-01 00:00:00',-10.0000,'','2018-08-28 07:25:50',0,'2018-08-28 07:25:50',0),(1087,1,544,544,4,4,0,4,'2018-06-01 00:00:00',1500.0000,'','2018-08-28 07:25:50',0,'2018-08-28 07:25:50',0),(1088,1,544,544,6,4,0,4,'2018-06-01 00:00:00',-1500.0000,'','2018-08-28 07:25:50',0,'2018-08-28 07:25:50',0),(1089,1,545,545,4,4,0,4,'2018-06-01 00:00:00',10.0000,'','2018-08-28 07:25:50',0,'2018-08-28 07:25:50',0),(1090,1,545,545,6,4,0,4,'2018-06-01 00:00:00',-10.0000,'','2018-08-28 07:25:50',0,'2018-08-28 07:25:50',0),(1091,1,546,546,4,5,0,5,'2018-06-01 00:00:00',1500.0000,'','2018-08-28 07:25:50',0,'2018-08-28 07:25:50',0),(1092,1,546,546,6,5,0,5,'2018-06-01 00:00:00',-1500.0000,'','2018-08-28 07:25:50',0,'2018-08-28 07:25:50',0),(1093,1,547,547,4,6,0,6,'2018-06-01 00:00:00',1750.0000,'','2018-08-28 07:25:50',0,'2018-08-28 07:25:50',0),(1094,1,547,547,6,6,0,6,'2018-06-01 00:00:00',-1750.0000,'','2018-08-28 07:25:50',0,'2018-08-28 07:25:50',0),(1095,1,548,548,4,7,0,7,'2018-06-01 00:00:00',1750.0000,'','2018-08-28 07:25:50',0,'2018-08-28 07:25:50',0),(1096,1,548,548,6,7,0,7,'2018-06-01 00:00:00',-1750.0000,'','2018-08-28 07:25:50',0,'2018-08-28 07:25:50',0),(1097,1,549,549,4,8,0,8,'2018-06-01 00:00:00',2500.0000,'','2018-08-28 07:25:50',0,'2018-08-28 07:25:50',0),(1098,1,549,549,6,8,0,8,'2018-06-01 00:00:00',-2500.0000,'','2018-08-28 07:25:50',0,'2018-08-28 07:25:50',0),(1099,1,550,550,4,8,0,8,'2018-06-01 00:00:00',10.0000,'','2018-08-28 07:25:50',0,'2018-08-28 07:25:50',0),(1100,1,550,550,6,8,0,8,'2018-06-01 00:00:00',-10.0000,'','2018-08-28 07:25:50',0,'2018-08-28 07:25:50',0),(1101,1,551,551,4,9,0,9,'2018-06-01 00:00:00',2500.0000,'','2018-08-28 07:25:50',0,'2018-08-28 07:25:50',0),(1102,1,551,551,6,9,0,9,'2018-06-01 00:00:00',-2500.0000,'','2018-08-28 07:25:50',0,'2018-08-28 07:25:50',0),(1103,1,552,552,4,9,0,9,'2018-06-01 00:00:00',10.0000,'','2018-08-28 07:25:50',0,'2018-08-28 07:25:50',0),(1104,1,552,552,6,9,0,9,'2018-06-01 00:00:00',-10.0000,'','2018-08-28 07:25:50',0,'2018-08-28 07:25:50',0),(1105,1,553,553,4,10,0,10,'2018-06-01 00:00:00',2500.0000,'','2018-08-28 07:25:50',0,'2018-08-28 07:25:50',0),(1106,1,553,553,6,10,0,10,'2018-06-01 00:00:00',-2500.0000,'','2018-08-28 07:25:50',0,'2018-08-28 07:25:50',0),(1107,1,554,554,4,10,0,10,'2018-06-01 00:00:00',10.0000,'','2018-08-28 07:25:50',0,'2018-08-28 07:25:50',0),(1108,1,554,554,6,10,0,10,'2018-06-01 00:00:00',-10.0000,'','2018-08-28 07:25:50',0,'2018-08-28 07:25:50',0),(1109,1,555,555,4,1,0,1,'2018-07-01 00:00:00',1000.0000,'','2018-08-28 07:25:51',0,'2018-08-28 07:25:51',0),(1110,1,555,555,6,1,0,1,'2018-07-01 00:00:00',-1000.0000,'','2018-08-28 07:25:51',0,'2018-08-28 07:25:51',0),(1111,1,556,556,4,1,0,1,'2018-07-01 00:00:00',10.0000,'','2018-08-28 07:25:51',0,'2018-08-28 07:25:51',0),(1112,1,556,556,6,1,0,1,'2018-07-01 00:00:00',-10.0000,'','2018-08-28 07:25:51',0,'2018-08-28 07:25:51',0),(1113,1,557,557,4,2,0,2,'2018-07-01 00:00:00',1000.0000,'','2018-08-28 07:25:51',0,'2018-08-28 07:25:51',0),(1114,1,557,557,6,2,0,2,'2018-07-01 00:00:00',-1000.0000,'','2018-08-28 07:25:51',0,'2018-08-28 07:25:51',0),(1115,1,558,558,4,2,0,2,'2018-07-01 00:00:00',10.0000,'','2018-08-28 07:25:51',0,'2018-08-28 07:25:51',0),(1116,1,558,558,6,2,0,2,'2018-07-01 00:00:00',-10.0000,'','2018-08-28 07:25:51',0,'2018-08-28 07:25:51',0),(1117,1,559,559,4,3,0,3,'2018-07-01 00:00:00',1000.0000,'','2018-08-28 07:25:51',0,'2018-08-28 07:25:51',0),(1118,1,559,559,6,3,0,3,'2018-07-01 00:00:00',-1000.0000,'','2018-08-28 07:25:51',0,'2018-08-28 07:25:51',0),(1119,1,560,560,4,3,0,3,'2018-07-01 00:00:00',10.0000,'','2018-08-28 07:25:51',0,'2018-08-28 07:25:51',0),(1120,1,560,560,6,3,0,3,'2018-07-01 00:00:00',-10.0000,'','2018-08-28 07:25:51',0,'2018-08-28 07:25:51',0),(1121,1,561,561,4,4,0,4,'2018-07-01 00:00:00',1500.0000,'','2018-08-28 07:25:51',0,'2018-08-28 07:25:51',0),(1122,1,561,561,6,4,0,4,'2018-07-01 00:00:00',-1500.0000,'','2018-08-28 07:25:51',0,'2018-08-28 07:25:51',0),(1123,1,562,562,4,4,0,4,'2018-07-01 00:00:00',10.0000,'','2018-08-28 07:25:51',0,'2018-08-28 07:25:51',0),(1124,1,562,562,6,4,0,4,'2018-07-01 00:00:00',-10.0000,'','2018-08-28 07:25:51',0,'2018-08-28 07:25:51',0),(1125,1,563,563,4,5,0,5,'2018-07-01 00:00:00',1500.0000,'','2018-08-28 07:25:51',0,'2018-08-28 07:25:51',0),(1126,1,563,563,6,5,0,5,'2018-07-01 00:00:00',-1500.0000,'','2018-08-28 07:25:51',0,'2018-08-28 07:25:51',0),(1127,1,564,564,4,6,0,6,'2018-07-01 00:00:00',1750.0000,'','2018-08-28 07:25:51',0,'2018-08-28 07:25:51',0),(1128,1,564,564,6,6,0,6,'2018-07-01 00:00:00',-1750.0000,'','2018-08-28 07:25:51',0,'2018-08-28 07:25:51',0),(1129,1,565,565,4,7,0,7,'2018-07-01 00:00:00',1750.0000,'','2018-08-28 07:25:51',0,'2018-08-28 07:25:51',0),(1130,1,565,565,6,7,0,7,'2018-07-01 00:00:00',-1750.0000,'','2018-08-28 07:25:51',0,'2018-08-28 07:25:51',0),(1131,1,566,566,4,8,0,8,'2018-07-01 00:00:00',2500.0000,'','2018-08-28 07:25:51',0,'2018-08-28 07:25:51',0),(1132,1,566,566,6,8,0,8,'2018-07-01 00:00:00',-2500.0000,'','2018-08-28 07:25:51',0,'2018-08-28 07:25:51',0),(1133,1,567,567,4,8,0,8,'2018-07-01 00:00:00',10.0000,'','2018-08-28 07:25:51',0,'2018-08-28 07:25:51',0),(1134,1,567,567,6,8,0,8,'2018-07-01 00:00:00',-10.0000,'','2018-08-28 07:25:51',0,'2018-08-28 07:25:51',0),(1135,1,568,568,4,9,0,9,'2018-07-01 00:00:00',2500.0000,'','2018-08-28 07:25:51',0,'2018-08-28 07:25:51',0),(1136,1,568,568,6,9,0,9,'2018-07-01 00:00:00',-2500.0000,'','2018-08-28 07:25:51',0,'2018-08-28 07:25:51',0),(1137,1,569,569,4,9,0,9,'2018-07-01 00:00:00',10.0000,'','2018-08-28 07:25:51',0,'2018-08-28 07:25:51',0),(1138,1,569,569,6,9,0,9,'2018-07-01 00:00:00',-10.0000,'','2018-08-28 07:25:51',0,'2018-08-28 07:25:51',0),(1139,1,570,570,4,10,0,10,'2018-07-01 00:00:00',2500.0000,'','2018-08-28 07:25:51',0,'2018-08-28 07:25:51',0),(1140,1,570,570,6,10,0,10,'2018-07-01 00:00:00',-2500.0000,'','2018-08-28 07:25:51',0,'2018-08-28 07:25:51',0),(1141,1,571,571,4,10,0,10,'2018-07-01 00:00:00',10.0000,'','2018-08-28 07:25:51',0,'2018-08-28 07:25:51',0),(1142,1,571,571,6,10,0,10,'2018-07-01 00:00:00',-10.0000,'','2018-08-28 07:25:51',0,'2018-08-28 07:25:51',0),(1143,1,572,572,4,1,0,1,'2018-08-01 00:00:00',1000.0000,'','2018-08-28 07:25:51',0,'2018-08-28 07:25:51',0),(1144,1,572,572,6,1,0,1,'2018-08-01 00:00:00',-1000.0000,'','2018-08-28 07:25:51',0,'2018-08-28 07:25:51',0),(1145,1,573,573,4,1,0,1,'2018-08-01 00:00:00',10.0000,'','2018-08-28 07:25:51',0,'2018-08-28 07:25:51',0),(1146,1,573,573,6,1,0,1,'2018-08-01 00:00:00',-10.0000,'','2018-08-28 07:25:51',0,'2018-08-28 07:25:51',0),(1147,1,574,574,4,2,0,2,'2018-08-01 00:00:00',1000.0000,'','2018-08-28 07:25:51',0,'2018-08-28 07:25:51',0),(1148,1,574,574,6,2,0,2,'2018-08-01 00:00:00',-1000.0000,'','2018-08-28 07:25:51',0,'2018-08-28 07:25:51',0),(1149,1,575,575,4,2,0,2,'2018-08-01 00:00:00',10.0000,'','2018-08-28 07:25:51',0,'2018-08-28 07:25:51',0),(1150,1,575,575,6,2,0,2,'2018-08-01 00:00:00',-10.0000,'','2018-08-28 07:25:51',0,'2018-08-28 07:25:51',0),(1151,1,576,576,4,3,0,3,'2018-08-01 00:00:00',1000.0000,'','2018-08-28 07:25:51',0,'2018-08-28 07:25:51',0),(1152,1,576,576,6,3,0,3,'2018-08-01 00:00:00',-1000.0000,'','2018-08-28 07:25:51',0,'2018-08-28 07:25:51',0),(1153,1,577,577,4,3,0,3,'2018-08-01 00:00:00',10.0000,'','2018-08-28 07:25:51',0,'2018-08-28 07:25:51',0),(1154,1,577,577,6,3,0,3,'2018-08-01 00:00:00',-10.0000,'','2018-08-28 07:25:51',0,'2018-08-28 07:25:51',0),(1155,1,578,578,4,4,0,4,'2018-08-01 00:00:00',1500.0000,'','2018-08-28 07:25:51',0,'2018-08-28 07:25:51',0),(1156,1,578,578,6,4,0,4,'2018-08-01 00:00:00',-1500.0000,'','2018-08-28 07:25:51',0,'2018-08-28 07:25:51',0),(1157,1,579,579,4,4,0,4,'2018-08-01 00:00:00',10.0000,'','2018-08-28 07:25:51',0,'2018-08-28 07:25:51',0),(1158,1,579,579,6,4,0,4,'2018-08-01 00:00:00',-10.0000,'','2018-08-28 07:25:51',0,'2018-08-28 07:25:51',0),(1159,1,580,580,4,5,0,5,'2018-08-01 00:00:00',1500.0000,'','2018-08-28 07:25:51',0,'2018-08-28 07:25:51',0),(1160,1,580,580,6,5,0,5,'2018-08-01 00:00:00',-1500.0000,'','2018-08-28 07:25:51',0,'2018-08-28 07:25:51',0),(1161,1,581,581,4,6,0,6,'2018-08-01 00:00:00',1750.0000,'','2018-08-28 07:25:51',0,'2018-08-28 07:25:51',0),(1162,1,581,581,6,6,0,6,'2018-08-01 00:00:00',-1750.0000,'','2018-08-28 07:25:51',0,'2018-08-28 07:25:51',0),(1163,1,582,582,4,7,0,7,'2018-08-01 00:00:00',1750.0000,'','2018-08-28 07:25:51',0,'2018-08-28 07:25:51',0),(1164,1,582,582,6,7,0,7,'2018-08-01 00:00:00',-1750.0000,'','2018-08-28 07:25:51',0,'2018-08-28 07:25:51',0),(1165,1,583,583,4,8,0,8,'2018-08-01 00:00:00',2500.0000,'','2018-08-28 07:25:51',0,'2018-08-28 07:25:51',0),(1166,1,583,583,6,8,0,8,'2018-08-01 00:00:00',-2500.0000,'','2018-08-28 07:25:51',0,'2018-08-28 07:25:51',0),(1167,1,584,584,4,8,0,8,'2018-08-01 00:00:00',10.0000,'','2018-08-28 07:25:51',0,'2018-08-28 07:25:51',0),(1168,1,584,584,6,8,0,8,'2018-08-01 00:00:00',-10.0000,'','2018-08-28 07:25:51',0,'2018-08-28 07:25:51',0),(1169,1,585,585,4,9,0,9,'2018-08-01 00:00:00',2500.0000,'','2018-08-28 07:25:51',0,'2018-08-28 07:25:51',0),(1170,1,585,585,6,9,0,9,'2018-08-01 00:00:00',-2500.0000,'','2018-08-28 07:25:51',0,'2018-08-28 07:25:51',0),(1171,1,586,586,4,9,0,9,'2018-08-01 00:00:00',10.0000,'','2018-08-28 07:25:52',0,'2018-08-28 07:25:52',0),(1172,1,586,586,6,9,0,9,'2018-08-01 00:00:00',-10.0000,'','2018-08-28 07:25:52',0,'2018-08-28 07:25:52',0),(1173,1,587,587,4,10,0,10,'2018-08-01 00:00:00',2500.0000,'','2018-08-28 07:25:52',0,'2018-08-28 07:25:52',0),(1174,1,587,587,6,10,0,10,'2018-08-01 00:00:00',-2500.0000,'','2018-08-28 07:25:52',0,'2018-08-28 07:25:52',0),(1175,1,588,588,4,10,0,10,'2018-08-01 00:00:00',10.0000,'','2018-08-28 07:25:52',0,'2018-08-28 07:25:52',0),(1176,1,588,588,6,10,0,10,'2018-08-01 00:00:00',-10.0000,'','2018-08-28 07:25:52',0,'2018-08-28 07:25:52',0);
/*!40000 ALTER TABLE `LedgerEntry` ENABLE KEYS */;
UNLOCK TABLES;

--
-- Table structure for table `LedgerMarker`
--

DROP TABLE IF EXISTS `LedgerMarker`;
/*!40101 SET @saved_cs_client     = @@character_set_client */;
/*!40101 SET character_set_client = utf8 */;
CREATE TABLE `LedgerMarker` (
  `LMID` bigint(20) NOT NULL AUTO_INCREMENT,
  `LID` bigint(20) NOT NULL DEFAULT '0',
  `BID` bigint(20) NOT NULL DEFAULT '0',
  `RAID` bigint(20) NOT NULL DEFAULT '0',
  `RID` bigint(20) NOT NULL DEFAULT '0',
  `TCID` bigint(20) NOT NULL DEFAULT '0',
  `Dt` datetime NOT NULL DEFAULT '1970-01-01 00:00:00',
  `Balance` decimal(19,4) NOT NULL DEFAULT '0.0000',
  `State` smallint(6) NOT NULL DEFAULT '0',
  `LastModTime` timestamp NOT NULL DEFAULT CURRENT_TIMESTAMP ON UPDATE CURRENT_TIMESTAMP,
  `LastModBy` bigint(20) NOT NULL DEFAULT '0',
  `CreateTS` timestamp NOT NULL DEFAULT CURRENT_TIMESTAMP,
  `CreateBy` bigint(20) NOT NULL DEFAULT '0',
  PRIMARY KEY (`LMID`)
) ENGINE=InnoDB AUTO_INCREMENT=96 DEFAULT CHARSET=utf8;
/*!40101 SET character_set_client = @saved_cs_client */;

--
-- Dumping data for table `LedgerMarker`
--

LOCK TABLES `LedgerMarker` WRITE;
/*!40000 ALTER TABLE `LedgerMarker` DISABLE KEYS */;
INSERT INTO `LedgerMarker` VALUES (1,1,1,0,0,0,'1970-01-01 00:00:00',0.0000,3,'2017-11-10 23:24:22',0,'2017-11-10 23:24:22',0),(2,2,1,0,0,0,'1970-01-01 00:00:00',0.0000,3,'2017-11-10 23:24:22',0,'2017-11-10 23:24:22',0),(3,3,1,0,0,0,'1970-01-01 00:00:00',0.0000,3,'2017-11-10 23:24:22',0,'2017-11-10 23:24:22',0),(4,4,1,0,0,0,'1970-01-01 00:00:00',0.0000,3,'2017-11-10 23:24:22',0,'2017-11-10 23:24:22',0),(5,5,1,0,0,0,'1970-01-01 00:00:00',0.0000,3,'2017-11-10 23:24:22',0,'2017-11-10 23:24:22',0),(6,6,1,0,0,0,'1970-01-01 00:00:00',0.0000,3,'2017-11-10 23:24:22',0,'2017-11-10 23:24:22',0),(7,7,1,0,0,0,'1970-01-01 00:00:00',0.0000,3,'2017-11-10 23:24:22',0,'2017-11-10 23:24:22',0),(8,8,1,0,0,0,'1970-01-01 00:00:00',0.0000,3,'2017-11-10 23:24:22',0,'2017-11-10 23:24:22',0),(9,9,1,0,0,0,'1970-01-01 00:00:00',0.0000,3,'2017-11-10 23:24:22',0,'2017-11-10 23:24:22',0),(10,10,1,0,0,0,'1970-01-01 00:00:00',0.0000,3,'2017-11-10 23:24:22',0,'2017-11-10 23:24:22',0),(11,11,1,0,0,0,'1970-01-01 00:00:00',0.0000,3,'2017-11-10 23:24:22',0,'2017-11-10 23:24:22',0),(12,12,1,0,0,0,'1970-01-01 00:00:00',0.0000,3,'2017-11-10 23:24:22',0,'2017-11-10 23:24:22',0),(13,13,1,0,0,0,'1970-01-01 00:00:00',0.0000,3,'2017-11-10 23:24:22',0,'2017-11-10 23:24:22',0),(14,14,1,0,0,0,'1970-01-01 00:00:00',0.0000,3,'2017-11-10 23:24:22',0,'2017-11-10 23:24:22',0),(15,15,1,0,0,0,'1970-01-01 00:00:00',0.0000,3,'2017-11-10 23:24:22',0,'2017-11-10 23:24:22',0),(16,16,1,0,0,0,'1970-01-01 00:00:00',0.0000,3,'2017-11-10 23:24:22',0,'2017-11-10 23:24:22',0),(17,17,1,0,0,0,'1970-01-01 00:00:00',0.0000,3,'2017-11-10 23:24:22',0,'2017-11-10 23:24:22',0),(18,18,1,0,0,0,'1970-01-01 00:00:00',0.0000,3,'2017-11-10 23:24:22',0,'2017-11-10 23:24:22',0),(19,19,1,0,0,0,'1970-01-01 00:00:00',0.0000,3,'2017-11-10 23:24:22',0,'2017-11-10 23:24:22',0),(20,20,1,0,0,0,'1970-01-01 00:00:00',0.0000,3,'2017-11-10 23:24:22',0,'2017-11-10 23:24:22',0),(21,21,1,0,0,0,'1970-01-01 00:00:00',0.0000,3,'2017-11-10 23:24:22',0,'2017-11-10 23:24:22',0),(22,22,1,0,0,0,'1970-01-01 00:00:00',0.0000,3,'2017-11-10 23:24:22',0,'2017-11-10 23:24:22',0),(23,23,1,0,0,0,'1970-01-01 00:00:00',0.0000,3,'2017-11-10 23:24:22',0,'2017-11-10 23:24:22',0),(24,24,1,0,0,0,'1970-01-01 00:00:00',0.0000,3,'2017-11-10 23:24:22',0,'2017-11-10 23:24:22',0),(25,25,1,0,0,0,'1970-01-01 00:00:00',0.0000,3,'2017-11-10 23:24:22',0,'2017-11-10 23:24:22',0),(26,26,1,0,0,0,'1970-01-01 00:00:00',0.0000,3,'2017-11-10 23:24:22',0,'2017-11-10 23:24:22',0),(27,27,1,0,0,0,'1970-01-01 00:00:00',0.0000,3,'2017-11-10 23:24:22',0,'2017-11-10 23:24:22',0),(28,28,1,0,0,0,'1970-01-01 00:00:00',0.0000,3,'2017-11-10 23:24:22',0,'2017-11-10 23:24:22',0),(29,29,1,0,0,0,'1970-01-01 00:00:00',0.0000,3,'2017-11-10 23:24:22',0,'2017-11-10 23:24:22',0),(30,30,1,0,0,0,'1970-01-01 00:00:00',0.0000,3,'2017-11-10 23:24:22',0,'2017-11-10 23:24:22',0),(31,31,1,0,0,0,'1970-01-01 00:00:00',0.0000,3,'2017-11-10 23:24:22',0,'2017-11-10 23:24:22',0),(32,32,1,0,0,0,'1970-01-01 00:00:00',0.0000,3,'2017-11-10 23:24:22',0,'2017-11-10 23:24:22',0),(33,33,1,0,0,0,'1970-01-01 00:00:00',0.0000,3,'2017-11-10 23:24:22',0,'2017-11-10 23:24:22',0),(34,34,1,0,0,0,'1970-01-01 00:00:00',0.0000,3,'2017-11-10 23:24:22',0,'2017-11-10 23:24:22',0),(35,35,1,0,0,0,'1970-01-01 00:00:00',0.0000,3,'2017-11-10 23:24:22',0,'2017-11-10 23:24:22',0),(36,36,1,0,0,0,'1970-01-01 00:00:00',0.0000,3,'2017-11-10 23:24:22',0,'2017-11-10 23:24:22',0),(37,37,1,0,0,0,'1970-01-01 00:00:00',0.0000,3,'2017-11-10 23:24:22',0,'2017-11-10 23:24:22',0),(38,38,1,0,0,0,'1970-01-01 00:00:00',0.0000,3,'2017-11-10 23:24:22',0,'2017-11-10 23:24:22',0),(39,39,1,0,0,0,'1970-01-01 00:00:00',0.0000,3,'2017-11-10 23:24:22',0,'2017-11-10 23:24:22',0),(40,40,1,0,0,0,'1970-01-01 00:00:00',0.0000,3,'2017-11-10 23:24:22',0,'2017-11-10 23:24:22',0),(41,41,1,0,0,0,'1970-01-01 00:00:00',0.0000,3,'2017-11-10 23:24:22',0,'2017-11-10 23:24:22',0),(42,42,1,0,0,0,'1970-01-01 00:00:00',0.0000,3,'2017-11-10 23:24:22',0,'2017-11-10 23:24:22',0),(43,43,1,0,0,0,'1970-01-01 00:00:00',0.0000,3,'2017-11-10 23:24:22',0,'2017-11-10 23:24:22',0),(44,44,1,0,0,0,'1970-01-01 00:00:00',0.0000,3,'2017-11-10 23:24:22',0,'2017-11-10 23:24:22',0),(45,45,1,0,0,0,'1970-01-01 00:00:00',0.0000,3,'2017-11-10 23:24:22',0,'2017-11-10 23:24:22',0),(46,46,1,0,0,0,'1970-01-01 00:00:00',0.0000,3,'2017-11-10 23:24:22',0,'2017-11-10 23:24:22',0),(47,47,1,0,0,0,'1970-01-01 00:00:00',0.0000,3,'2017-11-10 23:24:22',0,'2017-11-10 23:24:22',0),(48,48,1,0,0,0,'1970-01-01 00:00:00',0.0000,3,'2017-11-10 23:24:22',0,'2017-11-10 23:24:22',0),(49,49,1,0,0,0,'1970-01-01 00:00:00',0.0000,3,'2017-11-10 23:24:22',0,'2017-11-10 23:24:22',0),(50,50,1,0,0,0,'1970-01-01 00:00:00',0.0000,3,'2017-11-10 23:24:22',0,'2017-11-10 23:24:22',0),(51,51,1,0,0,0,'1970-01-01 00:00:00',0.0000,3,'2017-11-10 23:24:22',0,'2017-11-10 23:24:22',0),(52,52,1,0,0,0,'1970-01-01 00:00:00',0.0000,3,'2017-11-10 23:24:22',0,'2017-11-10 23:24:22',0),(53,53,1,0,0,0,'1970-01-01 00:00:00',0.0000,3,'2017-11-10 23:24:22',0,'2017-11-10 23:24:22',0),(54,54,1,0,0,0,'1970-01-01 00:00:00',0.0000,3,'2017-11-10 23:24:22',0,'2017-11-10 23:24:22',0),(55,55,1,0,0,0,'1970-01-01 00:00:00',0.0000,3,'2017-11-10 23:24:22',0,'2017-11-10 23:24:22',0),(56,56,1,0,0,0,'1970-01-01 00:00:00',0.0000,3,'2017-11-10 23:24:22',0,'2017-11-10 23:24:22',0),(57,57,1,0,0,0,'1970-01-01 00:00:00',0.0000,3,'2017-11-10 23:24:22',0,'2017-11-10 23:24:22',0),(58,58,1,0,0,0,'1970-01-01 00:00:00',0.0000,3,'2017-11-10 23:24:22',0,'2017-11-10 23:24:22',0),(59,59,1,0,0,0,'1970-01-01 00:00:00',0.0000,3,'2017-11-10 23:24:22',0,'2017-11-10 23:24:22',0),(60,60,1,0,0,0,'1970-01-01 00:00:00',0.0000,3,'2017-11-10 23:24:22',0,'2017-11-10 23:24:22',0),(61,61,1,0,0,0,'1970-01-01 00:00:00',0.0000,3,'2017-11-10 23:24:22',0,'2017-11-10 23:24:22',0),(62,62,1,0,0,0,'1970-01-01 00:00:00',0.0000,3,'2017-11-10 23:24:22',0,'2017-11-10 23:24:22',0),(63,63,1,0,0,0,'1970-01-01 00:00:00',0.0000,3,'2017-11-10 23:24:22',0,'2017-11-10 23:24:22',0),(64,64,1,0,0,0,'1970-01-01 00:00:00',0.0000,3,'2017-11-10 23:24:22',0,'2017-11-10 23:24:22',0),(65,65,1,0,0,0,'1970-01-01 00:00:00',0.0000,3,'2017-11-10 23:24:22',0,'2017-11-10 23:24:22',0),(66,66,1,0,0,0,'1970-01-01 00:00:00',0.0000,3,'2017-11-10 23:24:22',0,'2017-11-10 23:24:22',0),(67,67,1,0,0,0,'1970-01-01 00:00:00',0.0000,3,'2017-11-10 23:24:22',0,'2017-11-10 23:24:22',0),(68,68,1,0,0,0,'1970-01-01 00:00:00',0.0000,3,'2017-11-10 23:24:22',0,'2017-11-10 23:24:22',0),(69,69,1,0,0,0,'1970-01-01 00:00:00',0.0000,3,'2017-11-10 23:24:22',0,'2017-11-10 23:24:22',0),(70,70,1,0,0,0,'1970-01-01 00:00:00',0.0000,3,'2017-11-10 23:24:22',0,'2017-11-10 23:24:22',0),(71,71,1,0,0,0,'1970-01-01 00:00:00',0.0000,3,'2017-11-10 23:24:22',0,'2017-11-10 23:24:22',0),(72,72,1,0,0,0,'1970-01-01 00:00:00',0.0000,3,'2017-11-10 23:24:22',0,'2017-11-10 23:24:22',0),(73,73,1,0,0,0,'1970-01-01 00:00:00',0.0000,3,'2017-11-10 23:24:22',0,'2017-11-10 23:24:22',0),(74,74,1,0,0,0,'1970-01-01 00:00:00',0.0000,3,'2017-11-10 23:24:22',0,'2017-11-10 23:24:22',0),(75,75,1,0,0,0,'1970-01-01 00:00:00',0.0000,3,'2018-07-03 02:45:37',211,'2018-07-03 02:45:37',211),(76,0,1,1,0,0,'2018-01-30 00:00:00',0.0000,3,'2018-08-28 07:25:36',0,'2018-08-28 07:25:36',0),(77,0,1,1,1,0,'2018-01-30 00:00:00',0.0000,3,'2018-08-28 07:25:36',0,'2018-08-28 07:25:36',0),(78,0,1,2,0,0,'2018-01-30 00:00:00',0.0000,3,'2018-08-28 07:25:36',0,'2018-08-28 07:25:36',0),(79,0,1,2,2,0,'2018-01-30 00:00:00',0.0000,3,'2018-08-28 07:25:36',0,'2018-08-28 07:25:36',0),(80,0,1,3,0,0,'2018-01-30 00:00:00',0.0000,3,'2018-08-28 07:25:36',0,'2018-08-28 07:25:36',0),(81,0,1,3,3,0,'2018-01-30 00:00:00',0.0000,3,'2018-08-28 07:25:36',0,'2018-08-28 07:25:36',0),(82,0,1,4,0,0,'2018-01-30 00:00:00',0.0000,3,'2018-08-28 07:25:37',0,'2018-08-28 07:25:37',0),(83,0,1,4,4,0,'2018-01-30 00:00:00',0.0000,3,'2018-08-28 07:25:37',0,'2018-08-28 07:25:37',0),(84,0,1,5,0,0,'2018-01-30 00:00:00',0.0000,3,'2018-08-28 07:25:37',0,'2018-08-28 07:25:37',0),(85,0,1,5,5,0,'2018-01-30 00:00:00',0.0000,3,'2018-08-28 07:25:37',0,'2018-08-28 07:25:37',0),(86,0,1,6,0,0,'2018-01-30 00:00:00',0.0000,3,'2018-08-28 07:25:37',0,'2018-08-28 07:25:37',0),(87,0,1,6,6,0,'2018-01-30 00:00:00',0.0000,3,'2018-08-28 07:25:37',0,'2018-08-28 07:25:37',0),(88,0,1,7,0,0,'2018-01-30 00:00:00',0.0000,3,'2018-08-28 07:25:37',0,'2018-08-28 07:25:37',0),(89,0,1,7,7,0,'2018-01-30 00:00:00',0.0000,3,'2018-08-28 07:25:37',0,'2018-08-28 07:25:37',0),(90,0,1,8,0,0,'2018-01-30 00:00:00',0.0000,3,'2018-08-28 07:25:38',0,'2018-08-28 07:25:38',0),(91,0,1,8,8,0,'2018-01-30 00:00:00',0.0000,3,'2018-08-28 07:25:38',0,'2018-08-28 07:25:38',0),(92,0,1,9,0,0,'2018-01-30 00:00:00',0.0000,3,'2018-08-28 07:25:38',0,'2018-08-28 07:25:38',0),(93,0,1,9,9,0,'2018-01-30 00:00:00',0.0000,3,'2018-08-28 07:25:38',0,'2018-08-28 07:25:38',0),(94,0,1,10,0,0,'2018-01-30 00:00:00',0.0000,3,'2018-08-28 07:25:39',0,'2018-08-28 07:25:39',0),(95,0,1,10,10,0,'2018-01-30 00:00:00',0.0000,3,'2018-08-28 07:25:39',0,'2018-08-28 07:25:39',0);
/*!40000 ALTER TABLE `LedgerMarker` ENABLE KEYS */;
UNLOCK TABLES;

--
-- Table structure for table `LedgerMarkerAudit`
--

DROP TABLE IF EXISTS `LedgerMarkerAudit`;
/*!40101 SET @saved_cs_client     = @@character_set_client */;
/*!40101 SET character_set_client = utf8 */;
CREATE TABLE `LedgerMarkerAudit` (
  `LMID` bigint(20) NOT NULL DEFAULT '0',
  `BID` bigint(20) NOT NULL DEFAULT '0',
  `UID` mediumint(9) NOT NULL DEFAULT '0',
  `LastModTime` timestamp NOT NULL DEFAULT CURRENT_TIMESTAMP ON UPDATE CURRENT_TIMESTAMP,
  `LastModBy` bigint(20) NOT NULL DEFAULT '0',
  `CreateTS` timestamp NOT NULL DEFAULT CURRENT_TIMESTAMP,
  `CreateBy` bigint(20) NOT NULL DEFAULT '0'
) ENGINE=InnoDB DEFAULT CHARSET=utf8;
/*!40101 SET character_set_client = @saved_cs_client */;

--
-- Dumping data for table `LedgerMarkerAudit`
--

LOCK TABLES `LedgerMarkerAudit` WRITE;
/*!40000 ALTER TABLE `LedgerMarkerAudit` DISABLE KEYS */;
/*!40000 ALTER TABLE `LedgerMarkerAudit` ENABLE KEYS */;
UNLOCK TABLES;

--
-- Table structure for table `MRHistory`
--

DROP TABLE IF EXISTS `MRHistory`;
/*!40101 SET @saved_cs_client     = @@character_set_client */;
/*!40101 SET character_set_client = utf8 */;
CREATE TABLE `MRHistory` (
  `MRHID` bigint(20) NOT NULL AUTO_INCREMENT,
  `MRStatus` smallint(6) NOT NULL DEFAULT '0',
  `DtMRStart` timestamp NOT NULL DEFAULT CURRENT_TIMESTAMP,
  `DtMRStop` timestamp NOT NULL DEFAULT CURRENT_TIMESTAMP,
  `LastModTime` timestamp NOT NULL DEFAULT CURRENT_TIMESTAMP ON UPDATE CURRENT_TIMESTAMP,
  `LastModBy` bigint(20) NOT NULL DEFAULT '0',
  `CreateTS` timestamp NOT NULL DEFAULT CURRENT_TIMESTAMP,
  `CreateBy` bigint(20) NOT NULL DEFAULT '0',
  PRIMARY KEY (`MRHID`)
) ENGINE=InnoDB DEFAULT CHARSET=utf8;
/*!40101 SET character_set_client = @saved_cs_client */;

--
-- Dumping data for table `MRHistory`
--

LOCK TABLES `MRHistory` WRITE;
/*!40000 ALTER TABLE `MRHistory` DISABLE KEYS */;
/*!40000 ALTER TABLE `MRHistory` ENABLE KEYS */;
UNLOCK TABLES;

--
-- Table structure for table `NoteList`
--

DROP TABLE IF EXISTS `NoteList`;
/*!40101 SET @saved_cs_client     = @@character_set_client */;
/*!40101 SET character_set_client = utf8 */;
CREATE TABLE `NoteList` (
  `NLID` bigint(20) NOT NULL AUTO_INCREMENT,
  `BID` bigint(20) NOT NULL DEFAULT '0',
  `LastModTime` timestamp NOT NULL DEFAULT CURRENT_TIMESTAMP ON UPDATE CURRENT_TIMESTAMP,
  `LastModBy` bigint(20) NOT NULL DEFAULT '0',
  `CreateTS` timestamp NOT NULL DEFAULT CURRENT_TIMESTAMP,
  `CreateBy` bigint(20) NOT NULL DEFAULT '0',
  PRIMARY KEY (`NLID`)
) ENGINE=InnoDB DEFAULT CHARSET=utf8;
/*!40101 SET character_set_client = @saved_cs_client */;

--
-- Dumping data for table `NoteList`
--

LOCK TABLES `NoteList` WRITE;
/*!40000 ALTER TABLE `NoteList` DISABLE KEYS */;
/*!40000 ALTER TABLE `NoteList` ENABLE KEYS */;
UNLOCK TABLES;

--
-- Table structure for table `NoteType`
--

DROP TABLE IF EXISTS `NoteType`;
/*!40101 SET @saved_cs_client     = @@character_set_client */;
/*!40101 SET character_set_client = utf8 */;
CREATE TABLE `NoteType` (
  `NTID` bigint(20) NOT NULL AUTO_INCREMENT,
  `BID` bigint(20) NOT NULL DEFAULT '0',
  `Name` varchar(128) NOT NULL DEFAULT '',
  `LastModTime` timestamp NOT NULL DEFAULT CURRENT_TIMESTAMP ON UPDATE CURRENT_TIMESTAMP,
  `LastModBy` bigint(20) NOT NULL DEFAULT '0',
  `CreateTS` timestamp NOT NULL DEFAULT CURRENT_TIMESTAMP,
  `CreateBy` bigint(20) NOT NULL DEFAULT '0',
  PRIMARY KEY (`NTID`)
) ENGINE=InnoDB DEFAULT CHARSET=utf8;
/*!40101 SET character_set_client = @saved_cs_client */;

--
-- Dumping data for table `NoteType`
--

LOCK TABLES `NoteType` WRITE;
/*!40000 ALTER TABLE `NoteType` DISABLE KEYS */;
/*!40000 ALTER TABLE `NoteType` ENABLE KEYS */;
UNLOCK TABLES;

--
-- Table structure for table `Notes`
--

DROP TABLE IF EXISTS `Notes`;
/*!40101 SET @saved_cs_client     = @@character_set_client */;
/*!40101 SET character_set_client = utf8 */;
CREATE TABLE `Notes` (
  `NID` bigint(20) NOT NULL AUTO_INCREMENT,
  `BID` bigint(20) NOT NULL DEFAULT '0',
  `NLID` bigint(20) NOT NULL DEFAULT '0',
  `PNID` bigint(20) NOT NULL DEFAULT '0',
  `NTID` bigint(20) NOT NULL DEFAULT '0',
  `RID` bigint(20) NOT NULL DEFAULT '0',
  `RAID` bigint(20) NOT NULL DEFAULT '0',
  `TCID` bigint(20) NOT NULL DEFAULT '0',
  `Comment` varchar(1024) NOT NULL DEFAULT '',
  `LastModTime` timestamp NOT NULL DEFAULT CURRENT_TIMESTAMP ON UPDATE CURRENT_TIMESTAMP,
  `LastModBy` bigint(20) NOT NULL DEFAULT '0',
  `CreateTS` timestamp NOT NULL DEFAULT CURRENT_TIMESTAMP,
  `CreateBy` bigint(20) NOT NULL DEFAULT '0',
  PRIMARY KEY (`NID`)
) ENGINE=InnoDB DEFAULT CHARSET=utf8;
/*!40101 SET character_set_client = @saved_cs_client */;

--
-- Dumping data for table `Notes`
--

LOCK TABLES `Notes` WRITE;
/*!40000 ALTER TABLE `Notes` DISABLE KEYS */;
/*!40000 ALTER TABLE `Notes` ENABLE KEYS */;
UNLOCK TABLES;

--
-- Table structure for table `OtherDeliverables`
--

DROP TABLE IF EXISTS `OtherDeliverables`;
/*!40101 SET @saved_cs_client     = @@character_set_client */;
/*!40101 SET character_set_client = utf8 */;
CREATE TABLE `OtherDeliverables` (
  `ODID` bigint(20) NOT NULL AUTO_INCREMENT,
  `BID` bigint(20) NOT NULL DEFAULT '0',
  `Name` varchar(256) DEFAULT NULL,
  `Active` tinyint(1) NOT NULL DEFAULT '0',
  `LastModTime` timestamp NOT NULL DEFAULT CURRENT_TIMESTAMP ON UPDATE CURRENT_TIMESTAMP,
  `LastModBy` bigint(20) NOT NULL DEFAULT '0',
  `CreateTS` timestamp NOT NULL DEFAULT CURRENT_TIMESTAMP,
  `CreateBy` bigint(20) NOT NULL DEFAULT '0',
  PRIMARY KEY (`ODID`)
) ENGINE=InnoDB DEFAULT CHARSET=utf8;
/*!40101 SET character_set_client = @saved_cs_client */;

--
-- Dumping data for table `OtherDeliverables`
--

LOCK TABLES `OtherDeliverables` WRITE;
/*!40000 ALTER TABLE `OtherDeliverables` DISABLE KEYS */;
/*!40000 ALTER TABLE `OtherDeliverables` ENABLE KEYS */;
UNLOCK TABLES;

--
-- Table structure for table `PaymentType`
--

DROP TABLE IF EXISTS `PaymentType`;
/*!40101 SET @saved_cs_client     = @@character_set_client */;
/*!40101 SET character_set_client = utf8 */;
CREATE TABLE `PaymentType` (
  `PMTID` mediumint(9) NOT NULL AUTO_INCREMENT,
  `BID` bigint(20) NOT NULL,
  `Name` varchar(100) NOT NULL DEFAULT '',
  `Description` varchar(256) NOT NULL DEFAULT '',
  `CreateTS` timestamp NOT NULL DEFAULT CURRENT_TIMESTAMP,
  `CreateBy` bigint(20) NOT NULL DEFAULT '0',
  `LastModTime` timestamp NOT NULL DEFAULT CURRENT_TIMESTAMP ON UPDATE CURRENT_TIMESTAMP,
  `LastModBy` bigint(20) NOT NULL DEFAULT '0',
  PRIMARY KEY (`PMTID`)
) ENGINE=InnoDB AUTO_INCREMENT=6 DEFAULT CHARSET=utf8;
/*!40101 SET character_set_client = @saved_cs_client */;

--
-- Dumping data for table `PaymentType`
--

LOCK TABLES `PaymentType` WRITE;
/*!40000 ALTER TABLE `PaymentType` DISABLE KEYS */;
INSERT INTO `PaymentType` VALUES (1,1,'Cash','Cash','2017-11-10 23:24:23',0,'2017-11-10 23:24:23',0),(2,1,'Check','Personal check from payor','2017-11-10 23:24:23',0,'2017-11-10 23:24:23',0),(3,1,'VISA','Credit card charge','2017-11-10 23:24:23',0,'2017-11-10 23:24:23',0),(4,1,'AMEX','American Express credit card','2017-11-10 23:24:23',0,'2017-11-10 23:24:23',0),(5,1,'ACH','','2017-11-10 23:24:23',0,'2017-11-10 23:24:23',0);
/*!40000 ALTER TABLE `PaymentType` ENABLE KEYS */;
UNLOCK TABLES;

--
-- Table structure for table `Payor`
--

DROP TABLE IF EXISTS `Payor`;
/*!40101 SET @saved_cs_client     = @@character_set_client */;
/*!40101 SET character_set_client = utf8 */;
CREATE TABLE `Payor` (
  `TCID` bigint(20) NOT NULL,
  `BID` bigint(20) NOT NULL DEFAULT '0',
  `TaxpayorID` char(128) NOT NULL DEFAULT '',
  `CreditLimit` decimal(19,4) NOT NULL DEFAULT '0.0000',
  `EligibleFuturePayor` tinyint(1) NOT NULL DEFAULT '1',
  `FLAGS` bigint(20) NOT NULL DEFAULT '0',
  `DriversLicense` char(128) NOT NULL DEFAULT '',
  `GrossIncome` decimal(19,4) NOT NULL DEFAULT '0.0000',
  `LastModTime` timestamp NOT NULL DEFAULT CURRENT_TIMESTAMP ON UPDATE CURRENT_TIMESTAMP,
  `LastModBy` bigint(20) NOT NULL DEFAULT '0',
  `CreateTS` timestamp NOT NULL DEFAULT CURRENT_TIMESTAMP,
  `CreateBy` bigint(20) NOT NULL DEFAULT '0',
  PRIMARY KEY (`TCID`)
) ENGINE=InnoDB DEFAULT CHARSET=utf8;
/*!40101 SET character_set_client = @saved_cs_client */;

--
-- Dumping data for table `Payor`
--

LOCK TABLES `Payor` WRITE;
/*!40000 ALTER TABLE `Payor` DISABLE KEYS */;
INSERT INTO `Payor` VALUES (1,1,'8a8c9327a619b5399b145d46618ae637b10a758d6033e55d9a0410ddfb38538c16f812bd',3756.0000,1,0,'f5c1ac4f4303e5ec601ebe3ab11f46d18bdbba70abd3b775aa74f8c51822cb3f7167445e',21405.0000,'2018-08-28 07:25:35',0,'2018-08-28 07:25:35',0),(2,1,'b70c7268b29c56077c1cea354ed5f54c63d8aba88d45dd204a720b1fb9f21ebff2662d66',27451.0000,1,0,'4fabd130508b7ec3026009a3964318a6d937d8e5b545ec4f0a658cd330e1c8be8864b101',58278.0000,'2018-08-28 07:25:35',0,'2018-08-28 07:25:35',0),(3,1,'6e3fc60f0a430c528dadcd9eec24a025e2e6fa8ea65f71bade5b3d11325c332f6b39bf8a',12670.0000,1,0,'39d345487d00320b1297e109e0510e506636766f7d8c6e254676de8fda7ab8956f621f62',102636.0000,'2018-08-28 07:25:35',0,'2018-08-28 07:25:35',0),(4,1,'9b9d6450b6e932058b5da24262eda96892668799291674e1c3b7e7e92718d4771e74547b',2745.0000,1,0,'03346d565c0500dd60099cedf90f51de61d7b92afd6dd2e80cc8b833c1c94395841ffd01',44713.0000,'2018-08-28 07:25:35',0,'2018-08-28 07:25:35',0),(5,1,'da7a1bb91c41da4fe123e2b5eaaa5301c7bf44fe5685f09647f15c95c3c47e36c3a593b5',3319.0000,1,0,'14166d4536df0a97097c075e6d83996f59b0c48e881418f4bafe2e589892c61352ef76ea',66908.0000,'2018-08-28 07:25:35',0,'2018-08-28 07:25:35',0),(6,1,'083b1e7e7c668ed598ca853f645f7b49709bf9f4c5d94b2a5afb81f42dc2f9d7466c4491',27774.0000,1,0,'12918f8e4b423853b6202eeb7bc2b655ae54a209c6a5633c697c4a63723a83ac4dd24f5f',60831.0000,'2018-08-28 07:25:35',0,'2018-08-28 07:25:35',0),(7,1,'d71b5a5c818cdabf003eff8699f6a2414d70d9f6d15214a27d7cc5d900190a99513538f4',11334.0000,1,0,'bdb6f6e5d280dc40b73703619b6ea2b0bf16ff7af5485cffe65fdb568ab8dcc950dfe95b',130247.0000,'2018-08-28 07:25:35',0,'2018-08-28 07:25:35',0),(8,1,'0204fb31e344624d488f1b783bcd8542ccfb2983038d5b608ed0c084a4d997e7a2c84480',17513.0000,1,0,'2f4d76e3e75020bf48adac9e87e0d527ffd696dfff1a34e13929278bae8e94a5e35317e3',84613.0000,'2018-08-28 07:25:35',0,'2018-08-28 07:25:35',0),(9,1,'30252916f012f47a8a1099a1099b9cc9658eaccd63e938b7e695ef811a0d41074062cf0a',24819.0000,1,0,'e048db87d91d044541e5bfae55d10db4524a2e0dbccd2fc73ba7e2750eb1604710e65d2c',18562.0000,'2018-08-28 07:25:36',0,'2018-08-28 07:25:36',0),(10,1,'0b46a348874648a743e23d7b2b89ca7a940394520ddb2a5e3069047ca0e2e6b652d70f0f',10673.0000,1,0,'17c2ff6bb2dd1524f79d9c36c28db6ad63aeb97630e66c727a20bc23638c2533a66777ca',95538.0000,'2018-08-28 07:25:36',0,'2018-08-28 07:25:36',0);
/*!40000 ALTER TABLE `Payor` ENABLE KEYS */;
UNLOCK TABLES;

--
-- Table structure for table `Pets`
--

DROP TABLE IF EXISTS `Pets`;
/*!40101 SET @saved_cs_client     = @@character_set_client */;
/*!40101 SET character_set_client = utf8 */;
CREATE TABLE `Pets` (
  `PETID` bigint(20) NOT NULL AUTO_INCREMENT,
  `BID` bigint(20) NOT NULL DEFAULT '0',
  `RAID` bigint(20) NOT NULL DEFAULT '0',
  `TCID` bigint(20) NOT NULL DEFAULT '0',
  `Type` varchar(100) NOT NULL DEFAULT '',
  `Breed` varchar(100) NOT NULL DEFAULT '',
  `Color` varchar(100) NOT NULL DEFAULT '',
  `Weight` decimal(19,4) NOT NULL DEFAULT '0.0000',
  `Name` varchar(100) NOT NULL DEFAULT '',
  `DtStart` date NOT NULL DEFAULT '1970-01-01',
  `DtStop` date NOT NULL DEFAULT '1970-01-01',
  `LastModTime` timestamp NOT NULL DEFAULT CURRENT_TIMESTAMP ON UPDATE CURRENT_TIMESTAMP,
  `LastModBy` bigint(20) NOT NULL DEFAULT '0',
  `CreateTS` timestamp NOT NULL DEFAULT CURRENT_TIMESTAMP,
  `CreateBy` bigint(20) NOT NULL DEFAULT '0',
  PRIMARY KEY (`PETID`)
) ENGINE=InnoDB AUTO_INCREMENT=8 DEFAULT CHARSET=utf8;
/*!40101 SET character_set_client = @saved_cs_client */;

--
-- Dumping data for table `Pets`
--

LOCK TABLES `Pets` WRITE;
/*!40000 ALTER TABLE `Pets` DISABLE KEYS */;
INSERT INTO `Pets` VALUES (1,1,1,1,'cat','Asian Semi-longhair','lynx point',7.0000,'bailey ','2018-02-13','2020-03-01','2018-08-28 07:25:36',0,'2018-08-28 07:25:35',0),(2,1,2,2,'dog','Parson Russell Terrier','Red',23.0000,'Rusty','2018-02-13','2020-03-01','2018-08-28 07:25:36',0,'2018-08-28 07:25:35',0),(3,1,3,3,'cat','Thai Lilac','chocolate point',23.0000,'sox ','2018-02-13','2020-03-01','2018-08-28 07:25:36',0,'2018-08-28 07:25:35',0),(4,1,4,4,'dog','Bluetick Coonhound','Spotted',43.0000,'Benny','2018-02-13','2020-03-01','2018-08-28 07:25:37',0,'2018-08-28 07:25:35',0),(5,1,8,8,'cat','British Longhair','Smoke',16.0000,'Lucky ','2018-02-13','2020-03-01','2018-08-28 07:25:38',0,'2018-08-28 07:25:35',0),(6,1,9,9,'dog','Curly-Coated Retriever','Chocolate',45.0000,'Leo','2018-02-13','2020-03-01','2018-08-28 07:25:38',0,'2018-08-28 07:25:36',0),(7,1,10,10,'dog','Canaan Dog','Spotted',21.0000,'Rocco','2018-02-13','2020-03-01','2018-08-28 07:25:39',0,'2018-08-28 07:25:36',0);
/*!40000 ALTER TABLE `Pets` ENABLE KEYS */;
UNLOCK TABLES;

--
-- Table structure for table `Prospect`
--

DROP TABLE IF EXISTS `Prospect`;
/*!40101 SET @saved_cs_client     = @@character_set_client */;
/*!40101 SET character_set_client = utf8 */;
CREATE TABLE `Prospect` (
  `TCID` bigint(20) NOT NULL,
  `BID` bigint(20) NOT NULL DEFAULT '0',
  `CompanyAddress` varchar(100) NOT NULL DEFAULT '',
  `CompanyCity` varchar(100) NOT NULL DEFAULT '',
  `CompanyState` varchar(100) NOT NULL DEFAULT '',
  `CompanyPostalCode` varchar(100) NOT NULL DEFAULT '',
  `CompanyEmail` varchar(100) NOT NULL DEFAULT '',
  `CompanyPhone` varchar(100) NOT NULL DEFAULT '',
  `Occupation` varchar(100) NOT NULL DEFAULT '',
  `FLAGS` bigint(20) NOT NULL DEFAULT '0',
  `EvictedDes` varchar(2048) NOT NULL DEFAULT '',
  `ConvictedDes` varchar(2048) NOT NULL DEFAULT '',
  `BankruptcyDes` varchar(2048) NOT NULL DEFAULT '',
  `OtherPreferences` varchar(1024) NOT NULL DEFAULT '',
  `SpecialNeeds` varchar(1024) NOT NULL DEFAULT '',
  `FollowUpDate` date NOT NULL DEFAULT '1970-01-01',
  `CurrentAddress` varchar(200) NOT NULL DEFAULT '',
  `CurrentLandLordName` varchar(100) NOT NULL DEFAULT '',
  `CurrentLandLordPhoneNo` varchar(20) NOT NULL DEFAULT '',
  `CurrentReasonForMoving` bigint(20) NOT NULL DEFAULT '0',
  `CurrentLengthOfResidency` varchar(100) NOT NULL DEFAULT '',
  `PriorAddress` varchar(200) NOT NULL DEFAULT '',
  `PriorLandLordName` varchar(100) NOT NULL DEFAULT '',
  `PriorLandLordPhoneNo` varchar(20) NOT NULL DEFAULT '',
  `PriorReasonForMoving` bigint(20) NOT NULL DEFAULT '0',
  `PriorLengthOfResidency` varchar(100) NOT NULL DEFAULT '',
  `CommissionableThirdParty` text NOT NULL,
  `ThirdPartySource` varchar(100) NOT NULL DEFAULT '',
  `LastModTime` timestamp NOT NULL DEFAULT CURRENT_TIMESTAMP ON UPDATE CURRENT_TIMESTAMP,
  `LastModBy` bigint(20) NOT NULL DEFAULT '0',
  `CreateTS` timestamp NOT NULL DEFAULT CURRENT_TIMESTAMP,
  `CreateBy` bigint(20) NOT NULL DEFAULT '0',
  PRIMARY KEY (`TCID`)
) ENGINE=InnoDB DEFAULT CHARSET=utf8;
/*!40101 SET character_set_client = @saved_cs_client */;

--
-- Dumping data for table `Prospect`
--

LOCK TABLES `Prospect` WRITE;
/*!40000 ALTER TABLE `Prospect` DISABLE KEYS */;
INSERT INTO `Prospect` VALUES (1,1,'29185 6th','SaintPaul','MA','84059','CKERestaurantsIncSaintPaul324@hotmail.com','(296) 545-4270','court executive officer (bailiff)',0,'','','','','','0000-00-00','6102 Sunset, Buffalo, GA 02081','Sherryl Hicks','(229) 518-1386',104,'6 years 9 months','5534 Eighth, Memphis, GA 41318','Yon Downs','(245) 103-4232',86,'9 years 7 months','','Ryan Nichols','2018-08-28 07:25:35',0,'2018-08-28 07:25:35',0),(2,1,'65894 10th','Tyler','OH','03300','TTyler5171@aol.com','(601) 740-5474','art photographer',0,'','','','','','0000-00-00','46788 Orchard, Tuscaloosa, ND 10694','Alton Dillard','(409) 297-2925',126,'2 years 4 months','93761 Eighth, Hialeah, WV 78511','Marybeth Contreras','(851) 683-8639',121,'1 years 5 months','','Denisse Chambers','2018-08-28 07:25:35',0,'2018-08-28 07:25:35',0),(3,1,'2631 Pioneer','Springdale','MN','33274','LSpringdale7821@bdiddy.com','(577) 220-9612','metal worker / Steelworker (Foundry Worker )',0,'','','','','','0000-00-00','71213 Laurel, Overland Park, MN 11211','Nona Mcdaniel','(468) 391-2606',121,'4 years 2 months','83965 South Carolina, Fort Lauderdale, ND 31445','Fawn Dunlap','(309) 771-3453',112,'9 years 11 months','','Loyce Cleveland','2018-08-28 07:25:35',0,'2018-08-28 07:25:35',0),(4,1,'57650 3rd','PuntaGorda','ME','65466','BPuntaGorda4965@gmail.com','(352) 871-5172','lottery ticket street vendor',0,'','','','','','0000-00-00','5330 Mountain View, Boise City, CO 11528','Gidget Wheeler','(121) 417-8238',104,'4 years 3 months','54207 New York, Fort Walton Beach, MA 86258','Latina West','(239) 988-6517',119,'8 months','','Melisa Ross','2018-08-28 07:25:35',0,'2018-08-28 07:25:35',0),(5,1,'23853 Sixth','Spartanburg','IA','32888','CSpartanburg7845@bdiddy.com','(207) 923-2497','sound engineer',0,'','','','','','0000-00-00','83304 13th, Port Orange, DE 92790','Franklin Foster','(530) 381-5982',103,'5 years 10 months','22379 10th, Riverside, AK 93015','Justine Murray','(129) 285-8392',102,'5 years 5 months','','Chiquita Brock','2018-08-28 07:25:35',0,'2018-08-28 07:25:35',0),(6,1,'66389 Malulani','Kissimmee','PA','66831','MGMMirageK87@gmail.com','(826) 526-2586','security guard',0,'','','','','','0000-00-00','89225 Willow, Lakewood, LA 15429','Cletus Lindsey','(644) 641-2861',93,'2 years 7 months','71345 Zoo, Yonkers, WV 25356','Jodie Petty','(932) 380-0558',115,'1 years 9 months','','Joya Pierce','2018-08-28 07:25:35',0,'2018-08-28 07:25:35',0),(7,1,'31066 Hickory','Independence','NE','15026','CIndependence8967@gmail.com','(582) 521-5761','circus artiste (circus performer)',0,'','','','','','0000-00-00','29314 Canyon, Denver, OR 86413','Florentina Holman','(900) 635-6970',111,'1 years 8 months','99624 Willow, Kenosha, WY 03090','Gisela Pollard','(387) 524-5256',114,'3 months','','Chan Barron','2018-08-28 07:25:35',0,'2018-08-28 07:25:35',0),(8,1,'4714 5th','Huntington','MO','24147','MHuntington3895@yahoo.com','(688) 963-3704','singer',0,'','','','','','0000-00-00','70127 Birch, Normal, ID 74078','Jayna Klein','(304) 555-1380',118,'1 years 6 months','33978 Malulani, Round Lake Beach, OK 64324','Teena Hatfield','(461) 875-5828',94,'6 years 2 months','','Devona Randall','2018-08-28 07:25:35',0,'2018-08-28 07:25:35',0),(9,1,'97968 Third','Birmingham','AL','43721','SBirmingham4247@hotmail.com','(785) 304-3355','mine rescue service mechanic',0,'','','','','','0000-00-00','78501 Sycamore, Victorville, MN 27189','Nina Rush','(714) 382-0703',121,'8 years 11 months','69652 Hemlock, Aurora, FL 82199','Karl Meadows','(113) 510-2557',101,'10 years 2 months','','Tawanda Donovan','2018-08-28 07:25:36',0,'2018-08-28 07:25:36',0),(10,1,'54407 Kansas','OklahomaCity','ND','04538','CumminsIncO4477@comcast.net','(616) 786-4207','stable hand, groom',0,'','','','','','0000-00-00','69867 Meadow, Daytona Beach, UT 49703','Betty Gregory','(542) 644-1029',109,'2 years 2 months','63954 South Dakota, Chandler, AK 89355','Malika Barrett','(818) 744-3869',115,'1 years 7 months','','Cherryl Waters','2018-08-28 07:25:36',0,'2018-08-28 07:25:36',0);
/*!40000 ALTER TABLE `Prospect` ENABLE KEYS */;
UNLOCK TABLES;

--
-- Table structure for table `RatePlan`
--

DROP TABLE IF EXISTS `RatePlan`;
/*!40101 SET @saved_cs_client     = @@character_set_client */;
/*!40101 SET character_set_client = utf8 */;
CREATE TABLE `RatePlan` (
  `RPID` bigint(20) NOT NULL AUTO_INCREMENT,
  `BID` bigint(20) NOT NULL DEFAULT '0',
  `Name` varchar(100) NOT NULL DEFAULT '',
  `LastModTime` timestamp NOT NULL DEFAULT CURRENT_TIMESTAMP ON UPDATE CURRENT_TIMESTAMP,
  `LastModBy` bigint(20) NOT NULL DEFAULT '0',
  `CreateTS` timestamp NOT NULL DEFAULT CURRENT_TIMESTAMP,
  `CreateBy` bigint(20) NOT NULL DEFAULT '0',
  PRIMARY KEY (`RPID`)
) ENGINE=InnoDB DEFAULT CHARSET=utf8;
/*!40101 SET character_set_client = @saved_cs_client */;

--
-- Dumping data for table `RatePlan`
--

LOCK TABLES `RatePlan` WRITE;
/*!40000 ALTER TABLE `RatePlan` DISABLE KEYS */;
/*!40000 ALTER TABLE `RatePlan` ENABLE KEYS */;
UNLOCK TABLES;

--
-- Table structure for table `RatePlanOD`
--

DROP TABLE IF EXISTS `RatePlanOD`;
/*!40101 SET @saved_cs_client     = @@character_set_client */;
/*!40101 SET character_set_client = utf8 */;
CREATE TABLE `RatePlanOD` (
  `RPRID` bigint(20) NOT NULL DEFAULT '0',
  `BID` bigint(20) NOT NULL DEFAULT '0',
  `ODID` bigint(20) NOT NULL DEFAULT '0',
  `LastModTime` timestamp NOT NULL DEFAULT CURRENT_TIMESTAMP ON UPDATE CURRENT_TIMESTAMP,
  `LastModBy` bigint(20) NOT NULL DEFAULT '0',
  `CreateTS` timestamp NOT NULL DEFAULT CURRENT_TIMESTAMP,
  `CreateBy` bigint(20) NOT NULL DEFAULT '0'
) ENGINE=InnoDB DEFAULT CHARSET=utf8;
/*!40101 SET character_set_client = @saved_cs_client */;

--
-- Dumping data for table `RatePlanOD`
--

LOCK TABLES `RatePlanOD` WRITE;
/*!40000 ALTER TABLE `RatePlanOD` DISABLE KEYS */;
/*!40000 ALTER TABLE `RatePlanOD` ENABLE KEYS */;
UNLOCK TABLES;

--
-- Table structure for table `RatePlanRef`
--

DROP TABLE IF EXISTS `RatePlanRef`;
/*!40101 SET @saved_cs_client     = @@character_set_client */;
/*!40101 SET character_set_client = utf8 */;
CREATE TABLE `RatePlanRef` (
  `RPRID` bigint(20) NOT NULL AUTO_INCREMENT,
  `BID` bigint(20) NOT NULL DEFAULT '0',
  `RPID` bigint(20) NOT NULL DEFAULT '0',
  `DtStart` date DEFAULT '1970-01-01',
  `DtStop` date DEFAULT '1970-01-01',
  `FeeAppliesAge` smallint(6) NOT NULL DEFAULT '0',
  `MaxNoFeeUsers` smallint(6) NOT NULL DEFAULT '0',
  `AdditionalUserFee` decimal(19,4) NOT NULL DEFAULT '0.0000',
  `PromoCode` varchar(100) DEFAULT NULL,
  `CancellationFee` decimal(19,4) NOT NULL DEFAULT '0.0000',
  `FLAGS` bigint(20) NOT NULL DEFAULT '0',
  `LastModTime` timestamp NOT NULL DEFAULT CURRENT_TIMESTAMP ON UPDATE CURRENT_TIMESTAMP,
  `LastModBy` bigint(20) NOT NULL DEFAULT '0',
  `CreateTS` timestamp NOT NULL DEFAULT CURRENT_TIMESTAMP,
  `CreateBy` bigint(20) NOT NULL DEFAULT '0',
  PRIMARY KEY (`RPRID`)
) ENGINE=InnoDB DEFAULT CHARSET=utf8;
/*!40101 SET character_set_client = @saved_cs_client */;

--
-- Dumping data for table `RatePlanRef`
--

LOCK TABLES `RatePlanRef` WRITE;
/*!40000 ALTER TABLE `RatePlanRef` DISABLE KEYS */;
/*!40000 ALTER TABLE `RatePlanRef` ENABLE KEYS */;
UNLOCK TABLES;

--
-- Table structure for table `RatePlanRefRTRate`
--

DROP TABLE IF EXISTS `RatePlanRefRTRate`;
/*!40101 SET @saved_cs_client     = @@character_set_client */;
/*!40101 SET character_set_client = utf8 */;
CREATE TABLE `RatePlanRefRTRate` (
  `RPRID` bigint(20) NOT NULL DEFAULT '0',
  `BID` bigint(20) NOT NULL DEFAULT '0',
  `RTID` bigint(20) NOT NULL DEFAULT '0',
  `FLAGS` bigint(20) NOT NULL DEFAULT '0',
  `Val` decimal(19,4) NOT NULL DEFAULT '0.0000',
  `LastModTime` timestamp NOT NULL DEFAULT CURRENT_TIMESTAMP ON UPDATE CURRENT_TIMESTAMP,
  `LastModBy` bigint(20) NOT NULL DEFAULT '0',
  `CreateTS` timestamp NOT NULL DEFAULT CURRENT_TIMESTAMP,
  `CreateBy` bigint(20) NOT NULL DEFAULT '0',
  `RPRRTRateID` bigint(20) NOT NULL AUTO_INCREMENT,
  PRIMARY KEY (`RPRRTRateID`)
) ENGINE=InnoDB DEFAULT CHARSET=utf8;
/*!40101 SET character_set_client = @saved_cs_client */;

--
-- Dumping data for table `RatePlanRefRTRate`
--

LOCK TABLES `RatePlanRefRTRate` WRITE;
/*!40000 ALTER TABLE `RatePlanRefRTRate` DISABLE KEYS */;
/*!40000 ALTER TABLE `RatePlanRefRTRate` ENABLE KEYS */;
UNLOCK TABLES;

--
-- Table structure for table `RatePlanRefSPRate`
--

DROP TABLE IF EXISTS `RatePlanRefSPRate`;
/*!40101 SET @saved_cs_client     = @@character_set_client */;
/*!40101 SET character_set_client = utf8 */;
CREATE TABLE `RatePlanRefSPRate` (
  `RPRID` bigint(20) NOT NULL DEFAULT '0',
  `BID` bigint(20) NOT NULL DEFAULT '0',
  `RTID` bigint(20) NOT NULL DEFAULT '0',
  `RSPID` bigint(20) NOT NULL DEFAULT '0',
  `FLAGS` bigint(20) NOT NULL DEFAULT '0',
  `Val` decimal(19,4) NOT NULL DEFAULT '0.0000',
  `LastModTime` timestamp NOT NULL DEFAULT CURRENT_TIMESTAMP ON UPDATE CURRENT_TIMESTAMP,
  `LastModBy` bigint(20) NOT NULL DEFAULT '0',
  `CreateTS` timestamp NOT NULL DEFAULT CURRENT_TIMESTAMP,
  `CreateBy` bigint(20) NOT NULL DEFAULT '0',
  `RPRSPRateID` bigint(20) NOT NULL AUTO_INCREMENT,
  PRIMARY KEY (`RPRSPRateID`)
) ENGINE=InnoDB DEFAULT CHARSET=utf8;
/*!40101 SET character_set_client = @saved_cs_client */;

--
-- Dumping data for table `RatePlanRefSPRate`
--

LOCK TABLES `RatePlanRefSPRate` WRITE;
/*!40000 ALTER TABLE `RatePlanRefSPRate` DISABLE KEYS */;
/*!40000 ALTER TABLE `RatePlanRefSPRate` ENABLE KEYS */;
UNLOCK TABLES;

--
-- Table structure for table `Receipt`
--

DROP TABLE IF EXISTS `Receipt`;
/*!40101 SET @saved_cs_client     = @@character_set_client */;
/*!40101 SET character_set_client = utf8 */;
CREATE TABLE `Receipt` (
  `RCPTID` bigint(20) NOT NULL AUTO_INCREMENT,
  `PRCPTID` bigint(20) NOT NULL DEFAULT '0',
  `BID` bigint(20) NOT NULL DEFAULT '0',
  `TCID` bigint(20) NOT NULL DEFAULT '0',
  `PMTID` bigint(20) NOT NULL DEFAULT '0',
  `DEPID` bigint(20) NOT NULL DEFAULT '0',
  `DID` bigint(20) NOT NULL DEFAULT '0',
  `RAID` bigint(20) NOT NULL DEFAULT '0',
  `Dt` datetime NOT NULL DEFAULT '1970-01-01 00:00:00',
  `DocNo` varchar(50) NOT NULL DEFAULT '',
  `Amount` decimal(19,4) NOT NULL DEFAULT '0.0000',
  `AcctRuleReceive` varchar(215) NOT NULL DEFAULT '',
  `ARID` bigint(20) NOT NULL DEFAULT '0',
  `AcctRuleApply` varchar(4096) NOT NULL DEFAULT '',
  `FLAGS` bigint(20) NOT NULL DEFAULT '0',
  `Comment` varchar(256) NOT NULL DEFAULT '',
  `OtherPayorName` varchar(128) NOT NULL DEFAULT '',
  `LastModTime` timestamp NOT NULL DEFAULT CURRENT_TIMESTAMP ON UPDATE CURRENT_TIMESTAMP,
  `LastModBy` bigint(20) NOT NULL DEFAULT '0',
  `CreateTS` timestamp NOT NULL DEFAULT CURRENT_TIMESTAMP,
  `CreateBy` bigint(20) NOT NULL DEFAULT '0',
  PRIMARY KEY (`RCPTID`)
) ENGINE=InnoDB AUTO_INCREMENT=148 DEFAULT CHARSET=utf8;
/*!40101 SET character_set_client = @saved_cs_client */;

--
-- Dumping data for table `Receipt`
--

LOCK TABLES `Receipt` WRITE;
/*!40000 ALTER TABLE `Receipt` DISABLE KEYS */;
INSERT INTO `Receipt` VALUES (1,0,1,1,2,1,3,1,'2018-03-01 00:00:00','498694',1000.0000,'',25,'ASM(2) d 12999 1000.00,c 12001 1000.00',2,'payment for ASM-2','','2018-08-28 07:25:47',0,'2018-08-28 07:25:39',0),(2,0,1,1,2,1,4,1,'2018-04-01 00:00:00','140041',1000.0000,'',25,'ASM(3) d 12999 1000.00,c 12001 1000.00',2,'payment for ASM-3','','2018-08-28 07:25:49',0,'2018-08-28 07:25:39',0),(3,0,1,1,2,1,5,1,'2018-05-01 00:00:00','862788',1000.0000,'',25,'ASM(4) d 12999 1000.00,c 12001 1000.00',2,'payment for ASM-4','','2018-08-28 07:25:49',0,'2018-08-28 07:25:39',0),(4,0,1,1,2,1,6,1,'2018-06-01 00:00:00','919021',1000.0000,'',25,'ASM(5) d 12999 1000.00,c 12001 1000.00',2,'payment for ASM-5','','2018-08-28 07:25:50',0,'2018-08-28 07:25:39',0),(5,0,1,1,2,1,7,1,'2018-07-01 00:00:00','62911',1000.0000,'',25,'ASM(6) d 12999 1000.00,c 12001 1000.00',2,'payment for ASM-6','','2018-08-28 07:25:51',0,'2018-08-28 07:25:39',0),(6,0,1,1,2,1,8,1,'2018-08-01 00:00:00','458280',1000.0000,'',25,'ASM(7) d 12999 1000.00,c 12001 1000.00',2,'payment for ASM-7','','2018-08-28 07:25:51',0,'2018-08-28 07:25:39',0),(7,0,1,1,2,2,2,1,'2018-02-13 00:00:00','424343',2000.0000,'',25,'ASM(8) d 12999 2000.00,c 12001 2000.00',2,'payment for ASM-8','','2018-08-28 07:25:47',0,'2018-08-28 07:25:39',0),(8,0,1,1,2,1,3,1,'2018-03-01 00:00:00','8055',10.0000,'',25,'ASM(10) d 12999 10.00,c 12001 10.00',2,'payment for ASM-10','','2018-08-28 07:25:47',0,'2018-08-28 07:25:39',0),(9,0,1,1,2,1,4,1,'2018-04-01 00:00:00','692041',10.0000,'',25,'ASM(11) d 12999 10.00,c 12001 10.00',2,'payment for ASM-11','','2018-08-28 07:25:49',0,'2018-08-28 07:25:39',0),(10,0,1,1,2,1,5,1,'2018-05-01 00:00:00','812453',10.0000,'',25,'ASM(12) d 12999 10.00,c 12001 10.00',2,'payment for ASM-12','','2018-08-28 07:25:49',0,'2018-08-28 07:25:39',0),(11,0,1,1,2,1,6,1,'2018-06-01 00:00:00','18631',10.0000,'',25,'ASM(13) d 12999 10.00,c 12001 10.00',2,'payment for ASM-13','','2018-08-28 07:25:50',0,'2018-08-28 07:25:39',0),(12,0,1,1,2,1,7,1,'2018-07-01 00:00:00','858217',10.0000,'',25,'ASM(14) d 12999 10.00,c 12001 10.00',2,'payment for ASM-14','','2018-08-28 07:25:51',0,'2018-08-28 07:25:39',0),(13,0,1,1,2,1,8,1,'2018-08-01 00:00:00','443631',10.0000,'',25,'ASM(15) d 12999 10.00,c 12001 10.00',2,'payment for ASM-15','','2018-08-28 07:25:51',0,'2018-08-28 07:25:39',0),(14,0,1,1,2,1,1,1,'2018-02-13 00:00:00','138218',571.4300,'',25,'ASM(16) d 12999 571.43,c 12001 571.43',2,'payment for ASM-16','','2018-08-28 07:25:45',0,'2018-08-28 07:25:39',0),(15,0,1,1,2,1,1,1,'2018-02-13 00:00:00','546632',50.0000,'',25,'ASM(17) d 12999 50.00,c 12001 50.00',2,'payment for ASM-17','','2018-08-28 07:25:46',0,'2018-08-28 07:25:39',0),(16,0,1,1,2,1,1,1,'2018-02-13 00:00:00','317514',5.7100,'',25,'ASM(18) d 12999 5.71,c 12001 5.71',2,'payment for ASM-18','','2018-08-28 07:25:46',0,'2018-08-28 07:25:39',0),(17,0,1,1,2,1,1,1,'2018-02-13 00:00:00','74904',10.0000,'',25,'ASM(19) d 12999 10.00,c 12001 10.00',2,'payment for ASM-19','','2018-08-28 07:25:46',0,'2018-08-28 07:25:39',0),(18,0,1,2,2,1,3,2,'2018-03-01 00:00:00','679180',1000.0000,'',25,'ASM(21) d 12999 1000.00,c 12001 1000.00',2,'payment for ASM-21','','2018-08-28 07:25:47',0,'2018-08-28 07:25:39',0),(19,0,1,2,2,1,4,2,'2018-04-01 00:00:00','488500',1000.0000,'',25,'ASM(22) d 12999 1000.00,c 12001 1000.00',2,'payment for ASM-22','','2018-08-28 07:25:49',0,'2018-08-28 07:25:39',0),(20,0,1,2,2,1,5,2,'2018-05-01 00:00:00','450071',1000.0000,'',25,'ASM(23) d 12999 1000.00,c 12001 1000.00',2,'payment for ASM-23','','2018-08-28 07:25:50',0,'2018-08-28 07:25:39',0),(21,0,1,2,2,1,6,2,'2018-06-01 00:00:00','803385',1000.0000,'',25,'ASM(24) d 12999 1000.00,c 12001 1000.00',2,'payment for ASM-24','','2018-08-28 07:25:50',0,'2018-08-28 07:25:40',0),(22,0,1,2,2,1,7,2,'2018-07-01 00:00:00','56823',1000.0000,'',25,'ASM(25) d 12999 1000.00,c 12001 1000.00',2,'payment for ASM-25','','2018-08-28 07:25:51',0,'2018-08-28 07:25:40',0),(23,0,1,2,2,1,8,2,'2018-08-01 00:00:00','702441',1000.0000,'',25,'ASM(26) d 12999 1000.00,c 12001 1000.00',2,'payment for ASM-26','','2018-08-28 07:25:51',0,'2018-08-28 07:25:40',0),(24,0,1,2,2,2,2,2,'2018-02-13 00:00:00','778805',2000.0000,'',25,'ASM(27) d 12999 2000.00,c 12001 2000.00',2,'payment for ASM-27','','2018-08-28 07:25:47',0,'2018-08-28 07:25:40',0),(25,0,1,2,2,1,3,2,'2018-03-01 00:00:00','569258',10.0000,'',25,'ASM(29) d 12999 10.00,c 12001 10.00',2,'payment for ASM-29','','2018-08-28 07:25:47',0,'2018-08-28 07:25:40',0),(26,0,1,2,2,1,4,2,'2018-04-01 00:00:00','104765',10.0000,'',25,'ASM(30) d 12999 10.00,c 12001 10.00',2,'payment for ASM-30','','2018-08-28 07:25:49',0,'2018-08-28 07:25:40',0),(27,0,1,2,2,1,5,2,'2018-05-01 00:00:00','495868',10.0000,'',25,'ASM(31) d 12999 10.00,c 12001 10.00',2,'payment for ASM-31','','2018-08-28 07:25:50',0,'2018-08-28 07:25:40',0),(28,0,1,2,2,1,6,2,'2018-06-01 00:00:00','763083',10.0000,'',25,'ASM(32) d 12999 10.00,c 12001 10.00',2,'payment for ASM-32','','2018-08-28 07:25:50',0,'2018-08-28 07:25:40',0),(29,0,1,2,2,1,7,2,'2018-07-01 00:00:00','163850',10.0000,'',25,'ASM(33) d 12999 10.00,c 12001 10.00',2,'payment for ASM-33','','2018-08-28 07:25:51',0,'2018-08-28 07:25:40',0),(30,0,1,2,2,1,8,2,'2018-08-01 00:00:00','721379',10.0000,'',25,'ASM(34) d 12999 10.00,c 12001 10.00',2,'payment for ASM-34','','2018-08-28 07:25:51',0,'2018-08-28 07:25:40',0),(31,0,1,2,2,1,1,2,'2018-02-13 00:00:00','966812',571.4300,'',25,'ASM(35) d 12999 571.43,c 12001 571.43',2,'payment for ASM-35','','2018-08-28 07:25:46',0,'2018-08-28 07:25:40',0),(32,0,1,2,2,1,1,2,'2018-02-13 00:00:00','50113',50.0000,'',25,'ASM(36) d 12999 50.00,c 12001 50.00',2,'payment for ASM-36','','2018-08-28 07:25:46',0,'2018-08-28 07:25:40',0),(33,0,1,2,2,1,1,2,'2018-02-13 00:00:00','440571',5.7100,'',25,'ASM(37) d 12999 5.71,c 12001 5.71',2,'payment for ASM-37','','2018-08-28 07:25:46',0,'2018-08-28 07:25:40',0),(34,0,1,2,2,1,1,2,'2018-02-13 00:00:00','731422',10.0000,'',25,'ASM(38) d 12999 10.00,c 12001 10.00',2,'payment for ASM-38','','2018-08-28 07:25:46',0,'2018-08-28 07:25:40',0),(35,0,1,2,2,1,1,2,'2018-02-13 00:00:00','854123',10.0000,'',25,'ASM(39) d 12999 10.00,c 12001 10.00',2,'payment for ASM-39','','2018-08-28 07:25:46',0,'2018-08-28 07:25:40',0),(36,0,1,3,2,1,3,3,'2018-03-01 00:00:00','728189',1000.0000,'',25,'ASM(41) d 12999 1000.00,c 12001 1000.00',2,'payment for ASM-41','','2018-08-28 07:25:47',0,'2018-08-28 07:25:40',0),(37,0,1,3,2,1,4,3,'2018-04-01 00:00:00','399364',1000.0000,'',25,'ASM(42) d 12999 1000.00,c 12001 1000.00',2,'payment for ASM-42','','2018-08-28 07:25:49',0,'2018-08-28 07:25:40',0),(38,0,1,3,2,1,5,3,'2018-05-01 00:00:00','300587',1000.0000,'',25,'ASM(43) d 12999 1000.00,c 12001 1000.00',2,'payment for ASM-43','','2018-08-28 07:25:50',0,'2018-08-28 07:25:40',0),(39,0,1,3,2,1,6,3,'2018-06-01 00:00:00','546637',1000.0000,'',25,'ASM(44) d 12999 1000.00,c 12001 1000.00',2,'payment for ASM-44','','2018-08-28 07:25:50',0,'2018-08-28 07:25:40',0),(40,0,1,3,2,1,7,3,'2018-07-01 00:00:00','230399',1000.0000,'',25,'ASM(45) d 12999 1000.00,c 12001 1000.00',2,'payment for ASM-45','','2018-08-28 07:25:51',0,'2018-08-28 07:25:40',0),(41,0,1,3,2,1,8,3,'2018-08-01 00:00:00','50629',1000.0000,'',25,'ASM(46) d 12999 1000.00,c 12001 1000.00',2,'payment for ASM-46','','2018-08-28 07:25:51',0,'2018-08-28 07:25:40',0),(42,0,1,3,2,2,2,3,'2018-02-13 00:00:00','508244',2000.0000,'',25,'ASM(47) d 12999 2000.00,c 12001 2000.00',2,'payment for ASM-47','','2018-08-28 07:25:47',0,'2018-08-28 07:25:40',0),(43,0,1,3,2,1,3,3,'2018-03-01 00:00:00','188752',10.0000,'',25,'ASM(49) d 12999 10.00,c 12001 10.00',2,'payment for ASM-49','','2018-08-28 07:25:47',0,'2018-08-28 07:25:40',0),(44,0,1,3,2,1,4,3,'2018-04-01 00:00:00','522529',10.0000,'',25,'ASM(50) d 12999 10.00,c 12001 10.00',2,'payment for ASM-50','','2018-08-28 07:25:49',0,'2018-08-28 07:25:40',0),(45,0,1,3,2,1,5,3,'2018-05-01 00:00:00','122822',10.0000,'',25,'ASM(51) d 12999 10.00,c 12001 10.00',2,'payment for ASM-51','','2018-08-28 07:25:50',0,'2018-08-28 07:25:40',0),(46,0,1,3,2,1,6,3,'2018-06-01 00:00:00','547599',10.0000,'',25,'ASM(52) d 12999 10.00,c 12001 10.00',2,'payment for ASM-52','','2018-08-28 07:25:50',0,'2018-08-28 07:25:40',0),(47,0,1,3,2,1,7,3,'2018-07-01 00:00:00','666788',10.0000,'',25,'ASM(53) d 12999 10.00,c 12001 10.00',2,'payment for ASM-53','','2018-08-28 07:25:51',0,'2018-08-28 07:25:40',0),(48,0,1,3,2,1,8,3,'2018-08-01 00:00:00','737514',10.0000,'',25,'ASM(54) d 12999 10.00,c 12001 10.00',2,'payment for ASM-54','','2018-08-28 07:25:51',0,'2018-08-28 07:25:40',0),(49,0,1,3,2,1,1,3,'2018-02-13 00:00:00','595706',571.4300,'',25,'ASM(55) d 12999 571.43,c 12001 571.43',2,'payment for ASM-55','','2018-08-28 07:25:46',0,'2018-08-28 07:25:40',0),(50,0,1,3,2,1,1,3,'2018-02-13 00:00:00','123796',50.0000,'',25,'ASM(56) d 12999 50.00,c 12001 50.00',2,'payment for ASM-56','','2018-08-28 07:25:46',0,'2018-08-28 07:25:40',0),(51,0,1,3,2,1,1,3,'2018-02-13 00:00:00','256611',5.7100,'',25,'ASM(57) d 12999 5.71,c 12001 5.71',2,'payment for ASM-57','','2018-08-28 07:25:46',0,'2018-08-28 07:25:40',0),(52,0,1,3,2,1,1,3,'2018-02-13 00:00:00','146943',10.0000,'',25,'ASM(58) d 12999 10.00,c 12001 10.00',2,'payment for ASM-58','','2018-08-28 07:25:46',0,'2018-08-28 07:25:40',0),(53,0,1,4,2,1,3,4,'2018-03-01 00:00:00','53511',1500.0000,'',25,'ASM(60) d 12999 1500.00,c 12001 1500.00',2,'payment for ASM-60','','2018-08-28 07:25:47',0,'2018-08-28 07:25:40',0),(54,0,1,4,2,1,4,4,'2018-04-01 00:00:00','471788',1500.0000,'',25,'ASM(61) d 12999 1500.00,c 12001 1500.00',2,'payment for ASM-61','','2018-08-28 07:25:49',0,'2018-08-28 07:25:40',0),(55,0,1,4,2,1,5,4,'2018-05-01 00:00:00','551529',1500.0000,'',25,'ASM(62) d 12999 1500.00,c 12001 1500.00',2,'payment for ASM-62','','2018-08-28 07:25:50',0,'2018-08-28 07:25:40',0),(56,0,1,4,2,1,6,4,'2018-06-01 00:00:00','318900',1500.0000,'',25,'ASM(63) d 12999 1500.00,c 12001 1500.00',2,'payment for ASM-63','','2018-08-28 07:25:50',0,'2018-08-28 07:25:40',0),(57,0,1,4,2,1,7,4,'2018-07-01 00:00:00','32438',1500.0000,'',25,'ASM(64) d 12999 1500.00,c 12001 1500.00',2,'payment for ASM-64','','2018-08-28 07:25:51',0,'2018-08-28 07:25:40',0),(58,0,1,4,2,1,8,4,'2018-08-01 00:00:00','393808',1500.0000,'',25,'ASM(65) d 12999 1500.00,c 12001 1500.00',2,'payment for ASM-65','','2018-08-28 07:25:51',0,'2018-08-28 07:25:40',0),(59,0,1,4,2,2,2,4,'2018-02-13 00:00:00','844559',3000.0000,'',25,'ASM(66) d 12999 3000.00,c 12001 3000.00',2,'payment for ASM-66','','2018-08-28 07:25:47',0,'2018-08-28 07:25:41',0),(60,0,1,4,2,1,3,4,'2018-03-01 00:00:00','545335',10.0000,'',25,'ASM(68) d 12999 10.00,c 12001 10.00',2,'payment for ASM-68','','2018-08-28 07:25:47',0,'2018-08-28 07:25:41',0),(61,0,1,4,2,1,4,4,'2018-04-01 00:00:00','839158',10.0000,'',25,'ASM(69) d 12999 10.00,c 12001 10.00',2,'payment for ASM-69','','2018-08-28 07:25:49',0,'2018-08-28 07:25:41',0),(62,0,1,4,2,1,5,4,'2018-05-01 00:00:00','973902',10.0000,'',25,'ASM(70) d 12999 10.00,c 12001 10.00',2,'payment for ASM-70','','2018-08-28 07:25:50',0,'2018-08-28 07:25:41',0),(63,0,1,4,2,1,6,4,'2018-06-01 00:00:00','608039',10.0000,'',25,'ASM(71) d 12999 10.00,c 12001 10.00',2,'payment for ASM-71','','2018-08-28 07:25:50',0,'2018-08-28 07:25:41',0),(64,0,1,4,2,1,7,4,'2018-07-01 00:00:00','457147',10.0000,'',25,'ASM(72) d 12999 10.00,c 12001 10.00',2,'payment for ASM-72','','2018-08-28 07:25:51',0,'2018-08-28 07:25:41',0),(65,0,1,4,2,1,8,4,'2018-08-01 00:00:00','878397',10.0000,'',25,'ASM(73) d 12999 10.00,c 12001 10.00',2,'payment for ASM-73','','2018-08-28 07:25:51',0,'2018-08-28 07:25:41',0),(66,0,1,4,2,1,1,4,'2018-02-13 00:00:00','743529',857.1400,'',25,'ASM(74) d 12999 857.14,c 12001 857.14',2,'payment for ASM-74','','2018-08-28 07:25:46',0,'2018-08-28 07:25:41',0),(67,0,1,4,2,1,1,4,'2018-02-13 00:00:00','293176',50.0000,'',25,'ASM(75) d 12999 50.00,c 12001 50.00',2,'payment for ASM-75','','2018-08-28 07:25:46',0,'2018-08-28 07:25:41',0),(68,0,1,4,2,1,1,4,'2018-02-13 00:00:00','421338',5.7100,'',25,'ASM(76) d 12999 5.71,c 12001 5.71',2,'payment for ASM-76','','2018-08-28 07:25:46',0,'2018-08-28 07:25:41',0),(69,0,1,4,2,1,1,4,'2018-02-13 00:00:00','831530',10.0000,'',25,'ASM(77) d 12999 10.00,c 12001 10.00',2,'payment for ASM-77','','2018-08-28 07:25:46',0,'2018-08-28 07:25:41',0),(70,0,1,5,2,1,3,5,'2018-03-01 00:00:00','578075',1500.0000,'',25,'ASM(79) d 12999 1500.00,c 12001 1500.00',2,'payment for ASM-79','','2018-08-28 07:25:47',0,'2018-08-28 07:25:41',0),(71,0,1,5,2,1,4,5,'2018-04-01 00:00:00','570741',1500.0000,'',25,'ASM(80) d 12999 1500.00,c 12001 1500.00',2,'payment for ASM-80','','2018-08-28 07:25:49',0,'2018-08-28 07:25:41',0),(72,0,1,5,2,1,5,5,'2018-05-01 00:00:00','8449',1500.0000,'',25,'ASM(81) d 12999 1500.00,c 12001 1500.00',2,'payment for ASM-81','','2018-08-28 07:25:50',0,'2018-08-28 07:25:41',0),(73,0,1,5,2,1,6,5,'2018-06-01 00:00:00','376951',1500.0000,'',25,'ASM(82) d 12999 1500.00,c 12001 1500.00',2,'payment for ASM-82','','2018-08-28 07:25:50',0,'2018-08-28 07:25:41',0),(74,0,1,5,2,1,7,5,'2018-07-01 00:00:00','500304',1500.0000,'',25,'ASM(83) d 12999 1500.00,c 12001 1500.00',2,'payment for ASM-83','','2018-08-28 07:25:51',0,'2018-08-28 07:25:41',0),(75,0,1,5,2,1,8,5,'2018-08-01 00:00:00','495221',1500.0000,'',25,'ASM(84) d 12999 1500.00,c 12001 1500.00',2,'payment for ASM-84','','2018-08-28 07:25:51',0,'2018-08-28 07:25:41',0),(76,0,1,5,2,2,2,5,'2018-02-13 00:00:00','272574',3000.0000,'',25,'ASM(85) d 12999 3000.00,c 12001 3000.00',2,'payment for ASM-85','','2018-08-28 07:25:47',0,'2018-08-28 07:25:41',0),(77,0,1,5,2,1,1,5,'2018-02-13 00:00:00','9439',857.1400,'',25,'ASM(86) d 12999 857.14,c 12001 857.14',2,'payment for ASM-86','','2018-08-28 07:25:46',0,'2018-08-28 07:25:41',0),(78,0,1,5,2,1,1,5,'2018-02-13 00:00:00','912500',10.0000,'',25,'ASM(87) d 12999 10.00,c 12001 10.00',2,'payment for ASM-87','','2018-08-28 07:25:46',0,'2018-08-28 07:25:41',0),(79,0,1,6,2,1,3,6,'2018-03-01 00:00:00','31412',1750.0000,'',25,'ASM(89) d 12999 1750.00,c 12001 1750.00',2,'payment for ASM-89','','2018-08-28 07:25:47',0,'2018-08-28 07:25:41',0),(80,0,1,6,2,1,4,6,'2018-04-01 00:00:00','208989',1750.0000,'',25,'ASM(90) d 12999 1750.00,c 12001 1750.00',2,'payment for ASM-90','','2018-08-28 07:25:49',0,'2018-08-28 07:25:41',0),(81,0,1,6,2,1,5,6,'2018-05-01 00:00:00','684666',1750.0000,'',25,'ASM(91) d 12999 1750.00,c 12001 1750.00',2,'payment for ASM-91','','2018-08-28 07:25:50',0,'2018-08-28 07:25:41',0),(82,0,1,6,2,1,6,6,'2018-06-01 00:00:00','876436',1750.0000,'',25,'ASM(92) d 12999 1750.00,c 12001 1750.00',2,'payment for ASM-92','','2018-08-28 07:25:50',0,'2018-08-28 07:25:41',0),(83,0,1,6,2,1,7,6,'2018-07-01 00:00:00','826867',1750.0000,'',25,'ASM(93) d 12999 1750.00,c 12001 1750.00',2,'payment for ASM-93','','2018-08-28 07:25:51',0,'2018-08-28 07:25:41',0),(84,0,1,6,2,1,8,6,'2018-08-01 00:00:00','660701',1750.0000,'',25,'ASM(94) d 12999 1750.00,c 12001 1750.00',2,'payment for ASM-94','','2018-08-28 07:25:51',0,'2018-08-28 07:25:41',0),(85,0,1,6,2,2,2,6,'2018-02-13 00:00:00','379793',3500.0000,'',25,'ASM(95) d 12999 3500.00,c 12001 3500.00',2,'payment for ASM-95','','2018-08-28 07:25:47',0,'2018-08-28 07:25:41',0),(86,0,1,6,2,1,1,6,'2018-02-13 00:00:00','108884',1000.0000,'',25,'ASM(96) d 12999 1000.00,c 12001 1000.00',2,'payment for ASM-96','','2018-08-28 07:25:46',0,'2018-08-28 07:25:41',0),(87,0,1,6,2,1,1,6,'2018-02-13 00:00:00','84759',10.0000,'',25,'ASM(97) d 12999 10.00,c 12001 10.00',2,'payment for ASM-97','','2018-08-28 07:25:46',0,'2018-08-28 07:25:41',0),(88,0,1,7,2,1,3,7,'2018-03-01 00:00:00','170679',1750.0000,'',25,'ASM(99) d 12999 1750.00,c 12001 1750.00',2,'payment for ASM-99','','2018-08-28 07:25:47',0,'2018-08-28 07:25:41',0),(89,0,1,7,2,1,4,7,'2018-04-01 00:00:00','410736',1750.0000,'',25,'ASM(100) d 12999 1750.00,c 12001 1750.00',2,'payment for ASM-100','','2018-08-28 07:25:49',0,'2018-08-28 07:25:41',0),(90,0,1,7,2,1,5,7,'2018-05-01 00:00:00','549375',1750.0000,'',25,'ASM(101) d 12999 1750.00,c 12001 1750.00',2,'payment for ASM-101','','2018-08-28 07:25:50',0,'2018-08-28 07:25:41',0),(91,0,1,7,2,1,6,7,'2018-06-01 00:00:00','467687',1750.0000,'',25,'ASM(102) d 12999 1750.00,c 12001 1750.00',2,'payment for ASM-102','','2018-08-28 07:25:50',0,'2018-08-28 07:25:41',0),(92,0,1,7,2,1,7,7,'2018-07-01 00:00:00','927497',1750.0000,'',25,'ASM(103) d 12999 1750.00,c 12001 1750.00',2,'payment for ASM-103','','2018-08-28 07:25:51',0,'2018-08-28 07:25:41',0),(93,0,1,7,2,1,8,7,'2018-08-01 00:00:00','488044',1750.0000,'',25,'ASM(104) d 12999 1750.00,c 12001 1750.00',2,'payment for ASM-104','','2018-08-28 07:25:51',0,'2018-08-28 07:25:41',0),(94,0,1,7,2,2,2,7,'2018-02-13 00:00:00','978365',3500.0000,'',25,'ASM(105) d 12999 3500.00,c 12001 3500.00',2,'payment for ASM-105','','2018-08-28 07:25:47',0,'2018-08-28 07:25:41',0),(95,0,1,7,2,1,1,7,'2018-02-13 00:00:00','345915',1000.0000,'',25,'ASM(106) d 12999 1000.00,c 12001 1000.00',2,'payment for ASM-106','','2018-08-28 07:25:46',0,'2018-08-28 07:25:41',0),(96,0,1,7,2,1,1,7,'2018-02-13 00:00:00','393410',10.0000,'',25,'ASM(107) d 12999 10.00,c 12001 10.00',2,'payment for ASM-107','','2018-08-28 07:25:46',0,'2018-08-28 07:25:41',0),(97,0,1,8,2,1,3,8,'2018-03-01 00:00:00','279244',2500.0000,'',25,'ASM(109) d 12999 2500.00,c 12001 2500.00',2,'payment for ASM-109','','2018-08-28 07:25:47',0,'2018-08-28 07:25:41',0),(98,0,1,8,2,1,4,8,'2018-04-01 00:00:00','884247',2500.0000,'',25,'ASM(110) d 12999 2500.00,c 12001 2500.00',2,'payment for ASM-110','','2018-08-28 07:25:49',0,'2018-08-28 07:25:41',0),(99,0,1,8,2,1,5,8,'2018-05-01 00:00:00','172840',2500.0000,'',25,'ASM(111) d 12999 2500.00,c 12001 2500.00',2,'payment for ASM-111','','2018-08-28 07:25:50',0,'2018-08-28 07:25:42',0),(100,0,1,8,2,1,6,8,'2018-06-01 00:00:00','134428',2500.0000,'',25,'ASM(112) d 12999 2500.00,c 12001 2500.00',2,'payment for ASM-112','','2018-08-28 07:25:50',0,'2018-08-28 07:25:42',0),(101,0,1,8,2,1,7,8,'2018-07-01 00:00:00','851786',2500.0000,'',25,'ASM(113) d 12999 2500.00,c 12001 2500.00',2,'payment for ASM-113','','2018-08-28 07:25:51',0,'2018-08-28 07:25:42',0),(102,0,1,8,2,1,8,8,'2018-08-01 00:00:00','397236',2500.0000,'',25,'ASM(114) d 12999 2500.00,c 12001 2500.00',2,'payment for ASM-114','','2018-08-28 07:25:51',0,'2018-08-28 07:25:42',0),(103,0,1,8,2,2,2,8,'2018-02-13 00:00:00','884807',5000.0000,'',25,'ASM(115) d 12999 5000.00,c 12001 5000.00',2,'payment for ASM-115','','2018-08-28 07:25:47',0,'2018-08-28 07:25:42',0),(104,0,1,8,2,1,3,8,'2018-03-01 00:00:00','90989',10.0000,'',25,'ASM(117) d 12999 10.00,c 12001 10.00',2,'payment for ASM-117','','2018-08-28 07:25:47',0,'2018-08-28 07:25:42',0),(105,0,1,8,2,1,4,8,'2018-04-01 00:00:00','742700',10.0000,'',25,'ASM(118) d 12999 10.00,c 12001 10.00',2,'payment for ASM-118','','2018-08-28 07:25:49',0,'2018-08-28 07:25:42',0),(106,0,1,8,2,1,5,8,'2018-05-01 00:00:00','373218',10.0000,'',25,'ASM(119) d 12999 10.00,c 12001 10.00',2,'payment for ASM-119','','2018-08-28 07:25:50',0,'2018-08-28 07:25:42',0),(107,0,1,8,2,1,6,8,'2018-06-01 00:00:00','470758',10.0000,'',25,'ASM(120) d 12999 10.00,c 12001 10.00',2,'payment for ASM-120','','2018-08-28 07:25:50',0,'2018-08-28 07:25:42',0),(108,0,1,8,2,1,7,8,'2018-07-01 00:00:00','714912',10.0000,'',25,'ASM(121) d 12999 10.00,c 12001 10.00',2,'payment for ASM-121','','2018-08-28 07:25:51',0,'2018-08-28 07:25:42',0),(109,0,1,8,2,1,8,8,'2018-08-01 00:00:00','342897',10.0000,'',25,'ASM(122) d 12999 10.00,c 12001 10.00',2,'payment for ASM-122','','2018-08-28 07:25:51',0,'2018-08-28 07:25:42',0),(110,0,1,8,2,1,1,8,'2018-02-13 00:00:00','641749',1428.5700,'',25,'ASM(123) d 12999 1428.57,c 12001 1428.57',2,'payment for ASM-123','','2018-08-28 07:25:46',0,'2018-08-28 07:25:42',0),(111,0,1,8,2,1,1,8,'2018-02-13 00:00:00','765656',50.0000,'',25,'ASM(124) d 12999 50.00,c 12001 50.00',2,'payment for ASM-124','','2018-08-28 07:25:46',0,'2018-08-28 07:25:42',0),(112,0,1,8,2,1,1,8,'2018-02-13 00:00:00','129650',5.7100,'',25,'ASM(125) d 12999 5.71,c 12001 5.71',2,'payment for ASM-125','','2018-08-28 07:25:46',0,'2018-08-28 07:25:42',0),(113,0,1,8,2,1,1,8,'2018-02-13 00:00:00','853140',10.0000,'',25,'ASM(126) d 12999 10.00,c 12001 10.00',2,'payment for ASM-126','','2018-08-28 07:25:46',0,'2018-08-28 07:25:42',0),(114,0,1,9,2,1,3,9,'2018-03-01 00:00:00','649150',2500.0000,'',25,'ASM(128) d 12999 2500.00,c 12001 2500.00',2,'payment for ASM-128','','2018-08-28 07:25:47',0,'2018-08-28 07:25:42',0),(115,0,1,9,2,1,4,9,'2018-04-01 00:00:00','476182',2500.0000,'',25,'ASM(129) d 12999 2500.00,c 12001 2500.00',2,'payment for ASM-129','','2018-08-28 07:25:49',0,'2018-08-28 07:25:42',0),(116,0,1,9,2,1,5,9,'2018-05-01 00:00:00','615080',2500.0000,'',25,'ASM(130) d 12999 2500.00,c 12001 2500.00',2,'payment for ASM-130','','2018-08-28 07:25:50',0,'2018-08-28 07:25:42',0),(117,0,1,9,2,1,6,9,'2018-06-01 00:00:00','623213',2500.0000,'',25,'ASM(131) d 12999 2500.00,c 12001 2500.00',2,'payment for ASM-131','','2018-08-28 07:25:50',0,'2018-08-28 07:25:42',0),(118,0,1,9,2,1,7,9,'2018-07-01 00:00:00','294450',2500.0000,'',25,'ASM(132) d 12999 2500.00,c 12001 2500.00',2,'payment for ASM-132','','2018-08-28 07:25:51',0,'2018-08-28 07:25:42',0),(119,0,1,9,2,1,8,9,'2018-08-01 00:00:00','796056',2500.0000,'',25,'ASM(133) d 12999 2500.00,c 12001 2500.00',2,'payment for ASM-133','','2018-08-28 07:25:51',0,'2018-08-28 07:25:42',0),(120,0,1,9,2,2,2,9,'2018-02-13 00:00:00','416240',5000.0000,'',25,'ASM(134) d 12999 5000.00,c 12001 5000.00',2,'payment for ASM-134','','2018-08-28 07:25:47',0,'2018-08-28 07:25:42',0),(121,0,1,9,2,1,3,9,'2018-03-01 00:00:00','950035',10.0000,'',25,'ASM(136) d 12999 10.00,c 12001 10.00',2,'payment for ASM-136','','2018-08-28 07:25:49',0,'2018-08-28 07:25:42',0),(122,0,1,9,2,1,4,9,'2018-04-01 00:00:00','231514',10.0000,'',25,'ASM(137) d 12999 10.00,c 12001 10.00',2,'payment for ASM-137','','2018-08-28 07:25:49',0,'2018-08-28 07:25:42',0),(123,0,1,9,2,1,5,9,'2018-05-01 00:00:00','765929',10.0000,'',25,'ASM(138) d 12999 10.00,c 12001 10.00',2,'payment for ASM-138','','2018-08-28 07:25:50',0,'2018-08-28 07:25:42',0),(124,0,1,9,2,1,6,9,'2018-06-01 00:00:00','965609',10.0000,'',25,'ASM(139) d 12999 10.00,c 12001 10.00',2,'payment for ASM-139','','2018-08-28 07:25:50',0,'2018-08-28 07:25:42',0),(125,0,1,9,2,1,7,9,'2018-07-01 00:00:00','576466',10.0000,'',25,'ASM(140) d 12999 10.00,c 12001 10.00',2,'payment for ASM-140','','2018-08-28 07:25:51',0,'2018-08-28 07:25:42',0),(126,0,1,9,2,1,8,9,'2018-08-01 00:00:00','568400',10.0000,'',25,'ASM(141) d 12999 10.00,c 12001 10.00',2,'payment for ASM-141','','2018-08-28 07:25:51',0,'2018-08-28 07:25:42',0),(127,0,1,9,2,1,1,9,'2018-02-13 00:00:00','167665',1428.5700,'',25,'ASM(142) d 12999 1428.57,c 12001 1428.57',2,'payment for ASM-142','','2018-08-28 07:25:46',0,'2018-08-28 07:25:42',0),(128,0,1,9,2,1,1,9,'2018-02-13 00:00:00','30433',50.0000,'',25,'ASM(143) d 12999 50.00,c 12001 50.00',2,'payment for ASM-143','','2018-08-28 07:25:46',0,'2018-08-28 07:25:42',0),(129,0,1,9,2,1,1,9,'2018-02-13 00:00:00','75395',5.7100,'',25,'ASM(144) d 12999 5.71,c 12001 5.71',2,'payment for ASM-144','','2018-08-28 07:25:46',0,'2018-08-28 07:25:42',0),(130,0,1,9,2,1,1,9,'2018-02-13 00:00:00','946713',10.0000,'',25,'ASM(145) d 12999 10.00,c 12001 10.00',2,'payment for ASM-145','','2018-08-28 07:25:46',0,'2018-08-28 07:25:42',0),(131,0,1,10,2,1,3,10,'2018-03-01 00:00:00','47840',2500.0000,'',25,'ASM(147) d 12999 2500.00,c 12001 2500.00',2,'payment for ASM-147','','2018-08-28 07:25:49',0,'2018-08-28 07:25:42',0),(132,0,1,10,2,1,4,10,'2018-04-01 00:00:00','3905',2500.0000,'',25,'ASM(148) d 12999 2500.00,c 12001 2500.00',2,'payment for ASM-148','','2018-08-28 07:25:49',0,'2018-08-28 07:25:42',0),(133,0,1,10,2,1,5,10,'2018-05-01 00:00:00','322752',2500.0000,'',25,'ASM(149) d 12999 2500.00,c 12001 2500.00',2,'payment for ASM-149','','2018-08-28 07:25:50',0,'2018-08-28 07:25:42',0),(134,0,1,10,2,1,6,10,'2018-06-01 00:00:00','269217',2500.0000,'',25,'ASM(150) d 12999 2500.00,c 12001 2500.00',2,'payment for ASM-150','','2018-08-28 07:25:50',0,'2018-08-28 07:25:42',0),(135,0,1,10,2,1,7,10,'2018-07-01 00:00:00','313135',2500.0000,'',25,'ASM(151) d 12999 2500.00,c 12001 2500.00',2,'payment for ASM-151','','2018-08-28 07:25:51',0,'2018-08-28 07:25:43',0),(136,0,1,10,2,1,8,10,'2018-08-01 00:00:00','613320',2500.0000,'',25,'ASM(152) d 12999 2500.00,c 12001 2500.00',2,'payment for ASM-152','','2018-08-28 07:25:52',0,'2018-08-28 07:25:43',0),(137,0,1,10,2,2,2,10,'2018-02-13 00:00:00','710666',5000.0000,'',25,'ASM(153) d 12999 5000.00,c 12001 5000.00',2,'payment for ASM-153','','2018-08-28 07:25:47',0,'2018-08-28 07:25:43',0),(138,0,1,10,2,1,3,10,'2018-03-01 00:00:00','778751',10.0000,'',25,'ASM(155) d 12999 10.00,c 12001 10.00',2,'payment for ASM-155','','2018-08-28 07:25:49',0,'2018-08-28 07:25:43',0),(139,0,1,10,2,1,4,10,'2018-04-01 00:00:00','967116',10.0000,'',25,'ASM(156) d 12999 10.00,c 12001 10.00',2,'payment for ASM-156','','2018-08-28 07:25:49',0,'2018-08-28 07:25:43',0),(140,0,1,10,2,1,5,10,'2018-05-01 00:00:00','260190',10.0000,'',25,'ASM(157) d 12999 10.00,c 12001 10.00',2,'payment for ASM-157','','2018-08-28 07:25:50',0,'2018-08-28 07:25:43',0),(141,0,1,10,2,1,6,10,'2018-06-01 00:00:00','875452',10.0000,'',25,'ASM(158) d 12999 10.00,c 12001 10.00',2,'payment for ASM-158','','2018-08-28 07:25:50',0,'2018-08-28 07:25:43',0),(142,0,1,10,2,1,7,10,'2018-07-01 00:00:00','923411',10.0000,'',25,'ASM(159) d 12999 10.00,c 12001 10.00',2,'payment for ASM-159','','2018-08-28 07:25:51',0,'2018-08-28 07:25:43',0),(143,0,1,10,2,1,8,10,'2018-08-01 00:00:00','760367',10.0000,'',25,'ASM(160) d 12999 10.00,c 12001 10.00',2,'payment for ASM-160','','2018-08-28 07:25:52',0,'2018-08-28 07:25:43',0),(144,0,1,10,2,1,1,10,'2018-02-13 00:00:00','48418',1428.5700,'',25,'ASM(161) d 12999 1428.57,c 12001 1428.57',2,'payment for ASM-161','','2018-08-28 07:25:46',0,'2018-08-28 07:25:43',0),(145,0,1,10,2,1,1,10,'2018-02-13 00:00:00','292143',50.0000,'',25,'ASM(162) d 12999 50.00,c 12001 50.00',2,'payment for ASM-162','','2018-08-28 07:25:47',0,'2018-08-28 07:25:43',0),(146,0,1,10,2,1,1,10,'2018-02-13 00:00:00','193442',5.7100,'',25,'ASM(163) d 12999 5.71,c 12001 5.71',2,'payment for ASM-163','','2018-08-28 07:25:47',0,'2018-08-28 07:25:43',0),(147,0,1,10,2,1,1,10,'2018-02-13 00:00:00','437724',10.0000,'',25,'ASM(164) d 12999 10.00,c 12001 10.00',2,'payment for ASM-164','','2018-08-28 07:25:47',0,'2018-08-28 07:25:43',0);
/*!40000 ALTER TABLE `Receipt` ENABLE KEYS */;
UNLOCK TABLES;

--
-- Table structure for table `ReceiptAllocation`
--

DROP TABLE IF EXISTS `ReceiptAllocation`;
/*!40101 SET @saved_cs_client     = @@character_set_client */;
/*!40101 SET character_set_client = utf8 */;
CREATE TABLE `ReceiptAllocation` (
  `RCPAID` bigint(20) NOT NULL AUTO_INCREMENT,
  `RCPTID` bigint(20) NOT NULL DEFAULT '0',
  `BID` bigint(20) NOT NULL DEFAULT '0',
  `RAID` bigint(20) NOT NULL DEFAULT '0',
  `Dt` datetime NOT NULL DEFAULT '1970-01-01 00:00:00',
  `Amount` decimal(19,4) NOT NULL DEFAULT '0.0000',
  `ASMID` bigint(20) NOT NULL DEFAULT '0',
  `FLAGS` bigint(20) NOT NULL DEFAULT '0',
  `AcctRule` varchar(150) NOT NULL DEFAULT '',
  `LastModTime` timestamp NOT NULL DEFAULT CURRENT_TIMESTAMP ON UPDATE CURRENT_TIMESTAMP,
  `LastModBy` bigint(20) NOT NULL DEFAULT '0',
  `CreateTS` timestamp NOT NULL DEFAULT CURRENT_TIMESTAMP,
  `CreateBy` bigint(20) NOT NULL DEFAULT '0',
  PRIMARY KEY (`RCPAID`)
) ENGINE=InnoDB AUTO_INCREMENT=442 DEFAULT CHARSET=utf8;
/*!40101 SET character_set_client = @saved_cs_client */;

--
-- Dumping data for table `ReceiptAllocation`
--

LOCK TABLES `ReceiptAllocation` WRITE;
/*!40000 ALTER TABLE `ReceiptAllocation` DISABLE KEYS */;
INSERT INTO `ReceiptAllocation` VALUES (1,1,1,1,'2018-03-01 00:00:00',1000.0000,0,0,'d 10999 _, c 12999 _','2018-08-28 07:25:39',0,'2018-08-28 07:25:39',0),(2,2,1,1,'2018-04-01 00:00:00',1000.0000,0,0,'d 10999 _, c 12999 _','2018-08-28 07:25:39',0,'2018-08-28 07:25:39',0),(3,3,1,1,'2018-05-01 00:00:00',1000.0000,0,0,'d 10999 _, c 12999 _','2018-08-28 07:25:39',0,'2018-08-28 07:25:39',0),(4,4,1,1,'2018-06-01 00:00:00',1000.0000,0,0,'d 10999 _, c 12999 _','2018-08-28 07:25:39',0,'2018-08-28 07:25:39',0),(5,5,1,1,'2018-07-01 00:00:00',1000.0000,0,0,'d 10999 _, c 12999 _','2018-08-28 07:25:39',0,'2018-08-28 07:25:39',0),(6,6,1,1,'2018-08-01 00:00:00',1000.0000,0,0,'d 10999 _, c 12999 _','2018-08-28 07:25:39',0,'2018-08-28 07:25:39',0),(7,7,1,1,'2018-02-13 00:00:00',2000.0000,0,0,'d 10999 _, c 12999 _','2018-08-28 07:25:39',0,'2018-08-28 07:25:39',0),(8,8,1,1,'2018-03-01 00:00:00',10.0000,0,0,'d 10999 _, c 12999 _','2018-08-28 07:25:39',0,'2018-08-28 07:25:39',0),(9,9,1,1,'2018-04-01 00:00:00',10.0000,0,0,'d 10999 _, c 12999 _','2018-08-28 07:25:39',0,'2018-08-28 07:25:39',0),(10,10,1,1,'2018-05-01 00:00:00',10.0000,0,0,'d 10999 _, c 12999 _','2018-08-28 07:25:39',0,'2018-08-28 07:25:39',0),(11,11,1,1,'2018-06-01 00:00:00',10.0000,0,0,'d 10999 _, c 12999 _','2018-08-28 07:25:39',0,'2018-08-28 07:25:39',0),(12,12,1,1,'2018-07-01 00:00:00',10.0000,0,0,'d 10999 _, c 12999 _','2018-08-28 07:25:39',0,'2018-08-28 07:25:39',0),(13,13,1,1,'2018-08-01 00:00:00',10.0000,0,0,'d 10999 _, c 12999 _','2018-08-28 07:25:39',0,'2018-08-28 07:25:39',0),(14,14,1,1,'2018-02-13 00:00:00',571.4300,0,0,'d 10999 _, c 12999 _','2018-08-28 07:25:39',0,'2018-08-28 07:25:39',0),(15,15,1,1,'2018-02-13 00:00:00',50.0000,0,0,'d 10999 _, c 12999 _','2018-08-28 07:25:39',0,'2018-08-28 07:25:39',0),(16,16,1,1,'2018-02-13 00:00:00',5.7100,0,0,'d 10999 _, c 12999 _','2018-08-28 07:25:39',0,'2018-08-28 07:25:39',0),(17,17,1,1,'2018-02-13 00:00:00',10.0000,0,0,'d 10999 _, c 12999 _','2018-08-28 07:25:39',0,'2018-08-28 07:25:39',0),(18,18,1,2,'2018-03-01 00:00:00',1000.0000,0,0,'d 10999 _, c 12999 _','2018-08-28 07:25:39',0,'2018-08-28 07:25:39',0),(19,19,1,2,'2018-04-01 00:00:00',1000.0000,0,0,'d 10999 _, c 12999 _','2018-08-28 07:25:39',0,'2018-08-28 07:25:39',0),(20,20,1,2,'2018-05-01 00:00:00',1000.0000,0,0,'d 10999 _, c 12999 _','2018-08-28 07:25:39',0,'2018-08-28 07:25:39',0),(21,21,1,2,'2018-06-01 00:00:00',1000.0000,0,0,'d 10999 _, c 12999 _','2018-08-28 07:25:40',0,'2018-08-28 07:25:40',0),(22,22,1,2,'2018-07-01 00:00:00',1000.0000,0,0,'d 10999 _, c 12999 _','2018-08-28 07:25:40',0,'2018-08-28 07:25:40',0),(23,23,1,2,'2018-08-01 00:00:00',1000.0000,0,0,'d 10999 _, c 12999 _','2018-08-28 07:25:40',0,'2018-08-28 07:25:40',0),(24,24,1,2,'2018-02-13 00:00:00',2000.0000,0,0,'d 10999 _, c 12999 _','2018-08-28 07:25:40',0,'2018-08-28 07:25:40',0),(25,25,1,2,'2018-03-01 00:00:00',10.0000,0,0,'d 10999 _, c 12999 _','2018-08-28 07:25:40',0,'2018-08-28 07:25:40',0),(26,26,1,2,'2018-04-01 00:00:00',10.0000,0,0,'d 10999 _, c 12999 _','2018-08-28 07:25:40',0,'2018-08-28 07:25:40',0),(27,27,1,2,'2018-05-01 00:00:00',10.0000,0,0,'d 10999 _, c 12999 _','2018-08-28 07:25:40',0,'2018-08-28 07:25:40',0),(28,28,1,2,'2018-06-01 00:00:00',10.0000,0,0,'d 10999 _, c 12999 _','2018-08-28 07:25:40',0,'2018-08-28 07:25:40',0),(29,29,1,2,'2018-07-01 00:00:00',10.0000,0,0,'d 10999 _, c 12999 _','2018-08-28 07:25:40',0,'2018-08-28 07:25:40',0),(30,30,1,2,'2018-08-01 00:00:00',10.0000,0,0,'d 10999 _, c 12999 _','2018-08-28 07:25:40',0,'2018-08-28 07:25:40',0),(31,31,1,2,'2018-02-13 00:00:00',571.4300,0,0,'d 10999 _, c 12999 _','2018-08-28 07:25:40',0,'2018-08-28 07:25:40',0),(32,32,1,2,'2018-02-13 00:00:00',50.0000,0,0,'d 10999 _, c 12999 _','2018-08-28 07:25:40',0,'2018-08-28 07:25:40',0),(33,33,1,2,'2018-02-13 00:00:00',5.7100,0,0,'d 10999 _, c 12999 _','2018-08-28 07:25:40',0,'2018-08-28 07:25:40',0),(34,34,1,2,'2018-02-13 00:00:00',10.0000,0,0,'d 10999 _, c 12999 _','2018-08-28 07:25:40',0,'2018-08-28 07:25:40',0),(35,35,1,2,'2018-02-13 00:00:00',10.0000,0,0,'d 10999 _, c 12999 _','2018-08-28 07:25:40',0,'2018-08-28 07:25:40',0),(36,36,1,3,'2018-03-01 00:00:00',1000.0000,0,0,'d 10999 _, c 12999 _','2018-08-28 07:25:40',0,'2018-08-28 07:25:40',0),(37,37,1,3,'2018-04-01 00:00:00',1000.0000,0,0,'d 10999 _, c 12999 _','2018-08-28 07:25:40',0,'2018-08-28 07:25:40',0),(38,38,1,3,'2018-05-01 00:00:00',1000.0000,0,0,'d 10999 _, c 12999 _','2018-08-28 07:25:40',0,'2018-08-28 07:25:40',0),(39,39,1,3,'2018-06-01 00:00:00',1000.0000,0,0,'d 10999 _, c 12999 _','2018-08-28 07:25:40',0,'2018-08-28 07:25:40',0),(40,40,1,3,'2018-07-01 00:00:00',1000.0000,0,0,'d 10999 _, c 12999 _','2018-08-28 07:25:40',0,'2018-08-28 07:25:40',0),(41,41,1,3,'2018-08-01 00:00:00',1000.0000,0,0,'d 10999 _, c 12999 _','2018-08-28 07:25:40',0,'2018-08-28 07:25:40',0),(42,42,1,3,'2018-02-13 00:00:00',2000.0000,0,0,'d 10999 _, c 12999 _','2018-08-28 07:25:40',0,'2018-08-28 07:25:40',0),(43,43,1,3,'2018-03-01 00:00:00',10.0000,0,0,'d 10999 _, c 12999 _','2018-08-28 07:25:40',0,'2018-08-28 07:25:40',0),(44,44,1,3,'2018-04-01 00:00:00',10.0000,0,0,'d 10999 _, c 12999 _','2018-08-28 07:25:40',0,'2018-08-28 07:25:40',0),(45,45,1,3,'2018-05-01 00:00:00',10.0000,0,0,'d 10999 _, c 12999 _','2018-08-28 07:25:40',0,'2018-08-28 07:25:40',0),(46,46,1,3,'2018-06-01 00:00:00',10.0000,0,0,'d 10999 _, c 12999 _','2018-08-28 07:25:40',0,'2018-08-28 07:25:40',0),(47,47,1,3,'2018-07-01 00:00:00',10.0000,0,0,'d 10999 _, c 12999 _','2018-08-28 07:25:40',0,'2018-08-28 07:25:40',0),(48,48,1,3,'2018-08-01 00:00:00',10.0000,0,0,'d 10999 _, c 12999 _','2018-08-28 07:25:40',0,'2018-08-28 07:25:40',0),(49,49,1,3,'2018-02-13 00:00:00',571.4300,0,0,'d 10999 _, c 12999 _','2018-08-28 07:25:40',0,'2018-08-28 07:25:40',0),(50,50,1,3,'2018-02-13 00:00:00',50.0000,0,0,'d 10999 _, c 12999 _','2018-08-28 07:25:40',0,'2018-08-28 07:25:40',0),(51,51,1,3,'2018-02-13 00:00:00',5.7100,0,0,'d 10999 _, c 12999 _','2018-08-28 07:25:40',0,'2018-08-28 07:25:40',0),(52,52,1,3,'2018-02-13 00:00:00',10.0000,0,0,'d 10999 _, c 12999 _','2018-08-28 07:25:40',0,'2018-08-28 07:25:40',0),(53,53,1,4,'2018-03-01 00:00:00',1500.0000,0,0,'d 10999 _, c 12999 _','2018-08-28 07:25:40',0,'2018-08-28 07:25:40',0),(54,54,1,4,'2018-04-01 00:00:00',1500.0000,0,0,'d 10999 _, c 12999 _','2018-08-28 07:25:40',0,'2018-08-28 07:25:40',0),(55,55,1,4,'2018-05-01 00:00:00',1500.0000,0,0,'d 10999 _, c 12999 _','2018-08-28 07:25:40',0,'2018-08-28 07:25:40',0),(56,56,1,4,'2018-06-01 00:00:00',1500.0000,0,0,'d 10999 _, c 12999 _','2018-08-28 07:25:40',0,'2018-08-28 07:25:40',0),(57,57,1,4,'2018-07-01 00:00:00',1500.0000,0,0,'d 10999 _, c 12999 _','2018-08-28 07:25:40',0,'2018-08-28 07:25:40',0),(58,58,1,4,'2018-08-01 00:00:00',1500.0000,0,0,'d 10999 _, c 12999 _','2018-08-28 07:25:40',0,'2018-08-28 07:25:40',0),(59,59,1,4,'2018-02-13 00:00:00',3000.0000,0,0,'d 10999 _, c 12999 _','2018-08-28 07:25:41',0,'2018-08-28 07:25:41',0),(60,60,1,4,'2018-03-01 00:00:00',10.0000,0,0,'d 10999 _, c 12999 _','2018-08-28 07:25:41',0,'2018-08-28 07:25:41',0),(61,61,1,4,'2018-04-01 00:00:00',10.0000,0,0,'d 10999 _, c 12999 _','2018-08-28 07:25:41',0,'2018-08-28 07:25:41',0),(62,62,1,4,'2018-05-01 00:00:00',10.0000,0,0,'d 10999 _, c 12999 _','2018-08-28 07:25:41',0,'2018-08-28 07:25:41',0),(63,63,1,4,'2018-06-01 00:00:00',10.0000,0,0,'d 10999 _, c 12999 _','2018-08-28 07:25:41',0,'2018-08-28 07:25:41',0),(64,64,1,4,'2018-07-01 00:00:00',10.0000,0,0,'d 10999 _, c 12999 _','2018-08-28 07:25:41',0,'2018-08-28 07:25:41',0),(65,65,1,4,'2018-08-01 00:00:00',10.0000,0,0,'d 10999 _, c 12999 _','2018-08-28 07:25:41',0,'2018-08-28 07:25:41',0),(66,66,1,4,'2018-02-13 00:00:00',857.1400,0,0,'d 10999 _, c 12999 _','2018-08-28 07:25:41',0,'2018-08-28 07:25:41',0),(67,67,1,4,'2018-02-13 00:00:00',50.0000,0,0,'d 10999 _, c 12999 _','2018-08-28 07:25:41',0,'2018-08-28 07:25:41',0),(68,68,1,4,'2018-02-13 00:00:00',5.7100,0,0,'d 10999 _, c 12999 _','2018-08-28 07:25:41',0,'2018-08-28 07:25:41',0),(69,69,1,4,'2018-02-13 00:00:00',10.0000,0,0,'d 10999 _, c 12999 _','2018-08-28 07:25:41',0,'2018-08-28 07:25:41',0),(70,70,1,5,'2018-03-01 00:00:00',1500.0000,0,0,'d 10999 _, c 12999 _','2018-08-28 07:25:41',0,'2018-08-28 07:25:41',0),(71,71,1,5,'2018-04-01 00:00:00',1500.0000,0,0,'d 10999 _, c 12999 _','2018-08-28 07:25:41',0,'2018-08-28 07:25:41',0),(72,72,1,5,'2018-05-01 00:00:00',1500.0000,0,0,'d 10999 _, c 12999 _','2018-08-28 07:25:41',0,'2018-08-28 07:25:41',0),(73,73,1,5,'2018-06-01 00:00:00',1500.0000,0,0,'d 10999 _, c 12999 _','2018-08-28 07:25:41',0,'2018-08-28 07:25:41',0),(74,74,1,5,'2018-07-01 00:00:00',1500.0000,0,0,'d 10999 _, c 12999 _','2018-08-28 07:25:41',0,'2018-08-28 07:25:41',0),(75,75,1,5,'2018-08-01 00:00:00',1500.0000,0,0,'d 10999 _, c 12999 _','2018-08-28 07:25:41',0,'2018-08-28 07:25:41',0),(76,76,1,5,'2018-02-13 00:00:00',3000.0000,0,0,'d 10999 _, c 12999 _','2018-08-28 07:25:41',0,'2018-08-28 07:25:41',0),(77,77,1,5,'2018-02-13 00:00:00',857.1400,0,0,'d 10999 _, c 12999 _','2018-08-28 07:25:41',0,'2018-08-28 07:25:41',0),(78,78,1,5,'2018-02-13 00:00:00',10.0000,0,0,'d 10999 _, c 12999 _','2018-08-28 07:25:41',0,'2018-08-28 07:25:41',0),(79,79,1,6,'2018-03-01 00:00:00',1750.0000,0,0,'d 10999 _, c 12999 _','2018-08-28 07:25:41',0,'2018-08-28 07:25:41',0),(80,80,1,6,'2018-04-01 00:00:00',1750.0000,0,0,'d 10999 _, c 12999 _','2018-08-28 07:25:41',0,'2018-08-28 07:25:41',0),(81,81,1,6,'2018-05-01 00:00:00',1750.0000,0,0,'d 10999 _, c 12999 _','2018-08-28 07:25:41',0,'2018-08-28 07:25:41',0),(82,82,1,6,'2018-06-01 00:00:00',1750.0000,0,0,'d 10999 _, c 12999 _','2018-08-28 07:25:41',0,'2018-08-28 07:25:41',0),(83,83,1,6,'2018-07-01 00:00:00',1750.0000,0,0,'d 10999 _, c 12999 _','2018-08-28 07:25:41',0,'2018-08-28 07:25:41',0),(84,84,1,6,'2018-08-01 00:00:00',1750.0000,0,0,'d 10999 _, c 12999 _','2018-08-28 07:25:41',0,'2018-08-28 07:25:41',0),(85,85,1,6,'2018-02-13 00:00:00',3500.0000,0,0,'d 10999 _, c 12999 _','2018-08-28 07:25:41',0,'2018-08-28 07:25:41',0),(86,86,1,6,'2018-02-13 00:00:00',1000.0000,0,0,'d 10999 _, c 12999 _','2018-08-28 07:25:41',0,'2018-08-28 07:25:41',0),(87,87,1,6,'2018-02-13 00:00:00',10.0000,0,0,'d 10999 _, c 12999 _','2018-08-28 07:25:41',0,'2018-08-28 07:25:41',0),(88,88,1,7,'2018-03-01 00:00:00',1750.0000,0,0,'d 10999 _, c 12999 _','2018-08-28 07:25:41',0,'2018-08-28 07:25:41',0),(89,89,1,7,'2018-04-01 00:00:00',1750.0000,0,0,'d 10999 _, c 12999 _','2018-08-28 07:25:41',0,'2018-08-28 07:25:41',0),(90,90,1,7,'2018-05-01 00:00:00',1750.0000,0,0,'d 10999 _, c 12999 _','2018-08-28 07:25:41',0,'2018-08-28 07:25:41',0),(91,91,1,7,'2018-06-01 00:00:00',1750.0000,0,0,'d 10999 _, c 12999 _','2018-08-28 07:25:41',0,'2018-08-28 07:25:41',0),(92,92,1,7,'2018-07-01 00:00:00',1750.0000,0,0,'d 10999 _, c 12999 _','2018-08-28 07:25:41',0,'2018-08-28 07:25:41',0),(93,93,1,7,'2018-08-01 00:00:00',1750.0000,0,0,'d 10999 _, c 12999 _','2018-08-28 07:25:41',0,'2018-08-28 07:25:41',0),(94,94,1,7,'2018-02-13 00:00:00',3500.0000,0,0,'d 10999 _, c 12999 _','2018-08-28 07:25:41',0,'2018-08-28 07:25:41',0),(95,95,1,7,'2018-02-13 00:00:00',1000.0000,0,0,'d 10999 _, c 12999 _','2018-08-28 07:25:41',0,'2018-08-28 07:25:41',0),(96,96,1,7,'2018-02-13 00:00:00',10.0000,0,0,'d 10999 _, c 12999 _','2018-08-28 07:25:41',0,'2018-08-28 07:25:41',0),(97,97,1,8,'2018-03-01 00:00:00',2500.0000,0,0,'d 10999 _, c 12999 _','2018-08-28 07:25:41',0,'2018-08-28 07:25:41',0),(98,98,1,8,'2018-04-01 00:00:00',2500.0000,0,0,'d 10999 _, c 12999 _','2018-08-28 07:25:41',0,'2018-08-28 07:25:41',0),(99,99,1,8,'2018-05-01 00:00:00',2500.0000,0,0,'d 10999 _, c 12999 _','2018-08-28 07:25:42',0,'2018-08-28 07:25:42',0),(100,100,1,8,'2018-06-01 00:00:00',2500.0000,0,0,'d 10999 _, c 12999 _','2018-08-28 07:25:42',0,'2018-08-28 07:25:42',0),(101,101,1,8,'2018-07-01 00:00:00',2500.0000,0,0,'d 10999 _, c 12999 _','2018-08-28 07:25:42',0,'2018-08-28 07:25:42',0),(102,102,1,8,'2018-08-01 00:00:00',2500.0000,0,0,'d 10999 _, c 12999 _','2018-08-28 07:25:42',0,'2018-08-28 07:25:42',0),(103,103,1,8,'2018-02-13 00:00:00',5000.0000,0,0,'d 10999 _, c 12999 _','2018-08-28 07:25:42',0,'2018-08-28 07:25:42',0),(104,104,1,8,'2018-03-01 00:00:00',10.0000,0,0,'d 10999 _, c 12999 _','2018-08-28 07:25:42',0,'2018-08-28 07:25:42',0),(105,105,1,8,'2018-04-01 00:00:00',10.0000,0,0,'d 10999 _, c 12999 _','2018-08-28 07:25:42',0,'2018-08-28 07:25:42',0),(106,106,1,8,'2018-05-01 00:00:00',10.0000,0,0,'d 10999 _, c 12999 _','2018-08-28 07:25:42',0,'2018-08-28 07:25:42',0),(107,107,1,8,'2018-06-01 00:00:00',10.0000,0,0,'d 10999 _, c 12999 _','2018-08-28 07:25:42',0,'2018-08-28 07:25:42',0),(108,108,1,8,'2018-07-01 00:00:00',10.0000,0,0,'d 10999 _, c 12999 _','2018-08-28 07:25:42',0,'2018-08-28 07:25:42',0),(109,109,1,8,'2018-08-01 00:00:00',10.0000,0,0,'d 10999 _, c 12999 _','2018-08-28 07:25:42',0,'2018-08-28 07:25:42',0),(110,110,1,8,'2018-02-13 00:00:00',1428.5700,0,0,'d 10999 _, c 12999 _','2018-08-28 07:25:42',0,'2018-08-28 07:25:42',0),(111,111,1,8,'2018-02-13 00:00:00',50.0000,0,0,'d 10999 _, c 12999 _','2018-08-28 07:25:42',0,'2018-08-28 07:25:42',0),(112,112,1,8,'2018-02-13 00:00:00',5.7100,0,0,'d 10999 _, c 12999 _','2018-08-28 07:25:42',0,'2018-08-28 07:25:42',0),(113,113,1,8,'2018-02-13 00:00:00',10.0000,0,0,'d 10999 _, c 12999 _','2018-08-28 07:25:42',0,'2018-08-28 07:25:42',0),(114,114,1,9,'2018-03-01 00:00:00',2500.0000,0,0,'d 10999 _, c 12999 _','2018-08-28 07:25:42',0,'2018-08-28 07:25:42',0),(115,115,1,9,'2018-04-01 00:00:00',2500.0000,0,0,'d 10999 _, c 12999 _','2018-08-28 07:25:42',0,'2018-08-28 07:25:42',0),(116,116,1,9,'2018-05-01 00:00:00',2500.0000,0,0,'d 10999 _, c 12999 _','2018-08-28 07:25:42',0,'2018-08-28 07:25:42',0),(117,117,1,9,'2018-06-01 00:00:00',2500.0000,0,0,'d 10999 _, c 12999 _','2018-08-28 07:25:42',0,'2018-08-28 07:25:42',0),(118,118,1,9,'2018-07-01 00:00:00',2500.0000,0,0,'d 10999 _, c 12999 _','2018-08-28 07:25:42',0,'2018-08-28 07:25:42',0),(119,119,1,9,'2018-08-01 00:00:00',2500.0000,0,0,'d 10999 _, c 12999 _','2018-08-28 07:25:42',0,'2018-08-28 07:25:42',0),(120,120,1,9,'2018-02-13 00:00:00',5000.0000,0,0,'d 10999 _, c 12999 _','2018-08-28 07:25:42',0,'2018-08-28 07:25:42',0),(121,121,1,9,'2018-03-01 00:00:00',10.0000,0,0,'d 10999 _, c 12999 _','2018-08-28 07:25:42',0,'2018-08-28 07:25:42',0),(122,122,1,9,'2018-04-01 00:00:00',10.0000,0,0,'d 10999 _, c 12999 _','2018-08-28 07:25:42',0,'2018-08-28 07:25:42',0),(123,123,1,9,'2018-05-01 00:00:00',10.0000,0,0,'d 10999 _, c 12999 _','2018-08-28 07:25:42',0,'2018-08-28 07:25:42',0),(124,124,1,9,'2018-06-01 00:00:00',10.0000,0,0,'d 10999 _, c 12999 _','2018-08-28 07:25:42',0,'2018-08-28 07:25:42',0),(125,125,1,9,'2018-07-01 00:00:00',10.0000,0,0,'d 10999 _, c 12999 _','2018-08-28 07:25:42',0,'2018-08-28 07:25:42',0),(126,126,1,9,'2018-08-01 00:00:00',10.0000,0,0,'d 10999 _, c 12999 _','2018-08-28 07:25:42',0,'2018-08-28 07:25:42',0),(127,127,1,9,'2018-02-13 00:00:00',1428.5700,0,0,'d 10999 _, c 12999 _','2018-08-28 07:25:42',0,'2018-08-28 07:25:42',0),(128,128,1,9,'2018-02-13 00:00:00',50.0000,0,0,'d 10999 _, c 12999 _','2018-08-28 07:25:42',0,'2018-08-28 07:25:42',0),(129,129,1,9,'2018-02-13 00:00:00',5.7100,0,0,'d 10999 _, c 12999 _','2018-08-28 07:25:42',0,'2018-08-28 07:25:42',0),(130,130,1,9,'2018-02-13 00:00:00',10.0000,0,0,'d 10999 _, c 12999 _','2018-08-28 07:25:42',0,'2018-08-28 07:25:42',0),(131,131,1,10,'2018-03-01 00:00:00',2500.0000,0,0,'d 10999 _, c 12999 _','2018-08-28 07:25:42',0,'2018-08-28 07:25:42',0),(132,132,1,10,'2018-04-01 00:00:00',2500.0000,0,0,'d 10999 _, c 12999 _','2018-08-28 07:25:42',0,'2018-08-28 07:25:42',0),(133,133,1,10,'2018-05-01 00:00:00',2500.0000,0,0,'d 10999 _, c 12999 _','2018-08-28 07:25:42',0,'2018-08-28 07:25:42',0),(134,134,1,10,'2018-06-01 00:00:00',2500.0000,0,0,'d 10999 _, c 12999 _','2018-08-28 07:25:42',0,'2018-08-28 07:25:42',0),(135,135,1,10,'2018-07-01 00:00:00',2500.0000,0,0,'d 10999 _, c 12999 _','2018-08-28 07:25:43',0,'2018-08-28 07:25:43',0),(136,136,1,10,'2018-08-01 00:00:00',2500.0000,0,0,'d 10999 _, c 12999 _','2018-08-28 07:25:43',0,'2018-08-28 07:25:43',0),(137,137,1,10,'2018-02-13 00:00:00',5000.0000,0,0,'d 10999 _, c 12999 _','2018-08-28 07:25:43',0,'2018-08-28 07:25:43',0),(138,138,1,10,'2018-03-01 00:00:00',10.0000,0,0,'d 10999 _, c 12999 _','2018-08-28 07:25:43',0,'2018-08-28 07:25:43',0),(139,139,1,10,'2018-04-01 00:00:00',10.0000,0,0,'d 10999 _, c 12999 _','2018-08-28 07:25:43',0,'2018-08-28 07:25:43',0),(140,140,1,10,'2018-05-01 00:00:00',10.0000,0,0,'d 10999 _, c 12999 _','2018-08-28 07:25:43',0,'2018-08-28 07:25:43',0),(141,141,1,10,'2018-06-01 00:00:00',10.0000,0,0,'d 10999 _, c 12999 _','2018-08-28 07:25:43',0,'2018-08-28 07:25:43',0),(142,142,1,10,'2018-07-01 00:00:00',10.0000,0,0,'d 10999 _, c 12999 _','2018-08-28 07:25:43',0,'2018-08-28 07:25:43',0),(143,143,1,10,'2018-08-01 00:00:00',10.0000,0,0,'d 10999 _, c 12999 _','2018-08-28 07:25:43',0,'2018-08-28 07:25:43',0),(144,144,1,10,'2018-02-13 00:00:00',1428.5700,0,0,'d 10999 _, c 12999 _','2018-08-28 07:25:43',0,'2018-08-28 07:25:43',0),(145,145,1,10,'2018-02-13 00:00:00',50.0000,0,0,'d 10999 _, c 12999 _','2018-08-28 07:25:43',0,'2018-08-28 07:25:43',0),(146,146,1,10,'2018-02-13 00:00:00',5.7100,0,0,'d 10999 _, c 12999 _','2018-08-28 07:25:43',0,'2018-08-28 07:25:43',0),(147,147,1,10,'2018-02-13 00:00:00',10.0000,0,0,'d 10999 _, c 12999 _','2018-08-28 07:25:43',0,'2018-08-28 07:25:43',0),(148,120,1,9,'2018-02-13 00:00:00',5000.0000,134,0,'ASM(134) d 12999 5000.00,c 12001 5000.00','2018-08-28 07:25:43',0,'2018-08-28 07:25:43',0),(149,127,1,9,'2018-02-13 00:00:00',1428.5700,142,0,'ASM(142) d 12999 1428.57,c 12001 1428.57','2018-08-28 07:25:43',0,'2018-08-28 07:25:43',0),(150,128,1,9,'2018-02-13 00:00:00',50.0000,143,0,'ASM(143) d 12999 50.00,c 12001 50.00','2018-08-28 07:25:43',0,'2018-08-28 07:25:43',0),(151,129,1,9,'2018-02-13 00:00:00',5.7100,144,0,'ASM(144) d 12999 5.71,c 12001 5.71','2018-08-28 07:25:43',0,'2018-08-28 07:25:43',0),(152,130,1,9,'2018-02-13 00:00:00',10.0000,145,0,'ASM(145) d 12999 10.00,c 12001 10.00','2018-08-28 07:25:43',0,'2018-08-28 07:25:43',0),(153,114,1,9,'2018-03-01 00:00:00',2500.0000,128,0,'ASM(128) d 12999 2500.00,c 12001 2500.00','2018-08-28 07:25:43',0,'2018-08-28 07:25:43',0),(154,121,1,9,'2018-03-01 00:00:00',10.0000,136,0,'ASM(136) d 12999 10.00,c 12001 10.00','2018-08-28 07:25:43',0,'2018-08-28 07:25:43',0),(155,115,1,9,'2018-04-01 00:00:00',2500.0000,129,0,'ASM(129) d 12999 2500.00,c 12001 2500.00','2018-08-28 07:25:43',0,'2018-08-28 07:25:43',0),(156,122,1,9,'2018-04-01 00:00:00',10.0000,137,0,'ASM(137) d 12999 10.00,c 12001 10.00','2018-08-28 07:25:43',0,'2018-08-28 07:25:43',0),(157,116,1,9,'2018-05-01 00:00:00',2500.0000,130,0,'ASM(130) d 12999 2500.00,c 12001 2500.00','2018-08-28 07:25:43',0,'2018-08-28 07:25:43',0),(158,123,1,9,'2018-05-01 00:00:00',10.0000,138,0,'ASM(138) d 12999 10.00,c 12001 10.00','2018-08-28 07:25:43',0,'2018-08-28 07:25:43',0),(159,117,1,9,'2018-06-01 00:00:00',2500.0000,131,0,'ASM(131) d 12999 2500.00,c 12001 2500.00','2018-08-28 07:25:43',0,'2018-08-28 07:25:43',0),(160,124,1,9,'2018-06-01 00:00:00',10.0000,139,0,'ASM(139) d 12999 10.00,c 12001 10.00','2018-08-28 07:25:43',0,'2018-08-28 07:25:43',0),(161,118,1,9,'2018-07-01 00:00:00',2500.0000,132,0,'ASM(132) d 12999 2500.00,c 12001 2500.00','2018-08-28 07:25:43',0,'2018-08-28 07:25:43',0),(162,125,1,9,'2018-07-01 00:00:00',10.0000,140,0,'ASM(140) d 12999 10.00,c 12001 10.00','2018-08-28 07:25:43',0,'2018-08-28 07:25:43',0),(163,119,1,9,'2018-08-01 00:00:00',2500.0000,133,0,'ASM(133) d 12999 2500.00,c 12001 2500.00','2018-08-28 07:25:43',0,'2018-08-28 07:25:43',0),(164,126,1,9,'2018-08-01 00:00:00',10.0000,141,0,'ASM(141) d 12999 10.00,c 12001 10.00','2018-08-28 07:25:43',0,'2018-08-28 07:25:43',0),(165,7,1,1,'2018-02-13 00:00:00',2000.0000,8,0,'ASM(8) d 12999 2000.00,c 12001 2000.00','2018-08-28 07:25:43',0,'2018-08-28 07:25:43',0),(166,14,1,1,'2018-02-13 00:00:00',571.4300,16,0,'ASM(16) d 12999 571.43,c 12001 571.43','2018-08-28 07:25:43',0,'2018-08-28 07:25:43',0),(167,15,1,1,'2018-02-13 00:00:00',50.0000,17,0,'ASM(17) d 12999 50.00,c 12001 50.00','2018-08-28 07:25:43',0,'2018-08-28 07:25:43',0),(168,16,1,1,'2018-02-13 00:00:00',5.7100,18,0,'ASM(18) d 12999 5.71,c 12001 5.71','2018-08-28 07:25:43',0,'2018-08-28 07:25:43',0),(169,17,1,1,'2018-02-13 00:00:00',10.0000,19,0,'ASM(19) d 12999 10.00,c 12001 10.00','2018-08-28 07:25:43',0,'2018-08-28 07:25:43',0),(170,1,1,1,'2018-03-01 00:00:00',1000.0000,2,0,'ASM(2) d 12999 1000.00,c 12001 1000.00','2018-08-28 07:25:43',0,'2018-08-28 07:25:43',0),(171,8,1,1,'2018-03-01 00:00:00',10.0000,10,0,'ASM(10) d 12999 10.00,c 12001 10.00','2018-08-28 07:25:43',0,'2018-08-28 07:25:43',0),(172,2,1,1,'2018-04-01 00:00:00',1000.0000,3,0,'ASM(3) d 12999 1000.00,c 12001 1000.00','2018-08-28 07:25:43',0,'2018-08-28 07:25:43',0),(173,9,1,1,'2018-04-01 00:00:00',10.0000,11,0,'ASM(11) d 12999 10.00,c 12001 10.00','2018-08-28 07:25:43',0,'2018-08-28 07:25:43',0),(174,3,1,1,'2018-05-01 00:00:00',1000.0000,4,0,'ASM(4) d 12999 1000.00,c 12001 1000.00','2018-08-28 07:25:43',0,'2018-08-28 07:25:43',0),(175,10,1,1,'2018-05-01 00:00:00',10.0000,12,0,'ASM(12) d 12999 10.00,c 12001 10.00','2018-08-28 07:25:43',0,'2018-08-28 07:25:43',0),(176,4,1,1,'2018-06-01 00:00:00',1000.0000,5,0,'ASM(5) d 12999 1000.00,c 12001 1000.00','2018-08-28 07:25:43',0,'2018-08-28 07:25:43',0),(177,11,1,1,'2018-06-01 00:00:00',10.0000,13,0,'ASM(13) d 12999 10.00,c 12001 10.00','2018-08-28 07:25:43',0,'2018-08-28 07:25:43',0),(178,5,1,1,'2018-07-01 00:00:00',1000.0000,6,0,'ASM(6) d 12999 1000.00,c 12001 1000.00','2018-08-28 07:25:43',0,'2018-08-28 07:25:43',0),(179,12,1,1,'2018-07-01 00:00:00',10.0000,14,0,'ASM(14) d 12999 10.00,c 12001 10.00','2018-08-28 07:25:43',0,'2018-08-28 07:25:43',0),(180,6,1,1,'2018-08-01 00:00:00',1000.0000,7,0,'ASM(7) d 12999 1000.00,c 12001 1000.00','2018-08-28 07:25:43',0,'2018-08-28 07:25:43',0),(181,13,1,1,'2018-08-01 00:00:00',10.0000,15,0,'ASM(15) d 12999 10.00,c 12001 10.00','2018-08-28 07:25:43',0,'2018-08-28 07:25:43',0),(182,24,1,2,'2018-02-13 00:00:00',2000.0000,27,0,'ASM(27) d 12999 2000.00,c 12001 2000.00','2018-08-28 07:25:43',0,'2018-08-28 07:25:43',0),(183,31,1,2,'2018-02-13 00:00:00',571.4300,35,0,'ASM(35) d 12999 571.43,c 12001 571.43','2018-08-28 07:25:43',0,'2018-08-28 07:25:43',0),(184,32,1,2,'2018-02-13 00:00:00',50.0000,36,0,'ASM(36) d 12999 50.00,c 12001 50.00','2018-08-28 07:25:44',0,'2018-08-28 07:25:44',0),(185,33,1,2,'2018-02-13 00:00:00',5.7100,37,0,'ASM(37) d 12999 5.71,c 12001 5.71','2018-08-28 07:25:44',0,'2018-08-28 07:25:44',0),(186,34,1,2,'2018-02-13 00:00:00',10.0000,38,0,'ASM(38) d 12999 10.00,c 12001 10.00','2018-08-28 07:25:44',0,'2018-08-28 07:25:44',0),(187,35,1,2,'2018-02-13 00:00:00',10.0000,39,0,'ASM(39) d 12999 10.00,c 12001 10.00','2018-08-28 07:25:44',0,'2018-08-28 07:25:44',0),(188,18,1,2,'2018-03-01 00:00:00',1000.0000,21,0,'ASM(21) d 12999 1000.00,c 12001 1000.00','2018-08-28 07:25:44',0,'2018-08-28 07:25:44',0),(189,25,1,2,'2018-03-01 00:00:00',10.0000,29,0,'ASM(29) d 12999 10.00,c 12001 10.00','2018-08-28 07:25:44',0,'2018-08-28 07:25:44',0),(190,19,1,2,'2018-04-01 00:00:00',1000.0000,22,0,'ASM(22) d 12999 1000.00,c 12001 1000.00','2018-08-28 07:25:44',0,'2018-08-28 07:25:44',0),(191,26,1,2,'2018-04-01 00:00:00',10.0000,30,0,'ASM(30) d 12999 10.00,c 12001 10.00','2018-08-28 07:25:44',0,'2018-08-28 07:25:44',0),(192,20,1,2,'2018-05-01 00:00:00',1000.0000,23,0,'ASM(23) d 12999 1000.00,c 12001 1000.00','2018-08-28 07:25:44',0,'2018-08-28 07:25:44',0),(193,27,1,2,'2018-05-01 00:00:00',10.0000,31,0,'ASM(31) d 12999 10.00,c 12001 10.00','2018-08-28 07:25:44',0,'2018-08-28 07:25:44',0),(194,21,1,2,'2018-06-01 00:00:00',1000.0000,24,0,'ASM(24) d 12999 1000.00,c 12001 1000.00','2018-08-28 07:25:44',0,'2018-08-28 07:25:44',0),(195,28,1,2,'2018-06-01 00:00:00',10.0000,32,0,'ASM(32) d 12999 10.00,c 12001 10.00','2018-08-28 07:25:44',0,'2018-08-28 07:25:44',0),(196,22,1,2,'2018-07-01 00:00:00',1000.0000,25,0,'ASM(25) d 12999 1000.00,c 12001 1000.00','2018-08-28 07:25:44',0,'2018-08-28 07:25:44',0),(197,29,1,2,'2018-07-01 00:00:00',10.0000,33,0,'ASM(33) d 12999 10.00,c 12001 10.00','2018-08-28 07:25:44',0,'2018-08-28 07:25:44',0),(198,23,1,2,'2018-08-01 00:00:00',1000.0000,26,0,'ASM(26) d 12999 1000.00,c 12001 1000.00','2018-08-28 07:25:44',0,'2018-08-28 07:25:44',0),(199,30,1,2,'2018-08-01 00:00:00',10.0000,34,0,'ASM(34) d 12999 10.00,c 12001 10.00','2018-08-28 07:25:44',0,'2018-08-28 07:25:44',0),(200,76,1,5,'2018-02-13 00:00:00',3000.0000,85,0,'ASM(85) d 12999 3000.00,c 12001 3000.00','2018-08-28 07:25:44',0,'2018-08-28 07:25:44',0),(201,77,1,5,'2018-02-13 00:00:00',857.1400,86,0,'ASM(86) d 12999 857.14,c 12001 857.14','2018-08-28 07:25:44',0,'2018-08-28 07:25:44',0),(202,78,1,5,'2018-02-13 00:00:00',10.0000,87,0,'ASM(87) d 12999 10.00,c 12001 10.00','2018-08-28 07:25:44',0,'2018-08-28 07:25:44',0),(203,70,1,5,'2018-03-01 00:00:00',1500.0000,79,0,'ASM(79) d 12999 1500.00,c 12001 1500.00','2018-08-28 07:25:44',0,'2018-08-28 07:25:44',0),(204,71,1,5,'2018-04-01 00:00:00',1500.0000,80,0,'ASM(80) d 12999 1500.00,c 12001 1500.00','2018-08-28 07:25:44',0,'2018-08-28 07:25:44',0),(205,72,1,5,'2018-05-01 00:00:00',1500.0000,81,0,'ASM(81) d 12999 1500.00,c 12001 1500.00','2018-08-28 07:25:44',0,'2018-08-28 07:25:44',0),(206,73,1,5,'2018-06-01 00:00:00',1500.0000,82,0,'ASM(82) d 12999 1500.00,c 12001 1500.00','2018-08-28 07:25:44',0,'2018-08-28 07:25:44',0),(207,74,1,5,'2018-07-01 00:00:00',1500.0000,83,0,'ASM(83) d 12999 1500.00,c 12001 1500.00','2018-08-28 07:25:44',0,'2018-08-28 07:25:44',0),(208,75,1,5,'2018-08-01 00:00:00',1500.0000,84,0,'ASM(84) d 12999 1500.00,c 12001 1500.00','2018-08-28 07:25:44',0,'2018-08-28 07:25:44',0),(209,103,1,8,'2018-02-13 00:00:00',5000.0000,115,0,'ASM(115) d 12999 5000.00,c 12001 5000.00','2018-08-28 07:25:44',0,'2018-08-28 07:25:44',0),(210,110,1,8,'2018-02-13 00:00:00',1428.5700,123,0,'ASM(123) d 12999 1428.57,c 12001 1428.57','2018-08-28 07:25:44',0,'2018-08-28 07:25:44',0),(211,111,1,8,'2018-02-13 00:00:00',50.0000,124,0,'ASM(124) d 12999 50.00,c 12001 50.00','2018-08-28 07:25:44',0,'2018-08-28 07:25:44',0),(212,112,1,8,'2018-02-13 00:00:00',5.7100,125,0,'ASM(125) d 12999 5.71,c 12001 5.71','2018-08-28 07:25:44',0,'2018-08-28 07:25:44',0),(213,113,1,8,'2018-02-13 00:00:00',10.0000,126,0,'ASM(126) d 12999 10.00,c 12001 10.00','2018-08-28 07:25:44',0,'2018-08-28 07:25:44',0),(214,97,1,8,'2018-03-01 00:00:00',2500.0000,109,0,'ASM(109) d 12999 2500.00,c 12001 2500.00','2018-08-28 07:25:44',0,'2018-08-28 07:25:44',0),(215,104,1,8,'2018-03-01 00:00:00',10.0000,117,0,'ASM(117) d 12999 10.00,c 12001 10.00','2018-08-28 07:25:44',0,'2018-08-28 07:25:44',0),(216,98,1,8,'2018-04-01 00:00:00',2500.0000,110,0,'ASM(110) d 12999 2500.00,c 12001 2500.00','2018-08-28 07:25:44',0,'2018-08-28 07:25:44',0),(217,105,1,8,'2018-04-01 00:00:00',10.0000,118,0,'ASM(118) d 12999 10.00,c 12001 10.00','2018-08-28 07:25:44',0,'2018-08-28 07:25:44',0),(218,99,1,8,'2018-05-01 00:00:00',2500.0000,111,0,'ASM(111) d 12999 2500.00,c 12001 2500.00','2018-08-28 07:25:44',0,'2018-08-28 07:25:44',0),(219,106,1,8,'2018-05-01 00:00:00',10.0000,119,0,'ASM(119) d 12999 10.00,c 12001 10.00','2018-08-28 07:25:44',0,'2018-08-28 07:25:44',0),(220,100,1,8,'2018-06-01 00:00:00',2500.0000,112,0,'ASM(112) d 12999 2500.00,c 12001 2500.00','2018-08-28 07:25:44',0,'2018-08-28 07:25:44',0),(221,107,1,8,'2018-06-01 00:00:00',10.0000,120,0,'ASM(120) d 12999 10.00,c 12001 10.00','2018-08-28 07:25:44',0,'2018-08-28 07:25:44',0),(222,101,1,8,'2018-07-01 00:00:00',2500.0000,113,0,'ASM(113) d 12999 2500.00,c 12001 2500.00','2018-08-28 07:25:44',0,'2018-08-28 07:25:44',0),(223,108,1,8,'2018-07-01 00:00:00',10.0000,121,0,'ASM(121) d 12999 10.00,c 12001 10.00','2018-08-28 07:25:44',0,'2018-08-28 07:25:44',0),(224,102,1,8,'2018-08-01 00:00:00',2500.0000,114,0,'ASM(114) d 12999 2500.00,c 12001 2500.00','2018-08-28 07:25:44',0,'2018-08-28 07:25:44',0),(225,109,1,8,'2018-08-01 00:00:00',10.0000,122,0,'ASM(122) d 12999 10.00,c 12001 10.00','2018-08-28 07:25:44',0,'2018-08-28 07:25:44',0),(226,137,1,10,'2018-02-13 00:00:00',5000.0000,153,0,'ASM(153) d 12999 5000.00,c 12001 5000.00','2018-08-28 07:25:44',0,'2018-08-28 07:25:44',0),(227,144,1,10,'2018-02-13 00:00:00',1428.5700,161,0,'ASM(161) d 12999 1428.57,c 12001 1428.57','2018-08-28 07:25:44',0,'2018-08-28 07:25:44',0),(228,145,1,10,'2018-02-13 00:00:00',50.0000,162,0,'ASM(162) d 12999 50.00,c 12001 50.00','2018-08-28 07:25:44',0,'2018-08-28 07:25:44',0),(229,146,1,10,'2018-02-13 00:00:00',5.7100,163,0,'ASM(163) d 12999 5.71,c 12001 5.71','2018-08-28 07:25:44',0,'2018-08-28 07:25:44',0),(230,147,1,10,'2018-02-13 00:00:00',10.0000,164,0,'ASM(164) d 12999 10.00,c 12001 10.00','2018-08-28 07:25:44',0,'2018-08-28 07:25:44',0),(231,131,1,10,'2018-03-01 00:00:00',2500.0000,147,0,'ASM(147) d 12999 2500.00,c 12001 2500.00','2018-08-28 07:25:44',0,'2018-08-28 07:25:44',0),(232,138,1,10,'2018-03-01 00:00:00',10.0000,155,0,'ASM(155) d 12999 10.00,c 12001 10.00','2018-08-28 07:25:44',0,'2018-08-28 07:25:44',0),(233,132,1,10,'2018-04-01 00:00:00',2500.0000,148,0,'ASM(148) d 12999 2500.00,c 12001 2500.00','2018-08-28 07:25:44',0,'2018-08-28 07:25:44',0),(234,139,1,10,'2018-04-01 00:00:00',10.0000,156,0,'ASM(156) d 12999 10.00,c 12001 10.00','2018-08-28 07:25:44',0,'2018-08-28 07:25:44',0),(235,133,1,10,'2018-05-01 00:00:00',2500.0000,149,0,'ASM(149) d 12999 2500.00,c 12001 2500.00','2018-08-28 07:25:44',0,'2018-08-28 07:25:44',0),(236,140,1,10,'2018-05-01 00:00:00',10.0000,157,0,'ASM(157) d 12999 10.00,c 12001 10.00','2018-08-28 07:25:44',0,'2018-08-28 07:25:44',0),(237,134,1,10,'2018-06-01 00:00:00',2500.0000,150,0,'ASM(150) d 12999 2500.00,c 12001 2500.00','2018-08-28 07:25:44',0,'2018-08-28 07:25:44',0),(238,141,1,10,'2018-06-01 00:00:00',10.0000,158,0,'ASM(158) d 12999 10.00,c 12001 10.00','2018-08-28 07:25:44',0,'2018-08-28 07:25:44',0),(239,135,1,10,'2018-07-01 00:00:00',2500.0000,151,0,'ASM(151) d 12999 2500.00,c 12001 2500.00','2018-08-28 07:25:44',0,'2018-08-28 07:25:44',0),(240,142,1,10,'2018-07-01 00:00:00',10.0000,159,0,'ASM(159) d 12999 10.00,c 12001 10.00','2018-08-28 07:25:44',0,'2018-08-28 07:25:44',0),(241,136,1,10,'2018-08-01 00:00:00',2500.0000,152,0,'ASM(152) d 12999 2500.00,c 12001 2500.00','2018-08-28 07:25:44',0,'2018-08-28 07:25:44',0),(242,143,1,10,'2018-08-01 00:00:00',10.0000,160,0,'ASM(160) d 12999 10.00,c 12001 10.00','2018-08-28 07:25:44',0,'2018-08-28 07:25:44',0),(243,42,1,3,'2018-02-13 00:00:00',2000.0000,47,0,'ASM(47) d 12999 2000.00,c 12001 2000.00','2018-08-28 07:25:45',0,'2018-08-28 07:25:45',0),(244,49,1,3,'2018-02-13 00:00:00',571.4300,55,0,'ASM(55) d 12999 571.43,c 12001 571.43','2018-08-28 07:25:45',0,'2018-08-28 07:25:45',0),(245,50,1,3,'2018-02-13 00:00:00',50.0000,56,0,'ASM(56) d 12999 50.00,c 12001 50.00','2018-08-28 07:25:45',0,'2018-08-28 07:25:45',0),(246,51,1,3,'2018-02-13 00:00:00',5.7100,57,0,'ASM(57) d 12999 5.71,c 12001 5.71','2018-08-28 07:25:45',0,'2018-08-28 07:25:45',0),(247,52,1,3,'2018-02-13 00:00:00',10.0000,58,0,'ASM(58) d 12999 10.00,c 12001 10.00','2018-08-28 07:25:45',0,'2018-08-28 07:25:45',0),(248,36,1,3,'2018-03-01 00:00:00',1000.0000,41,0,'ASM(41) d 12999 1000.00,c 12001 1000.00','2018-08-28 07:25:45',0,'2018-08-28 07:25:45',0),(249,43,1,3,'2018-03-01 00:00:00',10.0000,49,0,'ASM(49) d 12999 10.00,c 12001 10.00','2018-08-28 07:25:45',0,'2018-08-28 07:25:45',0),(250,37,1,3,'2018-04-01 00:00:00',1000.0000,42,0,'ASM(42) d 12999 1000.00,c 12001 1000.00','2018-08-28 07:25:45',0,'2018-08-28 07:25:45',0),(251,44,1,3,'2018-04-01 00:00:00',10.0000,50,0,'ASM(50) d 12999 10.00,c 12001 10.00','2018-08-28 07:25:45',0,'2018-08-28 07:25:45',0),(252,38,1,3,'2018-05-01 00:00:00',1000.0000,43,0,'ASM(43) d 12999 1000.00,c 12001 1000.00','2018-08-28 07:25:45',0,'2018-08-28 07:25:45',0),(253,45,1,3,'2018-05-01 00:00:00',10.0000,51,0,'ASM(51) d 12999 10.00,c 12001 10.00','2018-08-28 07:25:45',0,'2018-08-28 07:25:45',0),(254,39,1,3,'2018-06-01 00:00:00',1000.0000,44,0,'ASM(44) d 12999 1000.00,c 12001 1000.00','2018-08-28 07:25:45',0,'2018-08-28 07:25:45',0),(255,46,1,3,'2018-06-01 00:00:00',10.0000,52,0,'ASM(52) d 12999 10.00,c 12001 10.00','2018-08-28 07:25:45',0,'2018-08-28 07:25:45',0),(256,40,1,3,'2018-07-01 00:00:00',1000.0000,45,0,'ASM(45) d 12999 1000.00,c 12001 1000.00','2018-08-28 07:25:45',0,'2018-08-28 07:25:45',0),(257,47,1,3,'2018-07-01 00:00:00',10.0000,53,0,'ASM(53) d 12999 10.00,c 12001 10.00','2018-08-28 07:25:45',0,'2018-08-28 07:25:45',0),(258,41,1,3,'2018-08-01 00:00:00',1000.0000,46,0,'ASM(46) d 12999 1000.00,c 12001 1000.00','2018-08-28 07:25:45',0,'2018-08-28 07:25:45',0),(259,48,1,3,'2018-08-01 00:00:00',10.0000,54,0,'ASM(54) d 12999 10.00,c 12001 10.00','2018-08-28 07:25:45',0,'2018-08-28 07:25:45',0),(260,59,1,4,'2018-02-13 00:00:00',3000.0000,66,0,'ASM(66) d 12999 3000.00,c 12001 3000.00','2018-08-28 07:25:45',0,'2018-08-28 07:25:45',0),(261,66,1,4,'2018-02-13 00:00:00',857.1400,74,0,'ASM(74) d 12999 857.14,c 12001 857.14','2018-08-28 07:25:45',0,'2018-08-28 07:25:45',0),(262,67,1,4,'2018-02-13 00:00:00',50.0000,75,0,'ASM(75) d 12999 50.00,c 12001 50.00','2018-08-28 07:25:45',0,'2018-08-28 07:25:45',0),(263,68,1,4,'2018-02-13 00:00:00',5.7100,76,0,'ASM(76) d 12999 5.71,c 12001 5.71','2018-08-28 07:25:45',0,'2018-08-28 07:25:45',0),(264,69,1,4,'2018-02-13 00:00:00',10.0000,77,0,'ASM(77) d 12999 10.00,c 12001 10.00','2018-08-28 07:25:45',0,'2018-08-28 07:25:45',0),(265,53,1,4,'2018-03-01 00:00:00',1500.0000,60,0,'ASM(60) d 12999 1500.00,c 12001 1500.00','2018-08-28 07:25:45',0,'2018-08-28 07:25:45',0),(266,60,1,4,'2018-03-01 00:00:00',10.0000,68,0,'ASM(68) d 12999 10.00,c 12001 10.00','2018-08-28 07:25:45',0,'2018-08-28 07:25:45',0),(267,54,1,4,'2018-04-01 00:00:00',1500.0000,61,0,'ASM(61) d 12999 1500.00,c 12001 1500.00','2018-08-28 07:25:45',0,'2018-08-28 07:25:45',0),(268,61,1,4,'2018-04-01 00:00:00',10.0000,69,0,'ASM(69) d 12999 10.00,c 12001 10.00','2018-08-28 07:25:45',0,'2018-08-28 07:25:45',0),(269,55,1,4,'2018-05-01 00:00:00',1500.0000,62,0,'ASM(62) d 12999 1500.00,c 12001 1500.00','2018-08-28 07:25:45',0,'2018-08-28 07:25:45',0),(270,62,1,4,'2018-05-01 00:00:00',10.0000,70,0,'ASM(70) d 12999 10.00,c 12001 10.00','2018-08-28 07:25:45',0,'2018-08-28 07:25:45',0),(271,56,1,4,'2018-06-01 00:00:00',1500.0000,63,0,'ASM(63) d 12999 1500.00,c 12001 1500.00','2018-08-28 07:25:45',0,'2018-08-28 07:25:45',0),(272,63,1,4,'2018-06-01 00:00:00',10.0000,71,0,'ASM(71) d 12999 10.00,c 12001 10.00','2018-08-28 07:25:45',0,'2018-08-28 07:25:45',0),(273,57,1,4,'2018-07-01 00:00:00',1500.0000,64,0,'ASM(64) d 12999 1500.00,c 12001 1500.00','2018-08-28 07:25:45',0,'2018-08-28 07:25:45',0),(274,64,1,4,'2018-07-01 00:00:00',10.0000,72,0,'ASM(72) d 12999 10.00,c 12001 10.00','2018-08-28 07:25:45',0,'2018-08-28 07:25:45',0),(275,58,1,4,'2018-08-01 00:00:00',1500.0000,65,0,'ASM(65) d 12999 1500.00,c 12001 1500.00','2018-08-28 07:25:45',0,'2018-08-28 07:25:45',0),(276,65,1,4,'2018-08-01 00:00:00',10.0000,73,0,'ASM(73) d 12999 10.00,c 12001 10.00','2018-08-28 07:25:45',0,'2018-08-28 07:25:45',0),(277,85,1,6,'2018-02-13 00:00:00',3500.0000,95,0,'ASM(95) d 12999 3500.00,c 12001 3500.00','2018-08-28 07:25:45',0,'2018-08-28 07:25:45',0),(278,86,1,6,'2018-02-13 00:00:00',1000.0000,96,0,'ASM(96) d 12999 1000.00,c 12001 1000.00','2018-08-28 07:25:45',0,'2018-08-28 07:25:45',0),(279,87,1,6,'2018-02-13 00:00:00',10.0000,97,0,'ASM(97) d 12999 10.00,c 12001 10.00','2018-08-28 07:25:45',0,'2018-08-28 07:25:45',0),(280,79,1,6,'2018-03-01 00:00:00',1750.0000,89,0,'ASM(89) d 12999 1750.00,c 12001 1750.00','2018-08-28 07:25:45',0,'2018-08-28 07:25:45',0),(281,80,1,6,'2018-04-01 00:00:00',1750.0000,90,0,'ASM(90) d 12999 1750.00,c 12001 1750.00','2018-08-28 07:25:45',0,'2018-08-28 07:25:45',0),(282,81,1,6,'2018-05-01 00:00:00',1750.0000,91,0,'ASM(91) d 12999 1750.00,c 12001 1750.00','2018-08-28 07:25:45',0,'2018-08-28 07:25:45',0),(283,82,1,6,'2018-06-01 00:00:00',1750.0000,92,0,'ASM(92) d 12999 1750.00,c 12001 1750.00','2018-08-28 07:25:45',0,'2018-08-28 07:25:45',0),(284,83,1,6,'2018-07-01 00:00:00',1750.0000,93,0,'ASM(93) d 12999 1750.00,c 12001 1750.00','2018-08-28 07:25:45',0,'2018-08-28 07:25:45',0),(285,84,1,6,'2018-08-01 00:00:00',1750.0000,94,0,'ASM(94) d 12999 1750.00,c 12001 1750.00','2018-08-28 07:25:45',0,'2018-08-28 07:25:45',0),(286,94,1,7,'2018-02-13 00:00:00',3500.0000,105,0,'ASM(105) d 12999 3500.00,c 12001 3500.00','2018-08-28 07:25:45',0,'2018-08-28 07:25:45',0),(287,95,1,7,'2018-02-13 00:00:00',1000.0000,106,0,'ASM(106) d 12999 1000.00,c 12001 1000.00','2018-08-28 07:25:45',0,'2018-08-28 07:25:45',0),(288,96,1,7,'2018-02-13 00:00:00',10.0000,107,0,'ASM(107) d 12999 10.00,c 12001 10.00','2018-08-28 07:25:45',0,'2018-08-28 07:25:45',0),(289,88,1,7,'2018-03-01 00:00:00',1750.0000,99,0,'ASM(99) d 12999 1750.00,c 12001 1750.00','2018-08-28 07:25:45',0,'2018-08-28 07:25:45',0),(290,89,1,7,'2018-04-01 00:00:00',1750.0000,100,0,'ASM(100) d 12999 1750.00,c 12001 1750.00','2018-08-28 07:25:45',0,'2018-08-28 07:25:45',0),(291,90,1,7,'2018-05-01 00:00:00',1750.0000,101,0,'ASM(101) d 12999 1750.00,c 12001 1750.00','2018-08-28 07:25:45',0,'2018-08-28 07:25:45',0),(292,91,1,7,'2018-06-01 00:00:00',1750.0000,102,0,'ASM(102) d 12999 1750.00,c 12001 1750.00','2018-08-28 07:25:45',0,'2018-08-28 07:25:45',0),(293,92,1,7,'2018-07-01 00:00:00',1750.0000,103,0,'ASM(103) d 12999 1750.00,c 12001 1750.00','2018-08-28 07:25:45',0,'2018-08-28 07:25:45',0),(294,93,1,7,'2018-08-01 00:00:00',1750.0000,104,0,'ASM(104) d 12999 1750.00,c 12001 1750.00','2018-08-28 07:25:45',0,'2018-08-28 07:25:45',0),(295,14,1,1,'2018-02-13 00:00:00',571.4300,0,0,'d 10105 _, c 10999 _','2018-08-28 07:25:46',0,'2018-08-28 07:25:46',0),(296,15,1,1,'2018-02-13 00:00:00',50.0000,0,0,'d 10105 _, c 10999 _','2018-08-28 07:25:46',0,'2018-08-28 07:25:46',0),(297,16,1,1,'2018-02-13 00:00:00',5.7100,0,0,'d 10105 _, c 10999 _','2018-08-28 07:25:46',0,'2018-08-28 07:25:46',0),(298,17,1,1,'2018-02-13 00:00:00',10.0000,0,0,'d 10105 _, c 10999 _','2018-08-28 07:25:46',0,'2018-08-28 07:25:46',0),(299,31,1,2,'2018-02-13 00:00:00',571.4300,0,0,'d 10105 _, c 10999 _','2018-08-28 07:25:46',0,'2018-08-28 07:25:46',0),(300,32,1,2,'2018-02-13 00:00:00',50.0000,0,0,'d 10105 _, c 10999 _','2018-08-28 07:25:46',0,'2018-08-28 07:25:46',0),(301,33,1,2,'2018-02-13 00:00:00',5.7100,0,0,'d 10105 _, c 10999 _','2018-08-28 07:25:46',0,'2018-08-28 07:25:46',0),(302,34,1,2,'2018-02-13 00:00:00',10.0000,0,0,'d 10105 _, c 10999 _','2018-08-28 07:25:46',0,'2018-08-28 07:25:46',0),(303,35,1,2,'2018-02-13 00:00:00',10.0000,0,0,'d 10105 _, c 10999 _','2018-08-28 07:25:46',0,'2018-08-28 07:25:46',0),(304,49,1,3,'2018-02-13 00:00:00',571.4300,0,0,'d 10105 _, c 10999 _','2018-08-28 07:25:46',0,'2018-08-28 07:25:46',0),(305,50,1,3,'2018-02-13 00:00:00',50.0000,0,0,'d 10105 _, c 10999 _','2018-08-28 07:25:46',0,'2018-08-28 07:25:46',0),(306,51,1,3,'2018-02-13 00:00:00',5.7100,0,0,'d 10105 _, c 10999 _','2018-08-28 07:25:46',0,'2018-08-28 07:25:46',0),(307,52,1,3,'2018-02-13 00:00:00',10.0000,0,0,'d 10105 _, c 10999 _','2018-08-28 07:25:46',0,'2018-08-28 07:25:46',0),(308,66,1,4,'2018-02-13 00:00:00',857.1400,0,0,'d 10105 _, c 10999 _','2018-08-28 07:25:46',0,'2018-08-28 07:25:46',0),(309,67,1,4,'2018-02-13 00:00:00',50.0000,0,0,'d 10105 _, c 10999 _','2018-08-28 07:25:46',0,'2018-08-28 07:25:46',0),(310,68,1,4,'2018-02-13 00:00:00',5.7100,0,0,'d 10105 _, c 10999 _','2018-08-28 07:25:46',0,'2018-08-28 07:25:46',0),(311,69,1,4,'2018-02-13 00:00:00',10.0000,0,0,'d 10105 _, c 10999 _','2018-08-28 07:25:46',0,'2018-08-28 07:25:46',0),(312,77,1,5,'2018-02-13 00:00:00',857.1400,0,0,'d 10105 _, c 10999 _','2018-08-28 07:25:46',0,'2018-08-28 07:25:46',0),(313,78,1,5,'2018-02-13 00:00:00',10.0000,0,0,'d 10105 _, c 10999 _','2018-08-28 07:25:46',0,'2018-08-28 07:25:46',0),(314,86,1,6,'2018-02-13 00:00:00',1000.0000,0,0,'d 10105 _, c 10999 _','2018-08-28 07:25:46',0,'2018-08-28 07:25:46',0),(315,87,1,6,'2018-02-13 00:00:00',10.0000,0,0,'d 10105 _, c 10999 _','2018-08-28 07:25:46',0,'2018-08-28 07:25:46',0),(316,95,1,7,'2018-02-13 00:00:00',1000.0000,0,0,'d 10105 _, c 10999 _','2018-08-28 07:25:46',0,'2018-08-28 07:25:46',0),(317,96,1,7,'2018-02-13 00:00:00',10.0000,0,0,'d 10105 _, c 10999 _','2018-08-28 07:25:46',0,'2018-08-28 07:25:46',0),(318,110,1,8,'2018-02-13 00:00:00',1428.5700,0,0,'d 10105 _, c 10999 _','2018-08-28 07:25:46',0,'2018-08-28 07:25:46',0),(319,111,1,8,'2018-02-13 00:00:00',50.0000,0,0,'d 10105 _, c 10999 _','2018-08-28 07:25:46',0,'2018-08-28 07:25:46',0),(320,112,1,8,'2018-02-13 00:00:00',5.7100,0,0,'d 10105 _, c 10999 _','2018-08-28 07:25:46',0,'2018-08-28 07:25:46',0),(321,113,1,8,'2018-02-13 00:00:00',10.0000,0,0,'d 10105 _, c 10999 _','2018-08-28 07:25:46',0,'2018-08-28 07:25:46',0),(322,127,1,9,'2018-02-13 00:00:00',1428.5700,0,0,'d 10105 _, c 10999 _','2018-08-28 07:25:46',0,'2018-08-28 07:25:46',0),(323,128,1,9,'2018-02-13 00:00:00',50.0000,0,0,'d 10105 _, c 10999 _','2018-08-28 07:25:46',0,'2018-08-28 07:25:46',0),(324,129,1,9,'2018-02-13 00:00:00',5.7100,0,0,'d 10105 _, c 10999 _','2018-08-28 07:25:46',0,'2018-08-28 07:25:46',0),(325,130,1,9,'2018-02-13 00:00:00',10.0000,0,0,'d 10105 _, c 10999 _','2018-08-28 07:25:46',0,'2018-08-28 07:25:46',0),(326,144,1,10,'2018-02-13 00:00:00',1428.5700,0,0,'d 10105 _, c 10999 _','2018-08-28 07:25:47',0,'2018-08-28 07:25:47',0),(327,145,1,10,'2018-02-13 00:00:00',50.0000,0,0,'d 10105 _, c 10999 _','2018-08-28 07:25:47',0,'2018-08-28 07:25:47',0),(328,146,1,10,'2018-02-13 00:00:00',5.7100,0,0,'d 10105 _, c 10999 _','2018-08-28 07:25:47',0,'2018-08-28 07:25:47',0),(329,147,1,10,'2018-02-13 00:00:00',10.0000,0,0,'d 10105 _, c 10999 _','2018-08-28 07:25:47',0,'2018-08-28 07:25:47',0),(330,7,1,1,'2018-02-13 00:00:00',2000.0000,0,0,'d 10104 _, c 10999 _','2018-08-28 07:25:47',0,'2018-08-28 07:25:47',0),(331,24,1,2,'2018-02-13 00:00:00',2000.0000,0,0,'d 10104 _, c 10999 _','2018-08-28 07:25:47',0,'2018-08-28 07:25:47',0),(332,42,1,3,'2018-02-13 00:00:00',2000.0000,0,0,'d 10104 _, c 10999 _','2018-08-28 07:25:47',0,'2018-08-28 07:25:47',0),(333,59,1,4,'2018-02-13 00:00:00',3000.0000,0,0,'d 10104 _, c 10999 _','2018-08-28 07:25:47',0,'2018-08-28 07:25:47',0),(334,76,1,5,'2018-02-13 00:00:00',3000.0000,0,0,'d 10104 _, c 10999 _','2018-08-28 07:25:47',0,'2018-08-28 07:25:47',0),(335,85,1,6,'2018-02-13 00:00:00',3500.0000,0,0,'d 10104 _, c 10999 _','2018-08-28 07:25:47',0,'2018-08-28 07:25:47',0),(336,94,1,7,'2018-02-13 00:00:00',3500.0000,0,0,'d 10104 _, c 10999 _','2018-08-28 07:25:47',0,'2018-08-28 07:25:47',0),(337,103,1,8,'2018-02-13 00:00:00',5000.0000,0,0,'d 10104 _, c 10999 _','2018-08-28 07:25:47',0,'2018-08-28 07:25:47',0),(338,120,1,9,'2018-02-13 00:00:00',5000.0000,0,0,'d 10104 _, c 10999 _','2018-08-28 07:25:47',0,'2018-08-28 07:25:47',0),(339,137,1,10,'2018-02-13 00:00:00',5000.0000,0,0,'d 10104 _, c 10999 _','2018-08-28 07:25:47',0,'2018-08-28 07:25:47',0),(340,1,1,1,'2018-03-01 00:00:00',1000.0000,0,0,'d 10105 _, c 10999 _','2018-08-28 07:25:47',0,'2018-08-28 07:25:47',0),(341,8,1,1,'2018-03-01 00:00:00',10.0000,0,0,'d 10105 _, c 10999 _','2018-08-28 07:25:47',0,'2018-08-28 07:25:47',0),(342,18,1,2,'2018-03-01 00:00:00',1000.0000,0,0,'d 10105 _, c 10999 _','2018-08-28 07:25:47',0,'2018-08-28 07:25:47',0),(343,25,1,2,'2018-03-01 00:00:00',10.0000,0,0,'d 10105 _, c 10999 _','2018-08-28 07:25:47',0,'2018-08-28 07:25:47',0),(344,36,1,3,'2018-03-01 00:00:00',1000.0000,0,0,'d 10105 _, c 10999 _','2018-08-28 07:25:47',0,'2018-08-28 07:25:47',0),(345,43,1,3,'2018-03-01 00:00:00',10.0000,0,0,'d 10105 _, c 10999 _','2018-08-28 07:25:47',0,'2018-08-28 07:25:47',0),(346,53,1,4,'2018-03-01 00:00:00',1500.0000,0,0,'d 10105 _, c 10999 _','2018-08-28 07:25:47',0,'2018-08-28 07:25:47',0),(347,60,1,4,'2018-03-01 00:00:00',10.0000,0,0,'d 10105 _, c 10999 _','2018-08-28 07:25:47',0,'2018-08-28 07:25:47',0),(348,70,1,5,'2018-03-01 00:00:00',1500.0000,0,0,'d 10105 _, c 10999 _','2018-08-28 07:25:47',0,'2018-08-28 07:25:47',0),(349,79,1,6,'2018-03-01 00:00:00',1750.0000,0,0,'d 10105 _, c 10999 _','2018-08-28 07:25:47',0,'2018-08-28 07:25:47',0),(350,88,1,7,'2018-03-01 00:00:00',1750.0000,0,0,'d 10105 _, c 10999 _','2018-08-28 07:25:47',0,'2018-08-28 07:25:47',0),(351,97,1,8,'2018-03-01 00:00:00',2500.0000,0,0,'d 10105 _, c 10999 _','2018-08-28 07:25:47',0,'2018-08-28 07:25:47',0),(352,104,1,8,'2018-03-01 00:00:00',10.0000,0,0,'d 10105 _, c 10999 _','2018-08-28 07:25:47',0,'2018-08-28 07:25:47',0),(353,114,1,9,'2018-03-01 00:00:00',2500.0000,0,0,'d 10105 _, c 10999 _','2018-08-28 07:25:47',0,'2018-08-28 07:25:47',0),(354,121,1,9,'2018-03-01 00:00:00',10.0000,0,0,'d 10105 _, c 10999 _','2018-08-28 07:25:49',0,'2018-08-28 07:25:49',0),(355,131,1,10,'2018-03-01 00:00:00',2500.0000,0,0,'d 10105 _, c 10999 _','2018-08-28 07:25:49',0,'2018-08-28 07:25:49',0),(356,138,1,10,'2018-03-01 00:00:00',10.0000,0,0,'d 10105 _, c 10999 _','2018-08-28 07:25:49',0,'2018-08-28 07:25:49',0),(357,2,1,1,'2018-04-01 00:00:00',1000.0000,0,0,'d 10105 _, c 10999 _','2018-08-28 07:25:49',0,'2018-08-28 07:25:49',0),(358,9,1,1,'2018-04-01 00:00:00',10.0000,0,0,'d 10105 _, c 10999 _','2018-08-28 07:25:49',0,'2018-08-28 07:25:49',0),(359,19,1,2,'2018-04-01 00:00:00',1000.0000,0,0,'d 10105 _, c 10999 _','2018-08-28 07:25:49',0,'2018-08-28 07:25:49',0),(360,26,1,2,'2018-04-01 00:00:00',10.0000,0,0,'d 10105 _, c 10999 _','2018-08-28 07:25:49',0,'2018-08-28 07:25:49',0),(361,37,1,3,'2018-04-01 00:00:00',1000.0000,0,0,'d 10105 _, c 10999 _','2018-08-28 07:25:49',0,'2018-08-28 07:25:49',0),(362,44,1,3,'2018-04-01 00:00:00',10.0000,0,0,'d 10105 _, c 10999 _','2018-08-28 07:25:49',0,'2018-08-28 07:25:49',0),(363,54,1,4,'2018-04-01 00:00:00',1500.0000,0,0,'d 10105 _, c 10999 _','2018-08-28 07:25:49',0,'2018-08-28 07:25:49',0),(364,61,1,4,'2018-04-01 00:00:00',10.0000,0,0,'d 10105 _, c 10999 _','2018-08-28 07:25:49',0,'2018-08-28 07:25:49',0),(365,71,1,5,'2018-04-01 00:00:00',1500.0000,0,0,'d 10105 _, c 10999 _','2018-08-28 07:25:49',0,'2018-08-28 07:25:49',0),(366,80,1,6,'2018-04-01 00:00:00',1750.0000,0,0,'d 10105 _, c 10999 _','2018-08-28 07:25:49',0,'2018-08-28 07:25:49',0),(367,89,1,7,'2018-04-01 00:00:00',1750.0000,0,0,'d 10105 _, c 10999 _','2018-08-28 07:25:49',0,'2018-08-28 07:25:49',0),(368,98,1,8,'2018-04-01 00:00:00',2500.0000,0,0,'d 10105 _, c 10999 _','2018-08-28 07:25:49',0,'2018-08-28 07:25:49',0),(369,105,1,8,'2018-04-01 00:00:00',10.0000,0,0,'d 10105 _, c 10999 _','2018-08-28 07:25:49',0,'2018-08-28 07:25:49',0),(370,115,1,9,'2018-04-01 00:00:00',2500.0000,0,0,'d 10105 _, c 10999 _','2018-08-28 07:25:49',0,'2018-08-28 07:25:49',0),(371,122,1,9,'2018-04-01 00:00:00',10.0000,0,0,'d 10105 _, c 10999 _','2018-08-28 07:25:49',0,'2018-08-28 07:25:49',0),(372,132,1,10,'2018-04-01 00:00:00',2500.0000,0,0,'d 10105 _, c 10999 _','2018-08-28 07:25:49',0,'2018-08-28 07:25:49',0),(373,139,1,10,'2018-04-01 00:00:00',10.0000,0,0,'d 10105 _, c 10999 _','2018-08-28 07:25:49',0,'2018-08-28 07:25:49',0),(374,3,1,1,'2018-05-01 00:00:00',1000.0000,0,0,'d 10105 _, c 10999 _','2018-08-28 07:25:49',0,'2018-08-28 07:25:49',0),(375,10,1,1,'2018-05-01 00:00:00',10.0000,0,0,'d 10105 _, c 10999 _','2018-08-28 07:25:50',0,'2018-08-28 07:25:50',0),(376,20,1,2,'2018-05-01 00:00:00',1000.0000,0,0,'d 10105 _, c 10999 _','2018-08-28 07:25:50',0,'2018-08-28 07:25:50',0),(377,27,1,2,'2018-05-01 00:00:00',10.0000,0,0,'d 10105 _, c 10999 _','2018-08-28 07:25:50',0,'2018-08-28 07:25:50',0),(378,38,1,3,'2018-05-01 00:00:00',1000.0000,0,0,'d 10105 _, c 10999 _','2018-08-28 07:25:50',0,'2018-08-28 07:25:50',0),(379,45,1,3,'2018-05-01 00:00:00',10.0000,0,0,'d 10105 _, c 10999 _','2018-08-28 07:25:50',0,'2018-08-28 07:25:50',0),(380,55,1,4,'2018-05-01 00:00:00',1500.0000,0,0,'d 10105 _, c 10999 _','2018-08-28 07:25:50',0,'2018-08-28 07:25:50',0),(381,62,1,4,'2018-05-01 00:00:00',10.0000,0,0,'d 10105 _, c 10999 _','2018-08-28 07:25:50',0,'2018-08-28 07:25:50',0),(382,72,1,5,'2018-05-01 00:00:00',1500.0000,0,0,'d 10105 _, c 10999 _','2018-08-28 07:25:50',0,'2018-08-28 07:25:50',0),(383,81,1,6,'2018-05-01 00:00:00',1750.0000,0,0,'d 10105 _, c 10999 _','2018-08-28 07:25:50',0,'2018-08-28 07:25:50',0),(384,90,1,7,'2018-05-01 00:00:00',1750.0000,0,0,'d 10105 _, c 10999 _','2018-08-28 07:25:50',0,'2018-08-28 07:25:50',0),(385,99,1,8,'2018-05-01 00:00:00',2500.0000,0,0,'d 10105 _, c 10999 _','2018-08-28 07:25:50',0,'2018-08-28 07:25:50',0),(386,106,1,8,'2018-05-01 00:00:00',10.0000,0,0,'d 10105 _, c 10999 _','2018-08-28 07:25:50',0,'2018-08-28 07:25:50',0),(387,116,1,9,'2018-05-01 00:00:00',2500.0000,0,0,'d 10105 _, c 10999 _','2018-08-28 07:25:50',0,'2018-08-28 07:25:50',0),(388,123,1,9,'2018-05-01 00:00:00',10.0000,0,0,'d 10105 _, c 10999 _','2018-08-28 07:25:50',0,'2018-08-28 07:25:50',0),(389,133,1,10,'2018-05-01 00:00:00',2500.0000,0,0,'d 10105 _, c 10999 _','2018-08-28 07:25:50',0,'2018-08-28 07:25:50',0),(390,140,1,10,'2018-05-01 00:00:00',10.0000,0,0,'d 10105 _, c 10999 _','2018-08-28 07:25:50',0,'2018-08-28 07:25:50',0),(391,4,1,1,'2018-06-01 00:00:00',1000.0000,0,0,'d 10105 _, c 10999 _','2018-08-28 07:25:50',0,'2018-08-28 07:25:50',0),(392,11,1,1,'2018-06-01 00:00:00',10.0000,0,0,'d 10105 _, c 10999 _','2018-08-28 07:25:50',0,'2018-08-28 07:25:50',0),(393,21,1,2,'2018-06-01 00:00:00',1000.0000,0,0,'d 10105 _, c 10999 _','2018-08-28 07:25:50',0,'2018-08-28 07:25:50',0),(394,28,1,2,'2018-06-01 00:00:00',10.0000,0,0,'d 10105 _, c 10999 _','2018-08-28 07:25:50',0,'2018-08-28 07:25:50',0),(395,39,1,3,'2018-06-01 00:00:00',1000.0000,0,0,'d 10105 _, c 10999 _','2018-08-28 07:25:50',0,'2018-08-28 07:25:50',0),(396,46,1,3,'2018-06-01 00:00:00',10.0000,0,0,'d 10105 _, c 10999 _','2018-08-28 07:25:50',0,'2018-08-28 07:25:50',0),(397,56,1,4,'2018-06-01 00:00:00',1500.0000,0,0,'d 10105 _, c 10999 _','2018-08-28 07:25:50',0,'2018-08-28 07:25:50',0),(398,63,1,4,'2018-06-01 00:00:00',10.0000,0,0,'d 10105 _, c 10999 _','2018-08-28 07:25:50',0,'2018-08-28 07:25:50',0),(399,73,1,5,'2018-06-01 00:00:00',1500.0000,0,0,'d 10105 _, c 10999 _','2018-08-28 07:25:50',0,'2018-08-28 07:25:50',0),(400,82,1,6,'2018-06-01 00:00:00',1750.0000,0,0,'d 10105 _, c 10999 _','2018-08-28 07:25:50',0,'2018-08-28 07:25:50',0),(401,91,1,7,'2018-06-01 00:00:00',1750.0000,0,0,'d 10105 _, c 10999 _','2018-08-28 07:25:50',0,'2018-08-28 07:25:50',0),(402,100,1,8,'2018-06-01 00:00:00',2500.0000,0,0,'d 10105 _, c 10999 _','2018-08-28 07:25:50',0,'2018-08-28 07:25:50',0),(403,107,1,8,'2018-06-01 00:00:00',10.0000,0,0,'d 10105 _, c 10999 _','2018-08-28 07:25:50',0,'2018-08-28 07:25:50',0),(404,117,1,9,'2018-06-01 00:00:00',2500.0000,0,0,'d 10105 _, c 10999 _','2018-08-28 07:25:50',0,'2018-08-28 07:25:50',0),(405,124,1,9,'2018-06-01 00:00:00',10.0000,0,0,'d 10105 _, c 10999 _','2018-08-28 07:25:50',0,'2018-08-28 07:25:50',0),(406,134,1,10,'2018-06-01 00:00:00',2500.0000,0,0,'d 10105 _, c 10999 _','2018-08-28 07:25:50',0,'2018-08-28 07:25:50',0),(407,141,1,10,'2018-06-01 00:00:00',10.0000,0,0,'d 10105 _, c 10999 _','2018-08-28 07:25:50',0,'2018-08-28 07:25:50',0),(408,5,1,1,'2018-07-01 00:00:00',1000.0000,0,0,'d 10105 _, c 10999 _','2018-08-28 07:25:51',0,'2018-08-28 07:25:51',0),(409,12,1,1,'2018-07-01 00:00:00',10.0000,0,0,'d 10105 _, c 10999 _','2018-08-28 07:25:51',0,'2018-08-28 07:25:51',0),(410,22,1,2,'2018-07-01 00:00:00',1000.0000,0,0,'d 10105 _, c 10999 _','2018-08-28 07:25:51',0,'2018-08-28 07:25:51',0),(411,29,1,2,'2018-07-01 00:00:00',10.0000,0,0,'d 10105 _, c 10999 _','2018-08-28 07:25:51',0,'2018-08-28 07:25:51',0),(412,40,1,3,'2018-07-01 00:00:00',1000.0000,0,0,'d 10105 _, c 10999 _','2018-08-28 07:25:51',0,'2018-08-28 07:25:51',0),(413,47,1,3,'2018-07-01 00:00:00',10.0000,0,0,'d 10105 _, c 10999 _','2018-08-28 07:25:51',0,'2018-08-28 07:25:51',0),(414,57,1,4,'2018-07-01 00:00:00',1500.0000,0,0,'d 10105 _, c 10999 _','2018-08-28 07:25:51',0,'2018-08-28 07:25:51',0),(415,64,1,4,'2018-07-01 00:00:00',10.0000,0,0,'d 10105 _, c 10999 _','2018-08-28 07:25:51',0,'2018-08-28 07:25:51',0),(416,74,1,5,'2018-07-01 00:00:00',1500.0000,0,0,'d 10105 _, c 10999 _','2018-08-28 07:25:51',0,'2018-08-28 07:25:51',0),(417,83,1,6,'2018-07-01 00:00:00',1750.0000,0,0,'d 10105 _, c 10999 _','2018-08-28 07:25:51',0,'2018-08-28 07:25:51',0),(418,92,1,7,'2018-07-01 00:00:00',1750.0000,0,0,'d 10105 _, c 10999 _','2018-08-28 07:25:51',0,'2018-08-28 07:25:51',0),(419,101,1,8,'2018-07-01 00:00:00',2500.0000,0,0,'d 10105 _, c 10999 _','2018-08-28 07:25:51',0,'2018-08-28 07:25:51',0),(420,108,1,8,'2018-07-01 00:00:00',10.0000,0,0,'d 10105 _, c 10999 _','2018-08-28 07:25:51',0,'2018-08-28 07:25:51',0),(421,118,1,9,'2018-07-01 00:00:00',2500.0000,0,0,'d 10105 _, c 10999 _','2018-08-28 07:25:51',0,'2018-08-28 07:25:51',0),(422,125,1,9,'2018-07-01 00:00:00',10.0000,0,0,'d 10105 _, c 10999 _','2018-08-28 07:25:51',0,'2018-08-28 07:25:51',0),(423,135,1,10,'2018-07-01 00:00:00',2500.0000,0,0,'d 10105 _, c 10999 _','2018-08-28 07:25:51',0,'2018-08-28 07:25:51',0),(424,142,1,10,'2018-07-01 00:00:00',10.0000,0,0,'d 10105 _, c 10999 _','2018-08-28 07:25:51',0,'2018-08-28 07:25:51',0),(425,6,1,1,'2018-08-01 00:00:00',1000.0000,0,0,'d 10105 _, c 10999 _','2018-08-28 07:25:51',0,'2018-08-28 07:25:51',0),(426,13,1,1,'2018-08-01 00:00:00',10.0000,0,0,'d 10105 _, c 10999 _','2018-08-28 07:25:51',0,'2018-08-28 07:25:51',0),(427,23,1,2,'2018-08-01 00:00:00',1000.0000,0,0,'d 10105 _, c 10999 _','2018-08-28 07:25:51',0,'2018-08-28 07:25:51',0),(428,30,1,2,'2018-08-01 00:00:00',10.0000,0,0,'d 10105 _, c 10999 _','2018-08-28 07:25:51',0,'2018-08-28 07:25:51',0),(429,41,1,3,'2018-08-01 00:00:00',1000.0000,0,0,'d 10105 _, c 10999 _','2018-08-28 07:25:51',0,'2018-08-28 07:25:51',0),(430,48,1,3,'2018-08-01 00:00:00',10.0000,0,0,'d 10105 _, c 10999 _','2018-08-28 07:25:51',0,'2018-08-28 07:25:51',0),(431,58,1,4,'2018-08-01 00:00:00',1500.0000,0,0,'d 10105 _, c 10999 _','2018-08-28 07:25:51',0,'2018-08-28 07:25:51',0),(432,65,1,4,'2018-08-01 00:00:00',10.0000,0,0,'d 10105 _, c 10999 _','2018-08-28 07:25:51',0,'2018-08-28 07:25:51',0),(433,75,1,5,'2018-08-01 00:00:00',1500.0000,0,0,'d 10105 _, c 10999 _','2018-08-28 07:25:51',0,'2018-08-28 07:25:51',0),(434,84,1,6,'2018-08-01 00:00:00',1750.0000,0,0,'d 10105 _, c 10999 _','2018-08-28 07:25:51',0,'2018-08-28 07:25:51',0),(435,93,1,7,'2018-08-01 00:00:00',1750.0000,0,0,'d 10105 _, c 10999 _','2018-08-28 07:25:51',0,'2018-08-28 07:25:51',0),(436,102,1,8,'2018-08-01 00:00:00',2500.0000,0,0,'d 10105 _, c 10999 _','2018-08-28 07:25:51',0,'2018-08-28 07:25:51',0),(437,109,1,8,'2018-08-01 00:00:00',10.0000,0,0,'d 10105 _, c 10999 _','2018-08-28 07:25:51',0,'2018-08-28 07:25:51',0),(438,119,1,9,'2018-08-01 00:00:00',2500.0000,0,0,'d 10105 _, c 10999 _','2018-08-28 07:25:51',0,'2018-08-28 07:25:51',0),(439,126,1,9,'2018-08-01 00:00:00',10.0000,0,0,'d 10105 _, c 10999 _','2018-08-28 07:25:52',0,'2018-08-28 07:25:52',0),(440,136,1,10,'2018-08-01 00:00:00',2500.0000,0,0,'d 10105 _, c 10999 _','2018-08-28 07:25:52',0,'2018-08-28 07:25:52',0),(441,143,1,10,'2018-08-01 00:00:00',10.0000,0,0,'d 10105 _, c 10999 _','2018-08-28 07:25:52',0,'2018-08-28 07:25:52',0);
/*!40000 ALTER TABLE `ReceiptAllocation` ENABLE KEYS */;
UNLOCK TABLES;

--
-- Table structure for table `Rentable`
--

DROP TABLE IF EXISTS `Rentable`;
/*!40101 SET @saved_cs_client     = @@character_set_client */;
/*!40101 SET character_set_client = utf8 */;
CREATE TABLE `Rentable` (
  `RID` bigint(20) NOT NULL AUTO_INCREMENT,
  `BID` bigint(20) NOT NULL DEFAULT '0',
  `PRID` bigint(20) NOT NULL DEFAULT '0',
  `RentableName` varchar(100) NOT NULL DEFAULT '',
  `AssignmentTime` smallint(6) NOT NULL DEFAULT '0',
  `MRStatus` smallint(6) NOT NULL DEFAULT '0',
  `DtMRStart` timestamp NOT NULL DEFAULT CURRENT_TIMESTAMP,
  `LastModTime` timestamp NOT NULL DEFAULT CURRENT_TIMESTAMP ON UPDATE CURRENT_TIMESTAMP,
  `LastModBy` bigint(20) NOT NULL DEFAULT '0',
  `CreateTS` timestamp NOT NULL DEFAULT CURRENT_TIMESTAMP,
  `CreateBy` bigint(20) NOT NULL DEFAULT '0',
  `Comment` varchar(2048) NOT NULL DEFAULT '',
  PRIMARY KEY (`RID`)
) ENGINE=InnoDB AUTO_INCREMENT=11 DEFAULT CHARSET=utf8;
/*!40101 SET character_set_client = @saved_cs_client */;

--
-- Dumping data for table `Rentable`
--

LOCK TABLES `Rentable` WRITE;
/*!40000 ALTER TABLE `Rentable` DISABLE KEYS */;
INSERT INTO `Rentable` VALUES (1,1,0,'Rentable001',0,0,'0000-00-00 00:00:00','2019-03-22 21:32:56',211,'2018-08-28 07:25:36',0,''),(2,1,0,'Rentable002',0,0,'0000-00-00 00:00:00','2019-03-22 21:33:19',211,'2018-08-28 07:25:36',0,''),(3,1,0,'Rentable003',0,0,'0000-00-00 00:00:00','2019-03-22 21:33:51',211,'2018-08-28 07:25:36',0,''),(4,1,0,'Rentable004',0,0,'0000-00-00 00:00:00','2019-03-22 21:34:16',211,'2018-08-28 07:25:36',0,''),(5,1,0,'Rentable005',0,0,'0000-00-00 00:00:00','2019-03-22 21:34:45',211,'2018-08-28 07:25:36',0,''),(6,1,0,'Rentable006',0,0,'0000-00-00 00:00:00','2018-08-28 07:25:36',0,'2018-08-28 07:25:36',0,''),(7,1,0,'Rentable007',0,0,'0000-00-00 00:00:00','2018-08-28 07:25:36',0,'2018-08-28 07:25:36',0,''),(8,1,0,'Rentable008',0,0,'0000-00-00 00:00:00','2018-08-28 07:25:36',0,'2018-08-28 07:25:36',0,''),(9,1,0,'Rentable009',0,0,'0000-00-00 00:00:00','2018-08-28 07:25:36',0,'2018-08-28 07:25:36',0,''),(10,1,0,'Rentable010',0,0,'0000-00-00 00:00:00','2018-08-28 07:25:36',0,'2018-08-28 07:25:36',0,'');
/*!40000 ALTER TABLE `Rentable` ENABLE KEYS */;
UNLOCK TABLES;

--
-- Table structure for table `RentableLeaseStatus`
--

DROP TABLE IF EXISTS `RentableLeaseStatus`;
/*!40101 SET @saved_cs_client     = @@character_set_client */;
/*!40101 SET character_set_client = utf8 */;
CREATE TABLE `RentableLeaseStatus` (
  `RLID` bigint(20) NOT NULL AUTO_INCREMENT,
  `RID` bigint(20) NOT NULL DEFAULT '0',
  `BID` bigint(20) NOT NULL DEFAULT '0',
  `LeaseStatus` smallint(6) NOT NULL DEFAULT '0',
  `DtStart` datetime NOT NULL DEFAULT '1970-01-01 00:00:00',
  `DtStop` datetime NOT NULL DEFAULT '1970-01-01 00:00:00',
  `Comment` varchar(2048) NOT NULL DEFAULT '',
  `FirstName` varchar(50) NOT NULL DEFAULT '',
  `LastName` varchar(50) NOT NULL DEFAULT '',
  `Email` varchar(100) NOT NULL DEFAULT '',
  `Phone` varchar(100) NOT NULL DEFAULT '',
  `Address` varchar(100) NOT NULL DEFAULT '',
  `Address2` varchar(100) NOT NULL DEFAULT '',
  `City` varchar(100) NOT NULL DEFAULT '',
  `State` char(25) NOT NULL DEFAULT '',
  `PostalCode` varchar(100) NOT NULL DEFAULT '',
  `Country` varchar(100) NOT NULL DEFAULT '',
  `CCName` varchar(100) NOT NULL DEFAULT '',
  `CCType` varchar(100) NOT NULL DEFAULT '',
  `CCNumber` varchar(100) NOT NULL DEFAULT '',
  `CCExpMonth` varchar(100) NOT NULL DEFAULT '',
  `CCExpYear` varchar(100) NOT NULL DEFAULT '',
  `LastModTime` timestamp NOT NULL DEFAULT CURRENT_TIMESTAMP ON UPDATE CURRENT_TIMESTAMP,
  `LastModBy` bigint(20) NOT NULL DEFAULT '0',
  `CreateTS` timestamp NOT NULL DEFAULT CURRENT_TIMESTAMP,
  `CreateBy` bigint(20) NOT NULL DEFAULT '0',
  PRIMARY KEY (`RLID`)
) ENGINE=InnoDB AUTO_INCREMENT=7 DEFAULT CHARSET=utf8;
/*!40101 SET character_set_client = @saved_cs_client */;

--
-- Dumping data for table `RentableLeaseStatus`
--

LOCK TABLES `RentableLeaseStatus` WRITE;
/*!40000 ALTER TABLE `RentableLeaseStatus` DISABLE KEYS */;
INSERT INTO `RentableLeaseStatus` VALUES (1,1,1,0,'2018-01-01 00:00:00','9999-12-31 00:00:00','','','','','','','','','','','','','','','','','2019-03-22 21:32:57',211,'2019-03-22 21:32:57',211),(2,2,1,0,'2018-01-01 00:00:00','9999-12-31 00:00:00','','','','','','','','','','','','','','','','','2019-03-22 21:33:19',211,'2019-03-22 21:33:19',211),(4,3,1,0,'2018-01-01 00:00:00','9999-12-31 00:00:00','','','','','','','','','','','','','','','','','2019-03-22 21:33:51',211,'2019-03-22 21:33:51',211),(5,4,1,0,'2018-01-01 00:00:00','9999-12-31 00:00:00','','','','','','','','','','','','','','','','','2019-03-22 21:34:17',211,'2019-03-22 21:34:17',211),(6,5,1,0,'2018-01-01 00:00:00','9999-12-31 00:00:00','','','','','','','','','','','','','','','','','2019-03-22 21:34:46',211,'2019-03-22 21:34:46',211);
/*!40000 ALTER TABLE `RentableLeaseStatus` ENABLE KEYS */;
UNLOCK TABLES;

--
-- Table structure for table `RentableMarketRate`
--

DROP TABLE IF EXISTS `RentableMarketRate`;
/*!40101 SET @saved_cs_client     = @@character_set_client */;
/*!40101 SET character_set_client = utf8 */;
CREATE TABLE `RentableMarketRate` (
  `RMRID` bigint(20) NOT NULL AUTO_INCREMENT,
  `RTID` bigint(20) NOT NULL DEFAULT '0',
  `BID` bigint(20) NOT NULL DEFAULT '0',
  `MarketRate` decimal(19,4) NOT NULL DEFAULT '0.0000',
  `DtStart` datetime NOT NULL DEFAULT '1970-01-01 00:00:00',
  `DtStop` datetime NOT NULL DEFAULT '9999-12-31 23:59:59',
  `LastModTime` timestamp NOT NULL DEFAULT CURRENT_TIMESTAMP ON UPDATE CURRENT_TIMESTAMP,
  `LastModBy` bigint(20) NOT NULL DEFAULT '0',
  `CreateTS` timestamp NOT NULL DEFAULT CURRENT_TIMESTAMP,
  `CreateBy` bigint(20) NOT NULL DEFAULT '0',
  PRIMARY KEY (`RMRID`)
) ENGINE=InnoDB AUTO_INCREMENT=6 DEFAULT CHARSET=utf8;
/*!40101 SET character_set_client = @saved_cs_client */;

--
-- Dumping data for table `RentableMarketRate`
--

LOCK TABLES `RentableMarketRate` WRITE;
/*!40000 ALTER TABLE `RentableMarketRate` DISABLE KEYS */;
INSERT INTO `RentableMarketRate` VALUES (1,1,0,1000.0000,'2018-01-01 00:00:00','3001-01-01 00:00:00','2018-08-28 07:25:36',0,'2018-08-28 07:25:36',0),(2,2,0,1500.0000,'2018-01-01 00:00:00','3001-01-01 00:00:00','2018-08-28 07:25:36',0,'2018-08-28 07:25:36',0),(3,3,0,1750.0000,'2018-01-01 00:00:00','3001-01-01 00:00:00','2018-08-28 07:25:36',0,'2018-08-28 07:25:36',0),(4,4,0,2500.0000,'2018-01-01 00:00:00','3001-01-01 00:00:00','2018-08-28 07:25:36',0,'2018-08-28 07:25:36',0),(5,5,0,0.0000,'2018-01-01 00:00:00','3001-01-01 00:00:00','2018-08-28 07:25:36',0,'2018-08-28 07:25:36',0);
/*!40000 ALTER TABLE `RentableMarketRate` ENABLE KEYS */;
UNLOCK TABLES;

--
-- Table structure for table `RentableSpecialty`
--

DROP TABLE IF EXISTS `RentableSpecialty`;
/*!40101 SET @saved_cs_client     = @@character_set_client */;
/*!40101 SET character_set_client = utf8 */;
CREATE TABLE `RentableSpecialty` (
  `RSPID` bigint(20) NOT NULL AUTO_INCREMENT,
  `BID` bigint(20) NOT NULL,
  `Name` varchar(100) NOT NULL DEFAULT '',
  `Fee` decimal(19,4) NOT NULL DEFAULT '0.0000',
  `Description` varchar(256) NOT NULL DEFAULT '',
  `LastModTime` timestamp NOT NULL DEFAULT CURRENT_TIMESTAMP ON UPDATE CURRENT_TIMESTAMP,
  `LastModBy` bigint(20) NOT NULL DEFAULT '0',
  `CreateTS` timestamp NOT NULL DEFAULT CURRENT_TIMESTAMP,
  `CreateBy` bigint(20) NOT NULL DEFAULT '0',
  PRIMARY KEY (`RSPID`)
) ENGINE=InnoDB DEFAULT CHARSET=utf8;
/*!40101 SET character_set_client = @saved_cs_client */;

--
-- Dumping data for table `RentableSpecialty`
--

LOCK TABLES `RentableSpecialty` WRITE;
/*!40000 ALTER TABLE `RentableSpecialty` DISABLE KEYS */;
/*!40000 ALTER TABLE `RentableSpecialty` ENABLE KEYS */;
UNLOCK TABLES;

--
-- Table structure for table `RentableSpecialtyRef`
--

DROP TABLE IF EXISTS `RentableSpecialtyRef`;
/*!40101 SET @saved_cs_client     = @@character_set_client */;
/*!40101 SET character_set_client = utf8 */;
CREATE TABLE `RentableSpecialtyRef` (
  `BID` bigint(20) NOT NULL DEFAULT '0',
  `RID` bigint(20) NOT NULL DEFAULT '0',
  `RSPID` bigint(20) NOT NULL DEFAULT '0',
  `DtStart` date NOT NULL DEFAULT '1970-01-01',
  `DtStop` date NOT NULL DEFAULT '1970-01-01',
  `LastModTime` timestamp NOT NULL DEFAULT CURRENT_TIMESTAMP ON UPDATE CURRENT_TIMESTAMP,
  `LastModBy` bigint(20) NOT NULL DEFAULT '0',
  `CreateTS` timestamp NOT NULL DEFAULT CURRENT_TIMESTAMP,
  `CreateBy` bigint(20) NOT NULL DEFAULT '0',
  `RSPRefID` bigint(20) NOT NULL AUTO_INCREMENT,
  PRIMARY KEY (`RSPRefID`)
) ENGINE=InnoDB DEFAULT CHARSET=utf8;
/*!40101 SET character_set_client = @saved_cs_client */;

--
-- Dumping data for table `RentableSpecialtyRef`
--

LOCK TABLES `RentableSpecialtyRef` WRITE;
/*!40000 ALTER TABLE `RentableSpecialtyRef` DISABLE KEYS */;
/*!40000 ALTER TABLE `RentableSpecialtyRef` ENABLE KEYS */;
UNLOCK TABLES;

--
-- Table structure for table `RentableTypeRef`
--

DROP TABLE IF EXISTS `RentableTypeRef`;
/*!40101 SET @saved_cs_client     = @@character_set_client */;
/*!40101 SET character_set_client = utf8 */;
CREATE TABLE `RentableTypeRef` (
  `RTRID` bigint(20) NOT NULL AUTO_INCREMENT,
  `RID` bigint(20) NOT NULL DEFAULT '0',
  `BID` bigint(20) NOT NULL DEFAULT '0',
  `RTID` bigint(20) NOT NULL DEFAULT '0',
  `OverrideRentCycle` bigint(20) NOT NULL DEFAULT '0',
  `OverrideProrationCycle` bigint(20) NOT NULL DEFAULT '0',
  `DtStart` datetime NOT NULL DEFAULT '1970-01-01 00:00:00',
  `DtStop` datetime NOT NULL DEFAULT '1970-01-01 00:00:00',
  `LastModTime` timestamp NOT NULL DEFAULT CURRENT_TIMESTAMP ON UPDATE CURRENT_TIMESTAMP,
  `LastModBy` bigint(20) NOT NULL DEFAULT '0',
  `CreateTS` timestamp NOT NULL DEFAULT CURRENT_TIMESTAMP,
  `CreateBy` bigint(20) NOT NULL DEFAULT '0',
  PRIMARY KEY (`RTRID`)
) ENGINE=InnoDB AUTO_INCREMENT=11 DEFAULT CHARSET=utf8;
/*!40101 SET character_set_client = @saved_cs_client */;

--
-- Dumping data for table `RentableTypeRef`
--

LOCK TABLES `RentableTypeRef` WRITE;
/*!40000 ALTER TABLE `RentableTypeRef` DISABLE KEYS */;
INSERT INTO `RentableTypeRef` VALUES (1,1,1,1,0,0,'2018-01-01 00:00:00','3001-01-01 00:00:00','2018-08-28 07:25:36',0,'2018-08-28 07:25:36',0),(2,2,1,1,0,0,'2018-01-01 00:00:00','3001-01-01 00:00:00','2018-08-28 07:25:36',0,'2018-08-28 07:25:36',0),(3,3,1,1,0,0,'2018-01-01 00:00:00','3001-01-01 00:00:00','2018-08-28 07:25:36',0,'2018-08-28 07:25:36',0),(4,4,1,2,0,0,'2018-01-01 00:00:00','3001-01-01 00:00:00','2018-08-28 07:25:36',0,'2018-08-28 07:25:36',0),(5,5,1,2,0,0,'2018-01-01 00:00:00','3001-01-01 00:00:00','2018-08-28 07:25:36',0,'2018-08-28 07:25:36',0),(6,6,1,3,0,0,'2018-01-01 00:00:00','3001-01-01 00:00:00','2018-08-28 07:25:36',0,'2018-08-28 07:25:36',0),(7,7,1,3,0,0,'2018-01-01 00:00:00','3001-01-01 00:00:00','2018-08-28 07:25:36',0,'2018-08-28 07:25:36',0),(8,8,1,4,0,0,'2018-01-01 00:00:00','3001-01-01 00:00:00','2018-08-28 07:25:36',0,'2018-08-28 07:25:36',0),(9,9,1,4,0,0,'2018-01-01 00:00:00','3001-01-01 00:00:00','2018-08-28 07:25:36',0,'2018-08-28 07:25:36',0),(10,10,1,4,0,0,'2018-01-01 00:00:00','3001-01-01 00:00:00','2018-08-28 07:25:36',0,'2018-08-28 07:25:36',0);
/*!40000 ALTER TABLE `RentableTypeRef` ENABLE KEYS */;
UNLOCK TABLES;

--
-- Table structure for table `RentableTypeTax`
--

DROP TABLE IF EXISTS `RentableTypeTax`;
/*!40101 SET @saved_cs_client     = @@character_set_client */;
/*!40101 SET character_set_client = utf8 */;
CREATE TABLE `RentableTypeTax` (
  `RTID` bigint(20) NOT NULL DEFAULT '0',
  `BID` bigint(20) NOT NULL DEFAULT '0',
  `TAXID` bigint(20) NOT NULL DEFAULT '0',
  `DtStart` datetime NOT NULL DEFAULT '1970-01-01 00:00:00',
  `DtStop` datetime NOT NULL DEFAULT '9999-12-31 23:59:59',
  `LastModTime` timestamp NOT NULL DEFAULT CURRENT_TIMESTAMP ON UPDATE CURRENT_TIMESTAMP,
  `LastModBy` bigint(20) NOT NULL DEFAULT '0',
  `CreateTS` timestamp NOT NULL DEFAULT CURRENT_TIMESTAMP,
  `CreateBy` bigint(20) NOT NULL DEFAULT '0'
) ENGINE=InnoDB DEFAULT CHARSET=utf8;
/*!40101 SET character_set_client = @saved_cs_client */;

--
-- Dumping data for table `RentableTypeTax`
--

LOCK TABLES `RentableTypeTax` WRITE;
/*!40000 ALTER TABLE `RentableTypeTax` DISABLE KEYS */;
/*!40000 ALTER TABLE `RentableTypeTax` ENABLE KEYS */;
UNLOCK TABLES;

--
-- Table structure for table `RentableTypes`
--

DROP TABLE IF EXISTS `RentableTypes`;
/*!40101 SET @saved_cs_client     = @@character_set_client */;
/*!40101 SET character_set_client = utf8 */;
CREATE TABLE `RentableTypes` (
  `RTID` bigint(20) NOT NULL AUTO_INCREMENT,
  `BID` bigint(20) NOT NULL DEFAULT '0',
  `Style` char(255) NOT NULL DEFAULT '',
  `Name` varchar(256) NOT NULL DEFAULT '',
  `RentCycle` bigint(20) NOT NULL DEFAULT '0',
  `Proration` bigint(20) NOT NULL DEFAULT '0',
  `GSRPC` bigint(20) NOT NULL DEFAULT '0',
  `FLAGS` bigint(20) NOT NULL DEFAULT '0',
  `ARID` bigint(20) NOT NULL DEFAULT '0',
  `LastModTime` timestamp NOT NULL DEFAULT CURRENT_TIMESTAMP ON UPDATE CURRENT_TIMESTAMP,
  `LastModBy` bigint(20) NOT NULL DEFAULT '0',
  `CreateTS` timestamp NOT NULL DEFAULT CURRENT_TIMESTAMP,
  `CreateBy` bigint(20) NOT NULL DEFAULT '0',
  PRIMARY KEY (`RTID`)
) ENGINE=InnoDB AUTO_INCREMENT=6 DEFAULT CHARSET=utf8;
/*!40101 SET character_set_client = @saved_cs_client */;

--
-- Dumping data for table `RentableTypes`
--

LOCK TABLES `RentableTypes` WRITE;
/*!40000 ALTER TABLE `RentableTypes` DISABLE KEYS */;
INSERT INTO `RentableTypes` VALUES (1,1,'ST000','RType000',6,4,4,4,45,'2018-08-28 07:25:36',0,'2018-08-28 07:25:36',0),(2,1,'ST001','RType001',6,4,4,4,46,'2018-08-28 07:25:36',0,'2018-08-28 07:25:36',0),(3,1,'ST002','RType002',6,4,4,4,47,'2018-08-28 07:25:36',0,'2018-08-28 07:25:36',0),(4,1,'ST003','RType003',6,4,4,4,48,'2018-08-28 07:25:36',0,'2018-08-28 07:25:36',0),(5,1,'CP000','Car Port 000',0,0,0,6,49,'2018-08-28 07:25:36',0,'2018-08-28 07:25:36',0);
/*!40000 ALTER TABLE `RentableTypes` ENABLE KEYS */;
UNLOCK TABLES;

--
-- Table structure for table `RentableUseStatus`
--

DROP TABLE IF EXISTS `RentableUseStatus`;
/*!40101 SET @saved_cs_client     = @@character_set_client */;
/*!40101 SET character_set_client = utf8 */;
CREATE TABLE `RentableUseStatus` (
  `RSID` bigint(20) NOT NULL AUTO_INCREMENT,
  `RID` bigint(20) NOT NULL DEFAULT '0',
  `BID` bigint(20) NOT NULL DEFAULT '0',
  `UseStatus` smallint(6) NOT NULL DEFAULT '0',
  `DtStart` datetime NOT NULL DEFAULT '1970-01-01 00:00:00',
  `DtStop` datetime NOT NULL DEFAULT '1970-01-01 00:00:00',
  `Comment` varchar(2048) NOT NULL DEFAULT '',
  `LastModTime` timestamp NOT NULL DEFAULT CURRENT_TIMESTAMP ON UPDATE CURRENT_TIMESTAMP,
  `LastModBy` bigint(20) NOT NULL DEFAULT '0',
  `CreateTS` timestamp NOT NULL DEFAULT CURRENT_TIMESTAMP,
  `CreateBy` bigint(20) NOT NULL DEFAULT '0',
  PRIMARY KEY (`RSID`)
) ENGINE=InnoDB AUTO_INCREMENT=7 DEFAULT CHARSET=utf8;
/*!40101 SET character_set_client = @saved_cs_client */;

--
-- Dumping data for table `RentableUseStatus`
--

LOCK TABLES `RentableUseStatus` WRITE;
/*!40000 ALTER TABLE `RentableUseStatus` DISABLE KEYS */;
INSERT INTO `RentableUseStatus` VALUES (1,1,1,0,'2018-01-01 08:00:00','9999-12-31 08:00:00','','2019-03-22 21:32:57',211,'2019-03-22 21:32:57',211),(2,2,1,0,'2018-01-01 08:00:00','9999-12-31 08:00:00','','2019-03-22 21:33:19',211,'2019-03-22 21:33:19',211),(4,3,1,0,'2018-01-01 08:00:00','9999-12-31 08:00:00','','2019-03-22 21:33:51',211,'2019-03-22 21:33:51',211),(5,4,1,0,'2018-01-01 08:00:00','9999-12-31 08:00:00','','2019-03-22 21:34:17',211,'2019-03-22 21:34:17',211),(6,5,1,0,'2018-01-01 08:00:00','9999-12-31 08:00:00','','2019-03-22 21:34:46',211,'2019-03-22 21:34:46',211);
/*!40000 ALTER TABLE `RentableUseStatus` ENABLE KEYS */;
UNLOCK TABLES;

--
-- Table structure for table `RentableUseType`
--

DROP TABLE IF EXISTS `RentableUseType`;
/*!40101 SET @saved_cs_client     = @@character_set_client */;
/*!40101 SET character_set_client = utf8 */;
CREATE TABLE `RentableUseType` (
  `UTID` bigint(20) NOT NULL AUTO_INCREMENT,
  `RID` bigint(20) NOT NULL DEFAULT '0',
  `BID` bigint(20) NOT NULL DEFAULT '0',
  `UseType` smallint(6) NOT NULL DEFAULT '0',
  `DtStart` datetime NOT NULL DEFAULT '1970-01-01 00:00:00',
  `DtStop` datetime NOT NULL DEFAULT '1970-01-01 00:00:00',
  `Comment` varchar(2048) NOT NULL DEFAULT '',
  `LastModTime` timestamp NOT NULL DEFAULT CURRENT_TIMESTAMP ON UPDATE CURRENT_TIMESTAMP,
  `LastModBy` bigint(20) NOT NULL DEFAULT '0',
  `CreateTS` timestamp NOT NULL DEFAULT CURRENT_TIMESTAMP,
  `CreateBy` bigint(20) NOT NULL DEFAULT '0',
  PRIMARY KEY (`UTID`)
) ENGINE=InnoDB DEFAULT CHARSET=utf8;
/*!40101 SET character_set_client = @saved_cs_client */;

--
-- Dumping data for table `RentableUseType`
--

LOCK TABLES `RentableUseType` WRITE;
/*!40000 ALTER TABLE `RentableUseType` DISABLE KEYS */;
/*!40000 ALTER TABLE `RentableUseType` ENABLE KEYS */;
UNLOCK TABLES;

--
-- Table structure for table `RentableUsers`
--

DROP TABLE IF EXISTS `RentableUsers`;
/*!40101 SET @saved_cs_client     = @@character_set_client */;
/*!40101 SET character_set_client = utf8 */;
CREATE TABLE `RentableUsers` (
  `RUID` bigint(20) NOT NULL AUTO_INCREMENT,
  `RID` bigint(20) NOT NULL DEFAULT '0',
  `BID` bigint(20) NOT NULL DEFAULT '0',
  `TCID` bigint(20) NOT NULL DEFAULT '0',
  `DtStart` date NOT NULL DEFAULT '1970-01-01',
  `DtStop` date NOT NULL DEFAULT '1970-01-01',
  `LastModTime` timestamp NOT NULL DEFAULT CURRENT_TIMESTAMP ON UPDATE CURRENT_TIMESTAMP,
  `LastModBy` bigint(20) NOT NULL DEFAULT '0',
  `CreateTS` timestamp NOT NULL DEFAULT CURRENT_TIMESTAMP,
  `CreateBy` bigint(20) NOT NULL DEFAULT '0',
  PRIMARY KEY (`RUID`)
) ENGINE=InnoDB AUTO_INCREMENT=11 DEFAULT CHARSET=utf8;
/*!40101 SET character_set_client = @saved_cs_client */;

--
-- Dumping data for table `RentableUsers`
--

LOCK TABLES `RentableUsers` WRITE;
/*!40000 ALTER TABLE `RentableUsers` DISABLE KEYS */;
INSERT INTO `RentableUsers` VALUES (1,1,1,1,'2018-02-13','2020-03-01','2018-08-28 07:25:36',0,'2018-08-28 07:25:36',0),(2,2,1,2,'2018-02-13','2020-03-01','2018-08-28 07:25:36',0,'2018-08-28 07:25:36',0),(3,3,1,3,'2018-02-13','2020-03-01','2018-08-28 07:25:36',0,'2018-08-28 07:25:36',0),(4,4,1,4,'2018-02-13','2020-03-01','2018-08-28 07:25:37',0,'2018-08-28 07:25:37',0),(5,5,1,5,'2018-02-13','2020-03-01','2018-08-28 07:25:37',0,'2018-08-28 07:25:37',0),(6,6,1,6,'2018-02-13','2020-03-01','2018-08-28 07:25:37',0,'2018-08-28 07:25:37',0),(7,7,1,7,'2018-02-13','2020-03-01','2018-08-28 07:25:38',0,'2018-08-28 07:25:38',0),(8,8,1,8,'2018-02-13','2020-03-01','2018-08-28 07:25:38',0,'2018-08-28 07:25:38',0),(9,9,1,9,'2018-02-13','2020-03-01','2018-08-28 07:25:38',0,'2018-08-28 07:25:38',0),(10,10,1,10,'2018-02-13','2020-03-01','2018-08-28 07:25:39',0,'2018-08-28 07:25:39',0);
/*!40000 ALTER TABLE `RentableUsers` ENABLE KEYS */;
UNLOCK TABLES;

--
-- Table structure for table `RentalAgreement`
--

DROP TABLE IF EXISTS `RentalAgreement`;
/*!40101 SET @saved_cs_client     = @@character_set_client */;
/*!40101 SET character_set_client = utf8 */;
CREATE TABLE `RentalAgreement` (
  `RAID` bigint(20) NOT NULL AUTO_INCREMENT,
  `PRAID` bigint(20) NOT NULL DEFAULT '0',
  `ORIGIN` bigint(20) NOT NULL DEFAULT '0',
  `RATID` bigint(20) NOT NULL DEFAULT '0',
  `BID` bigint(20) NOT NULL DEFAULT '0',
  `NLID` bigint(20) NOT NULL DEFAULT '0',
  `DocumentDate` datetime NOT NULL DEFAULT '1970-01-01 00:00:00',
  `AgreementStart` date NOT NULL DEFAULT '1970-01-01',
  `AgreementStop` date NOT NULL DEFAULT '1970-01-01',
  `PossessionStart` date NOT NULL DEFAULT '1970-01-01',
  `PossessionStop` date NOT NULL DEFAULT '1970-01-01',
  `RentStart` date NOT NULL DEFAULT '1970-01-01',
  `RentStop` date NOT NULL DEFAULT '1970-01-01',
  `RentCycleEpoch` date NOT NULL DEFAULT '1970-01-01',
  `UnspecifiedAdults` smallint(6) NOT NULL DEFAULT '0',
  `UnspecifiedChildren` smallint(6) NOT NULL DEFAULT '0',
  `Renewal` smallint(6) NOT NULL DEFAULT '0',
  `SpecialProvisions` varchar(1024) NOT NULL DEFAULT '',
  `LeaseType` bigint(20) NOT NULL DEFAULT '0',
  `ExpenseAdjustmentType` bigint(20) NOT NULL DEFAULT '0',
  `ExpensesStop` decimal(19,4) NOT NULL DEFAULT '0.0000',
  `ExpenseStopCalculation` varchar(128) NOT NULL DEFAULT '',
  `BaseYearEnd` date NOT NULL DEFAULT '1970-01-01',
  `ExpenseAdjustment` date NOT NULL DEFAULT '1970-01-01',
  `EstimatedCharges` decimal(19,4) NOT NULL DEFAULT '0.0000',
  `RateChange` decimal(19,4) NOT NULL DEFAULT '0.0000',
  `CSAgent` bigint(20) NOT NULL DEFAULT '0',
  `NextRateChange` date NOT NULL DEFAULT '1970-01-01',
  `PermittedUses` varchar(128) NOT NULL DEFAULT '',
  `ExclusiveUses` varchar(128) NOT NULL DEFAULT '',
  `ExtensionOption` varchar(128) NOT NULL DEFAULT '',
  `ExtensionOptionNotice` date NOT NULL DEFAULT '1970-01-01',
  `ExpansionOption` varchar(128) NOT NULL DEFAULT '',
  `ExpansionOptionNotice` date NOT NULL DEFAULT '1970-01-01',
  `RightOfFirstRefusal` varchar(128) NOT NULL DEFAULT '',
  `DesiredUsageStartDate` date NOT NULL DEFAULT '1970-01-01',
  `RentableTypePreference` bigint(20) NOT NULL DEFAULT '0',
  `FLAGS` bigint(20) NOT NULL DEFAULT '0',
  `ApplicationReadyUID` bigint(20) NOT NULL DEFAULT '0',
  `ApplicationReadyDate` datetime NOT NULL DEFAULT '1970-01-01 00:00:00',
  `Approver1` bigint(20) NOT NULL DEFAULT '0',
  `DecisionDate1` datetime NOT NULL DEFAULT '1970-01-01 00:00:00',
  `DeclineReason1` bigint(20) NOT NULL DEFAULT '0',
  `Approver2` bigint(20) NOT NULL DEFAULT '0',
  `DecisionDate2` datetime NOT NULL DEFAULT '1970-01-01 00:00:00',
  `DeclineReason2` bigint(20) NOT NULL DEFAULT '0',
  `MoveInUID` bigint(20) NOT NULL DEFAULT '0',
  `MoveInDate` datetime NOT NULL DEFAULT '1970-01-01 00:00:00',
  `ActiveUID` bigint(20) NOT NULL DEFAULT '0',
  `ActiveDate` datetime NOT NULL DEFAULT '1970-01-01 00:00:00',
  `Outcome` bigint(20) NOT NULL DEFAULT '0',
  `NoticeToMoveUID` bigint(20) NOT NULL DEFAULT '0',
  `NoticeToMoveDate` datetime NOT NULL DEFAULT '1970-01-01 00:00:00',
  `NoticeToMoveReported` datetime NOT NULL DEFAULT '1970-01-01 00:00:00',
  `TerminatorUID` bigint(20) NOT NULL DEFAULT '0',
  `TerminationDate` datetime NOT NULL DEFAULT '1970-01-01 00:00:00',
  `LeaseTerminationReason` bigint(20) NOT NULL DEFAULT '0',
  `LastModTime` timestamp NOT NULL DEFAULT CURRENT_TIMESTAMP ON UPDATE CURRENT_TIMESTAMP,
  `LastModBy` bigint(20) NOT NULL DEFAULT '0',
  `CreateTS` timestamp NOT NULL DEFAULT CURRENT_TIMESTAMP,
  `CreateBy` bigint(20) NOT NULL DEFAULT '0',
  PRIMARY KEY (`RAID`)
) ENGINE=InnoDB AUTO_INCREMENT=11 DEFAULT CHARSET=utf8;
/*!40101 SET character_set_client = @saved_cs_client */;

--
-- Dumping data for table `RentalAgreement`
--

LOCK TABLES `RentalAgreement` WRITE;
/*!40000 ALTER TABLE `RentalAgreement` DISABLE KEYS */;
INSERT INTO `RentalAgreement` VALUES (1,0,0,1,1,0,'0000-00-00 00:00:00','2018-02-13','2020-03-01','2018-02-13','2020-03-01','2018-02-13','2020-03-01','2018-03-01',2,0,2,'',0,0,0.0000,'','0000-00-00','0000-00-00',0.0000,0.0000,92,'0000-00-00','','','','0000-00-00','','0000-00-00','','0000-00-00',0,52,134,'2018-02-13 00:00:00',249,'2018-02-13 00:00:00',0,252,'2018-02-13 00:00:00',0,217,'2018-02-13 00:00:00',288,'2018-02-13 00:00:00',0,0,'0000-00-00 00:00:00','0000-00-00 00:00:00',0,'0000-00-00 00:00:00',0,'2018-08-28 07:25:36',0,'2018-08-28 07:25:36',0),(2,0,0,1,1,0,'0000-00-00 00:00:00','2018-02-13','2020-03-01','2018-02-13','2020-03-01','2018-02-13','2020-03-01','2018-03-01',0,0,2,'',0,0,0.0000,'','0000-00-00','0000-00-00',0.0000,0.0000,105,'0000-00-00','','','','0000-00-00','','0000-00-00','','0000-00-00',0,52,220,'2018-02-13 00:00:00',210,'2018-02-13 00:00:00',0,20,'2018-02-13 00:00:00',0,29,'2018-02-13 00:00:00',112,'2018-02-13 00:00:00',0,0,'0000-00-00 00:00:00','0000-00-00 00:00:00',0,'0000-00-00 00:00:00',0,'2018-08-28 07:25:36',0,'2018-08-28 07:25:36',0),(3,0,0,1,1,0,'0000-00-00 00:00:00','2018-02-13','2020-03-01','2018-02-13','2020-03-01','2018-02-13','2020-03-01','2018-03-01',0,1,2,'',0,0,0.0000,'','0000-00-00','0000-00-00',0.0000,0.0000,178,'0000-00-00','','','','0000-00-00','','0000-00-00','','0000-00-00',0,53,143,'2018-02-13 00:00:00',108,'2018-02-13 00:00:00',0,17,'2018-02-13 00:00:00',0,192,'2018-02-13 00:00:00',166,'2018-02-13 00:00:00',0,269,'2018-09-28 00:00:00','2018-08-28 09:14:45',0,'0000-00-00 00:00:00',0,'2018-08-28 09:14:45',269,'2018-08-28 07:25:36',0),(4,0,0,1,1,0,'0000-00-00 00:00:00','2018-02-13','2020-03-01','2018-02-13','2020-03-01','2018-02-13','2020-03-01','2018-03-01',1,2,2,'',0,0,0.0000,'','0000-00-00','0000-00-00',0.0000,0.0000,102,'0000-00-00','','','','0000-00-00','','0000-00-00','','0000-00-00',0,53,227,'2018-02-13 00:00:00',295,'2018-02-13 00:00:00',0,258,'2018-02-13 00:00:00',0,32,'2018-02-13 00:00:00',16,'2018-02-13 00:00:00',0,269,'2018-09-28 00:00:00','2018-08-28 09:15:00',0,'0000-00-00 00:00:00',0,'2018-08-28 09:15:00',269,'2018-08-28 07:25:37',0),(5,0,0,1,1,0,'0000-00-00 00:00:00','2018-02-13','2020-03-01','2018-02-13','2020-03-01','2018-02-13','2020-03-01','2018-03-01',1,1,2,'',0,0,0.0000,'','0000-00-00','0000-00-00',0.0000,0.0000,55,'0000-00-00','','','','0000-00-00','','0000-00-00','','0000-00-00',0,54,85,'2018-02-13 00:00:00',282,'2018-02-13 00:00:00',0,276,'2018-02-13 00:00:00',0,162,'2018-02-13 00:00:00',170,'2018-02-13 00:00:00',0,0,'0000-00-00 00:00:00','0000-00-00 00:00:00',269,'2018-08-28 09:15:28',83,'2018-08-28 09:15:27',269,'2018-08-28 07:25:37',0),(6,0,0,1,1,0,'0000-00-00 00:00:00','2018-02-13','2020-03-01','2018-02-13','2020-03-01','2018-02-13','2020-03-01','2018-03-01',1,1,2,'',0,0,0.0000,'','0000-00-00','0000-00-00',0.0000,0.0000,68,'0000-00-00','','','','0000-00-00','','0000-00-00','','0000-00-00',0,52,229,'2018-02-13 00:00:00',270,'2018-02-13 00:00:00',0,254,'2018-02-13 00:00:00',0,15,'2018-02-13 00:00:00',143,'2018-02-13 00:00:00',0,0,'0000-00-00 00:00:00','0000-00-00 00:00:00',0,'0000-00-00 00:00:00',0,'2018-08-28 07:25:37',0,'2018-08-28 07:25:37',0),(7,0,0,1,1,0,'0000-00-00 00:00:00','2018-02-13','2020-03-01','2018-02-13','2020-03-01','2018-02-13','2020-03-01','2018-03-01',0,2,2,'',0,0,0.0000,'','0000-00-00','0000-00-00',0.0000,0.0000,144,'0000-00-00','','','','0000-00-00','','0000-00-00','','0000-00-00',0,52,240,'2018-02-13 00:00:00',292,'2018-02-13 00:00:00',0,142,'2018-02-13 00:00:00',0,285,'2018-02-13 00:00:00',127,'2018-02-13 00:00:00',0,0,'0000-00-00 00:00:00','0000-00-00 00:00:00',0,'0000-00-00 00:00:00',0,'2018-08-28 07:25:37',0,'2018-08-28 07:25:37',0),(8,0,0,1,1,0,'0000-00-00 00:00:00','2018-02-13','2020-03-01','2018-02-13','2020-03-01','2018-02-13','2020-03-01','2018-03-01',3,2,2,'',0,0,0.0000,'','0000-00-00','0000-00-00',0.0000,0.0000,244,'0000-00-00','','','','0000-00-00','','0000-00-00','','0000-00-00',0,53,181,'2018-02-13 00:00:00',297,'2018-02-13 00:00:00',0,225,'2018-02-13 00:00:00',0,265,'2018-02-13 00:00:00',290,'2018-02-13 00:00:00',0,269,'2018-09-28 00:00:00','2018-08-28 09:48:39',0,'0000-00-00 00:00:00',0,'2018-08-28 09:48:39',269,'2018-08-28 07:25:38',0),(9,0,0,1,1,0,'0000-00-00 00:00:00','2018-02-13','2020-03-01','2018-02-13','2020-03-01','2018-02-13','2020-03-01','2018-03-01',3,2,2,'',0,0,0.0000,'','0000-00-00','0000-00-00',0.0000,0.0000,222,'0000-00-00','','','','0000-00-00','','0000-00-00','','0000-00-00',0,54,37,'2018-02-13 00:00:00',26,'2018-02-13 00:00:00',0,71,'2018-02-13 00:00:00',0,125,'2018-02-13 00:00:00',71,'2018-02-13 00:00:00',0,0,'0000-00-00 00:00:00','0000-00-00 00:00:00',269,'2018-08-28 09:48:50',83,'2018-08-28 09:48:50',269,'2018-08-28 07:25:38',0),(10,0,0,1,1,0,'0000-00-00 00:00:00','2018-02-13','2020-03-01','2018-02-13','2020-03-01','2018-02-13','2020-03-01','2018-03-01',3,1,2,'',0,0,0.0000,'','0000-00-00','0000-00-00',0.0000,0.0000,190,'0000-00-00','','','','0000-00-00','','0000-00-00','','0000-00-00',0,52,23,'2018-02-13 00:00:00',217,'2018-02-13 00:00:00',0,11,'2018-02-13 00:00:00',0,17,'2018-02-13 00:00:00',187,'2018-02-13 00:00:00',0,0,'0000-00-00 00:00:00','0000-00-00 00:00:00',0,'0000-00-00 00:00:00',0,'2018-08-28 07:25:39',0,'2018-08-28 07:25:39',0);
/*!40000 ALTER TABLE `RentalAgreement` ENABLE KEYS */;
UNLOCK TABLES;

--
-- Table structure for table `RentalAgreementPayors`
--

DROP TABLE IF EXISTS `RentalAgreementPayors`;
/*!40101 SET @saved_cs_client     = @@character_set_client */;
/*!40101 SET character_set_client = utf8 */;
CREATE TABLE `RentalAgreementPayors` (
  `RAPID` bigint(20) NOT NULL AUTO_INCREMENT,
  `RAID` bigint(20) NOT NULL DEFAULT '0',
  `BID` bigint(20) NOT NULL DEFAULT '0',
  `TCID` bigint(20) NOT NULL DEFAULT '0',
  `DtStart` date NOT NULL DEFAULT '1970-01-01',
  `DtStop` date NOT NULL DEFAULT '1970-01-01',
  `FLAGS` bigint(20) NOT NULL DEFAULT '0',
  `LastModTime` timestamp NOT NULL DEFAULT CURRENT_TIMESTAMP ON UPDATE CURRENT_TIMESTAMP,
  `LastModBy` bigint(20) NOT NULL DEFAULT '0',
  `CreateTS` timestamp NOT NULL DEFAULT CURRENT_TIMESTAMP,
  `CreateBy` bigint(20) NOT NULL DEFAULT '0',
  PRIMARY KEY (`RAPID`)
) ENGINE=InnoDB AUTO_INCREMENT=11 DEFAULT CHARSET=utf8;
/*!40101 SET character_set_client = @saved_cs_client */;

--
-- Dumping data for table `RentalAgreementPayors`
--

LOCK TABLES `RentalAgreementPayors` WRITE;
/*!40000 ALTER TABLE `RentalAgreementPayors` DISABLE KEYS */;
INSERT INTO `RentalAgreementPayors` VALUES (1,1,1,1,'2018-02-13','2020-03-01',0,'2018-08-28 07:25:36',0,'2018-08-28 07:25:36',0),(2,2,1,2,'2018-02-13','2020-03-01',0,'2018-08-28 07:25:36',0,'2018-08-28 07:25:36',0),(3,3,1,3,'2018-02-13','2020-03-01',0,'2018-08-28 07:25:36',0,'2018-08-28 07:25:36',0),(4,4,1,4,'2018-02-13','2020-03-01',0,'2018-08-28 07:25:37',0,'2018-08-28 07:25:37',0),(5,5,1,5,'2018-02-13','2020-03-01',0,'2018-08-28 07:25:37',0,'2018-08-28 07:25:37',0),(6,6,1,6,'2018-02-13','2020-03-01',0,'2018-08-28 07:25:37',0,'2018-08-28 07:25:37',0),(7,7,1,7,'2018-02-13','2020-03-01',0,'2018-08-28 07:25:37',0,'2018-08-28 07:25:37',0),(8,8,1,8,'2018-02-13','2020-03-01',0,'2018-08-28 07:25:38',0,'2018-08-28 07:25:38',0),(9,9,1,9,'2018-02-13','2020-03-01',0,'2018-08-28 07:25:38',0,'2018-08-28 07:25:38',0),(10,10,1,10,'2018-02-13','2020-03-01',0,'2018-08-28 07:25:39',0,'2018-08-28 07:25:39',0);
/*!40000 ALTER TABLE `RentalAgreementPayors` ENABLE KEYS */;
UNLOCK TABLES;

--
-- Table structure for table `RentalAgreementRentables`
--

DROP TABLE IF EXISTS `RentalAgreementRentables`;
/*!40101 SET @saved_cs_client     = @@character_set_client */;
/*!40101 SET character_set_client = utf8 */;
CREATE TABLE `RentalAgreementRentables` (
  `RARID` bigint(20) NOT NULL AUTO_INCREMENT,
  `RAID` bigint(20) NOT NULL DEFAULT '0',
  `BID` bigint(20) NOT NULL DEFAULT '0',
  `RID` bigint(20) NOT NULL DEFAULT '0',
  `PRID` bigint(20) NOT NULL DEFAULT '0',
  `CLID` bigint(20) NOT NULL DEFAULT '0',
  `ContractRent` decimal(19,4) NOT NULL DEFAULT '0.0000',
  `RARDtStart` date NOT NULL DEFAULT '1970-01-01',
  `RARDtStop` date NOT NULL DEFAULT '1970-01-01',
  `LastModTime` timestamp NOT NULL DEFAULT CURRENT_TIMESTAMP ON UPDATE CURRENT_TIMESTAMP,
  `LastModBy` bigint(20) NOT NULL DEFAULT '0',
  `CreateTS` timestamp NOT NULL DEFAULT CURRENT_TIMESTAMP,
  `CreateBy` bigint(20) NOT NULL DEFAULT '0',
  PRIMARY KEY (`RARID`)
) ENGINE=InnoDB AUTO_INCREMENT=11 DEFAULT CHARSET=utf8;
/*!40101 SET character_set_client = @saved_cs_client */;

--
-- Dumping data for table `RentalAgreementRentables`
--

LOCK TABLES `RentalAgreementRentables` WRITE;
/*!40000 ALTER TABLE `RentalAgreementRentables` DISABLE KEYS */;
INSERT INTO `RentalAgreementRentables` VALUES (1,1,1,1,0,0,1000.0000,'2018-02-13','2020-03-01','2018-08-28 07:25:36',0,'2018-08-28 07:25:36',0),(2,2,1,2,0,0,1000.0000,'2018-02-13','2020-03-01','2018-08-28 07:25:36',0,'2018-08-28 07:25:36',0),(3,3,1,3,0,0,1000.0000,'2018-02-13','2020-03-01','2018-08-28 07:25:36',0,'2018-08-28 07:25:36',0),(4,4,1,4,0,0,1500.0000,'2018-02-13','2020-03-01','2018-08-28 07:25:37',0,'2018-08-28 07:25:37',0),(5,5,1,5,0,0,1500.0000,'2018-02-13','2020-03-01','2018-08-28 07:25:37',0,'2018-08-28 07:25:37',0),(6,6,1,6,0,0,1750.0000,'2018-02-13','2020-03-01','2018-08-28 07:25:37',0,'2018-08-28 07:25:37',0),(7,7,1,7,0,0,1750.0000,'2018-02-13','2020-03-01','2018-08-28 07:25:37',0,'2018-08-28 07:25:37',0),(8,8,1,8,0,0,2500.0000,'2018-02-13','2020-03-01','2018-08-28 07:25:38',0,'2018-08-28 07:25:38',0),(9,9,1,9,0,0,2500.0000,'2018-02-13','2020-03-01','2018-08-28 07:25:38',0,'2018-08-28 07:25:38',0),(10,10,1,10,0,0,2500.0000,'2018-02-13','2020-03-01','2018-08-28 07:25:39',0,'2018-08-28 07:25:39',0);
/*!40000 ALTER TABLE `RentalAgreementRentables` ENABLE KEYS */;
UNLOCK TABLES;

--
-- Table structure for table `RentalAgreementTax`
--

DROP TABLE IF EXISTS `RentalAgreementTax`;
/*!40101 SET @saved_cs_client     = @@character_set_client */;
/*!40101 SET character_set_client = utf8 */;
CREATE TABLE `RentalAgreementTax` (
  `RAID` bigint(20) NOT NULL DEFAULT '0',
  `BID` bigint(20) NOT NULL DEFAULT '0',
  `DtStart` date NOT NULL DEFAULT '1970-01-01',
  `DtStop` date NOT NULL DEFAULT '1970-01-01',
  `FLAGS` bigint(20) NOT NULL DEFAULT '0',
  `LastModTime` timestamp NOT NULL DEFAULT CURRENT_TIMESTAMP ON UPDATE CURRENT_TIMESTAMP,
  `LastModBy` bigint(20) NOT NULL DEFAULT '0',
  `CreateTS` timestamp NOT NULL DEFAULT CURRENT_TIMESTAMP,
  `CreateBy` bigint(20) NOT NULL DEFAULT '0'
) ENGINE=InnoDB DEFAULT CHARSET=utf8;
/*!40101 SET character_set_client = @saved_cs_client */;

--
-- Dumping data for table `RentalAgreementTax`
--

LOCK TABLES `RentalAgreementTax` WRITE;
/*!40000 ALTER TABLE `RentalAgreementTax` DISABLE KEYS */;
/*!40000 ALTER TABLE `RentalAgreementTax` ENABLE KEYS */;
UNLOCK TABLES;

--
-- Table structure for table `RentalAgreementTemplate`
--

DROP TABLE IF EXISTS `RentalAgreementTemplate`;
/*!40101 SET @saved_cs_client     = @@character_set_client */;
/*!40101 SET character_set_client = utf8 */;
CREATE TABLE `RentalAgreementTemplate` (
  `RATID` bigint(20) NOT NULL AUTO_INCREMENT,
  `BID` bigint(20) NOT NULL DEFAULT '0',
  `RATemplateName` varchar(100) DEFAULT '',
  `LastModTime` timestamp NOT NULL DEFAULT CURRENT_TIMESTAMP ON UPDATE CURRENT_TIMESTAMP,
  `LastModBy` bigint(20) NOT NULL DEFAULT '0',
  `CreateTS` timestamp NOT NULL DEFAULT CURRENT_TIMESTAMP,
  `CreateBy` bigint(20) NOT NULL DEFAULT '0',
  PRIMARY KEY (`RATID`)
) ENGINE=InnoDB AUTO_INCREMENT=5 DEFAULT CHARSET=utf8;
/*!40101 SET character_set_client = @saved_cs_client */;

--
-- Dumping data for table `RentalAgreementTemplate`
--

LOCK TABLES `RentalAgreementTemplate` WRITE;
/*!40000 ALTER TABLE `RentalAgreementTemplate` DISABLE KEYS */;
INSERT INTO `RentalAgreementTemplate` VALUES (1,1,'Agreement3722.1.doc','2017-11-10 23:24:23',0,'2017-11-10 23:24:23',0),(2,1,'Agreement4421.2.doc','2017-11-10 23:24:23',0,'2017-11-10 23:24:23',0),(3,1,'Agreement4980.3.doc','2017-11-10 23:24:23',0,'2017-11-10 23:24:23',0),(4,1,'Agreement5342.7.doc','2017-11-10 23:24:23',0,'2017-11-10 23:24:23',0);
/*!40000 ALTER TABLE `RentalAgreementTemplate` ENABLE KEYS */;
UNLOCK TABLES;

--
-- Table structure for table `SLString`
--

DROP TABLE IF EXISTS `SLString`;
/*!40101 SET @saved_cs_client     = @@character_set_client */;
/*!40101 SET character_set_client = utf8 */;
CREATE TABLE `SLString` (
  `SLSID` bigint(20) NOT NULL AUTO_INCREMENT,
  `BID` bigint(20) NOT NULL DEFAULT '0',
  `SLID` bigint(20) NOT NULL DEFAULT '0',
  `Value` varchar(256) NOT NULL DEFAULT '',
  `LastModTime` timestamp NOT NULL DEFAULT CURRENT_TIMESTAMP ON UPDATE CURRENT_TIMESTAMP,
  `LastModBy` bigint(20) NOT NULL DEFAULT '0',
  `CreateTS` timestamp NOT NULL DEFAULT CURRENT_TIMESTAMP,
  `CreateBy` bigint(20) NOT NULL DEFAULT '0',
  PRIMARY KEY (`SLSID`)
) ENGINE=InnoDB AUTO_INCREMENT=388 DEFAULT CHARSET=utf8;
/*!40101 SET character_set_client = @saved_cs_client */;

--
-- Dumping data for table `SLString`
--

LOCK TABLES `SLString` WRITE;
/*!40000 ALTER TABLE `SLString` DISABLE KEYS */;
INSERT INTO `SLString` VALUES (1,1,1,'4Walls','2018-06-12 18:01:26',0,'2018-06-12 18:01:26',0),(2,1,1,'Apartment Finder Blue Book','2018-06-12 18:01:26',0,'2018-06-12 18:01:26',0),(3,1,1,'Apartment Guide','2018-06-12 18:01:26',0,'2018-06-12 18:01:26',0),(4,1,1,'Apartment Locator','2018-06-12 18:01:26',0,'2018-06-12 18:01:26',0),(5,1,1,'Apartment Map','2018-06-12 18:01:26',0,'2018-06-12 18:01:26',0),(6,1,1,'ApartmentFinder.com','2018-06-12 18:01:26',0,'2018-06-12 18:01:26',0),(7,1,1,'ApartmentGuide.com','2018-06-12 18:01:26',0,'2018-06-12 18:01:26',0),(8,1,1,'ApartmentGuyze.com','2018-06-12 18:01:26',0,'2018-06-12 18:01:26',0),(9,1,1,'ApartmentHomeLiving.com','2018-06-12 18:01:26',0,'2018-06-12 18:01:26',0),(10,1,1,'ApartmentLints.com','2018-06-12 18:01:26',0,'2018-06-12 18:01:26',0),(11,1,1,'ApartmentMag.com','2018-06-12 18:01:26',0,'2018-06-12 18:01:26',0),(12,1,1,'ApartmentMarketer.com','2018-06-12 18:01:26',0,'2018-06-12 18:01:26',0),(13,1,1,'ApartmentMatching.com','2018-06-12 18:01:26',0,'2018-06-12 18:01:26',0),(14,1,1,'ApartmentRatings.com','2018-06-12 18:01:26',0,'2018-06-12 18:01:26',0),(15,1,1,'ApartmentSearch.com','2018-06-12 18:01:26',0,'2018-06-12 18:01:26',0),(16,1,1,'ApartmentShowcase.com','2018-06-12 18:01:26',0,'2018-06-12 18:01:26',0),(17,1,1,'Apartments.com','2018-06-12 18:01:26',0,'2018-06-12 18:01:26',0),(18,1,1,'Apartments24-7.com','2018-06-12 18:01:26',0,'2018-06-12 18:01:26',0),(19,1,1,'ApartmentsNationwide.com','2018-06-12 18:01:26',0,'2018-06-12 18:01:26',0),(20,1,1,'ApartmentsPlus.com','2018-06-12 18:01:26',0,'2018-06-12 18:01:26',0),(21,1,1,'Brochure/Flyer','2018-06-12 18:01:26',0,'2018-06-12 18:01:26',0),(22,1,1,'CitySearch.com','2018-06-12 18:01:26',0,'2018-06-12 18:01:26',0),(23,1,1,'CollegeRentals.com','2018-06-12 18:01:26',0,'2018-06-12 18:01:26',0),(24,1,1,'CraigsList.com','2018-06-12 18:01:26',0,'2018-06-12 18:01:26',0),(25,1,1,'Current resident','2018-06-12 18:01:26',0,'2018-06-12 18:01:26',0),(26,1,1,'Direct Mail - Conventional','2018-06-12 18:01:26',0,'2018-06-12 18:01:26',0),(27,1,1,'Direct Mail - FullService','2018-06-12 18:01:26',0,'2018-06-12 18:01:26',0),(28,1,1,'Drive by','2018-06-12 18:01:26',0,'2018-06-12 18:01:26',0),(29,1,1,'EasyRent.com','2018-06-12 18:01:26',0,'2018-06-12 18:01:26',0),(30,1,1,'El Nacional','2018-06-12 18:01:26',0,'2018-06-12 18:01:26',0),(31,1,1,'EliteRenting.com','2018-06-12 18:01:26',0,'2018-06-12 18:01:26',0),(32,1,1,'For Rent Magazine','2018-06-12 18:01:26',0,'2018-06-12 18:01:26',0),(33,1,1,'ForRent.com','2018-06-12 18:01:26',0,'2018-06-12 18:01:26',0),(34,1,1,'Google Internet Program','2018-06-12 18:01:26',0,'2018-06-12 18:01:26',0),(35,1,1,'Google.com','2018-06-12 18:01:26',0,'2018-06-12 18:01:26',0),(36,1,1,'HotPads.com','2018-06-12 18:01:26',0,'2018-06-12 18:01:26',0),(37,1,1,'LivingChoices.com','2018-06-12 18:01:26',0,'2018-06-12 18:01:26',0),(38,1,1,'Local Line Rolloer','2018-06-12 18:01:26',0,'2018-06-12 18:01:26',0),(39,1,1,'Locator Service','2018-06-12 18:01:26',0,'2018-06-12 18:01:26',0),(40,1,1,'Move.com','2018-06-12 18:01:26',0,'2018-06-12 18:01:26',0),(41,1,1,'MoveForFree.com','2018-06-12 18:01:26',0,'2018-06-12 18:01:26',0),(42,1,1,'MyNewPlace.com','2018-06-12 18:01:26',0,'2018-06-12 18:01:26',0),(43,1,1,'Oklahoma Gazette','2018-06-12 18:01:26',0,'2018-06-12 18:01:26',0),(44,1,1,'Oodle.com','2018-06-12 18:01:26',0,'2018-06-12 18:01:26',0),(45,1,1,'Other','2018-06-12 18:01:26',0,'2018-06-12 18:01:26',0),(46,1,1,'Other','2018-06-12 18:01:26',0,'2018-06-12 18:01:26',0),(47,1,1,'Other OneSite property','2018-06-12 18:01:26',0,'2018-06-12 18:01:26',0),(48,1,1,'Other property','2018-06-12 18:01:26',0,'2018-06-12 18:01:26',0),(49,1,1,'Other publication','2018-06-12 18:01:26',0,'2018-06-12 18:01:26',0),(50,1,1,'Other site','2018-06-12 18:01:26',0,'2018-06-12 18:01:26',0),(51,1,1,'PMC-owned Website','2018-06-12 18:01:26',0,'2018-06-12 18:01:26',0),(52,1,1,'PeopleWithPets.com','2018-06-12 18:01:26',0,'2018-06-12 18:01:26',0),(53,1,1,'Preferred employer program','2018-06-12 18:01:26',0,'2018-06-12 18:01:26',0),(54,1,1,'Prior resident','2018-06-12 18:01:26',0,'2018-06-12 18:01:26',0),(55,1,1,'Property website','2018-06-12 18:01:26',0,'2018-06-12 18:01:26',0),(56,1,1,'Radio Advertising','2018-06-12 18:01:26',0,'2018-06-12 18:01:26',0),(57,1,1,'Referral companies/merchants','2018-06-12 18:01:26',0,'2018-06-12 18:01:26',0),(58,1,1,'Rent.com','2018-06-12 18:01:26',0,'2018-06-12 18:01:26',0),(59,1,1,'RentAndMove.com','2018-06-12 18:01:26',0,'2018-06-12 18:01:26',0),(60,1,1,'RentClicks.com','2018-06-12 18:01:26',0,'2018-06-12 18:01:26',0),(61,1,1,'RentJungle.com','2018-06-12 18:01:26',0,'2018-06-12 18:01:26',0),(62,1,1,'RentNet.com','2018-06-12 18:01:26',0,'2018-06-12 18:01:26',0),(63,1,1,'RentWiki.com','2018-06-12 18:01:26',0,'2018-06-12 18:01:26',0),(64,1,1,'Rentals.com','2018-06-12 18:01:26',0,'2018-06-12 18:01:26',0),(65,1,1,'Rentping.com','2018-06-12 18:01:26',0,'2018-06-12 18:01:26',0),(66,1,1,'Roomster.net','2018-06-12 18:01:26',0,'2018-06-12 18:01:26',0),(67,1,1,'Senior Living Magazine','2018-06-12 18:01:26',0,'2018-06-12 18:01:26',0),(68,1,1,'Site-owned website','2018-06-12 18:01:26',0,'2018-06-12 18:01:26',0),(69,1,1,'TV Advertising','2018-06-12 18:01:26',0,'2018-06-12 18:01:26',0),(70,1,1,'Tinker Take Off','2018-06-12 18:01:26',0,'2018-06-12 18:01:26',0),(71,1,1,'UMoveFree.com','2018-06-12 18:01:26',0,'2018-06-12 18:01:26',0),(72,1,1,'Unknown/Would not give','2018-06-12 18:01:26',0,'2018-06-12 18:01:26',0),(73,1,1,'Yahoo.com','2018-06-12 18:01:26',0,'2018-06-12 18:01:26',0),(74,1,1,'Yellow pages','2018-06-12 18:01:26',0,'2018-06-12 18:01:26',0),(75,1,2,'Criminal background','2018-06-12 18:01:26',0,'2018-06-12 18:01:26',0),(76,1,2,'No credit history','2018-06-12 18:01:26',0,'2018-06-12 18:01:26',0),(77,1,2,'No employment history','2018-06-12 18:01:26',0,'2018-06-12 18:01:26',0),(78,1,2,'No poor credit history','2018-06-12 18:01:26',0,'2018-06-12 18:01:26',0),(79,1,2,'No poor employment history','2018-06-12 18:01:26',0,'2018-06-12 18:01:26',0),(80,1,2,'No poor rental history','2018-06-12 18:01:26',0,'2018-06-12 18:01:26',0),(81,1,2,'No rental history','2018-06-12 18:01:26',0,'2018-06-12 18:01:26',0),(82,1,2,'Other','2018-06-12 18:01:26',0,'2018-06-12 18:01:26',0),(83,1,3,'Abandoned Apartment','2018-06-12 18:01:26',0,'2018-06-12 18:01:26',0),(84,1,3,'Acquired a pet','2018-06-12 18:01:26',0,'2018-06-12 18:01:26',0),(85,1,3,'Added a roommate','2018-06-12 18:01:26',0,'2018-06-12 18:01:26',0),(86,1,3,'Amenities lacking','2018-06-12 18:01:26',0,'2018-06-12 18:01:26',0),(87,1,3,'Bought condominium','2018-06-12 18:01:26',0,'2018-06-12 18:01:26',0),(88,1,3,'Bought home','2018-06-12 18:01:26',0,'2018-06-12 18:01:26',0),(89,1,3,'Bought townhome','2018-06-12 18:01:26',0,'2018-06-12 18:01:26',0),(90,1,3,'Changed jobs','2018-06-12 18:01:26',0,'2018-06-12 18:01:26',0),(91,1,3,'Closer to airport','2018-06-12 18:01:26',0,'2018-06-12 18:01:26',0),(92,1,3,'Closer to town/city','2018-06-12 18:01:26',0,'2018-06-12 18:01:26',0),(93,1,3,'Closer to work','2018-06-12 18:01:26',0,'2018-06-12 18:01:26',0),(94,1,3,'Corporate or short term lease only','2018-06-12 18:01:26',0,'2018-06-12 18:01:26',0),(95,1,3,'Death or illness','2018-06-12 18:01:26',0,'2018-06-12 18:01:26',0),(96,1,3,'Dissatisfied for another reason','2018-06-12 18:01:26',0,'2018-06-12 18:01:26',0),(97,1,3,'Divorce','2018-06-12 18:01:26',0,'2018-06-12 18:01:26',0),(98,1,3,'Employment transfer','2018-06-12 18:01:26',0,'2018-06-12 18:01:26',0),(99,1,3,'Evicted for another reason','2018-06-12 18:01:26',0,'2018-06-12 18:01:26',0),(100,1,3,'Evicted for criminal reasons','2018-06-12 18:01:26',0,'2018-06-12 18:01:26',0),(101,1,3,'Evicted for non-compliance with community policies','2018-06-12 18:01:26',0,'2018-06-12 18:01:26',0),(102,1,3,'Evicted for non-payment of rent','2018-06-12 18:01:26',0,'2018-06-12 18:01:26',0),(103,1,3,'Generally unhappy with property','2018-06-12 18:01:26',0,'2018-06-12 18:01:26',0),(104,1,3,'Getting married','2018-06-12 18:01:26',0,'2018-06-12 18:01:26',0),(105,1,3,'High utility costs','2018-06-12 18:01:26',0,'2018-06-12 18:01:26',0),(106,1,3,'Leaving/graduating school','2018-06-12 18:01:26',0,'2018-06-12 18:01:26',0),(107,1,3,'Lifestyle change for another reason','2018-06-12 18:01:26',0,'2018-06-12 18:01:26',0),(108,1,3,'Loss of employment from the PMC','2018-06-12 18:01:26',0,'2018-06-12 18:01:26',0),(109,1,3,'Lost a job','2018-06-12 18:01:26',0,'2018-06-12 18:01:26',0),(110,1,3,'Lost a roommate','2018-06-12 18:01:26',0,'2018-06-12 18:01:26',0),(111,1,3,'Marital status change','2018-06-12 18:01:26',0,'2018-06-12 18:01:26',0),(112,1,3,'Military transfer','2018-06-12 18:01:26',0,'2018-06-12 18:01:26',0),(113,1,3,'Money problems','2018-06-12 18:01:26',0,'2018-06-12 18:01:26',0),(114,1,3,'Moving closer to home','2018-06-12 18:01:26',0,'2018-06-12 18:01:26',0),(115,1,3,'Moving home','2018-06-12 18:01:26',0,'2018-06-12 18:01:26',0),(116,1,3,'No reason given','2018-06-12 18:01:26',0,'2018-06-12 18:01:26',0),(117,1,3,'Noise problem','2018-06-12 18:01:26',0,'2018-06-12 18:01:26',0),(118,1,3,'Non-renewal of lease','2018-06-12 18:01:26',0,'2018-06-12 18:01:26',0),(119,1,3,'Other','2018-06-12 18:01:26',0,'2018-06-12 18:01:26',0),(120,1,3,'Parking problems','2018-06-12 18:01:26',0,'2018-06-12 18:01:26',0),(121,1,3,'Personal reasons/concerns','2018-06-12 18:01:26',0,'2018-06-12 18:01:26',0),(122,1,3,'Property disaster','2018-06-12 18:01:26',0,'2018-06-12 18:01:26',0),(123,1,3,'Rental increase','2018-06-12 18:01:26',0,'2018-06-12 18:01:26',0),(124,1,3,'Rentin home','2018-06-12 18:01:26',0,'2018-06-12 18:01:26',0),(125,1,3,'Returning/going to school','2018-06-12 18:01:26',0,'2018-06-12 18:01:26',0),(126,1,3,'Road construction','2018-06-12 18:01:26',0,'2018-06-12 18:01:26',0),(127,1,3,'Selling/old house','2018-06-12 18:01:26',0,'2018-06-12 18:01:26',0),(128,1,3,'Skipped during eviction process','2018-06-12 18:01:26',0,'2018-06-12 18:01:26',0),(129,1,3,'Skipped without notice','2018-06-12 18:01:26',0,'2018-06-12 18:01:26',0),(130,1,4,'ADA accessible','2018-06-12 18:01:26',0,'2018-06-12 18:01:26',0),(131,1,4,'Amenities lacking','2018-06-12 18:01:26',0,'2018-06-12 18:01:26',0),(132,1,4,'Color palette','2018-06-12 18:01:26',0,'2018-06-12 18:01:26',0),(133,1,4,'Drive up appeal','2018-06-12 18:01:26',0,'2018-06-12 18:01:26',0),(134,1,4,'Furniture','2018-06-12 18:01:26',0,'2018-06-12 18:01:26',0),(135,1,4,'Lease term','2018-06-12 18:01:26',0,'2018-06-12 18:01:26',0),(136,1,4,'Location to employment','2018-06-12 18:01:26',0,'2018-06-12 18:01:26',0),(137,1,4,'Location to family','2018-06-12 18:01:26',0,'2018-06-12 18:01:26',0),(138,1,4,'Location to shopping and entertainment','2018-06-12 18:01:26',0,'2018-06-12 18:01:26',0),(139,1,4,'Meets square footage needs','2018-06-12 18:01:26',0,'2018-06-12 18:01:26',0),(140,1,4,'Personnel','2018-06-12 18:01:26',0,'2018-06-12 18:01:26',0),(141,1,4,'Pet allowances','2018-06-12 18:01:26',0,'2018-06-12 18:01:26',0),(142,1,4,'Point of lease e-commerce offers','2018-06-12 18:01:26',0,'2018-06-12 18:01:26',0),(143,1,4,'Priing','2018-06-12 18:01:26',0,'2018-06-12 18:01:26',0),(144,1,4,'Public transportation','2018-06-12 18:01:26',0,'2018-06-12 18:01:26',0),(145,1,4,'School district','2018-06-12 18:01:26',0,'2018-06-12 18:01:26',0),(146,1,4,'Special','2018-06-12 18:01:26',0,'2018-06-12 18:01:26',0),(147,1,5,'Amenities ^ Amenities lacking','2018-06-12 18:01:26',0,'2018-06-12 18:01:26',0),(148,1,5,'Amenities ^ Bedroom size','2018-06-12 18:01:26',0,'2018-06-12 18:01:26',0),(149,1,5,'Amenities ^ Color scheme','2018-06-12 18:01:26',0,'2018-06-12 18:01:26',0),(150,1,5,'Amenities ^ Competition has better amenities','2018-06-12 18:01:26',0,'2018-06-12 18:01:26',0),(151,1,5,'Amenities ^ Objection to floor plan','2018-06-12 18:01:26',0,'2018-06-12 18:01:26',0),(152,1,5,'Cost ^ Competition is less expensive','2018-06-12 18:01:26',0,'2018-06-12 18:01:26',0),(153,1,5,'Cost ^ No specials/concessions','2018-06-12 18:01:26',0,'2018-06-12 18:01:26',0),(154,1,5,'Cost ^ Too expensive','2018-06-12 18:01:26',0,'2018-06-12 18:01:26',0),(155,1,5,'Inactive ^ Inactive','2018-06-12 18:01:26',0,'2018-06-12 18:01:26',0),(156,1,5,'Location ^ Location','2018-06-12 18:01:26',0,'2018-06-12 18:01:26',0),(157,1,5,'Location ^ Road construction','2018-06-12 18:01:26',0,'2018-06-12 18:01:26',0),(158,1,5,'Location ^ Too close to highway','2018-06-12 18:01:26',0,'2018-06-12 18:01:26',0),(159,1,5,'Not available ^ Unit/floor plan not available','2018-06-12 18:01:26',0,'2018-06-12 18:01:26',0),(160,1,5,'Not interested ^ Bought/rented house instead','2018-06-12 18:01:26',0,'2018-06-12 18:01:26',0),(161,1,5,'Not interested ^ Changed their mind','2018-06-12 18:01:26',0,'2018-06-12 18:01:26',0),(162,1,5,'Not interested ^ Not interested','2018-06-12 18:01:26',0,'2018-06-12 18:01:26',0),(163,1,5,'Not qualified ^ Credit rating below standard','2018-06-12 18:01:26',0,'2018-06-12 18:01:26',0),(164,1,5,'Not qualified ^ Criminal history not allowed','2018-06-12 18:01:26',0,'2018-06-12 18:01:26',0),(165,1,5,'Not qualified ^ Does not meet property criteria','2018-06-12 18:01:26',0,'2018-06-12 18:01:26',0),(166,1,5,'Not qualified ^ Oversized/unallowable pet','2018-06-12 18:01:26',0,'2018-06-12 18:01:26',0),(167,1,5,'Not qualified ^ Rental history not allowed','2018-06-12 18:01:26',0,'2018-06-12 18:01:26',0),(168,1,5,'Not qualified ^ Roommate/spouse unqualified','2018-06-12 18:01:26',0,'2018-06-12 18:01:26',0),(169,1,5,'Not qualified ^ Too many occupants','2018-06-12 18:01:26',0,'2018-06-12 18:01:26',0),(170,1,2,'Application declined','2018-06-30 00:53:45',0,'2018-06-30 00:53:45',0),(171,1,6,'Application was declined','2018-07-23 16:14:19',0,'2018-07-23 16:14:19',-99998),(172,1,6,'Rental Agreement was updated','2018-07-23 16:14:19',0,'2018-07-23 16:14:19',-99998),(175,1,7,'Accountants','2018-07-24 09:09:29',0,'2018-07-24 09:09:29',0),(176,1,7,'Advertising/Public Relations','2018-07-24 09:09:29',0,'2018-07-24 09:09:29',0),(177,1,7,'Aerospace','2018-07-24 09:09:29',0,'2018-07-24 09:09:29',0),(178,1,7,'Agribusiness','2018-07-24 09:09:29',0,'2018-07-24 09:09:29',0),(179,1,7,'Agricultural Services & Products','2018-07-24 09:09:29',0,'2018-07-24 09:09:29',0),(180,1,7,'Agriculture','2018-07-24 09:09:29',0,'2018-07-24 09:09:29',0),(181,1,7,'Air Transport','2018-07-24 09:09:29',0,'2018-07-24 09:09:29',0),(182,1,7,'Air Transport Unions','2018-07-24 09:09:29',0,'2018-07-24 09:09:29',0),(183,1,7,'Airlines','2018-07-24 09:09:29',0,'2018-07-24 09:09:29',0),(184,1,7,'Alcoholic Beverages','2018-07-24 09:09:29',0,'2018-07-24 09:09:29',0),(185,1,7,'Alternative Energy Production & Services','2018-07-24 09:09:29',0,'2018-07-24 09:09:29',0),(186,1,7,'Architectural Services','2018-07-24 09:09:29',0,'2018-07-24 09:09:29',0),(187,1,7,'Attorneys/Law Firms','2018-07-24 09:09:29',0,'2018-07-24 09:09:29',0),(188,1,7,'Auto Dealers','2018-07-24 09:09:29',0,'2018-07-24 09:09:29',0),(189,1,7,'Auto Dealers','2018-07-24 09:09:29',0,'2018-07-24 09:09:29',0),(190,1,7,'Auto Manufacturers','2018-07-24 09:09:29',0,'2018-07-24 09:09:29',0),(191,1,7,'Automotive','2018-07-24 09:09:29',0,'2018-07-24 09:09:29',0),(192,1,7,'Banking','2018-07-24 09:09:29',0,'2018-07-24 09:09:29',0),(193,1,7,'Banks','2018-07-24 09:09:29',0,'2018-07-24 09:09:29',0),(194,1,7,'Banks','2018-07-24 09:09:29',0,'2018-07-24 09:09:29',0),(195,1,7,'Bars & Restaurants','2018-07-24 09:09:29',0,'2018-07-24 09:09:29',0),(196,1,7,'Beer','2018-07-24 09:09:29',0,'2018-07-24 09:09:29',0),(197,1,7,'Books','2018-07-24 09:09:29',0,'2018-07-24 09:09:29',0),(198,1,7,'Broadcasters','2018-07-24 09:09:29',0,'2018-07-24 09:09:29',0),(199,1,7,'Builders/General Contractors','2018-07-24 09:09:29',0,'2018-07-24 09:09:29',0),(200,1,7,'Builders/Residential','2018-07-24 09:09:29',0,'2018-07-24 09:09:29',0),(201,1,7,'Building Materials & Equipment','2018-07-24 09:09:29',0,'2018-07-24 09:09:29',0),(202,1,7,'Building Trade Unions','2018-07-24 09:09:29',0,'2018-07-24 09:09:29',0),(203,1,7,'Business Associations','2018-07-24 09:09:29',0,'2018-07-24 09:09:29',0),(204,1,7,'Business Services','2018-07-24 09:09:29',0,'2018-07-24 09:09:29',0),(205,1,7,'Cable & Satellite TV Production & Distribution','2018-07-24 09:09:29',0,'2018-07-24 09:09:29',0),(206,1,7,'Candidate Committees','2018-07-24 09:09:29',0,'2018-07-24 09:09:29',0),(207,1,7,'Candidate Committees','2018-07-24 09:09:29',0,'2018-07-24 09:09:29',0),(208,1,7,'Candidate Committees','2018-07-24 09:09:29',0,'2018-07-24 09:09:29',0),(209,1,7,'Car Dealers','2018-07-24 09:09:29',0,'2018-07-24 09:09:29',0),(210,1,7,'Car Dealers','2018-07-24 09:09:29',0,'2018-07-24 09:09:29',0),(211,1,7,'Car Manufacturers','2018-07-24 09:09:29',0,'2018-07-24 09:09:29',0),(212,1,7,'Casinos / Gambling','2018-07-24 09:09:29',0,'2018-07-24 09:09:29',0),(213,1,7,'Cattle Ranchers/Livestock','2018-07-24 09:09:29',0,'2018-07-24 09:09:29',0),(214,1,7,'Chemical & Related Manufacturing','2018-07-24 09:09:29',0,'2018-07-24 09:09:29',0),(215,1,7,'Chiropractors','2018-07-24 09:09:29',0,'2018-07-24 09:09:29',0),(216,1,7,'Civil Servants/Public Officials','2018-07-24 09:09:29',0,'2018-07-24 09:09:29',0),(217,1,7,'Clergy & Religious Organizations','2018-07-24 09:09:29',0,'2018-07-24 09:09:29',0),(218,1,7,'Clothing Manufacturing','2018-07-24 09:09:29',0,'2018-07-24 09:09:29',0),(219,1,7,'Coal Mining','2018-07-24 09:09:29',0,'2018-07-24 09:09:29',0),(220,1,7,'Colleges','2018-07-24 09:09:29',0,'2018-07-24 09:09:29',0),(221,1,7,'Commercial Banks','2018-07-24 09:09:29',0,'2018-07-24 09:09:29',0),(222,1,7,'Commercial TV & Radio Stations','2018-07-24 09:09:29',0,'2018-07-24 09:09:29',0),(223,1,7,'Communications/Electronics','2018-07-24 09:09:29',0,'2018-07-24 09:09:29',0),(224,1,7,'Computer Software','2018-07-24 09:09:29',0,'2018-07-24 09:09:29',0),(225,1,7,'Conservative/Republican','2018-07-24 09:09:29',0,'2018-07-24 09:09:29',0),(226,1,7,'Construction','2018-07-24 09:09:29',0,'2018-07-24 09:09:29',0),(227,1,7,'Construction Services','2018-07-24 09:09:29',0,'2018-07-24 09:09:29',0),(228,1,7,'Construction Unions','2018-07-24 09:09:29',0,'2018-07-24 09:09:29',0),(229,1,7,'Credit Unions','2018-07-24 09:09:29',0,'2018-07-24 09:09:29',0),(230,1,7,'Crop Production & Basic Processing','2018-07-24 09:09:29',0,'2018-07-24 09:09:29',0),(231,1,7,'Cruise Lines','2018-07-24 09:09:29',0,'2018-07-24 09:09:29',0),(232,1,7,'Cruise Ships & Lines','2018-07-24 09:09:29',0,'2018-07-24 09:09:29',0),(233,1,7,'Dairy','2018-07-24 09:09:29',0,'2018-07-24 09:09:29',0),(234,1,7,'Defense','2018-07-24 09:09:29',0,'2018-07-24 09:09:29',0),(235,1,7,'Defense Aerospace','2018-07-24 09:09:29',0,'2018-07-24 09:09:29',0),(236,1,7,'Defense Electronics','2018-07-24 09:09:29',0,'2018-07-24 09:09:29',0),(237,1,7,'Defense/Foreign Policy Advocates','2018-07-24 09:09:29',0,'2018-07-24 09:09:29',0),(238,1,7,'Democratic Candidate Committees','2018-07-24 09:09:29',0,'2018-07-24 09:09:29',0),(239,1,7,'Democratic Leadership PACs','2018-07-24 09:09:29',0,'2018-07-24 09:09:29',0),(240,1,7,'Democratic/Liberal','2018-07-24 09:09:29',0,'2018-07-24 09:09:29',0),(241,1,7,'Dentists','2018-07-24 09:09:29',0,'2018-07-24 09:09:29',0),(242,1,7,'Doctors & Other Health Professionals','2018-07-24 09:09:29',0,'2018-07-24 09:09:29',0),(243,1,7,'Drug Manufacturers','2018-07-24 09:09:29',0,'2018-07-24 09:09:29',0),(244,1,7,'Education','2018-07-24 09:09:29',0,'2018-07-24 09:09:29',0),(245,1,7,'Electric Utilities','2018-07-24 09:09:29',0,'2018-07-24 09:09:29',0),(246,1,7,'Electronics Manufacturing & Equipment','2018-07-24 09:09:29',0,'2018-07-24 09:09:29',0),(247,1,7,'Electronics','2018-07-24 09:09:29',0,'2018-07-24 09:09:29',0),(248,1,7,'Energy & Natural Resources','2018-07-24 09:09:29',0,'2018-07-24 09:09:29',0),(249,1,7,'Entertainment Industry','2018-07-24 09:09:29',0,'2018-07-24 09:09:29',0),(250,1,7,'Environment','2018-07-24 09:09:29',0,'2018-07-24 09:09:29',0),(251,1,7,'Farm Bureaus','2018-07-24 09:09:29',0,'2018-07-24 09:09:29',0),(252,1,7,'Farming','2018-07-24 09:09:29',0,'2018-07-24 09:09:29',0),(253,1,7,'Finance / Credit Companies','2018-07-24 09:09:29',0,'2018-07-24 09:09:29',0),(254,1,7,'Finance','2018-07-24 09:09:29',0,'2018-07-24 09:09:29',0),(255,1,7,'Food & Beverage','2018-07-24 09:09:29',0,'2018-07-24 09:09:29',0),(256,1,7,'Food Processing & Sales','2018-07-24 09:09:29',0,'2018-07-24 09:09:29',0),(257,1,7,'Food Products Manufacturing','2018-07-24 09:09:29',0,'2018-07-24 09:09:29',0),(258,1,7,'Food Stores','2018-07-24 09:09:29',0,'2018-07-24 09:09:29',0),(259,1,7,'For-profit Education','2018-07-24 09:09:29',0,'2018-07-24 09:09:29',0),(260,1,7,'For-profit Prisons','2018-07-24 09:09:29',0,'2018-07-24 09:09:29',0),(261,1,7,'Foreign & Defense Policy','2018-07-24 09:09:29',0,'2018-07-24 09:09:29',0),(262,1,7,'Forestry & Forest Products','2018-07-24 09:09:29',0,'2018-07-24 09:09:29',0),(263,1,7,'Foundations','2018-07-24 09:09:29',0,'2018-07-24 09:09:29',0),(264,1,7,'Funeral Services','2018-07-24 09:09:29',0,'2018-07-24 09:09:29',0),(265,1,7,'Gambling & Casinos','2018-07-24 09:09:29',0,'2018-07-24 09:09:29',0),(266,1,7,'Gambling','2018-07-24 09:09:29',0,'2018-07-24 09:09:29',0),(267,1,7,'Garbage Collection/Waste Management','2018-07-24 09:09:29',0,'2018-07-24 09:09:29',0),(268,1,7,'Gas & Oil','2018-07-24 09:09:29',0,'2018-07-24 09:09:29',0),(269,1,7,'Gay & Lesbian Rights & Issues','2018-07-24 09:09:29',0,'2018-07-24 09:09:29',0),(270,1,7,'General Contractors','2018-07-24 09:09:29',0,'2018-07-24 09:09:29',0),(271,1,7,'Government Employee Unions','2018-07-24 09:09:29',0,'2018-07-24 09:09:29',0),(272,1,7,'Government Employees','2018-07-24 09:09:29',0,'2018-07-24 09:09:29',0),(273,1,7,'Gun Control','2018-07-24 09:09:29',0,'2018-07-24 09:09:29',0),(274,1,7,'Gun Rights','2018-07-24 09:09:29',0,'2018-07-24 09:09:29',0),(275,1,7,'Health','2018-07-24 09:09:29',0,'2018-07-24 09:09:29',0),(276,1,7,'Health Professionals','2018-07-24 09:09:29',0,'2018-07-24 09:09:29',0),(277,1,7,'Health Services/HMOs','2018-07-24 09:09:29',0,'2018-07-24 09:09:29',0),(278,1,7,'Hedge Funds','2018-07-24 09:09:29',0,'2018-07-24 09:09:29',0),(279,1,7,'HMOs & Health Care Services','2018-07-24 09:09:29',0,'2018-07-24 09:09:29',0),(280,1,7,'Home Builders','2018-07-24 09:09:29',0,'2018-07-24 09:09:29',0),(281,1,7,'Hospitals & Nursing Homes','2018-07-24 09:09:29',0,'2018-07-24 09:09:29',0),(282,1,7,'Hotels','2018-07-24 09:09:29',0,'2018-07-24 09:09:29',0),(283,1,7,'Human Rights','2018-07-24 09:09:29',0,'2018-07-24 09:09:29',0),(284,1,7,'Ideological/Single-Issue','2018-07-24 09:09:29',0,'2018-07-24 09:09:29',0),(285,1,7,'Indian Gaming','2018-07-24 09:09:29',0,'2018-07-24 09:09:29',0),(286,1,7,'Industrial Unions','2018-07-24 09:09:29',0,'2018-07-24 09:09:29',0),(287,1,7,'Insurance','2018-07-24 09:09:29',0,'2018-07-24 09:09:29',0),(288,1,7,'Internet','2018-07-24 09:09:29',0,'2018-07-24 09:09:29',0),(289,1,7,'Israel Policy','2018-07-24 09:09:29',0,'2018-07-24 09:09:29',0),(290,1,7,'Labor','2018-07-24 09:09:29',0,'2018-07-24 09:09:29',0),(291,1,7,'Lawyers & Lobbyists','2018-07-24 09:09:29',0,'2018-07-24 09:09:29',0),(292,1,7,'Lawyers / Law Firms','2018-07-24 09:09:29',0,'2018-07-24 09:09:29',0),(293,1,7,'Leadership PACs','2018-07-24 09:09:29',0,'2018-07-24 09:09:29',0),(294,1,7,'Liberal/Democratic','2018-07-24 09:09:29',0,'2018-07-24 09:09:29',0),(295,1,7,'Liquor','2018-07-24 09:09:29',0,'2018-07-24 09:09:29',0),(296,1,7,'Livestock','2018-07-24 09:09:29',0,'2018-07-24 09:09:29',0),(297,1,7,'Lobbyists','2018-07-24 09:09:29',0,'2018-07-24 09:09:29',0),(298,1,7,'Lodging / Tourism','2018-07-24 09:09:29',0,'2018-07-24 09:09:29',0),(299,1,7,'Logging','2018-07-24 09:09:29',0,'2018-07-24 09:09:29',0),(300,1,7,'Manufacturing','2018-07-24 09:09:29',0,'2018-07-24 09:09:29',0),(301,1,7,'Marine Transport','2018-07-24 09:09:29',0,'2018-07-24 09:09:29',0),(302,1,7,'Meat processing & products','2018-07-24 09:09:29',0,'2018-07-24 09:09:29',0),(303,1,7,'Medical Supplies','2018-07-24 09:09:29',0,'2018-07-24 09:09:29',0),(304,1,7,'Mining','2018-07-24 09:09:29',0,'2018-07-24 09:09:29',0),(305,1,7,'Misc Business','2018-07-24 09:09:29',0,'2018-07-24 09:09:29',0),(306,1,7,'Misc Finance','2018-07-24 09:09:29',0,'2018-07-24 09:09:29',0),(307,1,7,'Misc Manufacturing & Distributing','2018-07-24 09:09:29',0,'2018-07-24 09:09:29',0),(308,1,7,'Misc Unions','2018-07-24 09:09:29',0,'2018-07-24 09:09:29',0),(309,1,7,'Miscellaneous Defense','2018-07-24 09:09:29',0,'2018-07-24 09:09:29',0),(310,1,7,'Miscellaneous Services','2018-07-24 09:09:29',0,'2018-07-24 09:09:29',0),(311,1,7,'Mortgage Bankers & Brokers','2018-07-24 09:09:29',0,'2018-07-24 09:09:29',0),(312,1,7,'Motion Picture Production & Distribution','2018-07-24 09:09:29',0,'2018-07-24 09:09:29',0),(313,1,7,'Music Production','2018-07-24 09:09:29',0,'2018-07-24 09:09:29',0),(314,1,7,'Natural Gas Pipelines','2018-07-24 09:09:29',0,'2018-07-24 09:09:29',0),(315,1,7,'Newspaper','2018-07-24 09:09:29',0,'2018-07-24 09:09:29',0),(316,1,7,'Non-profits','2018-07-24 09:09:29',0,'2018-07-24 09:09:29',0),(317,1,7,'Nurses','2018-07-24 09:09:29',0,'2018-07-24 09:09:29',0),(318,1,7,'Nursing Homes/Hospitals','2018-07-24 09:09:29',0,'2018-07-24 09:09:29',0),(319,1,7,'Nutritional & Dietary Supplements','2018-07-24 09:09:29',0,'2018-07-24 09:09:29',0),(320,1,7,'Oil & Gas','2018-07-24 09:09:29',0,'2018-07-24 09:09:29',0),(321,1,7,'Payday Lenders','2018-07-24 09:09:29',0,'2018-07-24 09:09:29',0),(322,1,7,'Pharmaceutical Manufacturing','2018-07-24 09:09:29',0,'2018-07-24 09:09:29',0),(323,1,7,'Pharmaceuticals / Health Products','2018-07-24 09:09:29',0,'2018-07-24 09:09:29',0),(324,1,7,'Phone Companies','2018-07-24 09:09:29',0,'2018-07-24 09:09:29',0),(325,1,7,'Physicians & Other Health Professionals','2018-07-24 09:09:29',0,'2018-07-24 09:09:29',0),(326,1,7,'Postal Unions','2018-07-24 09:09:29',0,'2018-07-24 09:09:29',0),(327,1,7,'Poultry & Eggs','2018-07-24 09:09:29',0,'2018-07-24 09:09:29',0),(328,1,7,'Power Utilities','2018-07-24 09:09:29',0,'2018-07-24 09:09:29',0),(329,1,7,'Printing & Publishing','2018-07-24 09:09:29',0,'2018-07-24 09:09:29',0),(330,1,7,'Private Equity & Investment Firms','2018-07-24 09:09:29',0,'2018-07-24 09:09:29',0),(331,1,7,'Pro-Israel','2018-07-24 09:09:29',0,'2018-07-24 09:09:29',0),(332,1,7,'Professional Sports','2018-07-24 09:09:29',0,'2018-07-24 09:09:29',0),(333,1,7,'Progressive/Democratic','2018-07-24 09:09:29',0,'2018-07-24 09:09:29',0),(334,1,7,'Public Employees','2018-07-24 09:09:29',0,'2018-07-24 09:09:29',0),(335,1,7,'Public Sector Unions','2018-07-24 09:09:29',0,'2018-07-24 09:09:29',0),(336,1,7,'Publishing & Printing','2018-07-24 09:09:29',0,'2018-07-24 09:09:29',0),(337,1,7,'Radio/TV Stations','2018-07-24 09:09:29',0,'2018-07-24 09:09:29',0),(338,1,7,'Railroads','2018-07-24 09:09:29',0,'2018-07-24 09:09:29',0),(339,1,7,'Real Estate','2018-07-24 09:09:29',0,'2018-07-24 09:09:29',0),(340,1,7,'Record Companies/Singers','2018-07-24 09:09:29',0,'2018-07-24 09:09:29',0),(341,1,7,'Recorded Music & Music Production','2018-07-24 09:09:29',0,'2018-07-24 09:09:29',0),(342,1,7,'Recreation / Live Entertainment','2018-07-24 09:09:29',0,'2018-07-24 09:09:29',0),(343,1,7,'Religious Organizations/Clergy','2018-07-24 09:09:29',0,'2018-07-24 09:09:29',0),(344,1,7,'Republican Candidate Committees','2018-07-24 09:09:29',0,'2018-07-24 09:09:29',0),(345,1,7,'Republican Leadership PACs','2018-07-24 09:09:29',0,'2018-07-24 09:09:29',0),(346,1,7,'Republican/Conservative','2018-07-24 09:09:29',0,'2018-07-24 09:09:29',0),(347,1,7,'Residential Construction','2018-07-24 09:09:29',0,'2018-07-24 09:09:29',0),(348,1,7,'Restaurants & Drinking Establishments','2018-07-24 09:09:29',0,'2018-07-24 09:09:29',0),(349,1,7,'Retail Sales','2018-07-24 09:09:29',0,'2018-07-24 09:09:29',0),(350,1,7,'Retired','2018-07-24 09:09:29',0,'2018-07-24 09:09:29',0),(351,1,7,'Savings & Loans','2018-07-24 09:09:29',0,'2018-07-24 09:09:29',0),(352,1,7,'Schools/Education','2018-07-24 09:09:29',0,'2018-07-24 09:09:29',0),(353,1,7,'Sea Transport','2018-07-24 09:09:29',0,'2018-07-24 09:09:29',0),(354,1,7,'Securities & Investment','2018-07-24 09:09:29',0,'2018-07-24 09:09:29',0),(355,1,7,'Special Trade Contractors','2018-07-24 09:09:29',0,'2018-07-24 09:09:29',0),(356,1,7,'Sports','2018-07-24 09:09:29',0,'2018-07-24 09:09:29',0),(357,1,7,'Steel Production','2018-07-24 09:09:29',0,'2018-07-24 09:09:29',0),(358,1,7,'Stock Brokers/Investment Industry','2018-07-24 09:09:29',0,'2018-07-24 09:09:29',0),(359,1,7,'Student Loan Companies','2018-07-24 09:09:29',0,'2018-07-24 09:09:29',0),(360,1,7,'Sugar Cane & Sugar Beets','2018-07-24 09:09:29',0,'2018-07-24 09:09:29',0),(361,1,7,'Teachers Unions','2018-07-24 09:09:29',0,'2018-07-24 09:09:29',0),(362,1,7,'Teachers/Education','2018-07-24 09:09:29',0,'2018-07-24 09:09:29',0),(363,1,7,'Telecom Services & Equipment','2018-07-24 09:09:29',0,'2018-07-24 09:09:29',0),(364,1,7,'Telephone Utilities','2018-07-24 09:09:29',0,'2018-07-24 09:09:29',0),(365,1,7,'Textiles','2018-07-24 09:09:29',0,'2018-07-24 09:09:29',0),(366,1,7,'Timber','2018-07-24 09:09:29',0,'2018-07-24 09:09:29',0),(367,1,7,'Tobacco','2018-07-24 09:09:29',0,'2018-07-24 09:09:29',0),(368,1,7,'Transportation','2018-07-24 09:09:29',0,'2018-07-24 09:09:29',0),(369,1,7,'Transportation Unions','2018-07-24 09:09:29',0,'2018-07-24 09:09:29',0),(370,1,7,'Trash Collection/Waste Management','2018-07-24 09:09:29',0,'2018-07-24 09:09:29',0),(371,1,7,'Trucking','2018-07-24 09:09:29',0,'2018-07-24 09:09:29',0),(372,1,7,'TV / Movies / Music','2018-07-24 09:09:29',0,'2018-07-24 09:09:29',0),(373,1,7,'TV Production','2018-07-24 09:09:29',0,'2018-07-24 09:09:29',0),(374,1,7,'Unions','2018-07-24 09:09:29',0,'2018-07-24 09:09:29',0),(375,1,7,'Unions','2018-07-24 09:09:29',0,'2018-07-24 09:09:29',0),(376,1,7,'Unions','2018-07-24 09:09:29',0,'2018-07-24 09:09:29',0),(377,1,7,'Unions','2018-07-24 09:09:29',0,'2018-07-24 09:09:29',0),(378,1,7,'Unions','2018-07-24 09:09:29',0,'2018-07-24 09:09:29',0),(379,1,7,'Unions','2018-07-24 09:09:29',0,'2018-07-24 09:09:29',0),(380,1,7,'Unions','2018-07-24 09:09:29',0,'2018-07-24 09:09:29',0),(381,1,7,'Unions','2018-07-24 09:09:29',0,'2018-07-24 09:09:29',0),(382,1,7,'Universities','2018-07-24 09:09:29',0,'2018-07-24 09:09:29',0),(383,1,7,'Vegetables & Fruits','2018-07-24 09:09:29',0,'2018-07-24 09:09:29',0),(384,1,7,'Venture Capital','2018-07-24 09:09:29',0,'2018-07-24 09:09:29',0),(385,1,7,'Waste Management','2018-07-24 09:09:29',0,'2018-07-24 09:09:29',0),(386,1,7,'Wine','2018-07-24 09:09:29',0,'2018-07-24 09:09:29',0),(387,1,7,'Women\'s Issues','2018-07-24 09:09:29',0,'2018-07-24 09:09:29',0);
/*!40000 ALTER TABLE `SLString` ENABLE KEYS */;
UNLOCK TABLES;

--
-- Table structure for table `StringList`
--

DROP TABLE IF EXISTS `StringList`;
/*!40101 SET @saved_cs_client     = @@character_set_client */;
/*!40101 SET character_set_client = utf8 */;
CREATE TABLE `StringList` (
  `SLID` bigint(20) NOT NULL AUTO_INCREMENT,
  `BID` bigint(20) NOT NULL DEFAULT '0',
  `Name` varchar(50) NOT NULL DEFAULT '',
  `LastModTime` timestamp NOT NULL DEFAULT CURRENT_TIMESTAMP ON UPDATE CURRENT_TIMESTAMP,
  `LastModBy` bigint(20) NOT NULL DEFAULT '0',
  `CreateTS` timestamp NOT NULL DEFAULT CURRENT_TIMESTAMP,
  `CreateBy` bigint(20) NOT NULL DEFAULT '0',
  PRIMARY KEY (`SLID`)
) ENGINE=InnoDB AUTO_INCREMENT=8 DEFAULT CHARSET=utf8;
/*!40101 SET character_set_client = @saved_cs_client */;

--
-- Dumping data for table `StringList`
--

LOCK TABLES `StringList` WRITE;
/*!40000 ALTER TABLE `StringList` DISABLE KEYS */;
INSERT INTO `StringList` VALUES (1,1,'HowFound','2018-06-12 18:01:26',0,'2018-06-12 18:01:26',0),(2,1,'ApplDeny','2018-06-12 18:01:26',0,'2018-06-12 18:01:26',0),(3,1,'WhyLeaving','2018-06-12 18:01:26',0,'2018-06-12 18:01:26',0),(4,1,'WhyChoose','2018-06-12 18:01:26',0,'2018-06-12 18:01:26',0),(5,1,'ProspectLost','2018-06-12 18:01:26',0,'2018-06-12 18:01:26',0),(6,1,'RollerMsgs','2018-07-23 16:14:19',-99998,'2018-07-23 16:14:19',-99998),(7,1,'Industries','2018-07-24 09:09:29',0,'2018-07-24 09:09:29',0);
/*!40000 ALTER TABLE `StringList` ENABLE KEYS */;
UNLOCK TABLES;

--
-- Table structure for table `SubAR`
--

DROP TABLE IF EXISTS `SubAR`;
/*!40101 SET @saved_cs_client     = @@character_set_client */;
/*!40101 SET character_set_client = utf8 */;
CREATE TABLE `SubAR` (
  `SARID` bigint(20) NOT NULL AUTO_INCREMENT,
  `ARID` bigint(20) NOT NULL DEFAULT '0',
  `SubARID` bigint(20) NOT NULL DEFAULT '0',
  `BID` bigint(20) NOT NULL DEFAULT '0',
  `LastModTime` timestamp NOT NULL DEFAULT CURRENT_TIMESTAMP ON UPDATE CURRENT_TIMESTAMP,
  `LastModBy` bigint(20) NOT NULL DEFAULT '0',
  `CreateTS` timestamp NOT NULL DEFAULT CURRENT_TIMESTAMP,
  `CreateBy` bigint(20) NOT NULL DEFAULT '0',
  PRIMARY KEY (`SARID`)
) ENGINE=InnoDB AUTO_INCREMENT=3 DEFAULT CHARSET=utf8;
/*!40101 SET character_set_client = @saved_cs_client */;

--
-- Dumping data for table `SubAR`
--

LOCK TABLES `SubAR` WRITE;
/*!40000 ALTER TABLE `SubAR` DISABLE KEYS */;
INSERT INTO `SubAR` VALUES (1,15,14,1,'2017-11-10 23:24:23',0,'2017-11-10 23:24:23',0),(2,37,36,1,'2017-11-10 23:24:23',0,'2017-11-10 23:24:23',0);
/*!40000 ALTER TABLE `SubAR` ENABLE KEYS */;
UNLOCK TABLES;

--
-- Table structure for table `TBind`
--

DROP TABLE IF EXISTS `TBind`;
/*!40101 SET @saved_cs_client     = @@character_set_client */;
/*!40101 SET character_set_client = utf8 */;
CREATE TABLE `TBind` (
  `TBID` bigint(20) NOT NULL AUTO_INCREMENT,
  `BID` bigint(20) NOT NULL DEFAULT '0',
  `SourceElemType` bigint(20) NOT NULL DEFAULT '0',
  `SourceElemID` bigint(20) NOT NULL DEFAULT '0',
  `AssocElemType` bigint(20) NOT NULL DEFAULT '0',
  `AssocElemID` bigint(20) NOT NULL DEFAULT '0',
  `DtStart` datetime NOT NULL DEFAULT '1970-01-01 00:00:00',
  `DtStop` datetime NOT NULL DEFAULT '2066-01-01 00:00:00',
  `FLAGS` bigint(20) NOT NULL DEFAULT '0',
  `LastModTime` timestamp NOT NULL DEFAULT CURRENT_TIMESTAMP ON UPDATE CURRENT_TIMESTAMP,
  `LastModBy` bigint(20) NOT NULL DEFAULT '0',
  `CreateTS` timestamp NOT NULL DEFAULT CURRENT_TIMESTAMP,
  `CreateBy` bigint(20) NOT NULL DEFAULT '0',
  PRIMARY KEY (`TBID`)
) ENGINE=InnoDB AUTO_INCREMENT=19 DEFAULT CHARSET=utf8;
/*!40101 SET character_set_client = @saved_cs_client */;

--
-- Dumping data for table `TBind`
--

LOCK TABLES `TBind` WRITE;
/*!40000 ALTER TABLE `TBind` DISABLE KEYS */;
INSERT INTO `TBind` VALUES (1,1,1,1,15,1,'2018-02-13 00:00:00','9999-12-31 00:00:00',0,'2018-08-28 07:25:35',0,'2018-08-28 07:25:35',0),(2,1,1,1,14,1,'2018-02-13 00:00:00','9999-12-31 00:00:00',0,'2018-08-28 07:25:35',0,'2018-08-28 07:25:35',0),(3,1,1,2,15,2,'2018-02-13 00:00:00','9999-12-31 00:00:00',0,'2018-08-28 07:25:35',0,'2018-08-28 07:25:35',0),(4,1,1,2,15,3,'2018-02-13 00:00:00','9999-12-31 00:00:00',0,'2018-08-28 07:25:35',0,'2018-08-28 07:25:35',0),(5,1,1,2,14,2,'2018-02-13 00:00:00','9999-12-31 00:00:00',0,'2018-08-28 07:25:35',0,'2018-08-28 07:25:35',0),(6,1,1,3,15,4,'2018-02-13 00:00:00','9999-12-31 00:00:00',0,'2018-08-28 07:25:35',0,'2018-08-28 07:25:35',0),(7,1,1,3,14,3,'2018-02-13 00:00:00','9999-12-31 00:00:00',0,'2018-08-28 07:25:35',0,'2018-08-28 07:25:35',0),(8,1,1,4,15,5,'2018-02-13 00:00:00','9999-12-31 00:00:00',0,'2018-08-28 07:25:35',0,'2018-08-28 07:25:35',0),(9,1,1,4,14,4,'2018-02-13 00:00:00','9999-12-31 00:00:00',0,'2018-08-28 07:25:35',0,'2018-08-28 07:25:35',0),(10,1,1,5,15,6,'2018-02-13 00:00:00','9999-12-31 00:00:00',0,'2018-08-28 07:25:35',0,'2018-08-28 07:25:35',0),(11,1,1,6,15,7,'2018-02-13 00:00:00','9999-12-31 00:00:00',0,'2018-08-28 07:25:35',0,'2018-08-28 07:25:35',0),(12,1,1,7,15,8,'2018-02-13 00:00:00','9999-12-31 00:00:00',0,'2018-08-28 07:25:35',0,'2018-08-28 07:25:35',0),(13,1,1,8,15,9,'2018-02-13 00:00:00','9999-12-31 00:00:00',0,'2018-08-28 07:25:35',0,'2018-08-28 07:25:35',0),(14,1,1,8,14,5,'2018-02-13 00:00:00','9999-12-31 00:00:00',0,'2018-08-28 07:25:35',0,'2018-08-28 07:25:35',0),(15,1,1,9,15,10,'2018-02-13 00:00:00','9999-12-31 00:00:00',0,'2018-08-28 07:25:36',0,'2018-08-28 07:25:36',0),(16,1,1,9,14,6,'2018-02-13 00:00:00','9999-12-31 00:00:00',0,'2018-08-28 07:25:36',0,'2018-08-28 07:25:36',0),(17,1,1,10,15,11,'2018-02-13 00:00:00','9999-12-31 00:00:00',0,'2018-08-28 07:25:36',0,'2018-08-28 07:25:36',0),(18,1,1,10,14,7,'2018-02-13 00:00:00','9999-12-31 00:00:00',0,'2018-08-28 07:25:36',0,'2018-08-28 07:25:36',0);
/*!40000 ALTER TABLE `TBind` ENABLE KEYS */;
UNLOCK TABLES;

--
-- Table structure for table `TWS`
--

DROP TABLE IF EXISTS `TWS`;
/*!40101 SET @saved_cs_client     = @@character_set_client */;
/*!40101 SET character_set_client = utf8 */;
CREATE TABLE `TWS` (
  `TWSID` bigint(20) NOT NULL AUTO_INCREMENT,
  `Owner` varchar(256) NOT NULL DEFAULT '',
  `OwnerData` varchar(256) NOT NULL DEFAULT '',
  `WorkerName` varchar(256) NOT NULL DEFAULT '',
  `ActivateTime` datetime NOT NULL DEFAULT CURRENT_TIMESTAMP,
  `Node` varchar(256) NOT NULL DEFAULT '',
  `FLAGS` bigint(20) NOT NULL DEFAULT '0',
  `DtActivated` datetime NOT NULL DEFAULT CURRENT_TIMESTAMP,
  `DtCompleted` datetime NOT NULL DEFAULT CURRENT_TIMESTAMP,
  `DtCreate` datetime NOT NULL DEFAULT CURRENT_TIMESTAMP,
  `DtLastUpdate` datetime NOT NULL DEFAULT CURRENT_TIMESTAMP ON UPDATE CURRENT_TIMESTAMP,
  PRIMARY KEY (`TWSID`)
) ENGINE=InnoDB AUTO_INCREMENT=14 DEFAULT CHARSET=utf8;
/*!40101 SET character_set_client = @saved_cs_client */;

--
-- Dumping data for table `TWS`
--

LOCK TABLES `TWS` WRITE;
/*!40000 ALTER TABLE `TWS` DISABLE KEYS */;
INSERT INTO `TWS` VALUES (1,'CreateAssessmentInstances','','CreateAssessmentInstances','2018-02-25 00:00:00','Steves-MacBook-Pro-2.local',4,'2018-02-24 01:19:54','2018-02-24 01:19:54','2017-11-10 15:24:21','2018-02-23 17:19:53'),(2,'CleanRARBalanceCache','','CleanRARBalanceCache','2018-02-24 05:09:45','Steves-MacBook-Pro-2.local',4,'2018-02-24 05:04:45','2018-02-24 05:04:45','2018-02-23 17:19:43','2018-02-23 21:04:45'),(3,'CleanSecDepBalanceCache','','CleanSecDepBalanceCache','2018-02-24 05:09:45','Steves-MacBook-Pro-2.local',4,'2018-02-24 05:04:45','2018-02-24 05:04:45','2018-02-23 17:19:43','2018-02-23 21:04:45'),(4,'CleanAcctSliceCache','','CleanAcctSliceCache','2018-02-24 05:09:45','Steves-MacBook-Pro-2.local',4,'2018-02-24 05:04:45','2018-02-24 05:04:45','2018-02-23 17:19:43','2018-02-23 21:04:45'),(5,'CleanARSliceCache','','CleanARSliceCache','2018-02-24 05:09:45','Steves-MacBook-Pro-2.local',4,'2018-02-24 05:04:45','2018-02-24 05:04:45','2018-02-23 17:19:43','2018-02-23 21:04:45'),(6,'RARBcacheBot','','RARBcacheBot','2019-03-22 21:37:19','Steves-MacBook-Pro-2.local',4,'2019-03-22 21:32:19','2019-03-22 21:32:19','2018-06-02 13:09:58','2019-03-22 14:32:18'),(7,'ARSliceCacheBot','','ARSliceCacheBot','2019-03-22 21:37:19','Steves-MacBook-Pro-2.local',4,'2019-03-22 21:32:19','2019-03-22 21:32:19','2018-06-02 13:09:58','2019-03-22 14:32:18'),(8,'TLReportBot','','TLReportBot','2019-03-22 21:36:29','Steves-MacBook-Pro-2.local',4,'2019-03-22 21:34:29','2019-03-22 21:34:29','2018-06-02 13:09:58','2019-03-22 14:34:28'),(9,'ManualTaskBot','','ManualTaskBot','2019-03-23 21:32:19','Steves-MacBook-Pro-2.local',4,'2019-03-22 21:32:19','2019-03-22 21:32:19','2018-06-02 13:09:58','2019-03-22 14:32:18'),(10,'AssessmentBot','','AssessmentBot','2019-03-23 21:32:19','Steves-MacBook-Pro-2.local',4,'2019-03-22 21:32:19','2019-03-22 21:32:19','2018-06-02 13:09:58','2019-03-22 14:32:18'),(11,'SecDepCacheBot','','SecDepCacheBot','2019-03-22 21:37:19','Steves-MacBook-Pro-2.local',4,'2019-03-22 21:32:19','2019-03-22 21:32:19','2018-06-02 13:09:58','2019-03-22 14:32:18'),(12,'AcctSliceCacheBot','','AcctSliceCacheBot','2019-03-22 21:37:19','Steves-MacBook-Pro-2.local',4,'2019-03-22 21:32:19','2019-03-22 21:32:19','2018-06-02 13:09:58','2019-03-22 14:32:18'),(13,'TLInstanceBot','','TLInstanceBot','2019-03-23 21:32:19','Steves-MacBook-Pro-2.local',4,'2019-03-22 21:32:19','2019-03-22 21:32:19','2018-06-02 13:09:58','2019-03-22 14:32:18');
/*!40000 ALTER TABLE `TWS` ENABLE KEYS */;
UNLOCK TABLES;

--
-- Table structure for table `Task`
--

DROP TABLE IF EXISTS `Task`;
/*!40101 SET @saved_cs_client     = @@character_set_client */;
/*!40101 SET character_set_client = utf8 */;
CREATE TABLE `Task` (
  `TID` bigint(20) NOT NULL AUTO_INCREMENT,
  `BID` bigint(20) NOT NULL DEFAULT '0',
  `TLID` bigint(20) NOT NULL DEFAULT '0',
  `Name` varchar(256) NOT NULL DEFAULT '',
  `Worker` varchar(80) NOT NULL DEFAULT '',
  `DtDue` datetime NOT NULL DEFAULT '1970-01-01 00:00:00',
  `DtPreDue` datetime NOT NULL DEFAULT '1970-01-01 00:00:00',
  `DtDone` datetime NOT NULL DEFAULT '1970-01-01 00:00:00',
  `DtPreDone` datetime NOT NULL DEFAULT '1970-01-01 00:00:00',
  `FLAGS` bigint(20) NOT NULL DEFAULT '0',
  `DoneUID` bigint(20) NOT NULL DEFAULT '0',
  `PreDoneUID` bigint(20) NOT NULL DEFAULT '0',
  `Comment` varchar(2048) NOT NULL DEFAULT '',
  `LastModTime` timestamp NOT NULL DEFAULT CURRENT_TIMESTAMP ON UPDATE CURRENT_TIMESTAMP,
  `LastModBy` bigint(20) NOT NULL DEFAULT '0',
  `CreateTS` timestamp NOT NULL DEFAULT CURRENT_TIMESTAMP,
  `CreateBy` bigint(20) NOT NULL DEFAULT '0',
  PRIMARY KEY (`TID`)
) ENGINE=InnoDB AUTO_INCREMENT=81 DEFAULT CHARSET=utf8;
/*!40101 SET character_set_client = @saved_cs_client */;

--
-- Dumping data for table `Task`
--

LOCK TABLES `Task` WRITE;
/*!40000 ALTER TABLE `Task` DISABLE KEYS */;
INSERT INTO `Task` VALUES (1,1,1,'Tie closing SECDEP balance to bank SECDEP balance','ManualTaskBot','2018-02-28 20:00:00','2018-02-20 20:00:00','0000-00-00 00:00:00','0000-00-00 00:00:00',0,0,0,'','2018-08-28 07:25:52',0,'2018-08-28 07:25:52',0),(2,1,1,'Review all receivables for accuracy','ManualTaskBot','2018-02-28 20:00:00','2018-02-20 20:00:00','0000-00-00 00:00:00','0000-00-00 00:00:00',0,0,0,'','2018-08-28 07:25:52',0,'2018-08-28 07:25:52',0),(3,1,1,'Compare total cash deposits to bank statement','ManualTaskBot','2018-02-28 20:00:00','2018-02-20 20:00:00','0000-00-00 00:00:00','0000-00-00 00:00:00',0,0,0,'','2018-08-28 07:25:52',0,'2018-08-28 07:25:52',0),(4,1,1,'Confirm all Lease Concessions are document in resident\'s lease','ManualTaskBot','2018-02-28 07:00:00','2018-02-20 07:00:00','0000-00-00 00:00:00','0000-00-00 00:00:00',0,0,0,'','2018-08-28 07:25:52',0,'2018-08-28 07:25:52',0),(5,1,1,'Tie all Bar/Spa/F&B deposits in POS Lavu to Rent Roll Deposits','ManualTaskBot','2018-02-28 07:00:00','2018-02-20 07:00:00','0000-00-00 00:00:00','0000-00-00 00:00:00',0,0,0,'','2018-08-28 07:25:52',0,'2018-08-28 07:25:52',0),(6,1,1,'Make certain that all suspense accounts have been closed out','ManualTaskBot','2018-02-28 07:00:00','2018-02-20 07:00:00','0000-00-00 00:00:00','0000-00-00 00:00:00',0,0,0,'','2018-08-28 07:25:52',0,'2018-08-28 07:25:52',0),(7,1,1,'Compile all workpapers for the foregoing confirmations, and file as YYYY-MM-DD [3-letter property] Rent Roll Work Papers','ManualTaskBot','2018-02-28 07:00:00','2018-02-20 07:00:00','0000-00-00 00:00:00','0000-00-00 00:00:00',0,0,0,'','2018-08-28 07:25:52',0,'2018-08-28 07:25:52',0),(8,1,1,'Print Rent Roll Activity Report','ManualTaskBot','2018-02-28 07:00:00','2018-02-20 07:00:00','0000-00-00 00:00:00','0000-00-00 00:00:00',0,0,0,'','2018-08-28 07:25:52',0,'2018-08-28 07:25:52',0),(9,1,1,'Print Rent Roll Report','ManualTaskBot','2018-02-28 07:00:00','2018-02-20 07:00:00','0000-00-00 00:00:00','0000-00-00 00:00:00',0,0,0,'','2018-08-28 07:25:52',0,'2018-08-28 07:25:52',0),(10,1,1,'File PDFs for the reports as YYY-MM-DD [3-letter-property] Rent Roll','ManualTaskBot','2018-02-28 07:00:00','2018-02-20 07:00:00','0000-00-00 00:00:00','0000-00-00 00:00:00',0,0,0,'','2018-08-28 07:25:52',0,'2018-08-28 07:25:52',0),(11,1,2,'Tie closing SECDEP balance to bank SECDEP balance','ManualTaskBot','2018-03-31 20:00:00','2018-03-20 20:00:00','0000-00-00 00:00:00','0000-00-00 00:00:00',0,0,0,'','2018-08-28 07:25:52',0,'2018-08-28 07:25:52',0),(12,1,2,'Review all receivables for accuracy','ManualTaskBot','2018-03-31 20:00:00','2018-03-20 20:00:00','0000-00-00 00:00:00','0000-00-00 00:00:00',0,0,0,'','2018-08-28 07:25:52',0,'2018-08-28 07:25:52',0),(13,1,2,'Compare total cash deposits to bank statement','ManualTaskBot','2018-03-31 20:00:00','2018-03-20 20:00:00','0000-00-00 00:00:00','0000-00-00 00:00:00',0,0,0,'','2018-08-28 07:25:52',0,'2018-08-28 07:25:52',0),(14,1,2,'Confirm all Lease Concessions are document in resident\'s lease','ManualTaskBot','2018-03-31 07:00:00','2018-03-20 07:00:00','0000-00-00 00:00:00','0000-00-00 00:00:00',0,0,0,'','2018-08-28 07:25:52',0,'2018-08-28 07:25:52',0),(15,1,2,'Tie all Bar/Spa/F&B deposits in POS Lavu to Rent Roll Deposits','ManualTaskBot','2018-03-31 07:00:00','2018-03-20 07:00:00','0000-00-00 00:00:00','0000-00-00 00:00:00',0,0,0,'','2018-08-28 07:25:52',0,'2018-08-28 07:25:52',0),(16,1,2,'Make certain that all suspense accounts have been closed out','ManualTaskBot','2018-03-31 07:00:00','2018-03-20 07:00:00','0000-00-00 00:00:00','0000-00-00 00:00:00',0,0,0,'','2018-08-28 07:25:52',0,'2018-08-28 07:25:52',0),(17,1,2,'Compile all workpapers for the foregoing confirmations, and file as YYYY-MM-DD [3-letter property] Rent Roll Work Papers','ManualTaskBot','2018-03-31 07:00:00','2018-03-20 07:00:00','0000-00-00 00:00:00','0000-00-00 00:00:00',0,0,0,'','2018-08-28 07:25:52',0,'2018-08-28 07:25:52',0),(18,1,2,'Print Rent Roll Activity Report','ManualTaskBot','2018-03-31 07:00:00','2018-03-20 07:00:00','0000-00-00 00:00:00','0000-00-00 00:00:00',0,0,0,'','2018-08-28 07:25:52',0,'2018-08-28 07:25:52',0),(19,1,2,'Print Rent Roll Report','ManualTaskBot','2018-03-31 07:00:00','2018-03-20 07:00:00','0000-00-00 00:00:00','0000-00-00 00:00:00',0,0,0,'','2018-08-28 07:25:52',0,'2018-08-28 07:25:52',0),(20,1,2,'File PDFs for the reports as YYY-MM-DD [3-letter-property] Rent Roll','ManualTaskBot','2018-03-31 07:00:00','2018-03-20 07:00:00','0000-00-00 00:00:00','0000-00-00 00:00:00',0,0,0,'','2018-08-28 07:25:52',0,'2018-08-28 07:25:52',0),(21,1,3,'Tie closing SECDEP balance to bank SECDEP balance','ManualTaskBot','2018-04-30 20:00:00','2018-04-20 20:00:00','0000-00-00 00:00:00','0000-00-00 00:00:00',0,0,0,'','2018-08-28 07:25:52',0,'2018-08-28 07:25:52',0),(22,1,3,'Review all receivables for accuracy','ManualTaskBot','2018-04-30 20:00:00','2018-04-20 20:00:00','0000-00-00 00:00:00','0000-00-00 00:00:00',0,0,0,'','2018-08-28 07:25:52',0,'2018-08-28 07:25:52',0),(23,1,3,'Compare total cash deposits to bank statement','ManualTaskBot','2018-04-30 20:00:00','2018-04-20 20:00:00','0000-00-00 00:00:00','0000-00-00 00:00:00',0,0,0,'','2018-08-28 07:25:52',0,'2018-08-28 07:25:52',0),(24,1,3,'Confirm all Lease Concessions are document in resident\'s lease','ManualTaskBot','2018-04-30 07:00:00','2018-04-20 07:00:00','0000-00-00 00:00:00','0000-00-00 00:00:00',0,0,0,'','2018-08-28 07:25:52',0,'2018-08-28 07:25:52',0),(25,1,3,'Tie all Bar/Spa/F&B deposits in POS Lavu to Rent Roll Deposits','ManualTaskBot','2018-04-30 07:00:00','2018-04-20 07:00:00','0000-00-00 00:00:00','0000-00-00 00:00:00',0,0,0,'','2018-08-28 07:25:52',0,'2018-08-28 07:25:52',0),(26,1,3,'Make certain that all suspense accounts have been closed out','ManualTaskBot','2018-04-30 07:00:00','2018-04-20 07:00:00','0000-00-00 00:00:00','0000-00-00 00:00:00',0,0,0,'','2018-08-28 07:25:52',0,'2018-08-28 07:25:52',0),(27,1,3,'Compile all workpapers for the foregoing confirmations, and file as YYYY-MM-DD [3-letter property] Rent Roll Work Papers','ManualTaskBot','2018-04-30 07:00:00','2018-04-20 07:00:00','0000-00-00 00:00:00','0000-00-00 00:00:00',0,0,0,'','2018-08-28 07:25:52',0,'2018-08-28 07:25:52',0),(28,1,3,'Print Rent Roll Activity Report','ManualTaskBot','2018-04-30 07:00:00','2018-04-20 07:00:00','0000-00-00 00:00:00','0000-00-00 00:00:00',0,0,0,'','2018-08-28 07:25:52',0,'2018-08-28 07:25:52',0),(29,1,3,'Print Rent Roll Report','ManualTaskBot','2018-04-30 07:00:00','2018-04-20 07:00:00','0000-00-00 00:00:00','0000-00-00 00:00:00',0,0,0,'','2018-08-28 07:25:52',0,'2018-08-28 07:25:52',0),(30,1,3,'File PDFs for the reports as YYY-MM-DD [3-letter-property] Rent Roll','ManualTaskBot','2018-04-30 07:00:00','2018-04-20 07:00:00','0000-00-00 00:00:00','0000-00-00 00:00:00',0,0,0,'','2018-08-28 07:25:52',0,'2018-08-28 07:25:52',0),(31,1,4,'Tie closing SECDEP balance to bank SECDEP balance','ManualTaskBot','2018-05-31 20:00:00','2018-05-20 20:00:00','0000-00-00 00:00:00','0000-00-00 00:00:00',0,0,0,'','2018-08-28 07:25:52',0,'2018-08-28 07:25:52',0),(32,1,4,'Review all receivables for accuracy','ManualTaskBot','2018-05-31 20:00:00','2018-05-20 20:00:00','0000-00-00 00:00:00','0000-00-00 00:00:00',0,0,0,'','2018-08-28 07:25:52',0,'2018-08-28 07:25:52',0),(33,1,4,'Compare total cash deposits to bank statement','ManualTaskBot','2018-05-31 20:00:00','2018-05-20 20:00:00','0000-00-00 00:00:00','0000-00-00 00:00:00',0,0,0,'','2018-08-28 07:25:52',0,'2018-08-28 07:25:52',0),(34,1,4,'Confirm all Lease Concessions are document in resident\'s lease','ManualTaskBot','2018-05-31 07:00:00','2018-05-20 07:00:00','0000-00-00 00:00:00','0000-00-00 00:00:00',0,0,0,'','2018-08-28 07:25:52',0,'2018-08-28 07:25:52',0),(35,1,4,'Tie all Bar/Spa/F&B deposits in POS Lavu to Rent Roll Deposits','ManualTaskBot','2018-05-31 07:00:00','2018-05-20 07:00:00','0000-00-00 00:00:00','0000-00-00 00:00:00',0,0,0,'','2018-08-28 07:25:52',0,'2018-08-28 07:25:52',0),(36,1,4,'Make certain that all suspense accounts have been closed out','ManualTaskBot','2018-05-31 07:00:00','2018-05-20 07:00:00','0000-00-00 00:00:00','0000-00-00 00:00:00',0,0,0,'','2018-08-28 07:25:52',0,'2018-08-28 07:25:52',0),(37,1,4,'Compile all workpapers for the foregoing confirmations, and file as YYYY-MM-DD [3-letter property] Rent Roll Work Papers','ManualTaskBot','2018-05-31 07:00:00','2018-05-20 07:00:00','0000-00-00 00:00:00','0000-00-00 00:00:00',0,0,0,'','2018-08-28 07:25:52',0,'2018-08-28 07:25:52',0),(38,1,4,'Print Rent Roll Activity Report','ManualTaskBot','2018-05-31 07:00:00','2018-05-20 07:00:00','0000-00-00 00:00:00','0000-00-00 00:00:00',0,0,0,'','2018-08-28 07:25:52',0,'2018-08-28 07:25:52',0),(39,1,4,'Print Rent Roll Report','ManualTaskBot','2018-05-31 07:00:00','2018-05-20 07:00:00','0000-00-00 00:00:00','0000-00-00 00:00:00',0,0,0,'','2018-08-28 07:25:52',0,'2018-08-28 07:25:52',0),(40,1,4,'File PDFs for the reports as YYY-MM-DD [3-letter-property] Rent Roll','ManualTaskBot','2018-05-31 07:00:00','2018-05-20 07:00:00','0000-00-00 00:00:00','0000-00-00 00:00:00',0,0,0,'','2018-08-28 07:25:52',0,'2018-08-28 07:25:52',0),(41,1,5,'Tie closing SECDEP balance to bank SECDEP balance','ManualTaskBot','2018-06-30 20:00:00','2018-06-20 20:00:00','0000-00-00 00:00:00','0000-00-00 00:00:00',0,0,0,'','2018-08-28 07:25:52',0,'2018-08-28 07:25:52',0),(42,1,5,'Review all receivables for accuracy','ManualTaskBot','2018-06-30 20:00:00','2018-06-20 20:00:00','0000-00-00 00:00:00','0000-00-00 00:00:00',0,0,0,'','2018-08-28 07:25:52',0,'2018-08-28 07:25:52',0),(43,1,5,'Compare total cash deposits to bank statement','ManualTaskBot','2018-06-30 20:00:00','2018-06-20 20:00:00','0000-00-00 00:00:00','0000-00-00 00:00:00',0,0,0,'','2018-08-28 07:25:52',0,'2018-08-28 07:25:52',0),(44,1,5,'Confirm all Lease Concessions are document in resident\'s lease','ManualTaskBot','2018-06-30 07:00:00','2018-06-20 07:00:00','0000-00-00 00:00:00','0000-00-00 00:00:00',0,0,0,'','2018-08-28 07:25:52',0,'2018-08-28 07:25:52',0),(45,1,5,'Tie all Bar/Spa/F&B deposits in POS Lavu to Rent Roll Deposits','ManualTaskBot','2018-06-30 07:00:00','2018-06-20 07:00:00','0000-00-00 00:00:00','0000-00-00 00:00:00',0,0,0,'','2018-08-28 07:25:52',0,'2018-08-28 07:25:52',0),(46,1,5,'Make certain that all suspense accounts have been closed out','ManualTaskBot','2018-06-30 07:00:00','2018-06-20 07:00:00','0000-00-00 00:00:00','0000-00-00 00:00:00',0,0,0,'','2018-08-28 07:25:52',0,'2018-08-28 07:25:52',0),(47,1,5,'Compile all workpapers for the foregoing confirmations, and file as YYYY-MM-DD [3-letter property] Rent Roll Work Papers','ManualTaskBot','2018-06-30 07:00:00','2018-06-20 07:00:00','0000-00-00 00:00:00','0000-00-00 00:00:00',0,0,0,'','2018-08-28 07:25:52',0,'2018-08-28 07:25:52',0),(48,1,5,'Print Rent Roll Activity Report','ManualTaskBot','2018-06-30 07:00:00','2018-06-20 07:00:00','0000-00-00 00:00:00','0000-00-00 00:00:00',0,0,0,'','2018-08-28 07:25:52',0,'2018-08-28 07:25:52',0),(49,1,5,'Print Rent Roll Report','ManualTaskBot','2018-06-30 07:00:00','2018-06-20 07:00:00','0000-00-00 00:00:00','0000-00-00 00:00:00',0,0,0,'','2018-08-28 07:25:52',0,'2018-08-28 07:25:52',0),(50,1,5,'File PDFs for the reports as YYY-MM-DD [3-letter-property] Rent Roll','ManualTaskBot','2018-06-30 07:00:00','2018-06-20 07:00:00','0000-00-00 00:00:00','0000-00-00 00:00:00',0,0,0,'','2018-08-28 07:25:52',0,'2018-08-28 07:25:52',0),(51,1,6,'Tie closing SECDEP balance to bank SECDEP balance','ManualTaskBot','2018-07-31 20:00:00','2018-07-20 20:00:00','0000-00-00 00:00:00','0000-00-00 00:00:00',0,0,0,'','2018-08-28 07:25:52',0,'2018-08-28 07:25:52',0),(52,1,6,'Review all receivables for accuracy','ManualTaskBot','2018-07-31 20:00:00','2018-07-20 20:00:00','0000-00-00 00:00:00','0000-00-00 00:00:00',0,0,0,'','2018-08-28 07:25:52',0,'2018-08-28 07:25:52',0),(53,1,6,'Compare total cash deposits to bank statement','ManualTaskBot','2018-07-31 20:00:00','2018-07-20 20:00:00','0000-00-00 00:00:00','0000-00-00 00:00:00',0,0,0,'','2018-08-28 07:25:52',0,'2018-08-28 07:25:52',0),(54,1,6,'Confirm all Lease Concessions are document in resident\'s lease','ManualTaskBot','2018-07-31 07:00:00','2018-07-20 07:00:00','0000-00-00 00:00:00','0000-00-00 00:00:00',0,0,0,'','2018-08-28 07:25:52',0,'2018-08-28 07:25:52',0),(55,1,6,'Tie all Bar/Spa/F&B deposits in POS Lavu to Rent Roll Deposits','ManualTaskBot','2018-07-31 07:00:00','2018-07-20 07:00:00','0000-00-00 00:00:00','0000-00-00 00:00:00',0,0,0,'','2018-08-28 07:25:52',0,'2018-08-28 07:25:52',0),(56,1,6,'Make certain that all suspense accounts have been closed out','ManualTaskBot','2018-07-31 07:00:00','2018-07-20 07:00:00','0000-00-00 00:00:00','0000-00-00 00:00:00',0,0,0,'','2018-08-28 07:25:52',0,'2018-08-28 07:25:52',0),(57,1,6,'Compile all workpapers for the foregoing confirmations, and file as YYYY-MM-DD [3-letter property] Rent Roll Work Papers','ManualTaskBot','2018-07-31 07:00:00','2018-07-20 07:00:00','0000-00-00 00:00:00','0000-00-00 00:00:00',0,0,0,'','2018-08-28 07:25:52',0,'2018-08-28 07:25:52',0),(58,1,6,'Print Rent Roll Activity Report','ManualTaskBot','2018-07-31 07:00:00','2018-07-20 07:00:00','0000-00-00 00:00:00','0000-00-00 00:00:00',0,0,0,'','2018-08-28 07:25:52',0,'2018-08-28 07:25:52',0),(59,1,6,'Print Rent Roll Report','ManualTaskBot','2018-07-31 07:00:00','2018-07-20 07:00:00','0000-00-00 00:00:00','0000-00-00 00:00:00',0,0,0,'','2018-08-28 07:25:52',0,'2018-08-28 07:25:52',0),(60,1,6,'File PDFs for the reports as YYY-MM-DD [3-letter-property] Rent Roll','ManualTaskBot','2018-07-31 07:00:00','2018-07-20 07:00:00','0000-00-00 00:00:00','0000-00-00 00:00:00',0,0,0,'','2018-08-28 07:25:52',0,'2018-08-28 07:25:52',0),(61,1,7,'Tie closing SECDEP balance to bank SECDEP balance','ManualTaskBot','2018-08-31 20:00:00','2018-08-20 20:00:00','0000-00-00 00:00:00','0000-00-00 00:00:00',0,0,0,'','2018-08-28 07:25:52',0,'2018-08-28 07:25:52',0),(62,1,7,'Review all receivables for accuracy','ManualTaskBot','2018-08-31 20:00:00','2018-08-20 20:00:00','0000-00-00 00:00:00','0000-00-00 00:00:00',0,0,0,'','2018-08-28 07:25:52',0,'2018-08-28 07:25:52',0),(63,1,7,'Compare total cash deposits to bank statement','ManualTaskBot','2018-08-31 20:00:00','2018-08-20 20:00:00','0000-00-00 00:00:00','0000-00-00 00:00:00',0,0,0,'','2018-08-28 07:25:52',0,'2018-08-28 07:25:52',0),(64,1,7,'Confirm all Lease Concessions are document in resident\'s lease','ManualTaskBot','2018-08-31 07:00:00','2018-08-20 07:00:00','0000-00-00 00:00:00','0000-00-00 00:00:00',0,0,0,'','2018-08-28 07:25:52',0,'2018-08-28 07:25:52',0),(65,1,7,'Tie all Bar/Spa/F&B deposits in POS Lavu to Rent Roll Deposits','ManualTaskBot','2018-08-31 07:00:00','2018-08-20 07:00:00','0000-00-00 00:00:00','0000-00-00 00:00:00',0,0,0,'','2018-08-28 07:25:52',0,'2018-08-28 07:25:52',0),(66,1,7,'Make certain that all suspense accounts have been closed out','ManualTaskBot','2018-08-31 07:00:00','2018-08-20 07:00:00','0000-00-00 00:00:00','0000-00-00 00:00:00',0,0,0,'','2018-08-28 07:25:52',0,'2018-08-28 07:25:52',0),(67,1,7,'Compile all workpapers for the foregoing confirmations, and file as YYYY-MM-DD [3-letter property] Rent Roll Work Papers','ManualTaskBot','2018-08-31 07:00:00','2018-08-20 07:00:00','0000-00-00 00:00:00','0000-00-00 00:00:00',0,0,0,'','2018-08-28 07:25:52',0,'2018-08-28 07:25:52',0),(68,1,7,'Print Rent Roll Activity Report','ManualTaskBot','2018-08-31 07:00:00','2018-08-20 07:00:00','0000-00-00 00:00:00','0000-00-00 00:00:00',0,0,0,'','2018-08-28 07:25:52',0,'2018-08-28 07:25:52',0),(69,1,7,'Print Rent Roll Report','ManualTaskBot','2018-08-31 07:00:00','2018-08-20 07:00:00','0000-00-00 00:00:00','0000-00-00 00:00:00',0,0,0,'','2018-08-28 07:25:52',0,'2018-08-28 07:25:52',0),(70,1,7,'File PDFs for the reports as YYY-MM-DD [3-letter-property] Rent Roll','ManualTaskBot','2018-08-31 07:00:00','2018-08-20 07:00:00','0000-00-00 00:00:00','0000-00-00 00:00:00',0,0,0,'','2018-08-28 07:25:52',0,'2018-08-28 07:25:52',0),(71,1,8,'Tie closing SECDEP balance to bank SECDEP balance','ManualTaskBot','0001-01-31 20:00:00','0001-01-20 20:00:00','0000-00-00 00:00:00','0000-00-00 00:00:00',0,0,0,'','2019-03-22 21:32:18',-8,'2019-03-22 21:32:18',-8),(72,1,8,'Review all receivables for accuracy','ManualTaskBot','0001-01-31 20:00:00','0001-01-20 20:00:00','0000-00-00 00:00:00','0000-00-00 00:00:00',0,0,0,'','2019-03-22 21:32:18',-8,'2019-03-22 21:32:18',-8),(73,1,8,'Compare total cash deposits to bank statement','ManualTaskBot','0001-01-31 20:00:00','0001-01-20 20:00:00','0000-00-00 00:00:00','0000-00-00 00:00:00',0,0,0,'','2019-03-22 21:32:18',-8,'2019-03-22 21:32:18',-8),(74,1,8,'Confirm all Lease Concessions are document in resident\'s lease','ManualTaskBot','0001-01-31 07:00:00','0001-01-20 07:00:00','0000-00-00 00:00:00','0000-00-00 00:00:00',0,0,0,'','2019-03-22 21:32:18',-8,'2019-03-22 21:32:18',-8),(75,1,8,'Tie all Bar/Spa/F&B deposits in POS Lavu to Rent Roll Deposits','ManualTaskBot','0001-01-31 07:00:00','0001-01-20 07:00:00','0000-00-00 00:00:00','0000-00-00 00:00:00',0,0,0,'','2019-03-22 21:32:18',-8,'2019-03-22 21:32:18',-8),(76,1,8,'Make certain that all suspense accounts have been closed out','ManualTaskBot','0001-01-31 07:00:00','0001-01-20 07:00:00','0000-00-00 00:00:00','0000-00-00 00:00:00',0,0,0,'','2019-03-22 21:32:18',-8,'2019-03-22 21:32:18',-8),(77,1,8,'Compile all workpapers for the foregoing confirmations, and file as YYYY-MM-DD [3-letter property] Rent Roll Work Papers','ManualTaskBot','0001-01-31 07:00:00','0001-01-20 07:00:00','0000-00-00 00:00:00','0000-00-00 00:00:00',0,0,0,'','2019-03-22 21:32:18',-8,'2019-03-22 21:32:18',-8),(78,1,8,'Print Rent Roll Activity Report','ManualTaskBot','0001-01-31 07:00:00','0001-01-20 07:00:00','0000-00-00 00:00:00','0000-00-00 00:00:00',0,0,0,'','2019-03-22 21:32:18',-8,'2019-03-22 21:32:18',-8),(79,1,8,'Print Rent Roll Report','ManualTaskBot','0001-01-31 07:00:00','0001-01-20 07:00:00','0000-00-00 00:00:00','0000-00-00 00:00:00',0,0,0,'','2019-03-22 21:32:18',-8,'2019-03-22 21:32:18',-8),(80,1,8,'File PDFs for the reports as YYY-MM-DD [3-letter-property] Rent Roll','ManualTaskBot','0001-01-31 07:00:00','0001-01-20 07:00:00','0000-00-00 00:00:00','0000-00-00 00:00:00',0,0,0,'','2019-03-22 21:32:18',-8,'2019-03-22 21:32:18',-8);
/*!40000 ALTER TABLE `Task` ENABLE KEYS */;
UNLOCK TABLES;

--
-- Table structure for table `TaskDescriptor`
--

DROP TABLE IF EXISTS `TaskDescriptor`;
/*!40101 SET @saved_cs_client     = @@character_set_client */;
/*!40101 SET character_set_client = utf8 */;
CREATE TABLE `TaskDescriptor` (
  `TDID` bigint(20) NOT NULL AUTO_INCREMENT,
  `BID` bigint(20) NOT NULL DEFAULT '0',
  `TLDID` bigint(20) NOT NULL DEFAULT '0',
  `Name` varchar(256) NOT NULL DEFAULT '',
  `Worker` varchar(80) NOT NULL DEFAULT '',
  `EpochDue` datetime NOT NULL DEFAULT '1970-01-01 00:00:00',
  `EpochPreDue` datetime NOT NULL DEFAULT '1970-01-01 00:00:00',
  `FLAGS` bigint(20) NOT NULL DEFAULT '0',
  `Comment` varchar(2048) NOT NULL DEFAULT '',
  `LastModTime` timestamp NOT NULL DEFAULT CURRENT_TIMESTAMP ON UPDATE CURRENT_TIMESTAMP,
  `LastModBy` bigint(20) NOT NULL DEFAULT '0',
  `CreateTS` timestamp NOT NULL DEFAULT CURRENT_TIMESTAMP,
  `CreateBy` bigint(20) NOT NULL DEFAULT '0',
  PRIMARY KEY (`TDID`)
) ENGINE=InnoDB AUTO_INCREMENT=12 DEFAULT CHARSET=utf8;
/*!40101 SET character_set_client = @saved_cs_client */;

--
-- Dumping data for table `TaskDescriptor`
--

LOCK TABLES `TaskDescriptor` WRITE;
/*!40000 ALTER TABLE `TaskDescriptor` DISABLE KEYS */;
INSERT INTO `TaskDescriptor` VALUES (1,1,1,'Tie closing SECDEP balance to bank SECDEP balance','ManualTaskBot','2018-01-31 20:00:00','2018-01-20 20:00:00',0,'','2018-07-06 17:19:04',211,'2018-03-14 19:50:32',0),(2,1,1,'Review all receivables for accuracy','ManualTaskBot','2018-01-31 20:00:00','2018-01-20 20:00:00',0,'(provide comment for any receivables more than 30 days old','2018-05-29 18:22:57',211,'2018-03-14 19:50:32',0),(3,1,1,'Compare total cash deposits to bank statement','ManualTaskBot','2018-01-31 20:00:00','2018-01-20 20:00:00',0,'','2018-05-29 18:23:38',211,'2018-03-14 19:50:32',0),(5,1,1,'Confirm all Lease Concessions are document in resident\'s lease','ManualTaskBot','2018-05-31 07:00:00','2018-05-20 07:00:00',0,' or make certain that you have a Report for any After-Lease Concessions occurring during the month','2018-05-29 18:24:26',0,'2018-05-29 18:24:26',211),(6,1,1,'Tie all Bar/Spa/F&B deposits in POS Lavu to Rent Roll Deposits','ManualTaskBot','2018-05-31 07:00:00','2018-05-20 07:00:00',0,'','2018-05-29 18:25:05',0,'2018-05-29 18:25:05',211),(7,1,1,'Make certain that all suspense accounts have been closed out','ManualTaskBot','2018-05-31 07:00:00','2018-05-20 07:00:00',0,'','2018-05-29 18:25:30',0,'2018-05-29 18:25:30',211),(8,1,1,'Compile all workpapers for the foregoing confirmations, and file as YYYY-MM-DD [3-letter property] Rent Roll Work Papers','ManualTaskBot','2018-05-31 07:00:00','2018-05-20 07:00:00',0,'','2018-05-29 18:25:57',0,'2018-05-29 18:25:57',211),(9,1,1,'Print Rent Roll Activity Report','ManualTaskBot','2018-05-31 07:00:00','2018-05-20 07:00:00',0,'','2018-05-29 18:30:54',0,'2018-05-29 18:30:54',211),(10,1,1,'Print Rent Roll Report','ManualTaskBot','2018-05-31 07:00:00','2018-05-20 07:00:00',0,'','2018-05-29 18:31:18',0,'2018-05-29 18:31:18',211),(11,1,1,'File PDFs for the reports as YYY-MM-DD [3-letter-property] Rent Roll','ManualTaskBot','2018-05-31 07:00:00','2018-05-20 07:00:00',0,'','2018-05-29 18:32:06',0,'2018-05-29 18:32:06',211);
/*!40000 ALTER TABLE `TaskDescriptor` ENABLE KEYS */;
UNLOCK TABLES;

--
-- Table structure for table `TaskList`
--

DROP TABLE IF EXISTS `TaskList`;
/*!40101 SET @saved_cs_client     = @@character_set_client */;
/*!40101 SET character_set_client = utf8 */;
CREATE TABLE `TaskList` (
  `TLID` bigint(20) NOT NULL AUTO_INCREMENT,
  `BID` bigint(20) NOT NULL DEFAULT '0',
  `PTLID` bigint(20) NOT NULL DEFAULT '0',
  `TLDID` bigint(20) NOT NULL DEFAULT '0',
  `Name` varchar(256) NOT NULL DEFAULT '',
  `Cycle` bigint(20) NOT NULL DEFAULT '0',
  `DtDue` datetime NOT NULL DEFAULT '1970-01-01 00:00:00',
  `DtPreDue` datetime NOT NULL DEFAULT '1970-01-01 00:00:00',
  `DtDone` datetime NOT NULL DEFAULT '1970-01-01 00:00:00',
  `DtPreDone` datetime NOT NULL DEFAULT '1970-01-01 00:00:00',
  `FLAGS` bigint(20) NOT NULL DEFAULT '0',
  `DoneUID` bigint(20) NOT NULL DEFAULT '0',
  `PreDoneUID` bigint(20) NOT NULL DEFAULT '0',
  `EmailList` varchar(2048) NOT NULL DEFAULT '',
  `DtLastNotify` datetime NOT NULL DEFAULT '1970-01-01 00:00:00',
  `DurWait` bigint(20) NOT NULL DEFAULT '86400000000000',
  `Comment` varchar(2048) NOT NULL DEFAULT '',
  `LastModTime` timestamp NOT NULL DEFAULT CURRENT_TIMESTAMP ON UPDATE CURRENT_TIMESTAMP,
  `LastModBy` bigint(20) NOT NULL DEFAULT '0',
  `CreateTS` timestamp NOT NULL DEFAULT CURRENT_TIMESTAMP,
  `CreateBy` bigint(20) NOT NULL DEFAULT '0',
  PRIMARY KEY (`TLID`)
) ENGINE=InnoDB AUTO_INCREMENT=9 DEFAULT CHARSET=utf8;
/*!40101 SET character_set_client = @saved_cs_client */;

--
-- Dumping data for table `TaskList`
--

LOCK TABLES `TaskList` WRITE;
/*!40000 ALTER TABLE `TaskList` DISABLE KEYS */;
INSERT INTO `TaskList` VALUES (1,1,0,1,'Monthly Close',6,'2018-02-28 17:00:00','2018-02-20 17:00:00','0000-00-00 00:00:00','0000-00-00 00:00:00',6,0,0,'','0000-00-00 00:00:00',86400000000000,'','2018-08-28 07:25:52',0,'2018-08-28 07:25:52',0),(2,1,1,1,'Monthly Close',6,'2018-03-31 17:00:00','2018-03-20 17:00:00','0000-00-00 00:00:00','0000-00-00 00:00:00',6,0,0,'','0000-00-00 00:00:00',86400000000000,'','2018-08-28 07:25:52',0,'2018-08-28 07:25:52',0),(3,1,1,1,'Monthly Close',6,'2018-04-30 17:00:00','2018-04-20 17:00:00','0000-00-00 00:00:00','0000-00-00 00:00:00',6,0,0,'','0000-00-00 00:00:00',86400000000000,'','2018-08-28 07:25:52',0,'2018-08-28 07:25:52',0),(4,1,1,1,'Monthly Close',6,'2018-05-31 17:00:00','2018-05-20 17:00:00','0000-00-00 00:00:00','0000-00-00 00:00:00',6,0,0,'','0000-00-00 00:00:00',86400000000000,'','2018-08-28 07:25:52',0,'2018-08-28 07:25:52',0),(5,1,1,1,'Monthly Close',6,'2018-06-30 17:00:00','2018-06-20 17:00:00','0000-00-00 00:00:00','0000-00-00 00:00:00',6,0,0,'','0000-00-00 00:00:00',86400000000000,'','2018-08-28 07:25:52',0,'2018-08-28 07:25:52',0),(6,1,1,1,'Monthly Close',6,'2018-07-31 17:00:00','2018-07-20 17:00:00','0000-00-00 00:00:00','0000-00-00 00:00:00',6,0,0,'','0000-00-00 00:00:00',86400000000000,'','2018-08-28 07:25:52',0,'2018-08-28 07:25:52',0),(7,1,1,1,'Monthly Close',6,'2018-08-31 17:00:00','2018-08-20 17:00:00','0000-00-00 00:00:00','0000-00-00 00:00:00',6,0,0,'','0000-00-00 00:00:00',86400000000000,'','2018-08-28 07:25:52',0,'2018-08-28 07:25:52',0),(8,1,1,1,'Monthly Close',6,'0001-01-31 17:00:00','0001-01-20 17:00:00','0000-00-00 00:00:00','0000-00-00 00:00:00',6,0,0,'','0000-00-00 00:00:00',86400000000000,'','2019-03-22 21:32:18',-8,'2019-03-22 21:32:18',-8);
/*!40000 ALTER TABLE `TaskList` ENABLE KEYS */;
UNLOCK TABLES;

--
-- Table structure for table `TaskListDefinition`
--

DROP TABLE IF EXISTS `TaskListDefinition`;
/*!40101 SET @saved_cs_client     = @@character_set_client */;
/*!40101 SET character_set_client = utf8 */;
CREATE TABLE `TaskListDefinition` (
  `TLDID` bigint(20) NOT NULL AUTO_INCREMENT,
  `BID` bigint(20) NOT NULL DEFAULT '0',
  `Name` varchar(256) NOT NULL DEFAULT '',
  `Cycle` bigint(20) NOT NULL DEFAULT '0',
  `Epoch` datetime NOT NULL DEFAULT '1970-01-01 00:00:00',
  `EpochDue` datetime NOT NULL DEFAULT '1970-01-01 00:00:00',
  `EpochPreDue` datetime NOT NULL DEFAULT '1970-01-01 00:00:00',
  `FLAGS` bigint(20) NOT NULL DEFAULT '0',
  `EmailList` varchar(2048) NOT NULL DEFAULT '',
  `DurWait` bigint(20) NOT NULL DEFAULT '86400000000000',
  `Comment` varchar(2048) NOT NULL DEFAULT '',
  `LastModTime` timestamp NOT NULL DEFAULT CURRENT_TIMESTAMP ON UPDATE CURRENT_TIMESTAMP,
  `LastModBy` bigint(20) NOT NULL DEFAULT '0',
  `CreateTS` timestamp NOT NULL DEFAULT CURRENT_TIMESTAMP,
  `CreateBy` bigint(20) NOT NULL DEFAULT '0',
  PRIMARY KEY (`TLDID`)
) ENGINE=InnoDB AUTO_INCREMENT=3 DEFAULT CHARSET=utf8;
/*!40101 SET character_set_client = @saved_cs_client */;

--
-- Dumping data for table `TaskListDefinition`
--

LOCK TABLES `TaskListDefinition` WRITE;
/*!40000 ALTER TABLE `TaskListDefinition` DISABLE KEYS */;
INSERT INTO `TaskListDefinition` VALUES (1,1,'Monthly Close',6,'2018-01-01 00:00:00','2018-01-31 17:00:00','2018-01-20 17:00:00',6,'',86400000000000,'','2018-05-29 18:39:32',211,'2018-03-14 19:50:32',0),(2,1,'Tucasa Apts Period Close',6,'2018-01-01 00:00:00','2018-01-31 00:00:00','2018-01-20 00:00:00',7,'bounce@simulator.amazonses.com',86400000000000,'','2018-05-29 18:15:32',0,'2018-05-29 18:15:32',0);
/*!40000 ALTER TABLE `TaskListDefinition` ENABLE KEYS */;
UNLOCK TABLES;

--
-- Table structure for table `Tax`
--

DROP TABLE IF EXISTS `Tax`;
/*!40101 SET @saved_cs_client     = @@character_set_client */;
/*!40101 SET character_set_client = utf8 */;
CREATE TABLE `Tax` (
  `TAXID` bigint(20) NOT NULL AUTO_INCREMENT,
  `BID` bigint(20) NOT NULL DEFAULT '0',
  `Name` varchar(50) DEFAULT NULL,
  `TaxingAuthority` varchar(100) DEFAULT NULL,
  `TaxingAuthorityAddress` varchar(256) DEFAULT NULL,
  `FilingDate` date NOT NULL DEFAULT '1970-01-01',
  `FilingCycle` bigint(20) NOT NULL DEFAULT '0',
  `Instructions` varchar(1024) NOT NULL DEFAULT '',
  `LastModTime` timestamp NOT NULL DEFAULT CURRENT_TIMESTAMP ON UPDATE CURRENT_TIMESTAMP,
  `LastModBy` bigint(20) NOT NULL DEFAULT '0',
  `CreateTS` timestamp NOT NULL DEFAULT CURRENT_TIMESTAMP,
  `CreateBy` bigint(20) NOT NULL DEFAULT '0',
  PRIMARY KEY (`TAXID`)
) ENGINE=InnoDB DEFAULT CHARSET=utf8;
/*!40101 SET character_set_client = @saved_cs_client */;

--
-- Dumping data for table `Tax`
--

LOCK TABLES `Tax` WRITE;
/*!40000 ALTER TABLE `Tax` DISABLE KEYS */;
/*!40000 ALTER TABLE `Tax` ENABLE KEYS */;
UNLOCK TABLES;

--
-- Table structure for table `TaxRate`
--

DROP TABLE IF EXISTS `TaxRate`;
/*!40101 SET @saved_cs_client     = @@character_set_client */;
/*!40101 SET character_set_client = utf8 */;
CREATE TABLE `TaxRate` (
  `TAXID` bigint(20) NOT NULL DEFAULT '0',
  `BID` bigint(20) NOT NULL DEFAULT '0',
  `DtStart` date NOT NULL DEFAULT '1970-01-01',
  `DtStop` date NOT NULL DEFAULT '1970-01-01',
  `Rate` decimal(19,4) NOT NULL DEFAULT '0.0000',
  `Fee` decimal(19,4) NOT NULL DEFAULT '0.0000',
  `Formula` varchar(256) NOT NULL DEFAULT '',
  `LastModTime` timestamp NOT NULL DEFAULT CURRENT_TIMESTAMP ON UPDATE CURRENT_TIMESTAMP,
  `LastModBy` bigint(20) NOT NULL DEFAULT '0',
  `CreateTS` timestamp NOT NULL DEFAULT CURRENT_TIMESTAMP,
  `CreateBy` bigint(20) NOT NULL DEFAULT '0'
) ENGINE=InnoDB DEFAULT CHARSET=utf8;
/*!40101 SET character_set_client = @saved_cs_client */;

--
-- Dumping data for table `TaxRate`
--

LOCK TABLES `TaxRate` WRITE;
/*!40000 ALTER TABLE `TaxRate` DISABLE KEYS */;
/*!40000 ALTER TABLE `TaxRate` ENABLE KEYS */;
UNLOCK TABLES;

--
-- Table structure for table `Transactant`
--

DROP TABLE IF EXISTS `Transactant`;
/*!40101 SET @saved_cs_client     = @@character_set_client */;
/*!40101 SET character_set_client = utf8 */;
CREATE TABLE `Transactant` (
  `TCID` bigint(20) NOT NULL AUTO_INCREMENT,
  `BID` bigint(20) NOT NULL DEFAULT '0',
  `NLID` bigint(20) NOT NULL DEFAULT '0',
  `FirstName` varchar(100) NOT NULL DEFAULT '',
  `MiddleName` varchar(100) NOT NULL DEFAULT '',
  `LastName` varchar(100) NOT NULL DEFAULT '',
  `PreferredName` varchar(100) NOT NULL DEFAULT '',
  `CompanyName` varchar(100) NOT NULL DEFAULT '',
  `IsCompany` tinyint(1) NOT NULL DEFAULT '0',
  `PrimaryEmail` varchar(100) NOT NULL DEFAULT '',
  `SecondaryEmail` varchar(100) NOT NULL DEFAULT '',
  `WorkPhone` varchar(100) NOT NULL DEFAULT '',
  `CellPhone` varchar(100) NOT NULL DEFAULT '',
  `Address` varchar(100) NOT NULL DEFAULT '',
  `Address2` varchar(100) NOT NULL DEFAULT '',
  `City` varchar(100) NOT NULL DEFAULT '',
  `State` char(25) NOT NULL DEFAULT '',
  `PostalCode` varchar(100) NOT NULL DEFAULT '',
  `Country` varchar(100) NOT NULL DEFAULT '',
  `Website` varchar(100) NOT NULL DEFAULT '',
  `FLAGS` bigint(20) NOT NULL DEFAULT '0',
  `Comment` varchar(2048) NOT NULL DEFAULT '',
  `LastModTime` timestamp NOT NULL DEFAULT CURRENT_TIMESTAMP ON UPDATE CURRENT_TIMESTAMP,
  `LastModBy` bigint(20) NOT NULL DEFAULT '0',
  `CreateTS` timestamp NOT NULL DEFAULT CURRENT_TIMESTAMP,
  `CreateBy` bigint(20) NOT NULL DEFAULT '0',
  PRIMARY KEY (`TCID`)
) ENGINE=InnoDB AUTO_INCREMENT=11 DEFAULT CHARSET=utf8;
/*!40101 SET character_set_client = @saved_cs_client */;

--
-- Dumping data for table `Transactant`
--

LOCK TABLES `Transactant` WRITE;
/*!40000 ALTER TABLE `Transactant` DISABLE KEYS */;
INSERT INTO `Transactant` VALUES (1,1,0,'Debrah','Eladia','Cochran','Fairy','CKE Restaurants Inc.',0,'DebrahC7213@gmail.com','DebrahCochran218@aol.com','(597) 979-7093','(318) 282-7537','30031 Johnson','','Thornton','OH','98081','USA','',0,'','2018-08-28 07:25:35',0,'2018-08-28 07:25:35',0),(2,1,0,'Shalon','Laticia','Hess','Elyse','Teradyne Inc',0,'ShalonH1016@yahoo.com','SHess7684@yahoo.com','(923) 247-6237','(888) 343-4061','40976 Narragansett','','High Point','MT','54425','USA','',0,'','2018-08-28 07:25:35',0,'2018-08-28 07:25:35',0),(3,1,0,'Ricardo','Caridad','Noble','Cuc','Laboratory Corporation of America Holdings',0,'RicardoN1366@abiz.com','RicardoN3348@hotmail.com','(721) 445-3579','(657) 467-8254','30347 Sixth','','Anchorage','WV','28162','USA','',0,'','2018-08-28 07:25:35',0,'2018-08-28 07:25:35',0),(4,1,0,'Jannette','Silas','Guthrie','Venetta','Burlington Industries, Inc.',0,'JGuthrie3363@hotmail.com','JGuthrie3787@comcast.net','(494) 297-1303','(595) 452-9836','45655 Washington','','Ontario','NY','23237','USA','',0,'','2018-08-28 07:25:35',0,'2018-08-28 07:25:35',0),(5,1,0,'Willis','Evie','Miranda','Isaura','Calpine Corp.',0,'WillisMiranda740@aol.com','WillisM9129@comcast.net','(959) 162-4684','(957) 442-4502','25896 Hampton','','Norwich','NJ','58047','USA','',0,'','2018-08-28 07:25:35',0,'2018-08-28 07:25:35',0),(6,1,0,'Johanna','Stanley','Hammond','Herlinda','MGM Mirage',0,'JohannaHammond157@gmail.com','JHammond4705@gmail.com','(852) 286-8722','(618) 141-2175','9618 2nd','','Thousand Oaks','ID','95541','USA','',0,'','2018-08-28 07:25:35',0,'2018-08-28 07:25:35',0),(7,1,0,'Gussie','Zaida','Pruitt','Kali','ChevronTexaco Corp.',0,'GPruitt1530@bdiddy.com','GussiePruitt367@hotmail.com','(936) 911-9669','(120) 784-2131','75909 Apache','','McAllen','MA','41737','USA','',0,'','2018-08-28 07:25:35',0,'2018-08-28 07:25:35',0),(8,1,0,'Kasandra','Sherita','Molina','Marcus','MeadWestvaco Corporation',0,'KasandraMolina304@aol.com','KMolina6022@hotmail.com','(129) 993-5172','(698) 893-5034','6833 North Dakota','','Lansing','TN','65194','USA','',0,'','2018-08-28 07:25:35',0,'2018-08-28 07:25:35',0),(9,1,0,'Wendy','Tia','Flowers','Jason','Silicon Graphics Inc',0,'WFlowers5254@bdiddy.com','WendyF1664@gmail.com','(904) 352-3548','(641) 716-1413','36860 11th','','Stamford','NM','16159','USA','',0,'','2018-08-28 07:25:36',0,'2018-08-28 07:25:36',0),(10,1,0,'Colton','Dorthey','Crane','Buffy','Cummins Inc.',0,'ColtonC4914@hotmail.com','ColtonCrane526@bdiddy.com','(990) 590-0190','(891) 899-0109','81845 Kukui','','Huntington','HI','13000','USA','',0,'','2018-08-28 07:25:36',0,'2018-08-28 07:25:36',0);
/*!40000 ALTER TABLE `Transactant` ENABLE KEYS */;
UNLOCK TABLES;

--
-- Table structure for table `User`
--

DROP TABLE IF EXISTS `User`;
/*!40101 SET @saved_cs_client     = @@character_set_client */;
/*!40101 SET character_set_client = utf8 */;
CREATE TABLE `User` (
  `TCID` bigint(20) NOT NULL,
  `BID` bigint(20) NOT NULL DEFAULT '0',
  `Points` bigint(20) NOT NULL DEFAULT '0',
  `DateofBirth` date NOT NULL DEFAULT '1970-01-01',
  `EmergencyContactName` varchar(100) NOT NULL DEFAULT '',
  `EmergencyContactAddress` varchar(100) NOT NULL DEFAULT '',
  `EmergencyContactTelephone` varchar(100) NOT NULL DEFAULT '',
  `EmergencyContactEmail` varchar(100) NOT NULL DEFAULT '',
  `AlternateEmailAddress` varchar(100) NOT NULL DEFAULT '',
  `EligibleFutureUser` tinyint(1) NOT NULL DEFAULT '1',
  `FLAGS` bigint(20) NOT NULL DEFAULT '0',
  `Industry` bigint(20) NOT NULL DEFAULT '0',
  `SourceSLSID` bigint(20) NOT NULL DEFAULT '0',
  `LastModTime` timestamp NOT NULL DEFAULT CURRENT_TIMESTAMP ON UPDATE CURRENT_TIMESTAMP,
  `LastModBy` bigint(20) NOT NULL DEFAULT '0',
  `CreateTS` timestamp NOT NULL DEFAULT CURRENT_TIMESTAMP,
  `CreateBy` bigint(20) NOT NULL DEFAULT '0',
  PRIMARY KEY (`TCID`)
) ENGINE=InnoDB DEFAULT CHARSET=utf8;
/*!40101 SET character_set_client = @saved_cs_client */;

--
-- Dumping data for table `User`
--

LOCK TABLES `User` WRITE;
/*!40000 ALTER TABLE `User` DISABLE KEYS */;
INSERT INTO `User` VALUES (1,1,0,'1965-02-05','Hipolito Foreman','46394 A,Memphis,NH 27887','(382) 676-8199','HipolitoF4727@bdiddy.com','20946 Third,Oceanside,NY 31847',1,0,258,1,'2018-08-28 07:25:35',0,'2018-08-28 07:25:35',0),(2,1,0,'1957-12-28','Willy Garrett','66046 Aloha,Lancaster,DC 22540','(619) 636-6415','WillyG6497@yahoo.com','92937 Zoo,Sterling Heights,CT 40456',1,0,252,47,'2018-08-28 07:25:35',0,'2018-08-28 07:25:35',0),(3,1,0,'1993-07-29','Alpha Case','12100 Kukui,GreenBay,NH 55089','(633) 625-3391','ACase5981@aol.com','52797 Seventh,Rancho Cucamonga,UT 24728',0,0,280,40,'2018-08-28 07:25:35',0,'2018-08-28 07:25:35',0),(4,1,0,'1980-10-28','Santos Mosley','74283 7th,Rochester,UT 39106','(643) 494-9501','SantosMosley557@bdiddy.com','80953 County Line,Saginaw,AK 40495',0,0,310,18,'2018-08-28 07:25:35',0,'2018-08-28 07:25:35',0),(5,1,0,'1961-08-31','Joann Peterson','86802 5th,Hagerstown,NH 79947','(634) 758-7391','JoannP5786@aol.com','49977 North Carolina,Newport News,GA 38287',1,0,315,41,'2018-08-28 07:25:35',0,'2018-08-28 07:25:35',0),(6,1,0,'1968-10-31','Will Rutledge','49725 Main,Athens,VA 80408','(292) 984-8419','WillRutledge761@comcast.net','73903 Aspen,Lewisville,OH 07387',1,0,230,7,'2018-08-28 07:25:35',0,'2018-08-28 07:25:35',0),(7,1,0,'1994-06-01','Charlsie Byrd','65672 3rd,Indianapolis,HI 60631','(819) 922-2610','CharlsieB599@bdiddy.com','93464 Hampton,Poughkeepsie,ND 11485',0,0,188,32,'2018-08-28 07:25:35',0,'2018-08-28 07:25:35',0),(8,1,0,'1985-02-11','Rochelle Gardner','21626 South Dakota,Warren,AL 90563','(613) 875-4588','RGardner6198@yahoo.com','80515 North Carolina,Indianapolis,GA 12433',1,0,325,20,'2018-08-28 07:25:35',0,'2018-08-28 07:25:35',0),(9,1,0,'1972-02-14','Dani Fuller','27057 Thirteenth,Fargo,MI 71353','(552) 939-2578','DaniFuller641@comcast.net','36858 Lakeview,Garland,CO 51957',1,0,298,57,'2018-08-28 07:25:36',0,'2018-08-28 07:25:36',0),(10,1,0,'1977-08-11','Kandi Gentry','23559 Magnolia,Orlando,ID 38705','(856) 387-3888','KandiG3196@gmail.com','40851 Redwood,Colorado Springs,SC 62888',0,0,189,59,'2018-08-28 07:25:36',0,'2018-08-28 07:25:36',0);
/*!40000 ALTER TABLE `User` ENABLE KEYS */;
UNLOCK TABLES;

--
-- Table structure for table `Vehicle`
--

DROP TABLE IF EXISTS `Vehicle`;
/*!40101 SET @saved_cs_client     = @@character_set_client */;
/*!40101 SET character_set_client = utf8 */;
CREATE TABLE `Vehicle` (
  `VID` bigint(20) NOT NULL AUTO_INCREMENT,
  `TCID` bigint(20) NOT NULL DEFAULT '0',
  `BID` bigint(20) NOT NULL DEFAULT '0',
  `VehicleType` varchar(80) NOT NULL DEFAULT '',
  `VehicleMake` varchar(80) NOT NULL DEFAULT '',
  `VehicleModel` varchar(80) NOT NULL DEFAULT '',
  `VehicleColor` varchar(80) NOT NULL DEFAULT '',
  `VehicleYear` bigint(20) NOT NULL DEFAULT '0',
  `VIN` varchar(20) NOT NULL DEFAULT '',
  `LicensePlateState` varchar(80) NOT NULL DEFAULT '',
  `LicensePlateNumber` varchar(80) NOT NULL DEFAULT '',
  `ParkingPermitNumber` varchar(80) NOT NULL DEFAULT '',
  `DtStart` date NOT NULL DEFAULT '1970-01-01',
  `DtStop` date NOT NULL DEFAULT '1970-01-01',
  `LastModTime` timestamp NOT NULL DEFAULT CURRENT_TIMESTAMP ON UPDATE CURRENT_TIMESTAMP,
  `LastModBy` bigint(20) NOT NULL DEFAULT '0',
  `CreateTS` timestamp NOT NULL DEFAULT CURRENT_TIMESTAMP,
  `CreateBy` bigint(20) NOT NULL DEFAULT '0',
  PRIMARY KEY (`VID`)
) ENGINE=InnoDB AUTO_INCREMENT=12 DEFAULT CHARSET=utf8;
/*!40101 SET character_set_client = @saved_cs_client */;

--
-- Dumping data for table `Vehicle`
--

LOCK TABLES `Vehicle` WRITE;
/*!40000 ALTER TABLE `Vehicle` DISABLE KEYS */;
INSERT INTO `Vehicle` VALUES (1,1,1,'car','Buick','Regal','Red',1988,'ADDOSIUEMD6FCT9D','SC','2H7E7L1','0940254','2018-02-13','2020-03-01','2018-08-28 07:25:35',0,'2018-08-28 07:25:35',0),(2,2,1,'car','Chevrolet','Aveo','Turquoise',2008,'LGHFQ57EQIQPIXNL','NH','A8SA059','2790313','2018-02-13','2020-03-01','2018-08-28 07:25:35',0,'2018-08-28 07:25:35',0),(3,2,1,'car','Dodge','Ram Van 2500','Brown',1998,'1G6O30RYK6ENUFQZ','NY','N571RA6','1716335','2018-02-13','2020-03-01','2018-08-28 07:25:35',0,'2018-08-28 07:25:35',0),(4,3,1,'car','Volkswagen','Jetta','Beige',2002,'YV4M35390VPJQOTT','VT','6CL091C','2579441','2018-02-13','2020-03-01','2018-08-28 07:25:35',0,'2018-08-28 07:25:35',0),(5,4,1,'car','HUMMER','H2','Yellow',2003,'9364I5ZMY6XXRE0Y','NY','S8E1M99','0814080','2018-02-13','2020-03-01','2018-08-28 07:25:35',0,'2018-08-28 07:25:35',0),(6,5,1,'car','Honda','Accord','Tan',1996,'MA3TTY6VRZT7P4PS','MA','N79J0X8','0172237','2018-02-13','2020-03-01','2018-08-28 07:25:35',0,'2018-08-28 07:25:35',0),(7,6,1,'car','Toyota','Sienna','Maroon',1998,'JD4H3LE35Z8JVLY','WY','Y2Y450T','7955378','2018-02-13','2020-03-01','2018-08-28 07:25:35',0,'2018-08-28 07:25:35',0),(8,7,1,'car','Chevrolet','Aveo','Copper',2006,'1ME5E769G31QG8SL','NV','A9F0C91','9384168','2018-02-13','2020-03-01','2018-08-28 07:25:35',0,'2018-08-28 07:25:35',0),(9,8,1,'car','Toyota','Tercel','Bronze',1995,'NLENJ3F9JX0QTZFB','KY','542SVP1','4868068','2018-02-13','2020-03-01','2018-08-28 07:25:35',0,'2018-08-28 07:25:35',0),(10,9,1,'car','Kia','Rondo','Brown',2009,'8GGICSBPYIFXDFLL','KS','30U8I5U','2427243','2018-02-13','2020-03-01','2018-08-28 07:25:36',0,'2018-08-28 07:25:36',0),(11,10,1,'car','Mercury','Marquis','Gold',1984,'SFD4HCTLKANYOH0F','OK','1SK37V8','2785861','2018-02-13','2020-03-01','2018-08-28 07:25:36',0,'2018-08-28 07:25:36',0);
/*!40000 ALTER TABLE `Vehicle` ENABLE KEYS */;
UNLOCK TABLES;
/*!40103 SET TIME_ZONE=@OLD_TIME_ZONE */;

/*!40101 SET SQL_MODE=@OLD_SQL_MODE */;
/*!40014 SET FOREIGN_KEY_CHECKS=@OLD_FOREIGN_KEY_CHECKS */;
/*!40014 SET UNIQUE_CHECKS=@OLD_UNIQUE_CHECKS */;
/*!40101 SET CHARACTER_SET_CLIENT=@OLD_CHARACTER_SET_CLIENT */;
/*!40101 SET CHARACTER_SET_RESULTS=@OLD_CHARACTER_SET_RESULTS */;
/*!40101 SET COLLATION_CONNECTION=@OLD_COLLATION_CONNECTION */;
/*!40111 SET SQL_NOTES=@OLD_SQL_NOTES */;

-- Dump completed on 2019-03-22 23:34:23
